step,type,amount,nameOrig,oldbalanceOrg,newbalanceOrig,nameDest,oldbalanceDest,newbalanceDest,isFraud,isFlaggedFraud,attack_family,is_synthetic
347,PAYMENT,401.12,SYNTH_ATOLS_0000000,5046.67,4645.55,SYNTH_ATOLSSINK_0000000,0.0,401.12,1,0,ato_lowandslow_exfiltration,1
366,PAYMENT,435.16,SYNTH_ATOLS_0000000,4645.55,4210.39,SYNTH_ATOLSSINK_0000000,0.0,435.16,1,0,ato_lowandslow_exfiltration,1
387,PAYMENT,411.37,SYNTH_ATOLS_0000000,4210.39,3799.02,SYNTH_ATOLSSINK_0000000,0.0,411.37,1,0,ato_lowandslow_exfiltration,1
405,PAYMENT,394.35,SYNTH_ATOLS_0000000,3799.02,3404.67,SYNTH_ATOLSSINK_0000000,0.0,394.35,1,0,ato_lowandslow_exfiltration,1
185,PAYMENT,211.07,SYNTH_ATOLS_0000001,16229.6,16018.53,SYNTH_ATOLSSINK_0000001,0.0,211.07,1,0,ato_lowandslow_exfiltration,1
209,PAYMENT,232.83,SYNTH_ATOLS_0000001,16018.53,15785.7,SYNTH_ATOLSSINK_0000001,0.0,232.83,1,0,ato_lowandslow_exfiltration,1
234,PAYMENT,208.2,SYNTH_ATOLS_0000001,15785.7,15577.5,SYNTH_ATOLSSINK_0000001,0.0,208.2,1,0,ato_lowandslow_exfiltration,1
255,PAYMENT,232.54,SYNTH_ATOLS_0000001,15577.5,15344.96,SYNTH_ATOLSSINK_0000001,0.0,232.54,1,0,ato_lowandslow_exfiltration,1
280,PAYMENT,225.51,SYNTH_ATOLS_0000001,15344.96,15119.45,SYNTH_ATOLSSINK_0000001,0.0,225.51,1,0,ato_lowandslow_exfiltration,1
303,PAYMENT,195.58,SYNTH_ATOLS_0000001,15119.45,14923.87,SYNTH_ATOLSSINK_0000001,0.0,195.58,1,0,ato_lowandslow_exfiltration,1
324,PAYMENT,199.09,SYNTH_ATOLS_0000001,14923.87,14724.78,SYNTH_ATOLSSINK_0000001,0.0,199.09,1,0,ato_lowandslow_exfiltration,1
214,PAYMENT,288.37,SYNTH_ATOLS_0000002,3555.06,3266.69,SYNTH_ATOLSSINK_0000002,0.0,288.37,1,0,ato_lowandslow_exfiltration,1
228,PAYMENT,286.16,SYNTH_ATOLS_0000002,3266.69,2980.53,SYNTH_ATOLSSINK_0000002,0.0,286.16,1,0,ato_lowandslow_exfiltration,1
243,PAYMENT,322.79,SYNTH_ATOLS_0000002,2980.53,2657.74,SYNTH_ATOLSSINK_0000002,0.0,322.79,1,0,ato_lowandslow_exfiltration,1
260,PAYMENT,338.67,SYNTH_ATOLS_0000002,2657.74,2319.07,SYNTH_ATOLSSINK_0000002,0.0,338.67,1,0,ato_lowandslow_exfiltration,1
271,PAYMENT,296.26,SYNTH_ATOLS_0000002,2319.07,2022.81,SYNTH_ATOLSSINK_0000002,0.0,296.26,1,0,ato_lowandslow_exfiltration,1
286,PAYMENT,317.28,SYNTH_ATOLS_0000002,2022.81,1705.53,SYNTH_ATOLSSINK_0000002,0.0,317.28,1,0,ato_lowandslow_exfiltration,1
543,PAYMENT,104.62,SYNTH_ATOLS_0000003,3417.72,3313.1,SYNTH_ATOLSSINK_0000003,0.0,104.62,1,0,ato_lowandslow_exfiltration,1
580,PAYMENT,87.0,SYNTH_ATOLS_0000003,3313.1,3226.1,SYNTH_ATOLSSINK_0000003,0.0,87.0,1,0,ato_lowandslow_exfiltration,1
615,PAYMENT,95.32,SYNTH_ATOLS_0000003,3226.1,3130.78,SYNTH_ATOLSSINK_0000003,0.0,95.32,1,0,ato_lowandslow_exfiltration,1
648,PAYMENT,95.36,SYNTH_ATOLS_0000003,3130.78,3035.42,SYNTH_ATOLSSINK_0000003,0.0,95.36,1,0,ato_lowandslow_exfiltration,1
685,PAYMENT,95.43,SYNTH_ATOLS_0000003,3035.42,2939.99,SYNTH_ATOLSSINK_0000003,0.0,95.43,1,0,ato_lowandslow_exfiltration,1
423,PAYMENT,242.79,SYNTH_ATOLS_0000004,2788.4,2545.61,SYNTH_ATOLSSINK_0000004,0.0,242.79,1,0,ato_lowandslow_exfiltration,1
449,PAYMENT,264.92,SYNTH_ATOLS_0000004,2545.61,2280.69,SYNTH_ATOLSSINK_0000004,0.0,264.92,1,0,ato_lowandslow_exfiltration,1
474,PAYMENT,252.21,SYNTH_ATOLS_0000004,2280.69,2028.48,SYNTH_ATOLSSINK_0000004,0.0,252.21,1,0,ato_lowandslow_exfiltration,1
496,PAYMENT,254.75,SYNTH_ATOLS_0000004,2028.48,1773.73,SYNTH_ATOLSSINK_0000004,0.0,254.75,1,0,ato_lowandslow_exfiltration,1
353,PAYMENT,193.99,SYNTH_ATOLS_0000005,1856.3,1662.31,SYNTH_ATOLSSINK_0000005,0.0,193.99,1,0,ato_lowandslow_exfiltration,1
368,PAYMENT,195.33,SYNTH_ATOLS_0000005,1662.31,1466.98,SYNTH_ATOLSSINK_0000005,0.0,195.33,1,0,ato_lowandslow_exfiltration,1
384,PAYMENT,223.31,SYNTH_ATOLS_0000005,1466.98,1243.67,SYNTH_ATOLSSINK_0000005,0.0,223.31,1,0,ato_lowandslow_exfiltration,1
399,PAYMENT,206.56,SYNTH_ATOLS_0000005,1243.67,1037.11,SYNTH_ATOLSSINK_0000005,0.0,206.56,1,0,ato_lowandslow_exfiltration,1
414,PAYMENT,222.07,SYNTH_ATOLS_0000005,1037.11,815.04,SYNTH_ATOLSSINK_0000005,0.0,222.07,1,0,ato_lowandslow_exfiltration,1
429,PAYMENT,195.74,SYNTH_ATOLS_0000005,815.04,619.3,SYNTH_ATOLSSINK_0000005,0.0,195.74,1,0,ato_lowandslow_exfiltration,1
441,PAYMENT,213.24,SYNTH_ATOLS_0000005,619.3,406.06,SYNTH_ATOLSSINK_0000005,0.0,213.24,1,0,ato_lowandslow_exfiltration,1
428,PAYMENT,233.53,SYNTH_ATOLS_0000006,5798.09,5564.56,SYNTH_ATOLSSINK_0000006,0.0,233.53,1,0,ato_lowandslow_exfiltration,1
455,PAYMENT,206.16,SYNTH_ATOLS_0000006,5564.56,5358.4,SYNTH_ATOLSSINK_0000006,0.0,206.16,1,0,ato_lowandslow_exfiltration,1
480,PAYMENT,200.66,SYNTH_ATOLS_0000006,5358.4,5157.74,SYNTH_ATOLSSINK_0000006,0.0,200.66,1,0,ato_lowandslow_exfiltration,1
509,PAYMENT,213.15,SYNTH_ATOLS_0000006,5157.74,4944.59,SYNTH_ATOLSSINK_0000006,0.0,213.15,1,0,ato_lowandslow_exfiltration,1
267,PAYMENT,250.33,SYNTH_ATOLS_0000007,3329.33,3079.0,SYNTH_ATOLSSINK_0000007,0.0,250.33,1,0,ato_lowandslow_exfiltration,1
299,PAYMENT,268.09,SYNTH_ATOLS_0000007,3079.0,2810.91,SYNTH_ATOLSSINK_0000007,0.0,268.09,1,0,ato_lowandslow_exfiltration,1
327,PAYMENT,247.6,SYNTH_ATOLS_0000007,2810.91,2563.31,SYNTH_ATOLSSINK_0000007,0.0,247.6,1,0,ato_lowandslow_exfiltration,1
355,PAYMENT,256.99,SYNTH_ATOLS_0000007,2563.31,2306.32,SYNTH_ATOLSSINK_0000007,0.0,256.99,1,0,ato_lowandslow_exfiltration,1
384,PAYMENT,256.2,SYNTH_ATOLS_0000007,2306.32,2050.12,SYNTH_ATOLSSINK_0000007,0.0,256.2,1,0,ato_lowandslow_exfiltration,1
412,PAYMENT,253.1,SYNTH_ATOLS_0000007,2050.12,1797.02,SYNTH_ATOLSSINK_0000007,0.0,253.1,1,0,ato_lowandslow_exfiltration,1
443,PAYMENT,252.6,SYNTH_ATOLS_0000007,1797.02,1544.42,SYNTH_ATOLSSINK_0000007,0.0,252.6,1,0,ato_lowandslow_exfiltration,1
21,PAYMENT,303.38,SYNTH_ATOLS_0000008,9390.69,9087.31,SYNTH_ATOLSSINK_0000008,0.0,303.38,1,0,ato_lowandslow_exfiltration,1
57,PAYMENT,306.52,SYNTH_ATOLS_0000008,9087.31,8780.79,SYNTH_ATOLSSINK_0000008,0.0,306.52,1,0,ato_lowandslow_exfiltration,1
95,PAYMENT,316.36,SYNTH_ATOLS_0000008,8780.79,8464.43,SYNTH_ATOLSSINK_0000008,0.0,316.36,1,0,ato_lowandslow_exfiltration,1
132,PAYMENT,313.35,SYNTH_ATOLS_0000008,8464.43,8151.08,SYNTH_ATOLSSINK_0000008,0.0,313.35,1,0,ato_lowandslow_exfiltration,1
173,PAYMENT,315.72,SYNTH_ATOLS_0000008,8151.08,7835.36,SYNTH_ATOLSSINK_0000008,0.0,315.72,1,0,ato_lowandslow_exfiltration,1
291,PAYMENT,238.42,SYNTH_ATOLS_0000009,6347.83,6109.41,SYNTH_ATOLSSINK_0000009,0.0,238.42,1,0,ato_lowandslow_exfiltration,1
324,PAYMENT,224.52,SYNTH_ATOLS_0000009,6109.41,5884.89,SYNTH_ATOLSSINK_0000009,0.0,224.52,1,0,ato_lowandslow_exfiltration,1
360,PAYMENT,228.43,SYNTH_ATOLS_0000009,5884.89,5656.46,SYNTH_ATOLSSINK_0000009,0.0,228.43,1,0,ato_lowandslow_exfiltration,1
394,PAYMENT,230.98,SYNTH_ATOLS_0000009,5656.46,5425.48,SYNTH_ATOLSSINK_0000009,0.0,230.98,1,0,ato_lowandslow_exfiltration,1
430,PAYMENT,234.79,SYNTH_ATOLS_0000009,5425.48,5190.69,SYNTH_ATOLSSINK_0000009,0.0,234.79,1,0,ato_lowandslow_exfiltration,1
468,PAYMENT,275.75,SYNTH_ATOLS_0000010,2852.97,2577.22,SYNTH_ATOLSSINK_0000010,0.0,275.75,1,0,ato_lowandslow_exfiltration,1
484,PAYMENT,244.78,SYNTH_ATOLS_0000010,2577.22,2332.44,SYNTH_ATOLSSINK_0000010,0.0,244.78,1,0,ato_lowandslow_exfiltration,1
499,PAYMENT,252.69,SYNTH_ATOLS_0000010,2332.44,2079.75,SYNTH_ATOLSSINK_0000010,0.0,252.69,1,0,ato_lowandslow_exfiltration,1
515,PAYMENT,246.14,SYNTH_ATOLS_0000010,2079.75,1833.61,SYNTH_ATOLSSINK_0000010,0.0,246.14,1,0,ato_lowandslow_exfiltration,1
530,PAYMENT,237.76,SYNTH_ATOLS_0000010,1833.61,1595.85,SYNTH_ATOLSSINK_0000010,0.0,237.76,1,0,ato_lowandslow_exfiltration,1
549,PAYMENT,237.69,SYNTH_ATOLS_0000010,1595.85,1358.16,SYNTH_ATOLSSINK_0000010,0.0,237.69,1,0,ato_lowandslow_exfiltration,1
562,PAYMENT,270.44,SYNTH_ATOLS_0000010,1358.16,1087.72,SYNTH_ATOLSSINK_0000010,0.0,270.44,1,0,ato_lowandslow_exfiltration,1
498,PAYMENT,136.17,SYNTH_ATOLS_0000011,3075.78,2939.61,SYNTH_ATOLSSINK_0000011,0.0,136.17,1,0,ato_lowandslow_exfiltration,1
517,PAYMENT,124.01,SYNTH_ATOLS_0000011,2939.61,2815.6,SYNTH_ATOLSSINK_0000011,0.0,124.01,1,0,ato_lowandslow_exfiltration,1
533,PAYMENT,113.02,SYNTH_ATOLS_0000011,2815.6,2702.58,SYNTH_ATOLSSINK_0000011,0.0,113.02,1,0,ato_lowandslow_exfiltration,1
550,PAYMENT,119.41,SYNTH_ATOLS_0000011,2702.58,2583.17,SYNTH_ATOLSSINK_0000011,0.0,119.41,1,0,ato_lowandslow_exfiltration,1
336,PAYMENT,220.62,SYNTH_ATOLS_0000012,7722.76,7502.14,SYNTH_ATOLSSINK_0000012,0.0,220.62,1,0,ato_lowandslow_exfiltration,1
356,PAYMENT,229.13,SYNTH_ATOLS_0000012,7502.14,7273.01,SYNTH_ATOLSSINK_0000012,0.0,229.13,1,0,ato_lowandslow_exfiltration,1
378,PAYMENT,236.26,SYNTH_ATOLS_0000012,7273.01,7036.75,SYNTH_ATOLSSINK_0000012,0.0,236.26,1,0,ato_lowandslow_exfiltration,1
400,PAYMENT,245.48,SYNTH_ATOLS_0000012,7036.75,6791.27,SYNTH_ATOLSSINK_0000012,0.0,245.48,1,0,ato_lowandslow_exfiltration,1
423,PAYMENT,226.79,SYNTH_ATOLS_0000012,6791.27,6564.48,SYNTH_ATOLSSINK_0000012,0.0,226.79,1,0,ato_lowandslow_exfiltration,1
444,PAYMENT,248.37,SYNTH_ATOLS_0000012,6564.48,6316.11,SYNTH_ATOLSSINK_0000012,0.0,248.37,1,0,ato_lowandslow_exfiltration,1
458,PAYMENT,251.57,SYNTH_ATOLS_0000013,3541.14,3289.57,SYNTH_ATOLSSINK_0000013,0.0,251.57,1,0,ato_lowandslow_exfiltration,1
481,PAYMENT,250.33,SYNTH_ATOLS_0000013,3289.57,3039.24,SYNTH_ATOLSSINK_0000013,0.0,250.33,1,0,ato_lowandslow_exfiltration,1
501,PAYMENT,262.34,SYNTH_ATOLS_0000013,3039.24,2776.9,SYNTH_ATOLSSINK_0000013,0.0,262.34,1,0,ato_lowandslow_exfiltration,1
524,PAYMENT,262.64,SYNTH_ATOLS_0000013,2776.9,2514.26,SYNTH_ATOLSSINK_0000013,0.0,262.64,1,0,ato_lowandslow_exfiltration,1
546,PAYMENT,275.88,SYNTH_ATOLS_0000013,2514.26,2238.38,SYNTH_ATOLSSINK_0000013,0.0,275.88,1,0,ato_lowandslow_exfiltration,1
571,PAYMENT,275.14,SYNTH_ATOLS_0000013,2238.38,1963.24,SYNTH_ATOLSSINK_0000013,0.0,275.14,1,0,ato_lowandslow_exfiltration,1
344,PAYMENT,378.18,SYNTH_ATOLS_0000014,14811.63,14433.45,SYNTH_ATOLSSINK_0000014,0.0,378.18,1,0,ato_lowandslow_exfiltration,1
378,PAYMENT,390.96,SYNTH_ATOLS_0000014,14433.45,14042.49,SYNTH_ATOLSSINK_0000014,0.0,390.96,1,0,ato_lowandslow_exfiltration,1
413,PAYMENT,410.73,SYNTH_ATOLS_0000014,14042.49,13631.76,SYNTH_ATOLSSINK_0000014,0.0,410.73,1,0,ato_lowandslow_exfiltration,1
448,PAYMENT,394.03,SYNTH_ATOLS_0000014,13631.76,13237.73,SYNTH_ATOLSSINK_0000014,0.0,394.03,1,0,ato_lowandslow_exfiltration,1
625,PAYMENT,229.37,SYNTH_ATOLS_0000015,10263.76,10034.39,SYNTH_ATOLSSINK_0000015,0.0,229.37,1,0,ato_lowandslow_exfiltration,1
656,PAYMENT,224.17,SYNTH_ATOLS_0000015,10034.39,9810.22,SYNTH_ATOLSSINK_0000015,0.0,224.17,1,0,ato_lowandslow_exfiltration,1
686,PAYMENT,249.57,SYNTH_ATOLS_0000015,9810.22,9560.65,SYNTH_ATOLSSINK_0000015,0.0,249.57,1,0,ato_lowandslow_exfiltration,1
713,PAYMENT,242.96,SYNTH_ATOLS_0000015,9560.65,9317.69,SYNTH_ATOLSSINK_0000015,0.0,242.96,1,0,ato_lowandslow_exfiltration,1
460,PAYMENT,440.3,SYNTH_ATOLS_0000016,760.3,320.0,SYNTH_ATOLSSINK_0000016,0.0,440.3,1,0,ato_lowandslow_exfiltration,1
484,PAYMENT,433.37,SYNTH_ATOLS_0000016,320.0,0.0,SYNTH_ATOLSSINK_0000016,0.0,433.37,1,0,ato_lowandslow_exfiltration,1
505,PAYMENT,427.74,SYNTH_ATOLS_0000016,0.0,0.0,SYNTH_ATOLSSINK_0000016,0.0,427.74,1,0,ato_lowandslow_exfiltration,1
523,PAYMENT,471.27,SYNTH_ATOLS_0000016,0.0,0.0,SYNTH_ATOLSSINK_0000016,0.0,471.27,1,0,ato_lowandslow_exfiltration,1
546,PAYMENT,458.24,SYNTH_ATOLS_0000016,0.0,0.0,SYNTH_ATOLSSINK_0000016,0.0,458.24,1,0,ato_lowandslow_exfiltration,1
564,PAYMENT,480.63,SYNTH_ATOLS_0000016,0.0,0.0,SYNTH_ATOLSSINK_0000016,0.0,480.63,1,0,ato_lowandslow_exfiltration,1
587,PAYMENT,433.57,SYNTH_ATOLS_0000016,0.0,0.0,SYNTH_ATOLSSINK_0000016,0.0,433.57,1,0,ato_lowandslow_exfiltration,1
488,PAYMENT,278.82,SYNTH_ATOLS_0000017,8816.65,8537.83,SYNTH_ATOLSSINK_0000017,0.0,278.82,1,0,ato_lowandslow_exfiltration,1
504,PAYMENT,287.09,SYNTH_ATOLS_0000017,8537.83,8250.74,SYNTH_ATOLSSINK_0000017,0.0,287.09,1,0,ato_lowandslow_exfiltration,1
523,PAYMENT,300.43,SYNTH_ATOLS_0000017,8250.74,7950.31,SYNTH_ATOLSSINK_0000017,0.0,300.43,1,0,ato_lowandslow_exfiltration,1
542,PAYMENT,302.8,SYNTH_ATOLS_0000017,7950.31,7647.51,SYNTH_ATOLSSINK_0000017,0.0,302.8,1,0,ato_lowandslow_exfiltration,1
563,PAYMENT,295.43,SYNTH_ATOLS_0000017,7647.51,7352.08,SYNTH_ATOLSSINK_0000017,0.0,295.43,1,0,ato_lowandslow_exfiltration,1
582,PAYMENT,273.61,SYNTH_ATOLS_0000017,7352.08,7078.47,SYNTH_ATOLSSINK_0000017,0.0,273.61,1,0,ato_lowandslow_exfiltration,1
496,PAYMENT,264.66,SYNTH_ATOLS_0000018,15192.02,14927.36,SYNTH_ATOLSSINK_0000018,0.0,264.66,1,0,ato_lowandslow_exfiltration,1
524,PAYMENT,276.35,SYNTH_ATOLS_0000018,14927.36,14651.01,SYNTH_ATOLSSINK_0000018,0.0,276.35,1,0,ato_lowandslow_exfiltration,1
555,PAYMENT,234.83,SYNTH_ATOLS_0000018,14651.01,14416.18,SYNTH_ATOLSSINK_0000018,0.0,234.83,1,0,ato_lowandslow_exfiltration,1
586,PAYMENT,282.82,SYNTH_ATOLS_0000018,14416.18,14133.36,SYNTH_ATOLSSINK_0000018,0.0,282.82,1,0,ato_lowandslow_exfiltration,1
616,PAYMENT,259.49,SYNTH_ATOLS_0000018,14133.36,13873.87,SYNTH_ATOLSSINK_0000018,0.0,259.49,1,0,ato_lowandslow_exfiltration,1
586,PAYMENT,190.36,SYNTH_ATOLS_0000019,10618.01,10427.65,SYNTH_ATOLSSINK_0000019,0.0,190.36,1,0,ato_lowandslow_exfiltration,1
612,PAYMENT,211.05,SYNTH_ATOLS_0000019,10427.65,10216.6,SYNTH_ATOLSSINK_0000019,0.0,211.05,1,0,ato_lowandslow_exfiltration,1
636,PAYMENT,220.67,SYNTH_ATOLS_0000019,10216.6,9995.93,SYNTH_ATOLSSINK_0000019,0.0,220.67,1,0,ato_lowandslow_exfiltration,1
665,PAYMENT,190.36,SYNTH_ATOLS_0000019,9995.93,9805.57,SYNTH_ATOLSSINK_0000019,0.0,190.36,1,0,ato_lowandslow_exfiltration,1
688,PAYMENT,215.76,SYNTH_ATOLS_0000019,9805.57,9589.81,SYNTH_ATOLSSINK_0000019,0.0,215.76,1,0,ato_lowandslow_exfiltration,1
713,PAYMENT,190.97,SYNTH_ATOLS_0000019,9589.81,9398.84,SYNTH_ATOLSSINK_0000019,0.0,190.97,1,0,ato_lowandslow_exfiltration,1
740,PAYMENT,209.96,SYNTH_ATOLS_0000019,9398.84,9188.88,SYNTH_ATOLSSINK_0000019,0.0,209.96,1,0,ato_lowandslow_exfiltration,1
131,PAYMENT,245.16,SYNTH_ATOLS_0000020,1955.4,1710.24,SYNTH_ATOLSSINK_0000020,0.0,245.16,1,0,ato_lowandslow_exfiltration,1
148,PAYMENT,252.14,SYNTH_ATOLS_0000020,1710.24,1458.1,SYNTH_ATOLSSINK_0000020,0.0,252.14,1,0,ato_lowandslow_exfiltration,1
168,PAYMENT,249.44,SYNTH_ATOLS_0000020,1458.1,1208.66,SYNTH_ATOLSSINK_0000020,0.0,249.44,1,0,ato_lowandslow_exfiltration,1
184,PAYMENT,265.12,SYNTH_ATOLS_0000020,1208.66,943.54,SYNTH_ATOLSSINK_0000020,0.0,265.12,1,0,ato_lowandslow_exfiltration,1
155,PAYMENT,225.86,SYNTH_ATOLS_0000021,16685.19,16459.33,SYNTH_ATOLSSINK_0000021,0.0,225.86,1,0,ato_lowandslow_exfiltration,1
185,PAYMENT,220.65,SYNTH_ATOLS_0000021,16459.33,16238.68,SYNTH_ATOLSSINK_0000021,0.0,220.65,1,0,ato_lowandslow_exfiltration,1
216,PAYMENT,209.24,SYNTH_ATOLS_0000021,16238.68,16029.44,SYNTH_ATOLSSINK_0000021,0.0,209.24,1,0,ato_lowandslow_exfiltration,1
247,PAYMENT,240.6,SYNTH_ATOLS_0000021,16029.44,15788.84,SYNTH_ATOLSSINK_0000021,0.0,240.6,1,0,ato_lowandslow_exfiltration,1
276,PAYMENT,240.45,SYNTH_ATOLS_0000021,15788.84,15548.39,SYNTH_ATOLSSINK_0000021,0.0,240.45,1,0,ato_lowandslow_exfiltration,1
304,PAYMENT,213.79,SYNTH_ATOLS_0000021,15548.39,15334.6,SYNTH_ATOLSSINK_0000021,0.0,213.79,1,0,ato_lowandslow_exfiltration,1
174,PAYMENT,267.32,SYNTH_ATOLS_0000022,5176.61,4909.29,SYNTH_ATOLSSINK_0000022,0.0,267.32,1,0,ato_lowandslow_exfiltration,1
196,PAYMENT,262.38,SYNTH_ATOLS_0000022,4909.29,4646.91,SYNTH_ATOLSSINK_0000022,0.0,262.38,1,0,ato_lowandslow_exfiltration,1
212,PAYMENT,256.9,SYNTH_ATOLS_0000022,4646.91,4390.01,SYNTH_ATOLSSINK_0000022,0.0,256.9,1,0,ato_lowandslow_exfiltration,1
234,PAYMENT,296.62,SYNTH_ATOLS_0000022,4390.01,4093.39,SYNTH_ATOLSSINK_0000022,0.0,296.62,1,0,ato_lowandslow_exfiltration,1
252,PAYMENT,276.76,SYNTH_ATOLS_0000022,4093.39,3816.63,SYNTH_ATOLSSINK_0000022,0.0,276.76,1,0,ato_lowandslow_exfiltration,1
270,PAYMENT,269.25,SYNTH_ATOLS_0000022,3816.63,3547.38,SYNTH_ATOLSSINK_0000022,0.0,269.25,1,0,ato_lowandslow_exfiltration,1
291,PAYMENT,266.1,SYNTH_ATOLS_0000022,3547.38,3281.28,SYNTH_ATOLSSINK_0000022,0.0,266.1,1,0,ato_lowandslow_exfiltration,1
400,PAYMENT,306.59,SYNTH_ATOLS_0000023,3551.81,3245.22,SYNTH_ATOLSSINK_0000023,0.0,306.59,1,0,ato_lowandslow_exfiltration,1
432,PAYMENT,271.65,SYNTH_ATOLS_0000023,3245.22,2973.57,SYNTH_ATOLSSINK_0000023,0.0,271.65,1,0,ato_lowandslow_exfiltration,1
457,PAYMENT,287.54,SYNTH_ATOLS_0000023,2973.57,2686.03,SYNTH_ATOLSSINK_0000023,0.0,287.54,1,0,ato_lowandslow_exfiltration,1
489,PAYMENT,307.01,SYNTH_ATOLS_0000023,2686.03,2379.02,SYNTH_ATOLSSINK_0000023,0.0,307.01,1,0,ato_lowandslow_exfiltration,1
518,PAYMENT,302.81,SYNTH_ATOLS_0000023,2379.02,2076.21,SYNTH_ATOLSSINK_0000023,0.0,302.81,1,0,ato_lowandslow_exfiltration,1
439,PAYMENT,364.33,SYNTH_ATOLS_0000024,2037.86,1673.53,SYNTH_ATOLSSINK_0000024,0.0,364.33,1,0,ato_lowandslow_exfiltration,1
461,PAYMENT,334.01,SYNTH_ATOLS_0000024,1673.53,1339.52,SYNTH_ATOLSSINK_0000024,0.0,334.01,1,0,ato_lowandslow_exfiltration,1
489,PAYMENT,349.01,SYNTH_ATOLS_0000024,1339.52,990.51,SYNTH_ATOLSSINK_0000024,0.0,349.01,1,0,ato_lowandslow_exfiltration,1
513,PAYMENT,355.59,SYNTH_ATOLS_0000024,990.51,634.92,SYNTH_ATOLSSINK_0000024,0.0,355.59,1,0,ato_lowandslow_exfiltration,1
538,PAYMENT,344.2,SYNTH_ATOLS_0000024,634.92,290.72,SYNTH_ATOLSSINK_0000024,0.0,344.2,1,0,ato_lowandslow_exfiltration,1
565,PAYMENT,372.25,SYNTH_ATOLS_0000024,290.72,0.0,SYNTH_ATOLSSINK_0000024,0.0,372.25,1,0,ato_lowandslow_exfiltration,1
588,PAYMENT,374.99,SYNTH_ATOLS_0000024,0.0,0.0,SYNTH_ATOLSSINK_0000024,0.0,374.99,1,0,ato_lowandslow_exfiltration,1
488,PAYMENT,263.25,SYNTH_ATOLS_0000025,7871.76,7608.51,SYNTH_ATOLSSINK_0000025,0.0,263.25,1,0,ato_lowandslow_exfiltration,1
509,PAYMENT,233.97,SYNTH_ATOLS_0000025,7608.51,7374.54,SYNTH_ATOLSSINK_0000025,0.0,233.97,1,0,ato_lowandslow_exfiltration,1
532,PAYMENT,276.68,SYNTH_ATOLS_0000025,7374.54,7097.86,SYNTH_ATOLSSINK_0000025,0.0,276.68,1,0,ato_lowandslow_exfiltration,1
558,PAYMENT,235.05,SYNTH_ATOLS_0000025,7097.86,6862.81,SYNTH_ATOLSSINK_0000025,0.0,235.05,1,0,ato_lowandslow_exfiltration,1
580,PAYMENT,264.44,SYNTH_ATOLS_0000025,6862.81,6598.37,SYNTH_ATOLSSINK_0000025,0.0,264.44,1,0,ato_lowandslow_exfiltration,1
602,PAYMENT,242.89,SYNTH_ATOLS_0000025,6598.37,6355.48,SYNTH_ATOLSSINK_0000025,0.0,242.89,1,0,ato_lowandslow_exfiltration,1
671,PAYMENT,135.49,SYNTH_ATOLS_0000026,8810.29,8674.8,SYNTH_ATOLSSINK_0000026,0.0,135.49,1,0,ato_lowandslow_exfiltration,1
699,PAYMENT,140.31,SYNTH_ATOLS_0000026,8674.8,8534.49,SYNTH_ATOLSSINK_0000026,0.0,140.31,1,0,ato_lowandslow_exfiltration,1
727,PAYMENT,138.25,SYNTH_ATOLS_0000026,8534.49,8396.24,SYNTH_ATOLSSINK_0000026,0.0,138.25,1,0,ato_lowandslow_exfiltration,1
757,PAYMENT,160.19,SYNTH_ATOLS_0000026,8396.24,8236.05,SYNTH_ATOLSSINK_0000026,0.0,160.19,1,0,ato_lowandslow_exfiltration,1
785,PAYMENT,155.29,SYNTH_ATOLS_0000026,8236.05,8080.76,SYNTH_ATOLSSINK_0000026,0.0,155.29,1,0,ato_lowandslow_exfiltration,1
816,PAYMENT,135.73,SYNTH_ATOLS_0000026,8080.76,7945.03,SYNTH_ATOLSSINK_0000026,0.0,135.73,1,0,ato_lowandslow_exfiltration,1
846,PAYMENT,137.66,SYNTH_ATOLS_0000026,7945.03,7807.37,SYNTH_ATOLSSINK_0000026,0.0,137.66,1,0,ato_lowandslow_exfiltration,1
441,PAYMENT,177.77,SYNTH_ATOLS_0000027,6780.33,6602.56,SYNTH_ATOLSSINK_0000027,0.0,177.77,1,0,ato_lowandslow_exfiltration,1
468,PAYMENT,188.01,SYNTH_ATOLS_0000027,6602.56,6414.55,SYNTH_ATOLSSINK_0000027,0.0,188.01,1,0,ato_lowandslow_exfiltration,1
493,PAYMENT,189.98,SYNTH_ATOLS_0000027,6414.55,6224.57,SYNTH_ATOLSSINK_0000027,0.0,189.98,1,0,ato_lowandslow_exfiltration,1
516,PAYMENT,173.82,SYNTH_ATOLS_0000027,6224.57,6050.75,SYNTH_ATOLSSINK_0000027,0.0,173.82,1,0,ato_lowandslow_exfiltration,1
545,PAYMENT,173.55,SYNTH_ATOLS_0000027,6050.75,5877.2,SYNTH_ATOLSSINK_0000027,0.0,173.55,1,0,ato_lowandslow_exfiltration,1
567,PAYMENT,172.94,SYNTH_ATOLS_0000027,5877.2,5704.26,SYNTH_ATOLSSINK_0000027,0.0,172.94,1,0,ato_lowandslow_exfiltration,1
592,PAYMENT,201.87,SYNTH_ATOLS_0000027,5704.26,5502.39,SYNTH_ATOLSSINK_0000027,0.0,201.87,1,0,ato_lowandslow_exfiltration,1
270,PAYMENT,413.56,SYNTH_ATOLS_0000028,4840.74,4427.18,SYNTH_ATOLSSINK_0000028,0.0,413.56,1,0,ato_lowandslow_exfiltration,1
286,PAYMENT,417.82,SYNTH_ATOLS_0000028,4427.18,4009.36,SYNTH_ATOLSSINK_0000028,0.0,417.82,1,0,ato_lowandslow_exfiltration,1
303,PAYMENT,431.8,SYNTH_ATOLS_0000028,4009.36,3577.56,SYNTH_ATOLSSINK_0000028,0.0,431.8,1,0,ato_lowandslow_exfiltration,1
320,PAYMENT,473.08,SYNTH_ATOLS_0000028,3577.56,3104.48,SYNTH_ATOLSSINK_0000028,0.0,473.08,1,0,ato_lowandslow_exfiltration,1
334,PAYMENT,430.27,SYNTH_ATOLS_0000028,3104.48,2674.21,SYNTH_ATOLSSINK_0000028,0.0,430.27,1,0,ato_lowandslow_exfiltration,1
349,PAYMENT,401.07,SYNTH_ATOLS_0000028,2674.21,2273.14,SYNTH_ATOLSSINK_0000028,0.0,401.07,1,0,ato_lowandslow_exfiltration,1
177,PAYMENT,267.39,SYNTH_ATOLS_0000029,7157.71,6890.32,SYNTH_ATOLSSINK_0000029,0.0,267.39,1,0,ato_lowandslow_exfiltration,1
211,PAYMENT,319.17,SYNTH_ATOLS_0000029,6890.32,6571.15,SYNTH_ATOLSSINK_0000029,0.0,319.17,1,0,ato_lowandslow_exfiltration,1
249,PAYMENT,310.41,SYNTH_ATOLS_0000029,6571.15,6260.74,SYNTH_ATOLSSINK_0000029,0.0,310.41,1,0,ato_lowandslow_exfiltration,1
286,PAYMENT,288.82,SYNTH_ATOLS_0000029,6260.74,5971.92,SYNTH_ATOLSSINK_0000029,0.0,288.82,1,0,ato_lowandslow_exfiltration,1
323,PAYMENT,281.42,SYNTH_ATOLS_0000029,5971.92,5690.5,SYNTH_ATOLSSINK_0000029,0.0,281.42,1,0,ato_lowandslow_exfiltration,1
519,PAYMENT,254.92,SYNTH_ATOLS_0000030,8896.73,8641.81,SYNTH_ATOLSSINK_0000030,0.0,254.92,1,0,ato_lowandslow_exfiltration,1
546,PAYMENT,240.75,SYNTH_ATOLS_0000030,8641.81,8401.06,SYNTH_ATOLSSINK_0000030,0.0,240.75,1,0,ato_lowandslow_exfiltration,1
572,PAYMENT,238.62,SYNTH_ATOLS_0000030,8401.06,8162.44,SYNTH_ATOLSSINK_0000030,0.0,238.62,1,0,ato_lowandslow_exfiltration,1
598,PAYMENT,248.75,SYNTH_ATOLS_0000030,8162.44,7913.69,SYNTH_ATOLSSINK_0000030,0.0,248.75,1,0,ato_lowandslow_exfiltration,1
623,PAYMENT,234.9,SYNTH_ATOLS_0000030,7913.69,7678.79,SYNTH_ATOLSSINK_0000030,0.0,234.9,1,0,ato_lowandslow_exfiltration,1
645,PAYMENT,209.82,SYNTH_ATOLS_0000030,7678.79,7468.97,SYNTH_ATOLSSINK_0000030,0.0,209.82,1,0,ato_lowandslow_exfiltration,1
672,PAYMENT,237.27,SYNTH_ATOLS_0000030,7468.97,7231.7,SYNTH_ATOLSSINK_0000030,0.0,237.27,1,0,ato_lowandslow_exfiltration,1
253,PAYMENT,169.62,SYNTH_ATOLS_0000031,5798.66,5629.04,SYNTH_ATOLSSINK_0000031,0.0,169.62,1,0,ato_lowandslow_exfiltration,1
290,PAYMENT,148.48,SYNTH_ATOLS_0000031,5629.04,5480.56,SYNTH_ATOLSSINK_0000031,0.0,148.48,1,0,ato_lowandslow_exfiltration,1
327,PAYMENT,166.97,SYNTH_ATOLS_0000031,5480.56,5313.59,SYNTH_ATOLSSINK_0000031,0.0,166.97,1,0,ato_lowandslow_exfiltration,1
360,PAYMENT,172.77,SYNTH_ATOLS_0000031,5313.59,5140.82,SYNTH_ATOLSSINK_0000031,0.0,172.77,1,0,ato_lowandslow_exfiltration,1
396,PAYMENT,172.47,SYNTH_ATOLS_0000031,5140.82,4968.35,SYNTH_ATOLSSINK_0000031,0.0,172.47,1,0,ato_lowandslow_exfiltration,1
436,PAYMENT,162.14,SYNTH_ATOLS_0000031,4968.35,4806.21,SYNTH_ATOLSSINK_0000031,0.0,162.14,1,0,ato_lowandslow_exfiltration,1
471,PAYMENT,144.73,SYNTH_ATOLS_0000031,4806.21,4661.48,SYNTH_ATOLSSINK_0000031,0.0,144.73,1,0,ato_lowandslow_exfiltration,1
366,PAYMENT,189.23,SYNTH_ATOLS_0000032,4106.43,3917.2,SYNTH_ATOLSSINK_0000032,0.0,189.23,1,0,ato_lowandslow_exfiltration,1
392,PAYMENT,170.05,SYNTH_ATOLS_0000032,3917.2,3747.15,SYNTH_ATOLSSINK_0000032,0.0,170.05,1,0,ato_lowandslow_exfiltration,1
417,PAYMENT,184.93,SYNTH_ATOLS_0000032,3747.15,3562.22,SYNTH_ATOLSSINK_0000032,0.0,184.93,1,0,ato_lowandslow_exfiltration,1
445,PAYMENT,202.8,SYNTH_ATOLS_0000032,3562.22,3359.42,SYNTH_ATOLSSINK_0000032,0.0,202.8,1,0,ato_lowandslow_exfiltration,1
471,PAYMENT,205.04,SYNTH_ATOLS_0000032,3359.42,3154.38,SYNTH_ATOLSSINK_0000032,0.0,205.04,1,0,ato_lowandslow_exfiltration,1
185,PAYMENT,281.79,SYNTH_ATOLS_0000033,13422.12,13140.33,SYNTH_ATOLSSINK_0000033,0.0,281.79,1,0,ato_lowandslow_exfiltration,1
218,PAYMENT,280.83,SYNTH_ATOLS_0000033,13140.33,12859.5,SYNTH_ATOLSSINK_0000033,0.0,280.83,1,0,ato_lowandslow_exfiltration,1
246,PAYMENT,330.49,SYNTH_ATOLS_0000033,12859.5,12529.01,SYNTH_ATOLSSINK_0000033,0.0,330.49,1,0,ato_lowandslow_exfiltration,1
276,PAYMENT,316.8,SYNTH_ATOLS_0000033,12529.01,12212.21,SYNTH_ATOLSSINK_0000033,0.0,316.8,1,0,ato_lowandslow_exfiltration,1
309,PAYMENT,298.09,SYNTH_ATOLS_0000033,12212.21,11914.12,SYNTH_ATOLSSINK_0000033,0.0,298.09,1,0,ato_lowandslow_exfiltration,1
341,PAYMENT,216.26,SYNTH_ATOLS_0000034,3805.56,3589.3,SYNTH_ATOLSSINK_0000034,0.0,216.26,1,0,ato_lowandslow_exfiltration,1
381,PAYMENT,207.3,SYNTH_ATOLS_0000034,3589.3,3382.0,SYNTH_ATOLSSINK_0000034,0.0,207.3,1,0,ato_lowandslow_exfiltration,1
415,PAYMENT,223.86,SYNTH_ATOLS_0000034,3382.0,3158.14,SYNTH_ATOLSSINK_0000034,0.0,223.86,1,0,ato_lowandslow_exfiltration,1
453,PAYMENT,215.85,SYNTH_ATOLS_0000034,3158.14,2942.29,SYNTH_ATOLSSINK_0000034,0.0,215.85,1,0,ato_lowandslow_exfiltration,1
491,PAYMENT,204.71,SYNTH_ATOLS_0000034,2942.29,2737.58,SYNTH_ATOLSSINK_0000034,0.0,204.71,1,0,ato_lowandslow_exfiltration,1
529,PAYMENT,195.44,SYNTH_ATOLS_0000034,2737.58,2542.14,SYNTH_ATOLSSINK_0000034,0.0,195.44,1,0,ato_lowandslow_exfiltration,1
259,PAYMENT,172.83,SYNTH_ATOLS_0000035,3094.25,2921.42,SYNTH_ATOLSSINK_0000035,0.0,172.83,1,0,ato_lowandslow_exfiltration,1
284,PAYMENT,145.59,SYNTH_ATOLS_0000035,2921.42,2775.83,SYNTH_ATOLSSINK_0000035,0.0,145.59,1,0,ato_lowandslow_exfiltration,1
306,PAYMENT,154.7,SYNTH_ATOLS_0000035,2775.83,2621.13,SYNTH_ATOLSSINK_0000035,0.0,154.7,1,0,ato_lowandslow_exfiltration,1
329,PAYMENT,164.72,SYNTH_ATOLS_0000035,2621.13,2456.41,SYNTH_ATOLSSINK_0000035,0.0,164.72,1,0,ato_lowandslow_exfiltration,1
350,PAYMENT,153.17,SYNTH_ATOLS_0000035,2456.41,2303.24,SYNTH_ATOLSSINK_0000035,0.0,153.17,1,0,ato_lowandslow_exfiltration,1
557,PAYMENT,291.82,SYNTH_ATOLS_0000036,9060.72,8768.9,SYNTH_ATOLSSINK_0000036,0.0,291.82,1,0,ato_lowandslow_exfiltration,1
589,PAYMENT,300.01,SYNTH_ATOLS_0000036,8768.9,8468.89,SYNTH_ATOLSSINK_0000036,0.0,300.01,1,0,ato_lowandslow_exfiltration,1
616,PAYMENT,301.14,SYNTH_ATOLS_0000036,8468.89,8167.75,SYNTH_ATOLSSINK_0000036,0.0,301.14,1,0,ato_lowandslow_exfiltration,1
647,PAYMENT,289.09,SYNTH_ATOLS_0000036,8167.75,7878.66,SYNTH_ATOLSSINK_0000036,0.0,289.09,1,0,ato_lowandslow_exfiltration,1
680,PAYMENT,322.72,SYNTH_ATOLS_0000036,7878.66,7555.94,SYNTH_ATOLSSINK_0000036,0.0,322.72,1,0,ato_lowandslow_exfiltration,1
711,PAYMENT,331.04,SYNTH_ATOLS_0000036,7555.94,7224.9,SYNTH_ATOLSSINK_0000036,0.0,331.04,1,0,ato_lowandslow_exfiltration,1
432,PAYMENT,223.63,SYNTH_ATOLS_0000037,2735.77,2512.14,SYNTH_ATOLSSINK_0000037,0.0,223.63,1,0,ato_lowandslow_exfiltration,1
455,PAYMENT,248.74,SYNTH_ATOLS_0000037,2512.14,2263.4,SYNTH_ATOLSSINK_0000037,0.0,248.74,1,0,ato_lowandslow_exfiltration,1
478,PAYMENT,250.82,SYNTH_ATOLS_0000037,2263.4,2012.58,SYNTH_ATOLSSINK_0000037,0.0,250.82,1,0,ato_lowandslow_exfiltration,1
496,PAYMENT,252.59,SYNTH_ATOLS_0000037,2012.58,1759.99,SYNTH_ATOLSSINK_0000037,0.0,252.59,1,0,ato_lowandslow_exfiltration,1
519,PAYMENT,228.56,SYNTH_ATOLS_0000037,1759.99,1531.43,SYNTH_ATOLSSINK_0000037,0.0,228.56,1,0,ato_lowandslow_exfiltration,1
255,PAYMENT,233.63,SYNTH_ATOLS_0000038,4161.36,3927.73,SYNTH_ATOLSSINK_0000038,0.0,233.63,1,0,ato_lowandslow_exfiltration,1
286,PAYMENT,243.2,SYNTH_ATOLS_0000038,3927.73,3684.53,SYNTH_ATOLSSINK_0000038,0.0,243.2,1,0,ato_lowandslow_exfiltration,1
317,PAYMENT,229.43,SYNTH_ATOLS_0000038,3684.53,3455.1,SYNTH_ATOLSSINK_0000038,0.0,229.43,1,0,ato_lowandslow_exfiltration,1
345,PAYMENT,225.23,SYNTH_ATOLS_0000038,3455.1,3229.87,SYNTH_ATOLSSINK_0000038,0.0,225.23,1,0,ato_lowandslow_exfiltration,1
349,PAYMENT,219.4,SYNTH_ATOLS_0000039,4304.9,4085.5,SYNTH_ATOLSSINK_0000039,0.0,219.4,1,0,ato_lowandslow_exfiltration,1
375,PAYMENT,184.79,SYNTH_ATOLS_0000039,4085.5,3900.71,SYNTH_ATOLSSINK_0000039,0.0,184.79,1,0,ato_lowandslow_exfiltration,1
405,PAYMENT,200.06,SYNTH_ATOLS_0000039,3900.71,3700.65,SYNTH_ATOLSSINK_0000039,0.0,200.06,1,0,ato_lowandslow_exfiltration,1
428,PAYMENT,220.73,SYNTH_ATOLS_0000039,3700.65,3479.92,SYNTH_ATOLSSINK_0000039,0.0,220.73,1,0,ato_lowandslow_exfiltration,1
454,PAYMENT,218.64,SYNTH_ATOLS_0000039,3479.92,3261.28,SYNTH_ATOLSSINK_0000039,0.0,218.64,1,0,ato_lowandslow_exfiltration,1
323,PAYMENT,151.33,SYNTH_ATOLS_0000040,4223.19,4071.86,SYNTH_ATOLSSINK_0000040,0.0,151.33,1,0,ato_lowandslow_exfiltration,1
345,PAYMENT,150.67,SYNTH_ATOLS_0000040,4071.86,3921.19,SYNTH_ATOLSSINK_0000040,0.0,150.67,1,0,ato_lowandslow_exfiltration,1
367,PAYMENT,150.55,SYNTH_ATOLS_0000040,3921.19,3770.64,SYNTH_ATOLSSINK_0000040,0.0,150.55,1,0,ato_lowandslow_exfiltration,1
388,PAYMENT,150.69,SYNTH_ATOLS_0000040,3770.64,3619.95,SYNTH_ATOLSSINK_0000040,0.0,150.69,1,0,ato_lowandslow_exfiltration,1
409,PAYMENT,161.79,SYNTH_ATOLS_0000040,3619.95,3458.16,SYNTH_ATOLSSINK_0000040,0.0,161.79,1,0,ato_lowandslow_exfiltration,1
230,PAYMENT,262.25,SYNTH_ATOLS_0000041,8383.46,8121.21,SYNTH_ATOLSSINK_0000041,0.0,262.25,1,0,ato_lowandslow_exfiltration,1
252,PAYMENT,242.74,SYNTH_ATOLS_0000041,8121.21,7878.47,SYNTH_ATOLSSINK_0000041,0.0,242.74,1,0,ato_lowandslow_exfiltration,1
269,PAYMENT,242.69,SYNTH_ATOLS_0000041,7878.47,7635.78,SYNTH_ATOLSSINK_0000041,0.0,242.69,1,0,ato_lowandslow_exfiltration,1
287,PAYMENT,253.67,SYNTH_ATOLS_0000041,7635.78,7382.11,SYNTH_ATOLSSINK_0000041,0.0,253.67,1,0,ato_lowandslow_exfiltration,1
303,PAYMENT,231.76,SYNTH_ATOLS_0000041,7382.11,7150.35,SYNTH_ATOLSSINK_0000041,0.0,231.76,1,0,ato_lowandslow_exfiltration,1
320,PAYMENT,244.3,SYNTH_ATOLS_0000041,7150.35,6906.05,SYNTH_ATOLSSINK_0000041,0.0,244.3,1,0,ato_lowandslow_exfiltration,1
339,PAYMENT,250.6,SYNTH_ATOLS_0000041,6906.05,6655.45,SYNTH_ATOLSSINK_0000041,0.0,250.6,1,0,ato_lowandslow_exfiltration,1
345,PAYMENT,203.94,SYNTH_ATOLS_0000042,2093.14,1889.2,SYNTH_ATOLSSINK_0000042,0.0,203.94,1,0,ato_lowandslow_exfiltration,1
363,PAYMENT,198.25,SYNTH_ATOLS_0000042,1889.2,1690.95,SYNTH_ATOLSSINK_0000042,0.0,198.25,1,0,ato_lowandslow_exfiltration,1
379,PAYMENT,182.17,SYNTH_ATOLS_0000042,1690.95,1508.78,SYNTH_ATOLSSINK_0000042,0.0,182.17,1,0,ato_lowandslow_exfiltration,1
395,PAYMENT,210.62,SYNTH_ATOLS_0000042,1508.78,1298.16,SYNTH_ATOLSSINK_0000042,0.0,210.62,1,0,ato_lowandslow_exfiltration,1
149,PAYMENT,284.72,SYNTH_ATOLS_0000043,4950.07,4665.35,SYNTH_ATOLSSINK_0000043,0.0,284.72,1,0,ato_lowandslow_exfiltration,1
170,PAYMENT,270.22,SYNTH_ATOLS_0000043,4665.35,4395.13,SYNTH_ATOLSSINK_0000043,0.0,270.22,1,0,ato_lowandslow_exfiltration,1
195,PAYMENT,260.93,SYNTH_ATOLS_0000043,4395.13,4134.2,SYNTH_ATOLSSINK_0000043,0.0,260.93,1,0,ato_lowandslow_exfiltration,1
221,PAYMENT,248.61,SYNTH_ATOLS_0000043,4134.2,3885.59,SYNTH_ATOLSSINK_0000043,0.0,248.61,1,0,ato_lowandslow_exfiltration,1
244,PAYMENT,269.32,SYNTH_ATOLS_0000043,3885.59,3616.27,SYNTH_ATOLSSINK_0000043,0.0,269.32,1,0,ato_lowandslow_exfiltration,1
528,PAYMENT,223.71,SYNTH_ATOLS_0000044,3674.52,3450.81,SYNTH_ATOLSSINK_0000044,0.0,223.71,1,0,ato_lowandslow_exfiltration,1
546,PAYMENT,251.0,SYNTH_ATOLS_0000044,3450.81,3199.81,SYNTH_ATOLSSINK_0000044,0.0,251.0,1,0,ato_lowandslow_exfiltration,1
562,PAYMENT,231.24,SYNTH_ATOLS_0000044,3199.81,2968.57,SYNTH_ATOLSSINK_0000044,0.0,231.24,1,0,ato_lowandslow_exfiltration,1
582,PAYMENT,249.07,SYNTH_ATOLS_0000044,2968.57,2719.5,SYNTH_ATOLSSINK_0000044,0.0,249.07,1,0,ato_lowandslow_exfiltration,1
600,PAYMENT,246.75,SYNTH_ATOLS_0000044,2719.5,2472.75,SYNTH_ATOLSSINK_0000044,0.0,246.75,1,0,ato_lowandslow_exfiltration,1
594,PAYMENT,223.27,SYNTH_ATOLS_0000045,7309.18,7085.91,SYNTH_ATOLSSINK_0000045,0.0,223.27,1,0,ato_lowandslow_exfiltration,1
634,PAYMENT,249.69,SYNTH_ATOLS_0000045,7085.91,6836.22,SYNTH_ATOLSSINK_0000045,0.0,249.69,1,0,ato_lowandslow_exfiltration,1
674,PAYMENT,229.23,SYNTH_ATOLS_0000045,6836.22,6606.99,SYNTH_ATOLSSINK_0000045,0.0,229.23,1,0,ato_lowandslow_exfiltration,1
709,PAYMENT,261.86,SYNTH_ATOLS_0000045,6606.99,6345.13,SYNTH_ATOLSSINK_0000045,0.0,261.86,1,0,ato_lowandslow_exfiltration,1
749,PAYMENT,224.32,SYNTH_ATOLS_0000045,6345.13,6120.81,SYNTH_ATOLSSINK_0000045,0.0,224.32,1,0,ato_lowandslow_exfiltration,1
787,PAYMENT,220.14,SYNTH_ATOLS_0000045,6120.81,5900.67,SYNTH_ATOLSSINK_0000045,0.0,220.14,1,0,ato_lowandslow_exfiltration,1
829,PAYMENT,241.27,SYNTH_ATOLS_0000045,5900.67,5659.4,SYNTH_ATOLSSINK_0000045,0.0,241.27,1,0,ato_lowandslow_exfiltration,1
467,PAYMENT,148.89,SYNTH_ATOLS_0000046,9043.43,8894.54,SYNTH_ATOLSSINK_0000046,0.0,148.89,1,0,ato_lowandslow_exfiltration,1
491,PAYMENT,146.11,SYNTH_ATOLS_0000046,8894.54,8748.43,SYNTH_ATOLSSINK_0000046,0.0,146.11,1,0,ato_lowandslow_exfiltration,1
511,PAYMENT,141.14,SYNTH_ATOLS_0000046,8748.43,8607.29,SYNTH_ATOLSSINK_0000046,0.0,141.14,1,0,ato_lowandslow_exfiltration,1
536,PAYMENT,131.64,SYNTH_ATOLS_0000046,8607.29,8475.65,SYNTH_ATOLSSINK_0000046,0.0,131.64,1,0,ato_lowandslow_exfiltration,1
558,PAYMENT,132.22,SYNTH_ATOLS_0000046,8475.65,8343.43,SYNTH_ATOLSSINK_0000046,0.0,132.22,1,0,ato_lowandslow_exfiltration,1
576,PAYMENT,140.32,SYNTH_ATOLS_0000046,8343.43,8203.11,SYNTH_ATOLSSINK_0000046,0.0,140.32,1,0,ato_lowandslow_exfiltration,1
601,PAYMENT,141.97,SYNTH_ATOLS_0000046,8203.11,8061.14,SYNTH_ATOLSSINK_0000046,0.0,141.97,1,0,ato_lowandslow_exfiltration,1
79,PAYMENT,187.54,SYNTH_ATOLS_0000047,29665.6,29478.06,SYNTH_ATOLSSINK_0000047,0.0,187.54,1,0,ato_lowandslow_exfiltration,1
96,PAYMENT,191.46,SYNTH_ATOLS_0000047,29478.06,29286.6,SYNTH_ATOLSSINK_0000047,0.0,191.46,1,0,ato_lowandslow_exfiltration,1
116,PAYMENT,190.22,SYNTH_ATOLS_0000047,29286.6,29096.38,SYNTH_ATOLSSINK_0000047,0.0,190.22,1,0,ato_lowandslow_exfiltration,1
134,PAYMENT,194.07,SYNTH_ATOLS_0000047,29096.38,28902.31,SYNTH_ATOLSSINK_0000047,0.0,194.07,1,0,ato_lowandslow_exfiltration,1
155,PAYMENT,193.99,SYNTH_ATOLS_0000047,28902.31,28708.32,SYNTH_ATOLSSINK_0000047,0.0,193.99,1,0,ato_lowandslow_exfiltration,1
173,PAYMENT,196.03,SYNTH_ATOLS_0000047,28708.32,28512.29,SYNTH_ATOLSSINK_0000047,0.0,196.03,1,0,ato_lowandslow_exfiltration,1
372,PAYMENT,277.21,SYNTH_ATOLS_0000048,8622.93,8345.72,SYNTH_ATOLSSINK_0000048,0.0,277.21,1,0,ato_lowandslow_exfiltration,1
387,PAYMENT,289.61,SYNTH_ATOLS_0000048,8345.72,8056.11,SYNTH_ATOLSSINK_0000048,0.0,289.61,1,0,ato_lowandslow_exfiltration,1
401,PAYMENT,250.81,SYNTH_ATOLS_0000048,8056.11,7805.3,SYNTH_ATOLSSINK_0000048,0.0,250.81,1,0,ato_lowandslow_exfiltration,1
420,PAYMENT,250.87,SYNTH_ATOLS_0000048,7805.3,7554.43,SYNTH_ATOLSSINK_0000048,0.0,250.87,1,0,ato_lowandslow_exfiltration,1
266,PAYMENT,193.77,SYNTH_ATOLS_0000049,4268.55,4074.78,SYNTH_ATOLSSINK_0000049,0.0,193.77,1,0,ato_lowandslow_exfiltration,1
301,PAYMENT,175.44,SYNTH_ATOLS_0000049,4074.78,3899.34,SYNTH_ATOLSSINK_0000049,0.0,175.44,1,0,ato_lowandslow_exfiltration,1
333,PAYMENT,179.55,SYNTH_ATOLS_0000049,3899.34,3719.79,SYNTH_ATOLSSINK_0000049,0.0,179.55,1,0,ato_lowandslow_exfiltration,1
368,PAYMENT,194.99,SYNTH_ATOLS_0000049,3719.79,3524.8,SYNTH_ATOLSSINK_0000049,0.0,194.99,1,0,ato_lowandslow_exfiltration,1
404,PAYMENT,190.93,SYNTH_ATOLS_0000049,3524.8,3333.87,SYNTH_ATOLSSINK_0000049,0.0,190.93,1,0,ato_lowandslow_exfiltration,1
436,PAYMENT,196.98,SYNTH_ATOLS_0000049,3333.87,3136.89,SYNTH_ATOLSSINK_0000049,0.0,196.98,1,0,ato_lowandslow_exfiltration,1
147,PAYMENT,189.54,SYNTH_ATOLS_0000050,8354.14,8164.6,SYNTH_ATOLSSINK_0000050,0.0,189.54,1,0,ato_lowandslow_exfiltration,1
178,PAYMENT,180.5,SYNTH_ATOLS_0000050,8164.6,7984.1,SYNTH_ATOLSSINK_0000050,0.0,180.5,1,0,ato_lowandslow_exfiltration,1
210,PAYMENT,207.34,SYNTH_ATOLS_0000050,7984.1,7776.76,SYNTH_ATOLSSINK_0000050,0.0,207.34,1,0,ato_lowandslow_exfiltration,1
242,PAYMENT,204.08,SYNTH_ATOLS_0000050,7776.76,7572.68,SYNTH_ATOLSSINK_0000050,0.0,204.08,1,0,ato_lowandslow_exfiltration,1
272,PAYMENT,213.84,SYNTH_ATOLS_0000050,7572.68,7358.84,SYNTH_ATOLSSINK_0000050,0.0,213.84,1,0,ato_lowandslow_exfiltration,1
471,PAYMENT,244.59,SYNTH_ATOLS_0000051,4076.33,3831.74,SYNTH_ATOLSSINK_0000051,0.0,244.59,1,0,ato_lowandslow_exfiltration,1
503,PAYMENT,221.54,SYNTH_ATOLS_0000051,3831.74,3610.2,SYNTH_ATOLSSINK_0000051,0.0,221.54,1,0,ato_lowandslow_exfiltration,1
535,PAYMENT,219.15,SYNTH_ATOLS_0000051,3610.2,3391.05,SYNTH_ATOLSSINK_0000051,0.0,219.15,1,0,ato_lowandslow_exfiltration,1
571,PAYMENT,231.81,SYNTH_ATOLS_0000051,3391.05,3159.24,SYNTH_ATOLSSINK_0000051,0.0,231.81,1,0,ato_lowandslow_exfiltration,1
604,PAYMENT,206.25,SYNTH_ATOLS_0000051,3159.24,2952.99,SYNTH_ATOLSSINK_0000051,0.0,206.25,1,0,ato_lowandslow_exfiltration,1
567,PAYMENT,207.34,SYNTH_ATOLS_0000052,3231.63,3024.29,SYNTH_ATOLSSINK_0000052,0.0,207.34,1,0,ato_lowandslow_exfiltration,1
590,PAYMENT,209.08,SYNTH_ATOLS_0000052,3024.29,2815.21,SYNTH_ATOLSSINK_0000052,0.0,209.08,1,0,ato_lowandslow_exfiltration,1
618,PAYMENT,182.28,SYNTH_ATOLS_0000052,2815.21,2632.93,SYNTH_ATOLSSINK_0000052,0.0,182.28,1,0,ato_lowandslow_exfiltration,1
648,PAYMENT,215.7,SYNTH_ATOLS_0000052,2632.93,2417.23,SYNTH_ATOLSSINK_0000052,0.0,215.7,1,0,ato_lowandslow_exfiltration,1
458,PAYMENT,350.63,SYNTH_ATOLS_0000053,4636.73,4286.1,SYNTH_ATOLSSINK_0000053,0.0,350.63,1,0,ato_lowandslow_exfiltration,1
473,PAYMENT,316.7,SYNTH_ATOLS_0000053,4286.1,3969.4,SYNTH_ATOLSSINK_0000053,0.0,316.7,1,0,ato_lowandslow_exfiltration,1
491,PAYMENT,316.89,SYNTH_ATOLS_0000053,3969.4,3652.51,SYNTH_ATOLSSINK_0000053,0.0,316.89,1,0,ato_lowandslow_exfiltration,1
507,PAYMENT,348.96,SYNTH_ATOLS_0000053,3652.51,3303.55,SYNTH_ATOLSSINK_0000053,0.0,348.96,1,0,ato_lowandslow_exfiltration,1
141,PAYMENT,158.18,SYNTH_ATOLS_0000054,6727.24,6569.06,SYNTH_ATOLSSINK_0000054,0.0,158.18,1,0,ato_lowandslow_exfiltration,1
160,PAYMENT,167.11,SYNTH_ATOLS_0000054,6569.06,6401.95,SYNTH_ATOLSSINK_0000054,0.0,167.11,1,0,ato_lowandslow_exfiltration,1
184,PAYMENT,170.7,SYNTH_ATOLS_0000054,6401.95,6231.25,SYNTH_ATOLSSINK_0000054,0.0,170.7,1,0,ato_lowandslow_exfiltration,1
205,PAYMENT,164.82,SYNTH_ATOLS_0000054,6231.25,6066.43,SYNTH_ATOLSSINK_0000054,0.0,164.82,1,0,ato_lowandslow_exfiltration,1
226,PAYMENT,167.38,SYNTH_ATOLS_0000054,6066.43,5899.05,SYNTH_ATOLSSINK_0000054,0.0,167.38,1,0,ato_lowandslow_exfiltration,1
246,PAYMENT,166.37,SYNTH_ATOLS_0000054,5899.05,5732.68,SYNTH_ATOLSSINK_0000054,0.0,166.37,1,0,ato_lowandslow_exfiltration,1
266,PAYMENT,162.27,SYNTH_ATOLS_0000054,5732.68,5570.41,SYNTH_ATOLSSINK_0000054,0.0,162.27,1,0,ato_lowandslow_exfiltration,1
62,PAYMENT,191.06,SYNTH_ATOLS_0000055,3305.38,3114.32,SYNTH_ATOLSSINK_0000055,0.0,191.06,1,0,ato_lowandslow_exfiltration,1
83,PAYMENT,188.84,SYNTH_ATOLS_0000055,3114.32,2925.48,SYNTH_ATOLSSINK_0000055,0.0,188.84,1,0,ato_lowandslow_exfiltration,1
106,PAYMENT,205.35,SYNTH_ATOLS_0000055,2925.48,2720.13,SYNTH_ATOLSSINK_0000055,0.0,205.35,1,0,ato_lowandslow_exfiltration,1
131,PAYMENT,197.3,SYNTH_ATOLS_0000055,2720.13,2522.83,SYNTH_ATOLSSINK_0000055,0.0,197.3,1,0,ato_lowandslow_exfiltration,1
154,PAYMENT,189.52,SYNTH_ATOLS_0000055,2522.83,2333.31,SYNTH_ATOLSSINK_0000055,0.0,189.52,1,0,ato_lowandslow_exfiltration,1
168,PAYMENT,301.33,SYNTH_ATOLS_0000056,2787.96,2486.63,SYNTH_ATOLSSINK_0000056,0.0,301.33,1,0,ato_lowandslow_exfiltration,1
203,PAYMENT,335.94,SYNTH_ATOLS_0000056,2486.63,2150.69,SYNTH_ATOLSSINK_0000056,0.0,335.94,1,0,ato_lowandslow_exfiltration,1
241,PAYMENT,291.21,SYNTH_ATOLS_0000056,2150.69,1859.48,SYNTH_ATOLSSINK_0000056,0.0,291.21,1,0,ato_lowandslow_exfiltration,1
278,PAYMENT,350.89,SYNTH_ATOLS_0000056,1859.48,1508.59,SYNTH_ATOLSSINK_0000056,0.0,350.89,1,0,ato_lowandslow_exfiltration,1
408,PAYMENT,456.79,SYNTH_ATOLS_0000057,3152.03,2695.24,SYNTH_ATOLSSINK_0000057,0.0,456.79,1,0,ato_lowandslow_exfiltration,1
445,PAYMENT,550.7,SYNTH_ATOLS_0000057,2695.24,2144.54,SYNTH_ATOLSSINK_0000057,0.0,550.7,1,0,ato_lowandslow_exfiltration,1
487,PAYMENT,552.55,SYNTH_ATOLS_0000057,2144.54,1591.99,SYNTH_ATOLSSINK_0000057,0.0,552.55,1,0,ato_lowandslow_exfiltration,1
526,PAYMENT,539.04,SYNTH_ATOLS_0000057,1591.99,1052.95,SYNTH_ATOLSSINK_0000057,0.0,539.04,1,0,ato_lowandslow_exfiltration,1
196,PAYMENT,344.72,SYNTH_ATOLS_0000058,5328.22,4983.5,SYNTH_ATOLSSINK_0000058,0.0,344.72,1,0,ato_lowandslow_exfiltration,1
210,PAYMENT,366.05,SYNTH_ATOLS_0000058,4983.5,4617.45,SYNTH_ATOLSSINK_0000058,0.0,366.05,1,0,ato_lowandslow_exfiltration,1
224,PAYMENT,372.92,SYNTH_ATOLS_0000058,4617.45,4244.53,SYNTH_ATOLSSINK_0000058,0.0,372.92,1,0,ato_lowandslow_exfiltration,1
239,PAYMENT,329.14,SYNTH_ATOLS_0000058,4244.53,3915.39,SYNTH_ATOLSSINK_0000058,0.0,329.14,1,0,ato_lowandslow_exfiltration,1
258,PAYMENT,325.74,SYNTH_ATOLS_0000058,3915.39,3589.65,SYNTH_ATOLSSINK_0000058,0.0,325.74,1,0,ato_lowandslow_exfiltration,1
270,PAYMENT,323.89,SYNTH_ATOLS_0000058,3589.65,3265.76,SYNTH_ATOLSSINK_0000058,0.0,323.89,1,0,ato_lowandslow_exfiltration,1
288,PAYMENT,372.13,SYNTH_ATOLS_0000058,3265.76,2893.63,SYNTH_ATOLSSINK_0000058,0.0,372.13,1,0,ato_lowandslow_exfiltration,1
313,PAYMENT,133.02,SYNTH_ATOLS_0000059,7456.29,7323.27,SYNTH_ATOLSSINK_0000059,0.0,133.02,1,0,ato_lowandslow_exfiltration,1
345,PAYMENT,135.59,SYNTH_ATOLS_0000059,7323.27,7187.68,SYNTH_ATOLSSINK_0000059,0.0,135.59,1,0,ato_lowandslow_exfiltration,1
376,PAYMENT,123.53,SYNTH_ATOLS_0000059,7187.68,7064.15,SYNTH_ATOLSSINK_0000059,0.0,123.53,1,0,ato_lowandslow_exfiltration,1
411,PAYMENT,143.86,SYNTH_ATOLS_0000059,7064.15,6920.29,SYNTH_ATOLSSINK_0000059,0.0,143.86,1,0,ato_lowandslow_exfiltration,1
440,PAYMENT,294.93,SYNTH_ATOLS_0000060,6201.68,5906.75,SYNTH_ATOLSSINK_0000060,0.0,294.93,1,0,ato_lowandslow_exfiltration,1
457,PAYMENT,261.55,SYNTH_ATOLS_0000060,5906.75,5645.2,SYNTH_ATOLSSINK_0000060,0.0,261.55,1,0,ato_lowandslow_exfiltration,1
479,PAYMENT,297.19,SYNTH_ATOLS_0000060,5645.2,5348.01,SYNTH_ATOLSSINK_0000060,0.0,297.19,1,0,ato_lowandslow_exfiltration,1
495,PAYMENT,264.0,SYNTH_ATOLS_0000060,5348.01,5084.01,SYNTH_ATOLSSINK_0000060,0.0,264.0,1,0,ato_lowandslow_exfiltration,1
515,PAYMENT,300.32,SYNTH_ATOLS_0000060,5084.01,4783.69,SYNTH_ATOLSSINK_0000060,0.0,300.32,1,0,ato_lowandslow_exfiltration,1
533,PAYMENT,304.32,SYNTH_ATOLS_0000060,4783.69,4479.37,SYNTH_ATOLSSINK_0000060,0.0,304.32,1,0,ato_lowandslow_exfiltration,1
554,PAYMENT,303.54,SYNTH_ATOLS_0000060,4479.37,4175.83,SYNTH_ATOLSSINK_0000060,0.0,303.54,1,0,ato_lowandslow_exfiltration,1
128,PAYMENT,276.31,SYNTH_ATOLS_0000061,3291.34,3015.03,SYNTH_ATOLSSINK_0000061,0.0,276.31,1,0,ato_lowandslow_exfiltration,1
160,PAYMENT,238.92,SYNTH_ATOLS_0000061,3015.03,2776.11,SYNTH_ATOLSSINK_0000061,0.0,238.92,1,0,ato_lowandslow_exfiltration,1
190,PAYMENT,234.89,SYNTH_ATOLS_0000061,2776.11,2541.22,SYNTH_ATOLSSINK_0000061,0.0,234.89,1,0,ato_lowandslow_exfiltration,1
218,PAYMENT,239.02,SYNTH_ATOLS_0000061,2541.22,2302.2,SYNTH_ATOLSSINK_0000061,0.0,239.02,1,0,ato_lowandslow_exfiltration,1
691,PAYMENT,319.59,SYNTH_ATOLS_0000062,4900.55,4580.96,SYNTH_ATOLSSINK_0000062,0.0,319.59,1,0,ato_lowandslow_exfiltration,1
722,PAYMENT,320.63,SYNTH_ATOLS_0000062,4580.96,4260.33,SYNTH_ATOLSSINK_0000062,0.0,320.63,1,0,ato_lowandslow_exfiltration,1
757,PAYMENT,356.64,SYNTH_ATOLS_0000062,4260.33,3903.69,SYNTH_ATOLSSINK_0000062,0.0,356.64,1,0,ato_lowandslow_exfiltration,1
788,PAYMENT,354.52,SYNTH_ATOLS_0000062,3903.69,3549.17,SYNTH_ATOLSSINK_0000062,0.0,354.52,1,0,ato_lowandslow_exfiltration,1
815,PAYMENT,323.66,SYNTH_ATOLS_0000062,3549.17,3225.51,SYNTH_ATOLSSINK_0000062,0.0,323.66,1,0,ato_lowandslow_exfiltration,1
629,PAYMENT,214.19,SYNTH_ATOLS_0000063,16266.25,16052.06,SYNTH_ATOLSSINK_0000063,0.0,214.19,1,0,ato_lowandslow_exfiltration,1
664,PAYMENT,210.95,SYNTH_ATOLS_0000063,16052.06,15841.11,SYNTH_ATOLSSINK_0000063,0.0,210.95,1,0,ato_lowandslow_exfiltration,1
694,PAYMENT,242.65,SYNTH_ATOLS_0000063,15841.11,15598.46,SYNTH_ATOLSSINK_0000063,0.0,242.65,1,0,ato_lowandslow_exfiltration,1
727,PAYMENT,200.87,SYNTH_ATOLS_0000063,15598.46,15397.59,SYNTH_ATOLSSINK_0000063,0.0,200.87,1,0,ato_lowandslow_exfiltration,1
763,PAYMENT,211.15,SYNTH_ATOLS_0000063,15397.59,15186.44,SYNTH_ATOLSSINK_0000063,0.0,211.15,1,0,ato_lowandslow_exfiltration,1
792,PAYMENT,222.34,SYNTH_ATOLS_0000063,15186.44,14964.1,SYNTH_ATOLSSINK_0000063,0.0,222.34,1,0,ato_lowandslow_exfiltration,1
359,PAYMENT,227.57,SYNTH_ATOLS_0000064,11303.74,11076.17,SYNTH_ATOLSSINK_0000064,0.0,227.57,1,0,ato_lowandslow_exfiltration,1
376,PAYMENT,257.67,SYNTH_ATOLS_0000064,11076.17,10818.5,SYNTH_ATOLSSINK_0000064,0.0,257.67,1,0,ato_lowandslow_exfiltration,1
393,PAYMENT,248.19,SYNTH_ATOLS_0000064,10818.5,10570.31,SYNTH_ATOLSSINK_0000064,0.0,248.19,1,0,ato_lowandslow_exfiltration,1
408,PAYMENT,245.54,SYNTH_ATOLS_0000064,10570.31,10324.77,SYNTH_ATOLSSINK_0000064,0.0,245.54,1,0,ato_lowandslow_exfiltration,1
428,PAYMENT,242.18,SYNTH_ATOLS_0000064,10324.77,10082.59,SYNTH_ATOLSSINK_0000064,0.0,242.18,1,0,ato_lowandslow_exfiltration,1
443,PAYMENT,224.73,SYNTH_ATOLS_0000064,10082.59,9857.86,SYNTH_ATOLSSINK_0000064,0.0,224.73,1,0,ato_lowandslow_exfiltration,1
301,PAYMENT,229.23,SYNTH_ATOLS_0000065,4185.96,3956.73,SYNTH_ATOLSSINK_0000065,0.0,229.23,1,0,ato_lowandslow_exfiltration,1
339,PAYMENT,214.73,SYNTH_ATOLS_0000065,3956.73,3742.0,SYNTH_ATOLSSINK_0000065,0.0,214.73,1,0,ato_lowandslow_exfiltration,1
378,PAYMENT,222.86,SYNTH_ATOLS_0000065,3742.0,3519.14,SYNTH_ATOLSSINK_0000065,0.0,222.86,1,0,ato_lowandslow_exfiltration,1
418,PAYMENT,216.19,SYNTH_ATOLS_0000065,3519.14,3302.95,SYNTH_ATOLSSINK_0000065,0.0,216.19,1,0,ato_lowandslow_exfiltration,1
115,PAYMENT,296.34,SYNTH_ATOLS_0000066,6981.02,6684.68,SYNTH_ATOLSSINK_0000066,0.0,296.34,1,0,ato_lowandslow_exfiltration,1
150,PAYMENT,298.06,SYNTH_ATOLS_0000066,6684.68,6386.62,SYNTH_ATOLSSINK_0000066,0.0,298.06,1,0,ato_lowandslow_exfiltration,1
190,PAYMENT,280.06,SYNTH_ATOLS_0000066,6386.62,6106.56,SYNTH_ATOLSSINK_0000066,0.0,280.06,1,0,ato_lowandslow_exfiltration,1
224,PAYMENT,297.96,SYNTH_ATOLS_0000066,6106.56,5808.6,SYNTH_ATOLSSINK_0000066,0.0,297.96,1,0,ato_lowandslow_exfiltration,1
262,PAYMENT,293.08,SYNTH_ATOLS_0000066,5808.6,5515.52,SYNTH_ATOLSSINK_0000066,0.0,293.08,1,0,ato_lowandslow_exfiltration,1
298,PAYMENT,284.96,SYNTH_ATOLS_0000066,5515.52,5230.56,SYNTH_ATOLSSINK_0000066,0.0,284.96,1,0,ato_lowandslow_exfiltration,1
337,PAYMENT,271.72,SYNTH_ATOLS_0000066,5230.56,4958.84,SYNTH_ATOLSSINK_0000066,0.0,271.72,1,0,ato_lowandslow_exfiltration,1
300,PAYMENT,178.49,SYNTH_ATOLS_0000067,10639.22,10460.73,SYNTH_ATOLSSINK_0000067,0.0,178.49,1,0,ato_lowandslow_exfiltration,1
329,PAYMENT,169.28,SYNTH_ATOLS_0000067,10460.73,10291.45,SYNTH_ATOLSSINK_0000067,0.0,169.28,1,0,ato_lowandslow_exfiltration,1
364,PAYMENT,181.0,SYNTH_ATOLS_0000067,10291.45,10110.45,SYNTH_ATOLSSINK_0000067,0.0,181.0,1,0,ato_lowandslow_exfiltration,1
391,PAYMENT,182.74,SYNTH_ATOLS_0000067,10110.45,9927.71,SYNTH_ATOLSSINK_0000067,0.0,182.74,1,0,ato_lowandslow_exfiltration,1
100,PAYMENT,233.76,SYNTH_ATOLS_0000068,2392.98,2159.22,SYNTH_ATOLSSINK_0000068,0.0,233.76,1,0,ato_lowandslow_exfiltration,1
142,PAYMENT,243.58,SYNTH_ATOLS_0000068,2159.22,1915.64,SYNTH_ATOLSSINK_0000068,0.0,243.58,1,0,ato_lowandslow_exfiltration,1
178,PAYMENT,218.85,SYNTH_ATOLS_0000068,1915.64,1696.79,SYNTH_ATOLSSINK_0000068,0.0,218.85,1,0,ato_lowandslow_exfiltration,1
217,PAYMENT,234.13,SYNTH_ATOLS_0000068,1696.79,1462.66,SYNTH_ATOLSSINK_0000068,0.0,234.13,1,0,ato_lowandslow_exfiltration,1
255,PAYMENT,245.86,SYNTH_ATOLS_0000068,1462.66,1216.8,SYNTH_ATOLSSINK_0000068,0.0,245.86,1,0,ato_lowandslow_exfiltration,1
181,PAYMENT,147.8,SYNTH_ATOLS_0000069,2560.81,2413.01,SYNTH_ATOLSSINK_0000069,0.0,147.8,1,0,ato_lowandslow_exfiltration,1
205,PAYMENT,144.97,SYNTH_ATOLS_0000069,2413.01,2268.04,SYNTH_ATOLSSINK_0000069,0.0,144.97,1,0,ato_lowandslow_exfiltration,1
228,PAYMENT,146.15,SYNTH_ATOLS_0000069,2268.04,2121.89,SYNTH_ATOLSSINK_0000069,0.0,146.15,1,0,ato_lowandslow_exfiltration,1
254,PAYMENT,144.71,SYNTH_ATOLS_0000069,2121.89,1977.18,SYNTH_ATOLSSINK_0000069,0.0,144.71,1,0,ato_lowandslow_exfiltration,1
277,PAYMENT,140.69,SYNTH_ATOLS_0000069,1977.18,1836.49,SYNTH_ATOLSSINK_0000069,0.0,140.69,1,0,ato_lowandslow_exfiltration,1
175,PAYMENT,170.0,SYNTH_ATOLS_0000070,9867.89,9697.89,SYNTH_ATOLSSINK_0000070,0.0,170.0,1,0,ato_lowandslow_exfiltration,1
214,PAYMENT,175.71,SYNTH_ATOLS_0000070,9697.89,9522.18,SYNTH_ATOLSSINK_0000070,0.0,175.71,1,0,ato_lowandslow_exfiltration,1
250,PAYMENT,170.7,SYNTH_ATOLS_0000070,9522.18,9351.48,SYNTH_ATOLSSINK_0000070,0.0,170.7,1,0,ato_lowandslow_exfiltration,1
285,PAYMENT,160.4,SYNTH_ATOLS_0000070,9351.48,9191.08,SYNTH_ATOLSSINK_0000070,0.0,160.4,1,0,ato_lowandslow_exfiltration,1
320,PAYMENT,171.32,SYNTH_ATOLS_0000070,9191.08,9019.76,SYNTH_ATOLSSINK_0000070,0.0,171.32,1,0,ato_lowandslow_exfiltration,1
357,PAYMENT,171.31,SYNTH_ATOLS_0000070,9019.76,8848.45,SYNTH_ATOLSSINK_0000070,0.0,171.31,1,0,ato_lowandslow_exfiltration,1
274,PAYMENT,193.95,SYNTH_ATOLS_0000071,10559.22,10365.27,SYNTH_ATOLSSINK_0000071,0.0,193.95,1,0,ato_lowandslow_exfiltration,1
289,PAYMENT,208.3,SYNTH_ATOLS_0000071,10365.27,10156.97,SYNTH_ATOLSSINK_0000071,0.0,208.3,1,0,ato_lowandslow_exfiltration,1
306,PAYMENT,177.53,SYNTH_ATOLS_0000071,10156.97,9979.44,SYNTH_ATOLSSINK_0000071,0.0,177.53,1,0,ato_lowandslow_exfiltration,1
321,PAYMENT,199.59,SYNTH_ATOLS_0000071,9979.44,9779.85,SYNTH_ATOLSSINK_0000071,0.0,199.59,1,0,ato_lowandslow_exfiltration,1
339,PAYMENT,213.19,SYNTH_ATOLS_0000071,9779.85,9566.66,SYNTH_ATOLSSINK_0000071,0.0,213.19,1,0,ato_lowandslow_exfiltration,1
352,PAYMENT,193.44,SYNTH_ATOLS_0000071,9566.66,9373.22,SYNTH_ATOLSSINK_0000071,0.0,193.44,1,0,ato_lowandslow_exfiltration,1
370,PAYMENT,195.85,SYNTH_ATOLS_0000071,9373.22,9177.37,SYNTH_ATOLSSINK_0000071,0.0,195.85,1,0,ato_lowandslow_exfiltration,1
336,PAYMENT,326.01,SYNTH_ATOLS_0000072,3688.72,3362.71,SYNTH_ATOLSSINK_0000072,0.0,326.01,1,0,ato_lowandslow_exfiltration,1
364,PAYMENT,294.34,SYNTH_ATOLS_0000072,3362.71,3068.37,SYNTH_ATOLSSINK_0000072,0.0,294.34,1,0,ato_lowandslow_exfiltration,1
392,PAYMENT,329.24,SYNTH_ATOLS_0000072,3068.37,2739.13,SYNTH_ATOLSSINK_0000072,0.0,329.24,1,0,ato_lowandslow_exfiltration,1
420,PAYMENT,336.41,SYNTH_ATOLS_0000072,2739.13,2402.72,SYNTH_ATOLSSINK_0000072,0.0,336.41,1,0,ato_lowandslow_exfiltration,1
448,PAYMENT,293.66,SYNTH_ATOLS_0000072,2402.72,2109.06,SYNTH_ATOLSSINK_0000072,0.0,293.66,1,0,ato_lowandslow_exfiltration,1
477,PAYMENT,309.15,SYNTH_ATOLS_0000072,2109.06,1799.91,SYNTH_ATOLSSINK_0000072,0.0,309.15,1,0,ato_lowandslow_exfiltration,1
504,PAYMENT,332.71,SYNTH_ATOLS_0000072,1799.91,1467.2,SYNTH_ATOLSSINK_0000072,0.0,332.71,1,0,ato_lowandslow_exfiltration,1
257,PAYMENT,342.02,SYNTH_ATOLS_0000073,15448.61,15106.59,SYNTH_ATOLSSINK_0000073,0.0,342.02,1,0,ato_lowandslow_exfiltration,1
272,PAYMENT,370.04,SYNTH_ATOLS_0000073,15106.59,14736.55,SYNTH_ATOLSSINK_0000073,0.0,370.04,1,0,ato_lowandslow_exfiltration,1
290,PAYMENT,384.91,SYNTH_ATOLS_0000073,14736.55,14351.64,SYNTH_ATOLSSINK_0000073,0.0,384.91,1,0,ato_lowandslow_exfiltration,1
311,PAYMENT,382.89,SYNTH_ATOLS_0000073,14351.64,13968.75,SYNTH_ATOLSSINK_0000073,0.0,382.89,1,0,ato_lowandslow_exfiltration,1
325,PAYMENT,382.37,SYNTH_ATOLS_0000073,13968.75,13586.38,SYNTH_ATOLSSINK_0000073,0.0,382.37,1,0,ato_lowandslow_exfiltration,1
346,PAYMENT,391.89,SYNTH_ATOLS_0000073,13586.38,13194.49,SYNTH_ATOLSSINK_0000073,0.0,391.89,1,0,ato_lowandslow_exfiltration,1
212,PAYMENT,201.1,SYNTH_ATOLS_0000074,3099.12,2898.02,SYNTH_ATOLSSINK_0000074,0.0,201.1,1,0,ato_lowandslow_exfiltration,1
245,PAYMENT,186.81,SYNTH_ATOLS_0000074,2898.02,2711.21,SYNTH_ATOLSSINK_0000074,0.0,186.81,1,0,ato_lowandslow_exfiltration,1
272,PAYMENT,211.24,SYNTH_ATOLS_0000074,2711.21,2499.97,SYNTH_ATOLSSINK_0000074,0.0,211.24,1,0,ato_lowandslow_exfiltration,1
303,PAYMENT,194.64,SYNTH_ATOLS_0000074,2499.97,2305.33,SYNTH_ATOLSSINK_0000074,0.0,194.64,1,0,ato_lowandslow_exfiltration,1
337,PAYMENT,185.87,SYNTH_ATOLS_0000074,2305.33,2119.46,SYNTH_ATOLSSINK_0000074,0.0,185.87,1,0,ato_lowandslow_exfiltration,1
365,PAYMENT,206.9,SYNTH_ATOLS_0000074,2119.46,1912.56,SYNTH_ATOLSSINK_0000074,0.0,206.9,1,0,ato_lowandslow_exfiltration,1
397,PAYMENT,216.48,SYNTH_ATOLS_0000074,1912.56,1696.08,SYNTH_ATOLSSINK_0000074,0.0,216.48,1,0,ato_lowandslow_exfiltration,1
272,PAYMENT,249.55,SYNTH_ATOLS_0000075,10749.81,10500.26,SYNTH_ATOLSSINK_0000075,0.0,249.55,1,0,ato_lowandslow_exfiltration,1
302,PAYMENT,242.39,SYNTH_ATOLS_0000075,10500.26,10257.87,SYNTH_ATOLSSINK_0000075,0.0,242.39,1,0,ato_lowandslow_exfiltration,1
340,PAYMENT,230.02,SYNTH_ATOLS_0000075,10257.87,10027.85,SYNTH_ATOLSSINK_0000075,0.0,230.02,1,0,ato_lowandslow_exfiltration,1
374,PAYMENT,242.89,SYNTH_ATOLS_0000075,10027.85,9784.96,SYNTH_ATOLSSINK_0000075,0.0,242.89,1,0,ato_lowandslow_exfiltration,1
404,PAYMENT,250.06,SYNTH_ATOLS_0000075,9784.96,9534.9,SYNTH_ATOLSSINK_0000075,0.0,250.06,1,0,ato_lowandslow_exfiltration,1
439,PAYMENT,235.22,SYNTH_ATOLS_0000075,9534.9,9299.68,SYNTH_ATOLSSINK_0000075,0.0,235.22,1,0,ato_lowandslow_exfiltration,1
591,PAYMENT,201.61,SYNTH_ATOLS_0000076,4463.88,4262.27,SYNTH_ATOLSSINK_0000076,0.0,201.61,1,0,ato_lowandslow_exfiltration,1
610,PAYMENT,173.51,SYNTH_ATOLS_0000076,4262.27,4088.76,SYNTH_ATOLSSINK_0000076,0.0,173.51,1,0,ato_lowandslow_exfiltration,1
628,PAYMENT,193.22,SYNTH_ATOLS_0000076,4088.76,3895.54,SYNTH_ATOLSSINK_0000076,0.0,193.22,1,0,ato_lowandslow_exfiltration,1
648,PAYMENT,180.99,SYNTH_ATOLS_0000076,3895.54,3714.55,SYNTH_ATOLSSINK_0000076,0.0,180.99,1,0,ato_lowandslow_exfiltration,1
672,PAYMENT,199.66,SYNTH_ATOLS_0000076,3714.55,3514.89,SYNTH_ATOLSSINK_0000076,0.0,199.66,1,0,ato_lowandslow_exfiltration,1
689,PAYMENT,207.19,SYNTH_ATOLS_0000076,3514.89,3307.7,SYNTH_ATOLSSINK_0000076,0.0,207.19,1,0,ato_lowandslow_exfiltration,1
711,PAYMENT,198.17,SYNTH_ATOLS_0000076,3307.7,3109.53,SYNTH_ATOLSSINK_0000076,0.0,198.17,1,0,ato_lowandslow_exfiltration,1
606,PAYMENT,187.71,SYNTH_ATOLS_0000077,2374.81,2187.1,SYNTH_ATOLSSINK_0000077,0.0,187.71,1,0,ato_lowandslow_exfiltration,1
636,PAYMENT,202.22,SYNTH_ATOLS_0000077,2187.1,1984.88,SYNTH_ATOLSSINK_0000077,0.0,202.22,1,0,ato_lowandslow_exfiltration,1
663,PAYMENT,190.03,SYNTH_ATOLS_0000077,1984.88,1794.85,SYNTH_ATOLSSINK_0000077,0.0,190.03,1,0,ato_lowandslow_exfiltration,1
693,PAYMENT,196.63,SYNTH_ATOLS_0000077,1794.85,1598.22,SYNTH_ATOLSSINK_0000077,0.0,196.63,1,0,ato_lowandslow_exfiltration,1
722,PAYMENT,200.87,SYNTH_ATOLS_0000077,1598.22,1397.35,SYNTH_ATOLSSINK_0000077,0.0,200.87,1,0,ato_lowandslow_exfiltration,1
754,PAYMENT,182.36,SYNTH_ATOLS_0000077,1397.35,1214.99,SYNTH_ATOLSSINK_0000077,0.0,182.36,1,0,ato_lowandslow_exfiltration,1
779,PAYMENT,190.26,SYNTH_ATOLS_0000077,1214.99,1024.73,SYNTH_ATOLSSINK_0000077,0.0,190.26,1,0,ato_lowandslow_exfiltration,1
422,PAYMENT,245.93,SYNTH_ATOLS_0000078,3362.01,3116.08,SYNTH_ATOLSSINK_0000078,0.0,245.93,1,0,ato_lowandslow_exfiltration,1
451,PAYMENT,235.49,SYNTH_ATOLS_0000078,3116.08,2880.59,SYNTH_ATOLSSINK_0000078,0.0,235.49,1,0,ato_lowandslow_exfiltration,1
473,PAYMENT,214.95,SYNTH_ATOLS_0000078,2880.59,2665.64,SYNTH_ATOLSSINK_0000078,0.0,214.95,1,0,ato_lowandslow_exfiltration,1
499,PAYMENT,249.96,SYNTH_ATOLS_0000078,2665.64,2415.68,SYNTH_ATOLSSINK_0000078,0.0,249.96,1,0,ato_lowandslow_exfiltration,1
522,PAYMENT,245.01,SYNTH_ATOLS_0000078,2415.68,2170.67,SYNTH_ATOLSSINK_0000078,0.0,245.01,1,0,ato_lowandslow_exfiltration,1
548,PAYMENT,215.81,SYNTH_ATOLS_0000078,2170.67,1954.86,SYNTH_ATOLSSINK_0000078,0.0,215.81,1,0,ato_lowandslow_exfiltration,1
575,PAYMENT,252.06,SYNTH_ATOLS_0000078,1954.86,1702.8,SYNTH_ATOLSSINK_0000078,0.0,252.06,1,0,ato_lowandslow_exfiltration,1
453,PAYMENT,204.07,SYNTH_ATOLS_0000079,2373.84,2169.77,SYNTH_ATOLSSINK_0000079,0.0,204.07,1,0,ato_lowandslow_exfiltration,1
476,PAYMENT,195.44,SYNTH_ATOLS_0000079,2169.77,1974.33,SYNTH_ATOLSSINK_0000079,0.0,195.44,1,0,ato_lowandslow_exfiltration,1
501,PAYMENT,209.71,SYNTH_ATOLS_0000079,1974.33,1764.62,SYNTH_ATOLSSINK_0000079,0.0,209.71,1,0,ato_lowandslow_exfiltration,1
525,PAYMENT,207.2,SYNTH_ATOLS_0000079,1764.62,1557.42,SYNTH_ATOLSSINK_0000079,0.0,207.2,1,0,ato_lowandslow_exfiltration,1
545,PAYMENT,198.54,SYNTH_ATOLS_0000079,1557.42,1358.88,SYNTH_ATOLSSINK_0000079,0.0,198.54,1,0,ato_lowandslow_exfiltration,1
572,PAYMENT,204.6,SYNTH_ATOLS_0000079,1358.88,1154.28,SYNTH_ATOLSSINK_0000079,0.0,204.6,1,0,ato_lowandslow_exfiltration,1
593,PAYMENT,212.78,SYNTH_ATOLS_0000079,1154.28,941.5,SYNTH_ATOLSSINK_0000079,0.0,212.78,1,0,ato_lowandslow_exfiltration,1
255,PAYMENT,366.01,SYNTH_ATOLS_0000080,6596.02,6230.01,SYNTH_ATOLSSINK_0000080,0.0,366.01,1,0,ato_lowandslow_exfiltration,1
287,PAYMENT,306.32,SYNTH_ATOLS_0000080,6230.01,5923.69,SYNTH_ATOLSSINK_0000080,0.0,306.32,1,0,ato_lowandslow_exfiltration,1
320,PAYMENT,350.47,SYNTH_ATOLS_0000080,5923.69,5573.22,SYNTH_ATOLSSINK_0000080,0.0,350.47,1,0,ato_lowandslow_exfiltration,1
351,PAYMENT,304.2,SYNTH_ATOLS_0000080,5573.22,5269.02,SYNTH_ATOLSSINK_0000080,0.0,304.2,1,0,ato_lowandslow_exfiltration,1
387,PAYMENT,358.82,SYNTH_ATOLS_0000080,5269.02,4910.2,SYNTH_ATOLSSINK_0000080,0.0,358.82,1,0,ato_lowandslow_exfiltration,1
419,PAYMENT,358.34,SYNTH_ATOLS_0000080,4910.2,4551.86,SYNTH_ATOLSSINK_0000080,0.0,358.34,1,0,ato_lowandslow_exfiltration,1
451,PAYMENT,342.95,SYNTH_ATOLS_0000080,4551.86,4208.91,SYNTH_ATOLSSINK_0000080,0.0,342.95,1,0,ato_lowandslow_exfiltration,1
191,PAYMENT,285.28,SYNTH_ATOLS_0000081,4389.92,4104.64,SYNTH_ATOLSSINK_0000081,0.0,285.28,1,0,ato_lowandslow_exfiltration,1
215,PAYMENT,297.11,SYNTH_ATOLS_0000081,4104.64,3807.53,SYNTH_ATOLSSINK_0000081,0.0,297.11,1,0,ato_lowandslow_exfiltration,1
234,PAYMENT,300.23,SYNTH_ATOLS_0000081,3807.53,3507.3,SYNTH_ATOLSSINK_0000081,0.0,300.23,1,0,ato_lowandslow_exfiltration,1
260,PAYMENT,281.53,SYNTH_ATOLS_0000081,3507.3,3225.77,SYNTH_ATOLSSINK_0000081,0.0,281.53,1,0,ato_lowandslow_exfiltration,1
281,PAYMENT,298.12,SYNTH_ATOLS_0000081,3225.77,2927.65,SYNTH_ATOLSSINK_0000081,0.0,298.12,1,0,ato_lowandslow_exfiltration,1
144,PAYMENT,180.92,SYNTH_ATOLS_0000082,5223.07,5042.15,SYNTH_ATOLSSINK_0000082,0.0,180.92,1,0,ato_lowandslow_exfiltration,1
170,PAYMENT,153.12,SYNTH_ATOLS_0000082,5042.15,4889.03,SYNTH_ATOLSSINK_0000082,0.0,153.12,1,0,ato_lowandslow_exfiltration,1
195,PAYMENT,156.99,SYNTH_ATOLS_0000082,4889.03,4732.04,SYNTH_ATOLSSINK_0000082,0.0,156.99,1,0,ato_lowandslow_exfiltration,1
219,PAYMENT,183.32,SYNTH_ATOLS_0000082,4732.04,4548.72,SYNTH_ATOLSSINK_0000082,0.0,183.32,1,0,ato_lowandslow_exfiltration,1
485,PAYMENT,228.63,SYNTH_ATOLS_0000083,4621.02,4392.39,SYNTH_ATOLSSINK_0000083,0.0,228.63,1,0,ato_lowandslow_exfiltration,1
524,PAYMENT,222.39,SYNTH_ATOLS_0000083,4392.39,4170.0,SYNTH_ATOLSSINK_0000083,0.0,222.39,1,0,ato_lowandslow_exfiltration,1
566,PAYMENT,202.08,SYNTH_ATOLS_0000083,4170.0,3967.92,SYNTH_ATOLSSINK_0000083,0.0,202.08,1,0,ato_lowandslow_exfiltration,1
604,PAYMENT,206.29,SYNTH_ATOLS_0000083,3967.92,3761.63,SYNTH_ATOLSSINK_0000083,0.0,206.29,1,0,ato_lowandslow_exfiltration,1
318,PAYMENT,347.63,SYNTH_ATOLS_0000084,353.02,5.39,SYNTH_ATOLSSINK_0000084,0.0,347.63,1,0,ato_lowandslow_exfiltration,1
331,PAYMENT,362.0,SYNTH_ATOLS_0000084,5.39,0.0,SYNTH_ATOLSSINK_0000084,0.0,362.0,1,0,ato_lowandslow_exfiltration,1
350,PAYMENT,343.27,SYNTH_ATOLS_0000084,0.0,0.0,SYNTH_ATOLSSINK_0000084,0.0,343.27,1,0,ato_lowandslow_exfiltration,1
365,PAYMENT,375.09,SYNTH_ATOLS_0000084,0.0,0.0,SYNTH_ATOLSSINK_0000084,0.0,375.09,1,0,ato_lowandslow_exfiltration,1
639,PAYMENT,109.72,SYNTH_ATOLS_0000085,9803.59,9693.87,SYNTH_ATOLSSINK_0000085,0.0,109.72,1,0,ato_lowandslow_exfiltration,1
675,PAYMENT,122.09,SYNTH_ATOLS_0000085,9693.87,9571.78,SYNTH_ATOLSSINK_0000085,0.0,122.09,1,0,ato_lowandslow_exfiltration,1
712,PAYMENT,126.32,SYNTH_ATOLS_0000085,9571.78,9445.46,SYNTH_ATOLSSINK_0000085,0.0,126.32,1,0,ato_lowandslow_exfiltration,1
744,PAYMENT,132.89,SYNTH_ATOLS_0000085,9445.46,9312.57,SYNTH_ATOLSSINK_0000085,0.0,132.89,1,0,ato_lowandslow_exfiltration,1
246,PAYMENT,141.18,SYNTH_ATOLS_0000086,2958.45,2817.27,SYNTH_ATOLSSINK_0000086,0.0,141.18,1,0,ato_lowandslow_exfiltration,1
285,PAYMENT,143.26,SYNTH_ATOLS_0000086,2817.27,2674.01,SYNTH_ATOLSSINK_0000086,0.0,143.26,1,0,ato_lowandslow_exfiltration,1
324,PAYMENT,143.18,SYNTH_ATOLS_0000086,2674.01,2530.83,SYNTH_ATOLSSINK_0000086,0.0,143.18,1,0,ato_lowandslow_exfiltration,1
361,PAYMENT,143.4,SYNTH_ATOLS_0000086,2530.83,2387.43,SYNTH_ATOLSSINK_0000086,0.0,143.4,1,0,ato_lowandslow_exfiltration,1
399,PAYMENT,139.92,SYNTH_ATOLS_0000086,2387.43,2247.51,SYNTH_ATOLSSINK_0000086,0.0,139.92,1,0,ato_lowandslow_exfiltration,1
437,PAYMENT,124.38,SYNTH_ATOLS_0000086,2247.51,2123.13,SYNTH_ATOLSSINK_0000086,0.0,124.38,1,0,ato_lowandslow_exfiltration,1
476,PAYMENT,142.11,SYNTH_ATOLS_0000086,2123.13,1981.02,SYNTH_ATOLSSINK_0000086,0.0,142.11,1,0,ato_lowandslow_exfiltration,1
596,PAYMENT,252.97,SYNTH_ATOLS_0000087,4193.93,3940.96,SYNTH_ATOLSSINK_0000087,0.0,252.97,1,0,ato_lowandslow_exfiltration,1
626,PAYMENT,262.82,SYNTH_ATOLS_0000087,3940.96,3678.14,SYNTH_ATOLSSINK_0000087,0.0,262.82,1,0,ato_lowandslow_exfiltration,1
656,PAYMENT,260.71,SYNTH_ATOLS_0000087,3678.14,3417.43,SYNTH_ATOLSSINK_0000087,0.0,260.71,1,0,ato_lowandslow_exfiltration,1
684,PAYMENT,257.85,SYNTH_ATOLS_0000087,3417.43,3159.58,SYNTH_ATOLSSINK_0000087,0.0,257.85,1,0,ato_lowandslow_exfiltration,1
716,PAYMENT,267.97,SYNTH_ATOLS_0000087,3159.58,2891.61,SYNTH_ATOLSSINK_0000087,0.0,267.97,1,0,ato_lowandslow_exfiltration,1
744,PAYMENT,274.4,SYNTH_ATOLS_0000087,2891.61,2617.21,SYNTH_ATOLSSINK_0000087,0.0,274.4,1,0,ato_lowandslow_exfiltration,1
432,PAYMENT,257.46,SYNTH_ATOLS_0000088,3623.25,3365.79,SYNTH_ATOLSSINK_0000088,0.0,257.46,1,0,ato_lowandslow_exfiltration,1
470,PAYMENT,247.94,SYNTH_ATOLS_0000088,3365.79,3117.85,SYNTH_ATOLSSINK_0000088,0.0,247.94,1,0,ato_lowandslow_exfiltration,1
505,PAYMENT,236.92,SYNTH_ATOLS_0000088,3117.85,2880.93,SYNTH_ATOLSSINK_0000088,0.0,236.92,1,0,ato_lowandslow_exfiltration,1
538,PAYMENT,232.06,SYNTH_ATOLS_0000088,2880.93,2648.87,SYNTH_ATOLSSINK_0000088,0.0,232.06,1,0,ato_lowandslow_exfiltration,1
440,PAYMENT,204.11,SYNTH_ATOLS_0000089,1736.53,1532.42,SYNTH_ATOLSSINK_0000089,0.0,204.11,1,0,ato_lowandslow_exfiltration,1
465,PAYMENT,212.5,SYNTH_ATOLS_0000089,1532.42,1319.92,SYNTH_ATOLSSINK_0000089,0.0,212.5,1,0,ato_lowandslow_exfiltration,1
490,PAYMENT,226.5,SYNTH_ATOLS_0000089,1319.92,1093.42,SYNTH_ATOLSSINK_0000089,0.0,226.5,1,0,ato_lowandslow_exfiltration,1
518,PAYMENT,207.35,SYNTH_ATOLS_0000089,1093.42,886.07,SYNTH_ATOLSSINK_0000089,0.0,207.35,1,0,ato_lowandslow_exfiltration,1
546,PAYMENT,231.09,SYNTH_ATOLS_0000089,886.07,654.98,SYNTH_ATOLSSINK_0000089,0.0,231.09,1,0,ato_lowandslow_exfiltration,1
512,PAYMENT,301.12,SYNTH_ATOLS_0000090,5705.77,5404.65,SYNTH_ATOLSSINK_0000090,0.0,301.12,1,0,ato_lowandslow_exfiltration,1
542,PAYMENT,320.48,SYNTH_ATOLS_0000090,5404.65,5084.17,SYNTH_ATOLSSINK_0000090,0.0,320.48,1,0,ato_lowandslow_exfiltration,1
577,PAYMENT,298.92,SYNTH_ATOLS_0000090,5084.17,4785.25,SYNTH_ATOLSSINK_0000090,0.0,298.92,1,0,ato_lowandslow_exfiltration,1
606,PAYMENT,280.19,SYNTH_ATOLS_0000090,4785.25,4505.06,SYNTH_ATOLSSINK_0000090,0.0,280.19,1,0,ato_lowandslow_exfiltration,1
639,PAYMENT,290.84,SYNTH_ATOLS_0000090,4505.06,4214.22,SYNTH_ATOLSSINK_0000090,0.0,290.84,1,0,ato_lowandslow_exfiltration,1
338,PAYMENT,285.05,SYNTH_ATOLS_0000091,5431.88,5146.83,SYNTH_ATOLSSINK_0000091,0.0,285.05,1,0,ato_lowandslow_exfiltration,1
370,PAYMENT,247.23,SYNTH_ATOLS_0000091,5146.83,4899.6,SYNTH_ATOLSSINK_0000091,0.0,247.23,1,0,ato_lowandslow_exfiltration,1
398,PAYMENT,276.87,SYNTH_ATOLS_0000091,4899.6,4622.73,SYNTH_ATOLSSINK_0000091,0.0,276.87,1,0,ato_lowandslow_exfiltration,1
433,PAYMENT,287.85,SYNTH_ATOLS_0000091,4622.73,4334.88,SYNTH_ATOLSSINK_0000091,0.0,287.85,1,0,ato_lowandslow_exfiltration,1
464,PAYMENT,236.97,SYNTH_ATOLS_0000091,4334.88,4097.91,SYNTH_ATOLSSINK_0000091,0.0,236.97,1,0,ato_lowandslow_exfiltration,1
502,PAYMENT,213.57,SYNTH_ATOLS_0000092,6525.49,6311.92,SYNTH_ATOLSSINK_0000092,0.0,213.57,1,0,ato_lowandslow_exfiltration,1
523,PAYMENT,202.44,SYNTH_ATOLS_0000092,6311.92,6109.48,SYNTH_ATOLSSINK_0000092,0.0,202.44,1,0,ato_lowandslow_exfiltration,1
544,PAYMENT,217.32,SYNTH_ATOLS_0000092,6109.48,5892.16,SYNTH_ATOLSSINK_0000092,0.0,217.32,1,0,ato_lowandslow_exfiltration,1
563,PAYMENT,219.21,SYNTH_ATOLS_0000092,5892.16,5672.95,SYNTH_ATOLSSINK_0000092,0.0,219.21,1,0,ato_lowandslow_exfiltration,1
588,PAYMENT,222.97,SYNTH_ATOLS_0000092,5672.95,5449.98,SYNTH_ATOLSSINK_0000092,0.0,222.97,1,0,ato_lowandslow_exfiltration,1
608,PAYMENT,205.83,SYNTH_ATOLS_0000092,5449.98,5244.15,SYNTH_ATOLSSINK_0000092,0.0,205.83,1,0,ato_lowandslow_exfiltration,1
628,PAYMENT,226.88,SYNTH_ATOLS_0000092,5244.15,5017.27,SYNTH_ATOLSSINK_0000092,0.0,226.88,1,0,ato_lowandslow_exfiltration,1
228,PAYMENT,228.27,SYNTH_ATOLS_0000093,4017.14,3788.87,SYNTH_ATOLSSINK_0000093,0.0,228.27,1,0,ato_lowandslow_exfiltration,1
245,PAYMENT,230.03,SYNTH_ATOLS_0000093,3788.87,3558.84,SYNTH_ATOLSSINK_0000093,0.0,230.03,1,0,ato_lowandslow_exfiltration,1
265,PAYMENT,245.98,SYNTH_ATOLS_0000093,3558.84,3312.86,SYNTH_ATOLSSINK_0000093,0.0,245.98,1,0,ato_lowandslow_exfiltration,1
287,PAYMENT,252.38,SYNTH_ATOLS_0000093,3312.86,3060.48,SYNTH_ATOLSSINK_0000093,0.0,252.38,1,0,ato_lowandslow_exfiltration,1
305,PAYMENT,257.58,SYNTH_ATOLS_0000093,3060.48,2802.9,SYNTH_ATOLSSINK_0000093,0.0,257.58,1,0,ato_lowandslow_exfiltration,1
326,PAYMENT,236.25,SYNTH_ATOLS_0000093,2802.9,2566.65,SYNTH_ATOLSSINK_0000093,0.0,236.25,1,0,ato_lowandslow_exfiltration,1
570,PAYMENT,259.86,SYNTH_ATOLS_0000094,1996.93,1737.07,SYNTH_ATOLSSINK_0000094,0.0,259.86,1,0,ato_lowandslow_exfiltration,1
595,PAYMENT,272.37,SYNTH_ATOLS_0000094,1737.07,1464.7,SYNTH_ATOLSSINK_0000094,0.0,272.37,1,0,ato_lowandslow_exfiltration,1
620,PAYMENT,305.67,SYNTH_ATOLS_0000094,1464.7,1159.03,SYNTH_ATOLSSINK_0000094,0.0,305.67,1,0,ato_lowandslow_exfiltration,1
647,PAYMENT,262.31,SYNTH_ATOLS_0000094,1159.03,896.72,SYNTH_ATOLSSINK_0000094,0.0,262.31,1,0,ato_lowandslow_exfiltration,1
678,PAYMENT,291.13,SYNTH_ATOLS_0000094,896.72,605.59,SYNTH_ATOLSSINK_0000094,0.0,291.13,1,0,ato_lowandslow_exfiltration,1
290,PAYMENT,175.19,SYNTH_ATOLS_0000095,5961.48,5786.29,SYNTH_ATOLSSINK_0000095,0.0,175.19,1,0,ato_lowandslow_exfiltration,1
321,PAYMENT,190.85,SYNTH_ATOLS_0000095,5786.29,5595.44,SYNTH_ATOLSSINK_0000095,0.0,190.85,1,0,ato_lowandslow_exfiltration,1
345,PAYMENT,173.09,SYNTH_ATOLS_0000095,5595.44,5422.35,SYNTH_ATOLSSINK_0000095,0.0,173.09,1,0,ato_lowandslow_exfiltration,1
375,PAYMENT,171.8,SYNTH_ATOLS_0000095,5422.35,5250.55,SYNTH_ATOLSSINK_0000095,0.0,171.8,1,0,ato_lowandslow_exfiltration,1
401,PAYMENT,176.02,SYNTH_ATOLS_0000095,5250.55,5074.53,SYNTH_ATOLSSINK_0000095,0.0,176.02,1,0,ato_lowandslow_exfiltration,1
590,PAYMENT,384.97,SYNTH_ATOLS_0000096,10120.0,9735.03,SYNTH_ATOLSSINK_0000096,0.0,384.97,1,0,ato_lowandslow_exfiltration,1
611,PAYMENT,372.23,SYNTH_ATOLS_0000096,9735.03,9362.8,SYNTH_ATOLSSINK_0000096,0.0,372.23,1,0,ato_lowandslow_exfiltration,1
633,PAYMENT,369.91,SYNTH_ATOLS_0000096,9362.8,8992.89,SYNTH_ATOLSSINK_0000096,0.0,369.91,1,0,ato_lowandslow_exfiltration,1
652,PAYMENT,403.99,SYNTH_ATOLS_0000096,8992.89,8588.9,SYNTH_ATOLSSINK_0000096,0.0,403.99,1,0,ato_lowandslow_exfiltration,1
672,PAYMENT,382.71,SYNTH_ATOLS_0000096,8588.9,8206.19,SYNTH_ATOLSSINK_0000096,0.0,382.71,1,0,ato_lowandslow_exfiltration,1
695,PAYMENT,409.25,SYNTH_ATOLS_0000096,8206.19,7796.94,SYNTH_ATOLSSINK_0000096,0.0,409.25,1,0,ato_lowandslow_exfiltration,1
716,PAYMENT,423.92,SYNTH_ATOLS_0000096,7796.94,7373.02,SYNTH_ATOLSSINK_0000096,0.0,423.92,1,0,ato_lowandslow_exfiltration,1
384,PAYMENT,180.01,SYNTH_ATOLS_0000097,4752.56,4572.55,SYNTH_ATOLSSINK_0000097,0.0,180.01,1,0,ato_lowandslow_exfiltration,1
417,PAYMENT,173.65,SYNTH_ATOLS_0000097,4572.55,4398.9,SYNTH_ATOLSSINK_0000097,0.0,173.65,1,0,ato_lowandslow_exfiltration,1
454,PAYMENT,160.2,SYNTH_ATOLS_0000097,4398.9,4238.7,SYNTH_ATOLSSINK_0000097,0.0,160.2,1,0,ato_lowandslow_exfiltration,1
492,PAYMENT,182.43,SYNTH_ATOLS_0000097,4238.7,4056.27,SYNTH_ATOLSSINK_0000097,0.0,182.43,1,0,ato_lowandslow_exfiltration,1
525,PAYMENT,184.49,SYNTH_ATOLS_0000097,4056.27,3871.78,SYNTH_ATOLSSINK_0000097,0.0,184.49,1,0,ato_lowandslow_exfiltration,1
560,PAYMENT,188.44,SYNTH_ATOLS_0000097,3871.78,3683.34,SYNTH_ATOLSSINK_0000097,0.0,188.44,1,0,ato_lowandslow_exfiltration,1
600,PAYMENT,162.89,SYNTH_ATOLS_0000097,3683.34,3520.45,SYNTH_ATOLSSINK_0000097,0.0,162.89,1,0,ato_lowandslow_exfiltration,1
303,PAYMENT,498.92,SYNTH_ATOLS_0000098,6286.89,5787.97,SYNTH_ATOLSSINK_0000098,0.0,498.92,1,0,ato_lowandslow_exfiltration,1
323,PAYMENT,516.38,SYNTH_ATOLS_0000098,5787.97,5271.59,SYNTH_ATOLSSINK_0000098,0.0,516.38,1,0,ato_lowandslow_exfiltration,1
345,PAYMENT,492.99,SYNTH_ATOLS_0000098,5271.59,4778.6,SYNTH_ATOLSSINK_0000098,0.0,492.99,1,0,ato_lowandslow_exfiltration,1
363,PAYMENT,449.77,SYNTH_ATOLS_0000098,4778.6,4328.83,SYNTH_ATOLSSINK_0000098,0.0,449.77,1,0,ato_lowandslow_exfiltration,1
386,PAYMENT,439.08,SYNTH_ATOLS_0000098,4328.83,3889.75,SYNTH_ATOLSSINK_0000098,0.0,439.08,1,0,ato_lowandslow_exfiltration,1
427,PAYMENT,212.99,SYNTH_ATOLS_0000099,15295.31,15082.32,SYNTH_ATOLSSINK_0000099,0.0,212.99,1,0,ato_lowandslow_exfiltration,1
445,PAYMENT,204.87,SYNTH_ATOLS_0000099,15082.32,14877.45,SYNTH_ATOLSSINK_0000099,0.0,204.87,1,0,ato_lowandslow_exfiltration,1
469,PAYMENT,204.97,SYNTH_ATOLS_0000099,14877.45,14672.48,SYNTH_ATOLSSINK_0000099,0.0,204.97,1,0,ato_lowandslow_exfiltration,1
486,PAYMENT,203.82,SYNTH_ATOLS_0000099,14672.48,14468.66,SYNTH_ATOLSSINK_0000099,0.0,203.82,1,0,ato_lowandslow_exfiltration,1
511,PAYMENT,212.54,SYNTH_ATOLS_0000099,14468.66,14256.12,SYNTH_ATOLSSINK_0000099,0.0,212.54,1,0,ato_lowandslow_exfiltration,1
424,PAYMENT,252.43,SYNTH_ATOLS_0000100,5365.49,5113.06,SYNTH_ATOLSSINK_0000100,0.0,252.43,1,0,ato_lowandslow_exfiltration,1
448,PAYMENT,270.97,SYNTH_ATOLS_0000100,5113.06,4842.09,SYNTH_ATOLSSINK_0000100,0.0,270.97,1,0,ato_lowandslow_exfiltration,1
474,PAYMENT,281.64,SYNTH_ATOLS_0000100,4842.09,4560.45,SYNTH_ATOLSSINK_0000100,0.0,281.64,1,0,ato_lowandslow_exfiltration,1
498,PAYMENT,257.04,SYNTH_ATOLS_0000100,4560.45,4303.41,SYNTH_ATOLSSINK_0000100,0.0,257.04,1,0,ato_lowandslow_exfiltration,1
526,PAYMENT,259.53,SYNTH_ATOLS_0000100,4303.41,4043.88,SYNTH_ATOLSSINK_0000100,0.0,259.53,1,0,ato_lowandslow_exfiltration,1
551,PAYMENT,277.66,SYNTH_ATOLS_0000100,4043.88,3766.22,SYNTH_ATOLSSINK_0000100,0.0,277.66,1,0,ato_lowandslow_exfiltration,1
173,PAYMENT,284.39,SYNTH_ATOLS_0000101,1499.37,1214.98,SYNTH_ATOLSSINK_0000101,0.0,284.39,1,0,ato_lowandslow_exfiltration,1
198,PAYMENT,245.5,SYNTH_ATOLS_0000101,1214.98,969.48,SYNTH_ATOLSSINK_0000101,0.0,245.5,1,0,ato_lowandslow_exfiltration,1
222,PAYMENT,251.94,SYNTH_ATOLS_0000101,969.48,717.54,SYNTH_ATOLSSINK_0000101,0.0,251.94,1,0,ato_lowandslow_exfiltration,1
243,PAYMENT,242.34,SYNTH_ATOLS_0000101,717.54,475.2,SYNTH_ATOLSSINK_0000101,0.0,242.34,1,0,ato_lowandslow_exfiltration,1
270,PAYMENT,260.05,SYNTH_ATOLS_0000101,475.2,215.15,SYNTH_ATOLSSINK_0000101,0.0,260.05,1,0,ato_lowandslow_exfiltration,1
292,PAYMENT,262.04,SYNTH_ATOLS_0000101,215.15,0.0,SYNTH_ATOLSSINK_0000101,0.0,262.04,1,0,ato_lowandslow_exfiltration,1
319,PAYMENT,251.5,SYNTH_ATOLS_0000101,0.0,0.0,SYNTH_ATOLSSINK_0000101,0.0,251.5,1,0,ato_lowandslow_exfiltration,1
320,PAYMENT,411.58,SYNTH_ATOLS_0000102,4807.71,4396.13,SYNTH_ATOLSSINK_0000102,0.0,411.58,1,0,ato_lowandslow_exfiltration,1
349,PAYMENT,348.01,SYNTH_ATOLS_0000102,4396.13,4048.12,SYNTH_ATOLSSINK_0000102,0.0,348.01,1,0,ato_lowandslow_exfiltration,1
381,PAYMENT,391.78,SYNTH_ATOLS_0000102,4048.12,3656.34,SYNTH_ATOLSSINK_0000102,0.0,391.78,1,0,ato_lowandslow_exfiltration,1
413,PAYMENT,408.41,SYNTH_ATOLS_0000102,3656.34,3247.93,SYNTH_ATOLSSINK_0000102,0.0,408.41,1,0,ato_lowandslow_exfiltration,1
440,PAYMENT,383.03,SYNTH_ATOLS_0000102,3247.93,2864.9,SYNTH_ATOLSSINK_0000102,0.0,383.03,1,0,ato_lowandslow_exfiltration,1
472,PAYMENT,383.69,SYNTH_ATOLS_0000102,2864.9,2481.21,SYNTH_ATOLSSINK_0000102,0.0,383.69,1,0,ato_lowandslow_exfiltration,1
357,PAYMENT,323.91,SYNTH_ATOLS_0000103,2638.07,2314.16,SYNTH_ATOLSSINK_0000103,0.0,323.91,1,0,ato_lowandslow_exfiltration,1
392,PAYMENT,326.54,SYNTH_ATOLS_0000103,2314.16,1987.62,SYNTH_ATOLSSINK_0000103,0.0,326.54,1,0,ato_lowandslow_exfiltration,1
425,PAYMENT,319.85,SYNTH_ATOLS_0000103,1987.62,1667.77,SYNTH_ATOLSSINK_0000103,0.0,319.85,1,0,ato_lowandslow_exfiltration,1
462,PAYMENT,361.53,SYNTH_ATOLS_0000103,1667.77,1306.24,SYNTH_ATOLSSINK_0000103,0.0,361.53,1,0,ato_lowandslow_exfiltration,1
496,PAYMENT,375.47,SYNTH_ATOLS_0000103,1306.24,930.77,SYNTH_ATOLSSINK_0000103,0.0,375.47,1,0,ato_lowandslow_exfiltration,1
533,PAYMENT,375.69,SYNTH_ATOLS_0000103,930.77,555.08,SYNTH_ATOLSSINK_0000103,0.0,375.69,1,0,ato_lowandslow_exfiltration,1
569,PAYMENT,368.87,SYNTH_ATOLS_0000103,555.08,186.21,SYNTH_ATOLSSINK_0000103,0.0,368.87,1,0,ato_lowandslow_exfiltration,1
446,PAYMENT,240.34,SYNTH_ATOLS_0000104,9569.51,9329.17,SYNTH_ATOLSSINK_0000104,0.0,240.34,1,0,ato_lowandslow_exfiltration,1
467,PAYMENT,274.76,SYNTH_ATOLS_0000104,9329.17,9054.41,SYNTH_ATOLSSINK_0000104,0.0,274.76,1,0,ato_lowandslow_exfiltration,1
487,PAYMENT,281.24,SYNTH_ATOLS_0000104,9054.41,8773.17,SYNTH_ATOLSSINK_0000104,0.0,281.24,1,0,ato_lowandslow_exfiltration,1
505,PAYMENT,282.8,SYNTH_ATOLS_0000104,8773.17,8490.37,SYNTH_ATOLSSINK_0000104,0.0,282.8,1,0,ato_lowandslow_exfiltration,1
526,PAYMENT,239.13,SYNTH_ATOLS_0000104,8490.37,8251.24,SYNTH_ATOLSSINK_0000104,0.0,239.13,1,0,ato_lowandslow_exfiltration,1
541,PAYMENT,277.61,SYNTH_ATOLS_0000104,8251.24,7973.63,SYNTH_ATOLSSINK_0000104,0.0,277.61,1,0,ato_lowandslow_exfiltration,1
226,PAYMENT,364.53,SYNTH_ATOLS_0000105,8419.59,8055.06,SYNTH_ATOLSSINK_0000105,0.0,364.53,1,0,ato_lowandslow_exfiltration,1
260,PAYMENT,379.72,SYNTH_ATOLS_0000105,8055.06,7675.34,SYNTH_ATOLSSINK_0000105,0.0,379.72,1,0,ato_lowandslow_exfiltration,1
296,PAYMENT,360.68,SYNTH_ATOLS_0000105,7675.34,7314.66,SYNTH_ATOLSSINK_0000105,0.0,360.68,1,0,ato_lowandslow_exfiltration,1
332,PAYMENT,352.58,SYNTH_ATOLS_0000105,7314.66,6962.08,SYNTH_ATOLSSINK_0000105,0.0,352.58,1,0,ato_lowandslow_exfiltration,1
366,PAYMENT,419.35,SYNTH_ATOLS_0000105,6962.08,6542.73,SYNTH_ATOLSSINK_0000105,0.0,419.35,1,0,ato_lowandslow_exfiltration,1
396,PAYMENT,422.13,SYNTH_ATOLS_0000105,6542.73,6120.6,SYNTH_ATOLSSINK_0000105,0.0,422.13,1,0,ato_lowandslow_exfiltration,1
431,PAYMENT,368.14,SYNTH_ATOLS_0000105,6120.6,5752.46,SYNTH_ATOLSSINK_0000105,0.0,368.14,1,0,ato_lowandslow_exfiltration,1
435,PAYMENT,308.3,SYNTH_ATOLS_0000106,4037.03,3728.73,SYNTH_ATOLSSINK_0000106,0.0,308.3,1,0,ato_lowandslow_exfiltration,1
459,PAYMENT,274.17,SYNTH_ATOLS_0000106,3728.73,3454.56,SYNTH_ATOLSSINK_0000106,0.0,274.17,1,0,ato_lowandslow_exfiltration,1
484,PAYMENT,274.42,SYNTH_ATOLS_0000106,3454.56,3180.14,SYNTH_ATOLSSINK_0000106,0.0,274.42,1,0,ato_lowandslow_exfiltration,1
507,PAYMENT,267.32,SYNTH_ATOLS_0000106,3180.14,2912.82,SYNTH_ATOLSSINK_0000106,0.0,267.32,1,0,ato_lowandslow_exfiltration,1
535,PAYMENT,280.56,SYNTH_ATOLS_0000106,2912.82,2632.26,SYNTH_ATOLSSINK_0000106,0.0,280.56,1,0,ato_lowandslow_exfiltration,1
559,PAYMENT,282.97,SYNTH_ATOLS_0000106,2632.26,2349.29,SYNTH_ATOLSSINK_0000106,0.0,282.97,1,0,ato_lowandslow_exfiltration,1
585,PAYMENT,300.02,SYNTH_ATOLS_0000106,2349.29,2049.27,SYNTH_ATOLSSINK_0000106,0.0,300.02,1,0,ato_lowandslow_exfiltration,1
206,PAYMENT,276.12,SYNTH_ATOLS_0000107,6746.72,6470.6,SYNTH_ATOLSSINK_0000107,0.0,276.12,1,0,ato_lowandslow_exfiltration,1
233,PAYMENT,280.21,SYNTH_ATOLS_0000107,6470.6,6190.39,SYNTH_ATOLSSINK_0000107,0.0,280.21,1,0,ato_lowandslow_exfiltration,1
257,PAYMENT,255.05,SYNTH_ATOLS_0000107,6190.39,5935.34,SYNTH_ATOLSSINK_0000107,0.0,255.05,1,0,ato_lowandslow_exfiltration,1
282,PAYMENT,242.11,SYNTH_ATOLS_0000107,5935.34,5693.23,SYNTH_ATOLSSINK_0000107,0.0,242.11,1,0,ato_lowandslow_exfiltration,1
533,PAYMENT,391.13,SYNTH_ATOLS_0000108,2308.42,1917.29,SYNTH_ATOLSSINK_0000108,0.0,391.13,1,0,ato_lowandslow_exfiltration,1
570,PAYMENT,378.69,SYNTH_ATOLS_0000108,1917.29,1538.6,SYNTH_ATOLSSINK_0000108,0.0,378.69,1,0,ato_lowandslow_exfiltration,1
611,PAYMENT,371.66,SYNTH_ATOLS_0000108,1538.6,1166.94,SYNTH_ATOLSSINK_0000108,0.0,371.66,1,0,ato_lowandslow_exfiltration,1
645,PAYMENT,368.6,SYNTH_ATOLS_0000108,1166.94,798.34,SYNTH_ATOLSSINK_0000108,0.0,368.6,1,0,ato_lowandslow_exfiltration,1
683,PAYMENT,433.78,SYNTH_ATOLS_0000108,798.34,364.56,SYNTH_ATOLSSINK_0000108,0.0,433.78,1,0,ato_lowandslow_exfiltration,1
424,PAYMENT,260.55,SYNTH_ATOLS_0000109,2448.46,2187.91,SYNTH_ATOLSSINK_0000109,0.0,260.55,1,0,ato_lowandslow_exfiltration,1
452,PAYMENT,220.51,SYNTH_ATOLS_0000109,2187.91,1967.4,SYNTH_ATOLSSINK_0000109,0.0,220.51,1,0,ato_lowandslow_exfiltration,1
483,PAYMENT,246.76,SYNTH_ATOLS_0000109,1967.4,1720.64,SYNTH_ATOLSSINK_0000109,0.0,246.76,1,0,ato_lowandslow_exfiltration,1
508,PAYMENT,223.56,SYNTH_ATOLS_0000109,1720.64,1497.08,SYNTH_ATOLSSINK_0000109,0.0,223.56,1,0,ato_lowandslow_exfiltration,1
109,PAYMENT,111.19,SYNTH_ATOLS_0000110,1645.85,1534.66,SYNTH_ATOLSSINK_0000110,0.0,111.19,1,0,ato_lowandslow_exfiltration,1
141,PAYMENT,98.16,SYNTH_ATOLS_0000110,1534.66,1436.5,SYNTH_ATOLSSINK_0000110,0.0,98.16,1,0,ato_lowandslow_exfiltration,1
176,PAYMENT,108.79,SYNTH_ATOLS_0000110,1436.5,1327.71,SYNTH_ATOLSSINK_0000110,0.0,108.79,1,0,ato_lowandslow_exfiltration,1
214,PAYMENT,116.36,SYNTH_ATOLS_0000110,1327.71,1211.35,SYNTH_ATOLSSINK_0000110,0.0,116.36,1,0,ato_lowandslow_exfiltration,1
248,PAYMENT,103.65,SYNTH_ATOLS_0000110,1211.35,1107.7,SYNTH_ATOLSSINK_0000110,0.0,103.65,1,0,ato_lowandslow_exfiltration,1
281,PAYMENT,107.11,SYNTH_ATOLS_0000110,1107.7,1000.59,SYNTH_ATOLSSINK_0000110,0.0,107.11,1,0,ato_lowandslow_exfiltration,1
400,PAYMENT,271.95,SYNTH_ATOLS_0000111,7850.44,7578.49,SYNTH_ATOLSSINK_0000111,0.0,271.95,1,0,ato_lowandslow_exfiltration,1
433,PAYMENT,250.83,SYNTH_ATOLS_0000111,7578.49,7327.66,SYNTH_ATOLSSINK_0000111,0.0,250.83,1,0,ato_lowandslow_exfiltration,1
460,PAYMENT,278.16,SYNTH_ATOLS_0000111,7327.66,7049.5,SYNTH_ATOLSSINK_0000111,0.0,278.16,1,0,ato_lowandslow_exfiltration,1
493,PAYMENT,235.54,SYNTH_ATOLS_0000111,7049.5,6813.96,SYNTH_ATOLSSINK_0000111,0.0,235.54,1,0,ato_lowandslow_exfiltration,1
350,PAYMENT,336.12,SYNTH_ATOLS_0000112,4670.43,4334.31,SYNTH_ATOLSSINK_0000112,0.0,336.12,1,0,ato_lowandslow_exfiltration,1
377,PAYMENT,346.74,SYNTH_ATOLS_0000112,4334.31,3987.57,SYNTH_ATOLSSINK_0000112,0.0,346.74,1,0,ato_lowandslow_exfiltration,1
399,PAYMENT,371.52,SYNTH_ATOLS_0000112,3987.57,3616.05,SYNTH_ATOLSSINK_0000112,0.0,371.52,1,0,ato_lowandslow_exfiltration,1
422,PAYMENT,326.99,SYNTH_ATOLS_0000112,3616.05,3289.06,SYNTH_ATOLSSINK_0000112,0.0,326.99,1,0,ato_lowandslow_exfiltration,1
134,PAYMENT,254.12,SYNTH_ATOLS_0000113,3502.72,3248.6,SYNTH_ATOLSSINK_0000113,0.0,254.12,1,0,ato_lowandslow_exfiltration,1
171,PAYMENT,223.72,SYNTH_ATOLS_0000113,3248.6,3024.88,SYNTH_ATOLSSINK_0000113,0.0,223.72,1,0,ato_lowandslow_exfiltration,1
208,PAYMENT,236.04,SYNTH_ATOLS_0000113,3024.88,2788.84,SYNTH_ATOLSSINK_0000113,0.0,236.04,1,0,ato_lowandslow_exfiltration,1
243,PAYMENT,220.73,SYNTH_ATOLS_0000113,2788.84,2568.11,SYNTH_ATOLSSINK_0000113,0.0,220.73,1,0,ato_lowandslow_exfiltration,1
278,PAYMENT,246.67,SYNTH_ATOLS_0000113,2568.11,2321.44,SYNTH_ATOLSSINK_0000113,0.0,246.67,1,0,ato_lowandslow_exfiltration,1
314,PAYMENT,234.55,SYNTH_ATOLS_0000113,2321.44,2086.89,SYNTH_ATOLSSINK_0000113,0.0,234.55,1,0,ato_lowandslow_exfiltration,1
211,PAYMENT,201.06,SYNTH_ATOLS_0000114,3650.08,3449.02,SYNTH_ATOLSSINK_0000114,0.0,201.06,1,0,ato_lowandslow_exfiltration,1
245,PAYMENT,198.68,SYNTH_ATOLS_0000114,3449.02,3250.34,SYNTH_ATOLSSINK_0000114,0.0,198.68,1,0,ato_lowandslow_exfiltration,1
272,PAYMENT,198.36,SYNTH_ATOLS_0000114,3250.34,3051.98,SYNTH_ATOLSSINK_0000114,0.0,198.36,1,0,ato_lowandslow_exfiltration,1
305,PAYMENT,198.62,SYNTH_ATOLS_0000114,3051.98,2853.36,SYNTH_ATOLSSINK_0000114,0.0,198.62,1,0,ato_lowandslow_exfiltration,1
337,PAYMENT,197.24,SYNTH_ATOLS_0000114,2853.36,2656.12,SYNTH_ATOLSSINK_0000114,0.0,197.24,1,0,ato_lowandslow_exfiltration,1
470,PAYMENT,251.04,SYNTH_ATOLS_0000115,4759.96,4508.92,SYNTH_ATOLSSINK_0000115,0.0,251.04,1,0,ato_lowandslow_exfiltration,1
492,PAYMENT,281.83,SYNTH_ATOLS_0000115,4508.92,4227.09,SYNTH_ATOLSSINK_0000115,0.0,281.83,1,0,ato_lowandslow_exfiltration,1
512,PAYMENT,275.92,SYNTH_ATOLS_0000115,4227.09,3951.17,SYNTH_ATOLSSINK_0000115,0.0,275.92,1,0,ato_lowandslow_exfiltration,1
530,PAYMENT,271.56,SYNTH_ATOLS_0000115,3951.17,3679.61,SYNTH_ATOLSSINK_0000115,0.0,271.56,1,0,ato_lowandslow_exfiltration,1
269,PAYMENT,210.11,SYNTH_ATOLS_0000116,7500.66,7290.55,SYNTH_ATOLSSINK_0000116,0.0,210.11,1,0,ato_lowandslow_exfiltration,1
306,PAYMENT,208.3,SYNTH_ATOLS_0000116,7290.55,7082.25,SYNTH_ATOLSSINK_0000116,0.0,208.3,1,0,ato_lowandslow_exfiltration,1
345,PAYMENT,240.0,SYNTH_ATOLS_0000116,7082.25,6842.25,SYNTH_ATOLSSINK_0000116,0.0,240.0,1,0,ato_lowandslow_exfiltration,1
381,PAYMENT,234.1,SYNTH_ATOLS_0000116,6842.25,6608.15,SYNTH_ATOLSSINK_0000116,0.0,234.1,1,0,ato_lowandslow_exfiltration,1
414,PAYMENT,234.5,SYNTH_ATOLS_0000116,6608.15,6373.65,SYNTH_ATOLSSINK_0000116,0.0,234.5,1,0,ato_lowandslow_exfiltration,1
468,PAYMENT,247.2,SYNTH_ATOLS_0000117,4500.62,4253.42,SYNTH_ATOLSSINK_0000117,0.0,247.2,1,0,ato_lowandslow_exfiltration,1
506,PAYMENT,234.18,SYNTH_ATOLS_0000117,4253.42,4019.24,SYNTH_ATOLSSINK_0000117,0.0,234.18,1,0,ato_lowandslow_exfiltration,1
542,PAYMENT,232.63,SYNTH_ATOLS_0000117,4019.24,3786.61,SYNTH_ATOLSSINK_0000117,0.0,232.63,1,0,ato_lowandslow_exfiltration,1
578,PAYMENT,234.22,SYNTH_ATOLS_0000117,3786.61,3552.39,SYNTH_ATOLSSINK_0000117,0.0,234.22,1,0,ato_lowandslow_exfiltration,1
615,PAYMENT,261.09,SYNTH_ATOLS_0000117,3552.39,3291.3,SYNTH_ATOLSSINK_0000117,0.0,261.09,1,0,ato_lowandslow_exfiltration,1
400,PAYMENT,399.97,SYNTH_ATOLS_0000118,4101.02,3701.05,SYNTH_ATOLSSINK_0000118,0.0,399.97,1,0,ato_lowandslow_exfiltration,1
440,PAYMENT,422.52,SYNTH_ATOLS_0000118,3701.05,3278.53,SYNTH_ATOLSSINK_0000118,0.0,422.52,1,0,ato_lowandslow_exfiltration,1
479,PAYMENT,373.76,SYNTH_ATOLS_0000118,3278.53,2904.77,SYNTH_ATOLSSINK_0000118,0.0,373.76,1,0,ato_lowandslow_exfiltration,1
515,PAYMENT,415.89,SYNTH_ATOLS_0000118,2904.77,2488.88,SYNTH_ATOLSSINK_0000118,0.0,415.89,1,0,ato_lowandslow_exfiltration,1
557,PAYMENT,378.86,SYNTH_ATOLS_0000118,2488.88,2110.02,SYNTH_ATOLSSINK_0000118,0.0,378.86,1,0,ato_lowandslow_exfiltration,1
596,PAYMENT,407.53,SYNTH_ATOLS_0000118,2110.02,1702.49,SYNTH_ATOLSSINK_0000118,0.0,407.53,1,0,ato_lowandslow_exfiltration,1
247,PAYMENT,280.72,SYNTH_ATOLS_0000119,3568.21,3287.49,SYNTH_ATOLSSINK_0000119,0.0,280.72,1,0,ato_lowandslow_exfiltration,1
269,PAYMENT,303.67,SYNTH_ATOLS_0000119,3287.49,2983.82,SYNTH_ATOLSSINK_0000119,0.0,303.67,1,0,ato_lowandslow_exfiltration,1
290,PAYMENT,287.18,SYNTH_ATOLS_0000119,2983.82,2696.64,SYNTH_ATOLSSINK_0000119,0.0,287.18,1,0,ato_lowandslow_exfiltration,1
311,PAYMENT,306.41,SYNTH_ATOLS_0000119,2696.64,2390.23,SYNTH_ATOLSSINK_0000119,0.0,306.41,1,0,ato_lowandslow_exfiltration,1
331,PAYMENT,309.25,SYNTH_ATOLS_0000119,2390.23,2080.98,SYNTH_ATOLSSINK_0000119,0.0,309.25,1,0,ato_lowandslow_exfiltration,1
348,PAYMENT,308.78,SYNTH_ATOLS_0000119,2080.98,1772.2,SYNTH_ATOLSSINK_0000119,0.0,308.78,1,0,ato_lowandslow_exfiltration,1
249,PAYMENT,284.41,SYNTH_ATOLS_0000120,4271.29,3986.88,SYNTH_ATOLSSINK_0000120,0.0,284.41,1,0,ato_lowandslow_exfiltration,1
268,PAYMENT,269.06,SYNTH_ATOLS_0000120,3986.88,3717.82,SYNTH_ATOLSSINK_0000120,0.0,269.06,1,0,ato_lowandslow_exfiltration,1
294,PAYMENT,269.12,SYNTH_ATOLS_0000120,3717.82,3448.7,SYNTH_ATOLSSINK_0000120,0.0,269.12,1,0,ato_lowandslow_exfiltration,1
313,PAYMENT,311.73,SYNTH_ATOLS_0000120,3448.7,3136.97,SYNTH_ATOLSSINK_0000120,0.0,311.73,1,0,ato_lowandslow_exfiltration,1
335,PAYMENT,302.75,SYNTH_ATOLS_0000120,3136.97,2834.22,SYNTH_ATOLSSINK_0000120,0.0,302.75,1,0,ato_lowandslow_exfiltration,1
357,PAYMENT,281.91,SYNTH_ATOLS_0000120,2834.22,2552.31,SYNTH_ATOLSSINK_0000120,0.0,281.91,1,0,ato_lowandslow_exfiltration,1
451,PAYMENT,293.56,SYNTH_ATOLS_0000121,2757.28,2463.72,SYNTH_ATOLSSINK_0000121,0.0,293.56,1,0,ato_lowandslow_exfiltration,1
475,PAYMENT,279.98,SYNTH_ATOLS_0000121,2463.72,2183.74,SYNTH_ATOLSSINK_0000121,0.0,279.98,1,0,ato_lowandslow_exfiltration,1
499,PAYMENT,275.82,SYNTH_ATOLS_0000121,2183.74,1907.92,SYNTH_ATOLSSINK_0000121,0.0,275.82,1,0,ato_lowandslow_exfiltration,1
523,PAYMENT,297.42,SYNTH_ATOLS_0000121,1907.92,1610.5,SYNTH_ATOLSSINK_0000121,0.0,297.42,1,0,ato_lowandslow_exfiltration,1
214,PAYMENT,490.33,SYNTH_ATOLS_0000122,2059.99,1569.66,SYNTH_ATOLSSINK_0000122,0.0,490.33,1,0,ato_lowandslow_exfiltration,1
234,PAYMENT,452.43,SYNTH_ATOLS_0000122,1569.66,1117.23,SYNTH_ATOLSSINK_0000122,0.0,452.43,1,0,ato_lowandslow_exfiltration,1
252,PAYMENT,428.47,SYNTH_ATOLS_0000122,1117.23,688.76,SYNTH_ATOLSSINK_0000122,0.0,428.47,1,0,ato_lowandslow_exfiltration,1
266,PAYMENT,439.93,SYNTH_ATOLS_0000122,688.76,248.83,SYNTH_ATOLSSINK_0000122,0.0,439.93,1,0,ato_lowandslow_exfiltration,1
382,PAYMENT,317.61,SYNTH_ATOLS_0000123,3257.05,2939.44,SYNTH_ATOLSSINK_0000123,0.0,317.61,1,0,ato_lowandslow_exfiltration,1
415,PAYMENT,289.02,SYNTH_ATOLS_0000123,2939.44,2650.42,SYNTH_ATOLSSINK_0000123,0.0,289.02,1,0,ato_lowandslow_exfiltration,1
448,PAYMENT,326.98,SYNTH_ATOLS_0000123,2650.42,2323.44,SYNTH_ATOLSSINK_0000123,0.0,326.98,1,0,ato_lowandslow_exfiltration,1
485,PAYMENT,288.38,SYNTH_ATOLS_0000123,2323.44,2035.06,SYNTH_ATOLSSINK_0000123,0.0,288.38,1,0,ato_lowandslow_exfiltration,1
594,PAYMENT,351.37,SYNTH_ATOLS_0000124,4786.47,4435.1,SYNTH_ATOLSSINK_0000124,0.0,351.37,1,0,ato_lowandslow_exfiltration,1
623,PAYMENT,309.96,SYNTH_ATOLS_0000124,4435.1,4125.14,SYNTH_ATOLSSINK_0000124,0.0,309.96,1,0,ato_lowandslow_exfiltration,1
653,PAYMENT,320.0,SYNTH_ATOLS_0000124,4125.14,3805.14,SYNTH_ATOLSSINK_0000124,0.0,320.0,1,0,ato_lowandslow_exfiltration,1
683,PAYMENT,356.61,SYNTH_ATOLS_0000124,3805.14,3448.53,SYNTH_ATOLSSINK_0000124,0.0,356.61,1,0,ato_lowandslow_exfiltration,1
250,PAYMENT,243.59,SYNTH_ATOLS_0000125,3188.68,2945.09,SYNTH_ATOLSSINK_0000125,0.0,243.59,1,0,ato_lowandslow_exfiltration,1
286,PAYMENT,209.82,SYNTH_ATOLS_0000125,2945.09,2735.27,SYNTH_ATOLSSINK_0000125,0.0,209.82,1,0,ato_lowandslow_exfiltration,1
318,PAYMENT,235.43,SYNTH_ATOLS_0000125,2735.27,2499.84,SYNTH_ATOLSSINK_0000125,0.0,235.43,1,0,ato_lowandslow_exfiltration,1
354,PAYMENT,224.07,SYNTH_ATOLS_0000125,2499.84,2275.77,SYNTH_ATOLSSINK_0000125,0.0,224.07,1,0,ato_lowandslow_exfiltration,1
392,PAYMENT,206.94,SYNTH_ATOLS_0000125,2275.77,2068.83,SYNTH_ATOLSSINK_0000125,0.0,206.94,1,0,ato_lowandslow_exfiltration,1
425,PAYMENT,239.8,SYNTH_ATOLS_0000125,2068.83,1829.03,SYNTH_ATOLSSINK_0000125,0.0,239.8,1,0,ato_lowandslow_exfiltration,1
458,PAYMENT,204.83,SYNTH_ATOLS_0000125,1829.03,1624.2,SYNTH_ATOLSSINK_0000125,0.0,204.83,1,0,ato_lowandslow_exfiltration,1
452,PAYMENT,299.76,SYNTH_ATOLS_0000126,4193.88,3894.12,SYNTH_ATOLSSINK_0000126,0.0,299.76,1,0,ato_lowandslow_exfiltration,1
480,PAYMENT,311.31,SYNTH_ATOLS_0000126,3894.12,3582.81,SYNTH_ATOLSSINK_0000126,0.0,311.31,1,0,ato_lowandslow_exfiltration,1
503,PAYMENT,340.81,SYNTH_ATOLS_0000126,3582.81,3242.0,SYNTH_ATOLSSINK_0000126,0.0,340.81,1,0,ato_lowandslow_exfiltration,1
532,PAYMENT,301.34,SYNTH_ATOLS_0000126,3242.0,2940.66,SYNTH_ATOLSSINK_0000126,0.0,301.34,1,0,ato_lowandslow_exfiltration,1
558,PAYMENT,348.3,SYNTH_ATOLS_0000126,2940.66,2592.36,SYNTH_ATOLSSINK_0000126,0.0,348.3,1,0,ato_lowandslow_exfiltration,1
582,PAYMENT,323.17,SYNTH_ATOLS_0000126,2592.36,2269.19,SYNTH_ATOLSSINK_0000126,0.0,323.17,1,0,ato_lowandslow_exfiltration,1
611,PAYMENT,303.15,SYNTH_ATOLS_0000126,2269.19,1966.04,SYNTH_ATOLSSINK_0000126,0.0,303.15,1,0,ato_lowandslow_exfiltration,1
318,PAYMENT,329.0,SYNTH_ATOLS_0000127,1407.03,1078.03,SYNTH_ATOLSSINK_0000127,0.0,329.0,1,0,ato_lowandslow_exfiltration,1
352,PAYMENT,318.56,SYNTH_ATOLS_0000127,1078.03,759.47,SYNTH_ATOLSSINK_0000127,0.0,318.56,1,0,ato_lowandslow_exfiltration,1
386,PAYMENT,330.04,SYNTH_ATOLS_0000127,759.47,429.43,SYNTH_ATOLSSINK_0000127,0.0,330.04,1,0,ato_lowandslow_exfiltration,1
419,PAYMENT,335.12,SYNTH_ATOLS_0000127,429.43,94.31,SYNTH_ATOLSSINK_0000127,0.0,335.12,1,0,ato_lowandslow_exfiltration,1
450,PAYMENT,323.22,SYNTH_ATOLS_0000127,94.31,0.0,SYNTH_ATOLSSINK_0000127,0.0,323.22,1,0,ato_lowandslow_exfiltration,1
488,PAYMENT,323.74,SYNTH_ATOLS_0000127,0.0,0.0,SYNTH_ATOLSSINK_0000127,0.0,323.74,1,0,ato_lowandslow_exfiltration,1
521,PAYMENT,291.66,SYNTH_ATOLS_0000127,0.0,0.0,SYNTH_ATOLSSINK_0000127,0.0,291.66,1,0,ato_lowandslow_exfiltration,1
606,PAYMENT,335.66,SYNTH_ATOLS_0000128,4107.73,3772.07,SYNTH_ATOLSSINK_0000128,0.0,335.66,1,0,ato_lowandslow_exfiltration,1
647,PAYMENT,330.41,SYNTH_ATOLS_0000128,3772.07,3441.66,SYNTH_ATOLSSINK_0000128,0.0,330.41,1,0,ato_lowandslow_exfiltration,1
685,PAYMENT,373.91,SYNTH_ATOLS_0000128,3441.66,3067.75,SYNTH_ATOLSSINK_0000128,0.0,373.91,1,0,ato_lowandslow_exfiltration,1
726,PAYMENT,349.16,SYNTH_ATOLS_0000128,3067.75,2718.59,SYNTH_ATOLSSINK_0000128,0.0,349.16,1,0,ato_lowandslow_exfiltration,1
765,PAYMENT,375.09,SYNTH_ATOLS_0000128,2718.59,2343.5,SYNTH_ATOLSSINK_0000128,0.0,375.09,1,0,ato_lowandslow_exfiltration,1
692,PAYMENT,179.62,SYNTH_ATOLS_0000129,3354.5,3174.88,SYNTH_ATOLSSINK_0000129,0.0,179.62,1,0,ato_lowandslow_exfiltration,1
709,PAYMENT,180.54,SYNTH_ATOLS_0000129,3174.88,2994.34,SYNTH_ATOLSSINK_0000129,0.0,180.54,1,0,ato_lowandslow_exfiltration,1
727,PAYMENT,179.01,SYNTH_ATOLS_0000129,2994.34,2815.33,SYNTH_ATOLSSINK_0000129,0.0,179.01,1,0,ato_lowandslow_exfiltration,1
744,PAYMENT,183.01,SYNTH_ATOLS_0000129,2815.33,2632.32,SYNTH_ATOLSSINK_0000129,0.0,183.01,1,0,ato_lowandslow_exfiltration,1
522,PAYMENT,224.69,SYNTH_ATOLS_0000130,1622.54,1397.85,SYNTH_ATOLSSINK_0000130,0.0,224.69,1,0,ato_lowandslow_exfiltration,1
558,PAYMENT,256.46,SYNTH_ATOLS_0000130,1397.85,1141.39,SYNTH_ATOLSSINK_0000130,0.0,256.46,1,0,ato_lowandslow_exfiltration,1
590,PAYMENT,235.19,SYNTH_ATOLS_0000130,1141.39,906.2,SYNTH_ATOLSSINK_0000130,0.0,235.19,1,0,ato_lowandslow_exfiltration,1
623,PAYMENT,227.84,SYNTH_ATOLS_0000130,906.2,678.36,SYNTH_ATOLSSINK_0000130,0.0,227.84,1,0,ato_lowandslow_exfiltration,1
369,PAYMENT,189.65,SYNTH_ATOLS_0000131,2563.23,2373.58,SYNTH_ATOLSSINK_0000131,0.0,189.65,1,0,ato_lowandslow_exfiltration,1
390,PAYMENT,191.53,SYNTH_ATOLS_0000131,2373.58,2182.05,SYNTH_ATOLSSINK_0000131,0.0,191.53,1,0,ato_lowandslow_exfiltration,1
410,PAYMENT,180.78,SYNTH_ATOLS_0000131,2182.05,2001.27,SYNTH_ATOLSSINK_0000131,0.0,180.78,1,0,ato_lowandslow_exfiltration,1
432,PAYMENT,202.66,SYNTH_ATOLS_0000131,2001.27,1798.61,SYNTH_ATOLSSINK_0000131,0.0,202.66,1,0,ato_lowandslow_exfiltration,1
455,PAYMENT,210.12,SYNTH_ATOLS_0000131,1798.61,1588.49,SYNTH_ATOLSSINK_0000131,0.0,210.12,1,0,ato_lowandslow_exfiltration,1
280,PAYMENT,446.46,SYNTH_ATOLS_0000132,4433.92,3987.46,SYNTH_ATOLSSINK_0000132,0.0,446.46,1,0,ato_lowandslow_exfiltration,1
318,PAYMENT,408.82,SYNTH_ATOLS_0000132,3987.46,3578.64,SYNTH_ATOLSSINK_0000132,0.0,408.82,1,0,ato_lowandslow_exfiltration,1
356,PAYMENT,424.7,SYNTH_ATOLS_0000132,3578.64,3153.94,SYNTH_ATOLSSINK_0000132,0.0,424.7,1,0,ato_lowandslow_exfiltration,1
392,PAYMENT,443.56,SYNTH_ATOLS_0000132,3153.94,2710.38,SYNTH_ATOLSSINK_0000132,0.0,443.56,1,0,ato_lowandslow_exfiltration,1
480,PAYMENT,316.12,SYNTH_ATOLS_0000133,3136.27,2820.15,SYNTH_ATOLSSINK_0000133,0.0,316.12,1,0,ato_lowandslow_exfiltration,1
512,PAYMENT,306.03,SYNTH_ATOLS_0000133,2820.15,2514.12,SYNTH_ATOLSSINK_0000133,0.0,306.03,1,0,ato_lowandslow_exfiltration,1
548,PAYMENT,324.41,SYNTH_ATOLS_0000133,2514.12,2189.71,SYNTH_ATOLSSINK_0000133,0.0,324.41,1,0,ato_lowandslow_exfiltration,1
580,PAYMENT,292.2,SYNTH_ATOLS_0000133,2189.71,1897.51,SYNTH_ATOLSSINK_0000133,0.0,292.2,1,0,ato_lowandslow_exfiltration,1
423,PAYMENT,377.61,SYNTH_ATOLS_0000134,9096.48,8718.87,SYNTH_ATOLSSINK_0000134,0.0,377.61,1,0,ato_lowandslow_exfiltration,1
462,PAYMENT,402.1,SYNTH_ATOLS_0000134,8718.87,8316.77,SYNTH_ATOLSSINK_0000134,0.0,402.1,1,0,ato_lowandslow_exfiltration,1
496,PAYMENT,340.11,SYNTH_ATOLS_0000134,8316.77,7976.66,SYNTH_ATOLSSINK_0000134,0.0,340.11,1,0,ato_lowandslow_exfiltration,1
535,PAYMENT,388.85,SYNTH_ATOLS_0000134,7976.66,7587.81,SYNTH_ATOLSSINK_0000134,0.0,388.85,1,0,ato_lowandslow_exfiltration,1
570,PAYMENT,357.5,SYNTH_ATOLS_0000134,7587.81,7230.31,SYNTH_ATOLSSINK_0000134,0.0,357.5,1,0,ato_lowandslow_exfiltration,1
604,PAYMENT,358.38,SYNTH_ATOLS_0000134,7230.31,6871.93,SYNTH_ATOLSSINK_0000134,0.0,358.38,1,0,ato_lowandslow_exfiltration,1
640,PAYMENT,401.69,SYNTH_ATOLS_0000134,6871.93,6470.24,SYNTH_ATOLSSINK_0000134,0.0,401.69,1,0,ato_lowandslow_exfiltration,1
412,PAYMENT,337.17,SYNTH_ATOLS_0000135,4066.34,3729.17,SYNTH_ATOLSSINK_0000135,0.0,337.17,1,0,ato_lowandslow_exfiltration,1
435,PAYMENT,299.96,SYNTH_ATOLS_0000135,3729.17,3429.21,SYNTH_ATOLSSINK_0000135,0.0,299.96,1,0,ato_lowandslow_exfiltration,1
466,PAYMENT,306.53,SYNTH_ATOLS_0000135,3429.21,3122.68,SYNTH_ATOLSSINK_0000135,0.0,306.53,1,0,ato_lowandslow_exfiltration,1
493,PAYMENT,297.08,SYNTH_ATOLS_0000135,3122.68,2825.6,SYNTH_ATOLSSINK_0000135,0.0,297.08,1,0,ato_lowandslow_exfiltration,1
520,PAYMENT,301.78,SYNTH_ATOLS_0000135,2825.6,2523.82,SYNTH_ATOLSSINK_0000135,0.0,301.78,1,0,ato_lowandslow_exfiltration,1
596,PAYMENT,250.41,SYNTH_ATOLS_0000136,4628.98,4378.57,SYNTH_ATOLSSINK_0000136,0.0,250.41,1,0,ato_lowandslow_exfiltration,1
617,PAYMENT,259.84,SYNTH_ATOLS_0000136,4378.57,4118.73,SYNTH_ATOLSSINK_0000136,0.0,259.84,1,0,ato_lowandslow_exfiltration,1
632,PAYMENT,228.54,SYNTH_ATOLS_0000136,4118.73,3890.19,SYNTH_ATOLSSINK_0000136,0.0,228.54,1,0,ato_lowandslow_exfiltration,1
652,PAYMENT,260.85,SYNTH_ATOLS_0000136,3890.19,3629.34,SYNTH_ATOLSSINK_0000136,0.0,260.85,1,0,ato_lowandslow_exfiltration,1
669,PAYMENT,228.81,SYNTH_ATOLS_0000136,3629.34,3400.53,SYNTH_ATOLSSINK_0000136,0.0,228.81,1,0,ato_lowandslow_exfiltration,1
313,PAYMENT,264.67,SYNTH_ATOLS_0000137,12465.33,12200.66,SYNTH_ATOLSSINK_0000137,0.0,264.67,1,0,ato_lowandslow_exfiltration,1
332,PAYMENT,228.16,SYNTH_ATOLS_0000137,12200.66,11972.5,SYNTH_ATOLSSINK_0000137,0.0,228.16,1,0,ato_lowandslow_exfiltration,1
350,PAYMENT,228.31,SYNTH_ATOLS_0000137,11972.5,11744.19,SYNTH_ATOLSSINK_0000137,0.0,228.31,1,0,ato_lowandslow_exfiltration,1
365,PAYMENT,218.92,SYNTH_ATOLS_0000137,11744.19,11525.27,SYNTH_ATOLSSINK_0000137,0.0,218.92,1,0,ato_lowandslow_exfiltration,1
618,PAYMENT,300.49,SYNTH_ATOLS_0000138,5606.4,5305.91,SYNTH_ATOLSSINK_0000138,0.0,300.49,1,0,ato_lowandslow_exfiltration,1
643,PAYMENT,285.5,SYNTH_ATOLS_0000138,5305.91,5020.41,SYNTH_ATOLSSINK_0000138,0.0,285.5,1,0,ato_lowandslow_exfiltration,1
674,PAYMENT,315.13,SYNTH_ATOLS_0000138,5020.41,4705.28,SYNTH_ATOLSSINK_0000138,0.0,315.13,1,0,ato_lowandslow_exfiltration,1
700,PAYMENT,293.9,SYNTH_ATOLS_0000138,4705.28,4411.38,SYNTH_ATOLSSINK_0000138,0.0,293.9,1,0,ato_lowandslow_exfiltration,1
726,PAYMENT,313.83,SYNTH_ATOLS_0000138,4411.38,4097.55,SYNTH_ATOLSSINK_0000138,0.0,313.83,1,0,ato_lowandslow_exfiltration,1
752,PAYMENT,320.71,SYNTH_ATOLS_0000138,4097.55,3776.84,SYNTH_ATOLSSINK_0000138,0.0,320.71,1,0,ato_lowandslow_exfiltration,1
778,PAYMENT,274.55,SYNTH_ATOLS_0000138,3776.84,3502.29,SYNTH_ATOLSSINK_0000138,0.0,274.55,1,0,ato_lowandslow_exfiltration,1
164,PAYMENT,273.34,SYNTH_ATOLS_0000139,4686.67,4413.33,SYNTH_ATOLSSINK_0000139,0.0,273.34,1,0,ato_lowandslow_exfiltration,1
181,PAYMENT,256.53,SYNTH_ATOLS_0000139,4413.33,4156.8,SYNTH_ATOLSSINK_0000139,0.0,256.53,1,0,ato_lowandslow_exfiltration,1
198,PAYMENT,301.47,SYNTH_ATOLS_0000139,4156.8,3855.33,SYNTH_ATOLSSINK_0000139,0.0,301.47,1,0,ato_lowandslow_exfiltration,1
215,PAYMENT,272.08,SYNTH_ATOLS_0000139,3855.33,3583.25,SYNTH_ATOLSSINK_0000139,0.0,272.08,1,0,ato_lowandslow_exfiltration,1
234,PAYMENT,278.67,SYNTH_ATOLS_0000139,3583.25,3304.58,SYNTH_ATOLSSINK_0000139,0.0,278.67,1,0,ato_lowandslow_exfiltration,1
461,PAYMENT,427.95,SYNTH_ATOLS_0000140,6891.47,6463.52,SYNTH_ATOLSSINK_0000140,0.0,427.95,1,0,ato_lowandslow_exfiltration,1
484,PAYMENT,425.93,SYNTH_ATOLS_0000140,6463.52,6037.59,SYNTH_ATOLSSINK_0000140,0.0,425.93,1,0,ato_lowandslow_exfiltration,1
502,PAYMENT,373.05,SYNTH_ATOLS_0000140,6037.59,5664.54,SYNTH_ATOLSSINK_0000140,0.0,373.05,1,0,ato_lowandslow_exfiltration,1
524,PAYMENT,416.1,SYNTH_ATOLS_0000140,5664.54,5248.44,SYNTH_ATOLSSINK_0000140,0.0,416.1,1,0,ato_lowandslow_exfiltration,1
545,PAYMENT,415.58,SYNTH_ATOLS_0000140,5248.44,4832.86,SYNTH_ATOLSSINK_0000140,0.0,415.58,1,0,ato_lowandslow_exfiltration,1
85,PAYMENT,180.61,SYNTH_ATOLS_0000141,11988.35,11807.74,SYNTH_ATOLSSINK_0000141,0.0,180.61,1,0,ato_lowandslow_exfiltration,1
121,PAYMENT,198.51,SYNTH_ATOLS_0000141,11807.74,11609.23,SYNTH_ATOLSSINK_0000141,0.0,198.51,1,0,ato_lowandslow_exfiltration,1
152,PAYMENT,188.12,SYNTH_ATOLS_0000141,11609.23,11421.11,SYNTH_ATOLSSINK_0000141,0.0,188.12,1,0,ato_lowandslow_exfiltration,1
189,PAYMENT,189.57,SYNTH_ATOLS_0000141,11421.11,11231.54,SYNTH_ATOLSSINK_0000141,0.0,189.57,1,0,ato_lowandslow_exfiltration,1
224,PAYMENT,197.23,SYNTH_ATOLS_0000141,11231.54,11034.31,SYNTH_ATOLSSINK_0000141,0.0,197.23,1,0,ato_lowandslow_exfiltration,1
527,PAYMENT,419.81,SYNTH_ATOLS_0000142,2571.52,2151.71,SYNTH_ATOLSSINK_0000142,0.0,419.81,1,0,ato_lowandslow_exfiltration,1
553,PAYMENT,372.33,SYNTH_ATOLS_0000142,2151.71,1779.38,SYNTH_ATOLSSINK_0000142,0.0,372.33,1,0,ato_lowandslow_exfiltration,1
575,PAYMENT,427.55,SYNTH_ATOLS_0000142,1779.38,1351.83,SYNTH_ATOLSSINK_0000142,0.0,427.55,1,0,ato_lowandslow_exfiltration,1
598,PAYMENT,420.67,SYNTH_ATOLS_0000142,1351.83,931.16,SYNTH_ATOLSSINK_0000142,0.0,420.67,1,0,ato_lowandslow_exfiltration,1
674,PAYMENT,325.1,SYNTH_ATOLS_0000143,10227.99,9902.89,SYNTH_ATOLSSINK_0000143,0.0,325.1,1,0,ato_lowandslow_exfiltration,1
707,PAYMENT,378.37,SYNTH_ATOLS_0000143,9902.89,9524.52,SYNTH_ATOLSSINK_0000143,0.0,378.37,1,0,ato_lowandslow_exfiltration,1
742,PAYMENT,339.5,SYNTH_ATOLS_0000143,9524.52,9185.02,SYNTH_ATOLSSINK_0000143,0.0,339.5,1,0,ato_lowandslow_exfiltration,1
777,PAYMENT,346.71,SYNTH_ATOLS_0000143,9185.02,8838.31,SYNTH_ATOLSSINK_0000143,0.0,346.71,1,0,ato_lowandslow_exfiltration,1
811,PAYMENT,355.12,SYNTH_ATOLS_0000143,8838.31,8483.19,SYNTH_ATOLSSINK_0000143,0.0,355.12,1,0,ato_lowandslow_exfiltration,1
195,PAYMENT,311.92,SYNTH_ATOLS_0000144,4223.65,3911.73,SYNTH_ATOLSSINK_0000144,0.0,311.92,1,0,ato_lowandslow_exfiltration,1
234,PAYMENT,296.57,SYNTH_ATOLS_0000144,3911.73,3615.16,SYNTH_ATOLSSINK_0000144,0.0,296.57,1,0,ato_lowandslow_exfiltration,1
268,PAYMENT,360.24,SYNTH_ATOLS_0000144,3615.16,3254.92,SYNTH_ATOLSSINK_0000144,0.0,360.24,1,0,ato_lowandslow_exfiltration,1
304,PAYMENT,338.84,SYNTH_ATOLS_0000144,3254.92,2916.08,SYNTH_ATOLSSINK_0000144,0.0,338.84,1,0,ato_lowandslow_exfiltration,1
341,PAYMENT,350.93,SYNTH_ATOLS_0000144,2916.08,2565.15,SYNTH_ATOLSSINK_0000144,0.0,350.93,1,0,ato_lowandslow_exfiltration,1
375,PAYMENT,350.85,SYNTH_ATOLS_0000144,2565.15,2214.3,SYNTH_ATOLSSINK_0000144,0.0,350.85,1,0,ato_lowandslow_exfiltration,1
414,PAYMENT,296.03,SYNTH_ATOLS_0000144,2214.3,1918.27,SYNTH_ATOLSSINK_0000144,0.0,296.03,1,0,ato_lowandslow_exfiltration,1
249,PAYMENT,138.33,SYNTH_ATOLS_0000145,6170.92,6032.59,SYNTH_ATOLSSINK_0000145,0.0,138.33,1,0,ato_lowandslow_exfiltration,1
268,PAYMENT,145.56,SYNTH_ATOLS_0000145,6032.59,5887.03,SYNTH_ATOLSSINK_0000145,0.0,145.56,1,0,ato_lowandslow_exfiltration,1
289,PAYMENT,151.12,SYNTH_ATOLS_0000145,5887.03,5735.91,SYNTH_ATOLSSINK_0000145,0.0,151.12,1,0,ato_lowandslow_exfiltration,1
308,PAYMENT,130.13,SYNTH_ATOLS_0000145,5735.91,5605.78,SYNTH_ATOLSSINK_0000145,0.0,130.13,1,0,ato_lowandslow_exfiltration,1
327,PAYMENT,130.3,SYNTH_ATOLS_0000145,5605.78,5475.48,SYNTH_ATOLSSINK_0000145,0.0,130.3,1,0,ato_lowandslow_exfiltration,1
569,PAYMENT,327.09,SYNTH_ATOLS_0000146,4268.6,3941.51,SYNTH_ATOLSSINK_0000146,0.0,327.09,1,0,ato_lowandslow_exfiltration,1
600,PAYMENT,325.0,SYNTH_ATOLS_0000146,3941.51,3616.51,SYNTH_ATOLSSINK_0000146,0.0,325.0,1,0,ato_lowandslow_exfiltration,1
629,PAYMENT,347.36,SYNTH_ATOLS_0000146,3616.51,3269.15,SYNTH_ATOLSSINK_0000146,0.0,347.36,1,0,ato_lowandslow_exfiltration,1
658,PAYMENT,360.07,SYNTH_ATOLS_0000146,3269.15,2909.08,SYNTH_ATOLSSINK_0000146,0.0,360.07,1,0,ato_lowandslow_exfiltration,1
685,PAYMENT,329.27,SYNTH_ATOLS_0000146,2909.08,2579.81,SYNTH_ATOLSSINK_0000146,0.0,329.27,1,0,ato_lowandslow_exfiltration,1
714,PAYMENT,382.28,SYNTH_ATOLS_0000146,2579.81,2197.53,SYNTH_ATOLSSINK_0000146,0.0,382.28,1,0,ato_lowandslow_exfiltration,1
531,PAYMENT,379.66,SYNTH_ATOLS_0000147,9371.06,8991.4,SYNTH_ATOLSSINK_0000147,0.0,379.66,1,0,ato_lowandslow_exfiltration,1
558,PAYMENT,312.48,SYNTH_ATOLS_0000147,8991.4,8678.92,SYNTH_ATOLSSINK_0000147,0.0,312.48,1,0,ato_lowandslow_exfiltration,1
584,PAYMENT,346.07,SYNTH_ATOLS_0000147,8678.92,8332.85,SYNTH_ATOLSSINK_0000147,0.0,346.07,1,0,ato_lowandslow_exfiltration,1
609,PAYMENT,329.58,SYNTH_ATOLS_0000147,8332.85,8003.27,SYNTH_ATOLSSINK_0000147,0.0,329.58,1,0,ato_lowandslow_exfiltration,1
427,PAYMENT,169.15,SYNTH_ATOLS_0000148,12920.11,12750.96,SYNTH_ATOLSSINK_0000148,0.0,169.15,1,0,ato_lowandslow_exfiltration,1
464,PAYMENT,184.19,SYNTH_ATOLS_0000148,12750.96,12566.77,SYNTH_ATOLSSINK_0000148,0.0,184.19,1,0,ato_lowandslow_exfiltration,1
507,PAYMENT,181.25,SYNTH_ATOLS_0000148,12566.77,12385.52,SYNTH_ATOLSSINK_0000148,0.0,181.25,1,0,ato_lowandslow_exfiltration,1
545,PAYMENT,195.25,SYNTH_ATOLS_0000148,12385.52,12190.27,SYNTH_ATOLSSINK_0000148,0.0,195.25,1,0,ato_lowandslow_exfiltration,1
581,PAYMENT,171.87,SYNTH_ATOLS_0000148,12190.27,12018.4,SYNTH_ATOLSSINK_0000148,0.0,171.87,1,0,ato_lowandslow_exfiltration,1
157,PAYMENT,272.84,SYNTH_ATOLS_0000149,2873.1,2600.26,SYNTH_ATOLSSINK_0000149,0.0,272.84,1,0,ato_lowandslow_exfiltration,1
188,PAYMENT,281.58,SYNTH_ATOLS_0000149,2600.26,2318.68,SYNTH_ATOLSSINK_0000149,0.0,281.58,1,0,ato_lowandslow_exfiltration,1
216,PAYMENT,289.23,SYNTH_ATOLS_0000149,2318.68,2029.45,SYNTH_ATOLSSINK_0000149,0.0,289.23,1,0,ato_lowandslow_exfiltration,1
246,PAYMENT,255.62,SYNTH_ATOLS_0000149,2029.45,1773.83,SYNTH_ATOLSSINK_0000149,0.0,255.62,1,0,ato_lowandslow_exfiltration,1
281,PAYMENT,246.9,SYNTH_ATOLS_0000149,1773.83,1526.93,SYNTH_ATOLSSINK_0000149,0.0,246.9,1,0,ato_lowandslow_exfiltration,1
308,PAYMENT,251.29,SYNTH_ATOLS_0000149,1526.93,1275.64,SYNTH_ATOLSSINK_0000149,0.0,251.29,1,0,ato_lowandslow_exfiltration,1
340,PAYMENT,288.72,SYNTH_ATOLS_0000149,1275.64,986.92,SYNTH_ATOLSSINK_0000149,0.0,288.72,1,0,ato_lowandslow_exfiltration,1
402,PAYMENT,236.77,SYNTH_ATOLS_0000150,4221.99,3985.22,SYNTH_ATOLSSINK_0000150,0.0,236.77,1,0,ato_lowandslow_exfiltration,1
420,PAYMENT,265.64,SYNTH_ATOLS_0000150,3985.22,3719.58,SYNTH_ATOLSSINK_0000150,0.0,265.64,1,0,ato_lowandslow_exfiltration,1
442,PAYMENT,240.94,SYNTH_ATOLS_0000150,3719.58,3478.64,SYNTH_ATOLSSINK_0000150,0.0,240.94,1,0,ato_lowandslow_exfiltration,1
459,PAYMENT,247.63,SYNTH_ATOLS_0000150,3478.64,3231.01,SYNTH_ATOLSSINK_0000150,0.0,247.63,1,0,ato_lowandslow_exfiltration,1
477,PAYMENT,244.04,SYNTH_ATOLS_0000150,3231.01,2986.97,SYNTH_ATOLSSINK_0000150,0.0,244.04,1,0,ato_lowandslow_exfiltration,1
495,PAYMENT,263.39,SYNTH_ATOLS_0000150,2986.97,2723.58,SYNTH_ATOLSSINK_0000150,0.0,263.39,1,0,ato_lowandslow_exfiltration,1
616,PAYMENT,211.89,SYNTH_ATOLS_0000151,2495.2,2283.31,SYNTH_ATOLSSINK_0000151,0.0,211.89,1,0,ato_lowandslow_exfiltration,1
650,PAYMENT,212.33,SYNTH_ATOLS_0000151,2283.31,2070.98,SYNTH_ATOLSSINK_0000151,0.0,212.33,1,0,ato_lowandslow_exfiltration,1
681,PAYMENT,225.82,SYNTH_ATOLS_0000151,2070.98,1845.16,SYNTH_ATOLSSINK_0000151,0.0,225.82,1,0,ato_lowandslow_exfiltration,1
715,PAYMENT,234.51,SYNTH_ATOLS_0000151,1845.16,1610.65,SYNTH_ATOLSSINK_0000151,0.0,234.51,1,0,ato_lowandslow_exfiltration,1
747,PAYMENT,228.53,SYNTH_ATOLS_0000151,1610.65,1382.12,SYNTH_ATOLSSINK_0000151,0.0,228.53,1,0,ato_lowandslow_exfiltration,1
165,PAYMENT,331.46,SYNTH_ATOLS_0000152,4641.49,4310.03,SYNTH_ATOLSSINK_0000152,0.0,331.46,1,0,ato_lowandslow_exfiltration,1
187,PAYMENT,402.36,SYNTH_ATOLS_0000152,4310.03,3907.67,SYNTH_ATOLSSINK_0000152,0.0,402.36,1,0,ato_lowandslow_exfiltration,1
207,PAYMENT,369.02,SYNTH_ATOLS_0000152,3907.67,3538.65,SYNTH_ATOLSSINK_0000152,0.0,369.02,1,0,ato_lowandslow_exfiltration,1
226,PAYMENT,349.91,SYNTH_ATOLS_0000152,3538.65,3188.74,SYNTH_ATOLSSINK_0000152,0.0,349.91,1,0,ato_lowandslow_exfiltration,1
246,PAYMENT,363.21,SYNTH_ATOLS_0000152,3188.74,2825.53,SYNTH_ATOLSSINK_0000152,0.0,363.21,1,0,ato_lowandslow_exfiltration,1
267,PAYMENT,390.33,SYNTH_ATOLS_0000152,2825.53,2435.2,SYNTH_ATOLSSINK_0000152,0.0,390.33,1,0,ato_lowandslow_exfiltration,1
311,PAYMENT,146.28,SYNTH_ATOLS_0000153,2856.43,2710.15,SYNTH_ATOLSSINK_0000153,0.0,146.28,1,0,ato_lowandslow_exfiltration,1
348,PAYMENT,135.02,SYNTH_ATOLS_0000153,2710.15,2575.13,SYNTH_ATOLSSINK_0000153,0.0,135.02,1,0,ato_lowandslow_exfiltration,1
378,PAYMENT,142.62,SYNTH_ATOLS_0000153,2575.13,2432.51,SYNTH_ATOLSSINK_0000153,0.0,142.62,1,0,ato_lowandslow_exfiltration,1
416,PAYMENT,139.28,SYNTH_ATOLS_0000153,2432.51,2293.23,SYNTH_ATOLSSINK_0000153,0.0,139.28,1,0,ato_lowandslow_exfiltration,1
449,PAYMENT,137.66,SYNTH_ATOLS_0000153,2293.23,2155.57,SYNTH_ATOLSSINK_0000153,0.0,137.66,1,0,ato_lowandslow_exfiltration,1
480,PAYMENT,160.38,SYNTH_ATOLS_0000153,2155.57,1995.19,SYNTH_ATOLSSINK_0000153,0.0,160.38,1,0,ato_lowandslow_exfiltration,1
515,PAYMENT,137.74,SYNTH_ATOLS_0000153,1995.19,1857.45,SYNTH_ATOLSSINK_0000153,0.0,137.74,1,0,ato_lowandslow_exfiltration,1
273,PAYMENT,327.3,SYNTH_ATOLS_0000154,5013.79,4686.49,SYNTH_ATOLSSINK_0000154,0.0,327.3,1,0,ato_lowandslow_exfiltration,1
292,PAYMENT,328.28,SYNTH_ATOLS_0000154,4686.49,4358.21,SYNTH_ATOLSSINK_0000154,0.0,328.28,1,0,ato_lowandslow_exfiltration,1
303,PAYMENT,348.62,SYNTH_ATOLS_0000154,4358.21,4009.59,SYNTH_ATOLSSINK_0000154,0.0,348.62,1,0,ato_lowandslow_exfiltration,1
322,PAYMENT,336.76,SYNTH_ATOLS_0000154,4009.59,3672.83,SYNTH_ATOLSSINK_0000154,0.0,336.76,1,0,ato_lowandslow_exfiltration,1
335,PAYMENT,338.33,SYNTH_ATOLS_0000154,3672.83,3334.5,SYNTH_ATOLSSINK_0000154,0.0,338.33,1,0,ato_lowandslow_exfiltration,1
4,PAYMENT,292.45,SYNTH_ATOLS_0000155,5310.42,5017.97,SYNTH_ATOLSSINK_0000155,0.0,292.45,1,0,ato_lowandslow_exfiltration,1
25,PAYMENT,277.96,SYNTH_ATOLS_0000155,5017.97,4740.01,SYNTH_ATOLSSINK_0000155,0.0,277.96,1,0,ato_lowandslow_exfiltration,1
46,PAYMENT,254.16,SYNTH_ATOLS_0000155,4740.01,4485.85,SYNTH_ATOLSSINK_0000155,0.0,254.16,1,0,ato_lowandslow_exfiltration,1
68,PAYMENT,281.1,SYNTH_ATOLS_0000155,4485.85,4204.75,SYNTH_ATOLSSINK_0000155,0.0,281.1,1,0,ato_lowandslow_exfiltration,1
89,PAYMENT,246.53,SYNTH_ATOLS_0000155,4204.75,3958.22,SYNTH_ATOLSSINK_0000155,0.0,246.53,1,0,ato_lowandslow_exfiltration,1
110,PAYMENT,290.88,SYNTH_ATOLS_0000155,3958.22,3667.34,SYNTH_ATOLSSINK_0000155,0.0,290.88,1,0,ato_lowandslow_exfiltration,1
130,PAYMENT,286.1,SYNTH_ATOLS_0000155,3667.34,3381.24,SYNTH_ATOLSSINK_0000155,0.0,286.1,1,0,ato_lowandslow_exfiltration,1
644,PAYMENT,520.61,SYNTH_ATOLS_0000156,7530.3,7009.69,SYNTH_ATOLSSINK_0000156,0.0,520.61,1,0,ato_lowandslow_exfiltration,1
662,PAYMENT,566.67,SYNTH_ATOLS_0000156,7009.69,6443.02,SYNTH_ATOLSSINK_0000156,0.0,566.67,1,0,ato_lowandslow_exfiltration,1
686,PAYMENT,501.44,SYNTH_ATOLS_0000156,6443.02,5941.58,SYNTH_ATOLSSINK_0000156,0.0,501.44,1,0,ato_lowandslow_exfiltration,1
705,PAYMENT,546.42,SYNTH_ATOLS_0000156,5941.58,5395.16,SYNTH_ATOLSSINK_0000156,0.0,546.42,1,0,ato_lowandslow_exfiltration,1
725,PAYMENT,490.13,SYNTH_ATOLS_0000156,5395.16,4905.03,SYNTH_ATOLSSINK_0000156,0.0,490.13,1,0,ato_lowandslow_exfiltration,1
530,PAYMENT,249.4,SYNTH_ATOLS_0000157,4004.17,3754.77,SYNTH_ATOLSSINK_0000157,0.0,249.4,1,0,ato_lowandslow_exfiltration,1
569,PAYMENT,234.87,SYNTH_ATOLS_0000157,3754.77,3519.9,SYNTH_ATOLSSINK_0000157,0.0,234.87,1,0,ato_lowandslow_exfiltration,1
607,PAYMENT,228.12,SYNTH_ATOLS_0000157,3519.9,3291.78,SYNTH_ATOLSSINK_0000157,0.0,228.12,1,0,ato_lowandslow_exfiltration,1
643,PAYMENT,221.58,SYNTH_ATOLS_0000157,3291.78,3070.2,SYNTH_ATOLSSINK_0000157,0.0,221.58,1,0,ato_lowandslow_exfiltration,1
478,PAYMENT,209.17,SYNTH_ATOLS_0000158,2548.3,2339.13,SYNTH_ATOLSSINK_0000158,0.0,209.17,1,0,ato_lowandslow_exfiltration,1
508,PAYMENT,180.12,SYNTH_ATOLS_0000158,2339.13,2159.01,SYNTH_ATOLSSINK_0000158,0.0,180.12,1,0,ato_lowandslow_exfiltration,1
536,PAYMENT,184.76,SYNTH_ATOLS_0000158,2159.01,1974.25,SYNTH_ATOLSSINK_0000158,0.0,184.76,1,0,ato_lowandslow_exfiltration,1
563,PAYMENT,202.65,SYNTH_ATOLS_0000158,1974.25,1771.6,SYNTH_ATOLSSINK_0000158,0.0,202.65,1,0,ato_lowandslow_exfiltration,1
592,PAYMENT,193.38,SYNTH_ATOLS_0000158,1771.6,1578.22,SYNTH_ATOLSSINK_0000158,0.0,193.38,1,0,ato_lowandslow_exfiltration,1
620,PAYMENT,182.32,SYNTH_ATOLS_0000158,1578.22,1395.9,SYNTH_ATOLSSINK_0000158,0.0,182.32,1,0,ato_lowandslow_exfiltration,1
301,PAYMENT,587.56,SYNTH_ATOLS_0000159,8815.3,8227.74,SYNTH_ATOLSSINK_0000159,0.0,587.56,1,0,ato_lowandslow_exfiltration,1
321,PAYMENT,525.68,SYNTH_ATOLS_0000159,8227.74,7702.06,SYNTH_ATOLSSINK_0000159,0.0,525.68,1,0,ato_lowandslow_exfiltration,1
343,PAYMENT,611.22,SYNTH_ATOLS_0000159,7702.06,7090.84,SYNTH_ATOLSSINK_0000159,0.0,611.22,1,0,ato_lowandslow_exfiltration,1
362,PAYMENT,514.22,SYNTH_ATOLS_0000159,7090.84,6576.62,SYNTH_ATOLSSINK_0000159,0.0,514.22,1,0,ato_lowandslow_exfiltration,1
385,PAYMENT,585.01,SYNTH_ATOLS_0000159,6576.62,5991.61,SYNTH_ATOLSSINK_0000159,0.0,585.01,1,0,ato_lowandslow_exfiltration,1
406,PAYMENT,610.76,SYNTH_ATOLS_0000159,5991.61,5380.85,SYNTH_ATOLSSINK_0000159,0.0,610.76,1,0,ato_lowandslow_exfiltration,1
427,PAYMENT,603.6,SYNTH_ATOLS_0000159,5380.85,4777.25,SYNTH_ATOLSSINK_0000159,0.0,603.6,1,0,ato_lowandslow_exfiltration,1
203,PAYMENT,189.93,SYNTH_ATOLS_0000160,5604.71,5414.78,SYNTH_ATOLSSINK_0000160,0.0,189.93,1,0,ato_lowandslow_exfiltration,1
223,PAYMENT,185.91,SYNTH_ATOLS_0000160,5414.78,5228.87,SYNTH_ATOLSSINK_0000160,0.0,185.91,1,0,ato_lowandslow_exfiltration,1
241,PAYMENT,171.18,SYNTH_ATOLS_0000160,5228.87,5057.69,SYNTH_ATOLSSINK_0000160,0.0,171.18,1,0,ato_lowandslow_exfiltration,1
265,PAYMENT,199.7,SYNTH_ATOLS_0000160,5057.69,4857.99,SYNTH_ATOLSSINK_0000160,0.0,199.7,1,0,ato_lowandslow_exfiltration,1
281,PAYMENT,186.11,SYNTH_ATOLS_0000160,4857.99,4671.88,SYNTH_ATOLSSINK_0000160,0.0,186.11,1,0,ato_lowandslow_exfiltration,1
302,PAYMENT,181.85,SYNTH_ATOLS_0000160,4671.88,4490.03,SYNTH_ATOLSSINK_0000160,0.0,181.85,1,0,ato_lowandslow_exfiltration,1
422,PAYMENT,229.79,SYNTH_ATOLS_0000161,9814.44,9584.65,SYNTH_ATOLSSINK_0000161,0.0,229.79,1,0,ato_lowandslow_exfiltration,1
442,PAYMENT,207.34,SYNTH_ATOLS_0000161,9584.65,9377.31,SYNTH_ATOLSSINK_0000161,0.0,207.34,1,0,ato_lowandslow_exfiltration,1
460,PAYMENT,222.41,SYNTH_ATOLS_0000161,9377.31,9154.9,SYNTH_ATOLSSINK_0000161,0.0,222.41,1,0,ato_lowandslow_exfiltration,1
476,PAYMENT,209.33,SYNTH_ATOLS_0000161,9154.9,8945.57,SYNTH_ATOLSSINK_0000161,0.0,209.33,1,0,ato_lowandslow_exfiltration,1
494,PAYMENT,225.69,SYNTH_ATOLS_0000161,8945.57,8719.88,SYNTH_ATOLSSINK_0000161,0.0,225.69,1,0,ato_lowandslow_exfiltration,1
209,PAYMENT,305.12,SYNTH_ATOLS_0000162,3789.26,3484.14,SYNTH_ATOLSSINK_0000162,0.0,305.12,1,0,ato_lowandslow_exfiltration,1
224,PAYMENT,304.91,SYNTH_ATOLS_0000162,3484.14,3179.23,SYNTH_ATOLSSINK_0000162,0.0,304.91,1,0,ato_lowandslow_exfiltration,1
245,PAYMENT,311.63,SYNTH_ATOLS_0000162,3179.23,2867.6,SYNTH_ATOLSSINK_0000162,0.0,311.63,1,0,ato_lowandslow_exfiltration,1
261,PAYMENT,317.62,SYNTH_ATOLS_0000162,2867.6,2549.98,SYNTH_ATOLSSINK_0000162,0.0,317.62,1,0,ato_lowandslow_exfiltration,1
280,PAYMENT,294.36,SYNTH_ATOLS_0000162,2549.98,2255.62,SYNTH_ATOLSSINK_0000162,0.0,294.36,1,0,ato_lowandslow_exfiltration,1
295,PAYMENT,291.04,SYNTH_ATOLS_0000162,2255.62,1964.58,SYNTH_ATOLSSINK_0000162,0.0,291.04,1,0,ato_lowandslow_exfiltration,1
135,PAYMENT,182.18,SYNTH_ATOLS_0000163,4265.18,4083.0,SYNTH_ATOLSSINK_0000163,0.0,182.18,1,0,ato_lowandslow_exfiltration,1
149,PAYMENT,191.84,SYNTH_ATOLS_0000163,4083.0,3891.16,SYNTH_ATOLSSINK_0000163,0.0,191.84,1,0,ato_lowandslow_exfiltration,1
168,PAYMENT,204.01,SYNTH_ATOLS_0000163,3891.16,3687.15,SYNTH_ATOLSSINK_0000163,0.0,204.01,1,0,ato_lowandslow_exfiltration,1
183,PAYMENT,213.18,SYNTH_ATOLS_0000163,3687.15,3473.97,SYNTH_ATOLSSINK_0000163,0.0,213.18,1,0,ato_lowandslow_exfiltration,1
199,PAYMENT,215.1,SYNTH_ATOLS_0000163,3473.97,3258.87,SYNTH_ATOLSSINK_0000163,0.0,215.1,1,0,ato_lowandslow_exfiltration,1
526,PAYMENT,354.32,SYNTH_ATOLS_0000164,3933.04,3578.72,SYNTH_ATOLSSINK_0000164,0.0,354.32,1,0,ato_lowandslow_exfiltration,1
562,PAYMENT,335.9,SYNTH_ATOLS_0000164,3578.72,3242.82,SYNTH_ATOLSSINK_0000164,0.0,335.9,1,0,ato_lowandslow_exfiltration,1
593,PAYMENT,354.44,SYNTH_ATOLS_0000164,3242.82,2888.38,SYNTH_ATOLSSINK_0000164,0.0,354.44,1,0,ato_lowandslow_exfiltration,1
628,PAYMENT,317.04,SYNTH_ATOLS_0000164,2888.38,2571.34,SYNTH_ATOLSSINK_0000164,0.0,317.04,1,0,ato_lowandslow_exfiltration,1
215,PAYMENT,293.2,SYNTH_ATOLS_0000165,1878.45,1585.25,SYNTH_ATOLSSINK_0000165,0.0,293.2,1,0,ato_lowandslow_exfiltration,1
229,PAYMENT,302.88,SYNTH_ATOLS_0000165,1585.25,1282.37,SYNTH_ATOLSSINK_0000165,0.0,302.88,1,0,ato_lowandslow_exfiltration,1
244,PAYMENT,263.5,SYNTH_ATOLS_0000165,1282.37,1018.87,SYNTH_ATOLSSINK_0000165,0.0,263.5,1,0,ato_lowandslow_exfiltration,1
258,PAYMENT,307.87,SYNTH_ATOLS_0000165,1018.87,711.0,SYNTH_ATOLSSINK_0000165,0.0,307.87,1,0,ato_lowandslow_exfiltration,1
274,PAYMENT,315.6,SYNTH_ATOLS_0000165,711.0,395.4,SYNTH_ATOLSSINK_0000165,0.0,315.6,1,0,ato_lowandslow_exfiltration,1
289,PAYMENT,267.27,SYNTH_ATOLS_0000165,395.4,128.13,SYNTH_ATOLSSINK_0000165,0.0,267.27,1,0,ato_lowandslow_exfiltration,1
303,PAYMENT,309.11,SYNTH_ATOLS_0000165,128.13,0.0,SYNTH_ATOLSSINK_0000165,0.0,309.11,1,0,ato_lowandslow_exfiltration,1
323,PAYMENT,297.0,SYNTH_ATOLS_0000166,10185.64,9888.64,SYNTH_ATOLSSINK_0000166,0.0,297.0,1,0,ato_lowandslow_exfiltration,1
363,PAYMENT,284.27,SYNTH_ATOLS_0000166,9888.64,9604.37,SYNTH_ATOLSSINK_0000166,0.0,284.27,1,0,ato_lowandslow_exfiltration,1
398,PAYMENT,282.34,SYNTH_ATOLS_0000166,9604.37,9322.03,SYNTH_ATOLSSINK_0000166,0.0,282.34,1,0,ato_lowandslow_exfiltration,1
435,PAYMENT,292.73,SYNTH_ATOLS_0000166,9322.03,9029.3,SYNTH_ATOLSSINK_0000166,0.0,292.73,1,0,ato_lowandslow_exfiltration,1
473,PAYMENT,292.05,SYNTH_ATOLS_0000166,9029.3,8737.25,SYNTH_ATOLSSINK_0000166,0.0,292.05,1,0,ato_lowandslow_exfiltration,1
508,PAYMENT,268.57,SYNTH_ATOLS_0000166,8737.25,8468.68,SYNTH_ATOLSSINK_0000166,0.0,268.57,1,0,ato_lowandslow_exfiltration,1
546,PAYMENT,279.06,SYNTH_ATOLS_0000166,8468.68,8189.62,SYNTH_ATOLSSINK_0000166,0.0,279.06,1,0,ato_lowandslow_exfiltration,1
131,PAYMENT,160.05,SYNTH_ATOLS_0000167,4746.57,4586.52,SYNTH_ATOLSSINK_0000167,0.0,160.05,1,0,ato_lowandslow_exfiltration,1
159,PAYMENT,158.74,SYNTH_ATOLS_0000167,4586.52,4427.78,SYNTH_ATOLSSINK_0000167,0.0,158.74,1,0,ato_lowandslow_exfiltration,1
184,PAYMENT,170.77,SYNTH_ATOLS_0000167,4427.78,4257.01,SYNTH_ATOLSSINK_0000167,0.0,170.77,1,0,ato_lowandslow_exfiltration,1
210,PAYMENT,159.69,SYNTH_ATOLS_0000167,4257.01,4097.32,SYNTH_ATOLSSINK_0000167,0.0,159.69,1,0,ato_lowandslow_exfiltration,1
236,PAYMENT,167.31,SYNTH_ATOLS_0000167,4097.32,3930.01,SYNTH_ATOLSSINK_0000167,0.0,167.31,1,0,ato_lowandslow_exfiltration,1
261,PAYMENT,168.56,SYNTH_ATOLS_0000167,3930.01,3761.45,SYNTH_ATOLSSINK_0000167,0.0,168.56,1,0,ato_lowandslow_exfiltration,1
287,PAYMENT,163.65,SYNTH_ATOLS_0000167,3761.45,3597.8,SYNTH_ATOLSSINK_0000167,0.0,163.65,1,0,ato_lowandslow_exfiltration,1
461,PAYMENT,213.78,SYNTH_ATOLS_0000168,11514.28,11300.5,SYNTH_ATOLSSINK_0000168,0.0,213.78,1,0,ato_lowandslow_exfiltration,1
489,PAYMENT,208.35,SYNTH_ATOLS_0000168,11300.5,11092.15,SYNTH_ATOLSSINK_0000168,0.0,208.35,1,0,ato_lowandslow_exfiltration,1
524,PAYMENT,207.27,SYNTH_ATOLS_0000168,11092.15,10884.88,SYNTH_ATOLSSINK_0000168,0.0,207.27,1,0,ato_lowandslow_exfiltration,1
557,PAYMENT,216.17,SYNTH_ATOLS_0000168,10884.88,10668.71,SYNTH_ATOLSSINK_0000168,0.0,216.17,1,0,ato_lowandslow_exfiltration,1
585,PAYMENT,207.28,SYNTH_ATOLS_0000168,10668.71,10461.43,SYNTH_ATOLSSINK_0000168,0.0,207.28,1,0,ato_lowandslow_exfiltration,1
303,PAYMENT,214.48,SYNTH_ATOLS_0000169,2204.74,1990.26,SYNTH_ATOLSSINK_0000169,0.0,214.48,1,0,ato_lowandslow_exfiltration,1
325,PAYMENT,231.76,SYNTH_ATOLS_0000169,1990.26,1758.5,SYNTH_ATOLSSINK_0000169,0.0,231.76,1,0,ato_lowandslow_exfiltration,1
339,PAYMENT,220.93,SYNTH_ATOLS_0000169,1758.5,1537.57,SYNTH_ATOLSSINK_0000169,0.0,220.93,1,0,ato_lowandslow_exfiltration,1
361,PAYMENT,216.45,SYNTH_ATOLS_0000169,1537.57,1321.12,SYNTH_ATOLSSINK_0000169,0.0,216.45,1,0,ato_lowandslow_exfiltration,1
378,PAYMENT,232.43,SYNTH_ATOLS_0000169,1321.12,1088.69,SYNTH_ATOLSSINK_0000169,0.0,232.43,1,0,ato_lowandslow_exfiltration,1
393,PAYMENT,210.36,SYNTH_ATOLS_0000169,1088.69,878.33,SYNTH_ATOLSSINK_0000169,0.0,210.36,1,0,ato_lowandslow_exfiltration,1
411,PAYMENT,212.65,SYNTH_ATOLS_0000169,878.33,665.68,SYNTH_ATOLSSINK_0000169,0.0,212.65,1,0,ato_lowandslow_exfiltration,1
260,PAYMENT,227.6,SYNTH_ATOLS_0000170,2753.77,2526.17,SYNTH_ATOLSSINK_0000170,0.0,227.6,1,0,ato_lowandslow_exfiltration,1
282,PAYMENT,269.23,SYNTH_ATOLS_0000170,2526.17,2256.94,SYNTH_ATOLSSINK_0000170,0.0,269.23,1,0,ato_lowandslow_exfiltration,1
308,PAYMENT,267.62,SYNTH_ATOLS_0000170,2256.94,1989.32,SYNTH_ATOLSSINK_0000170,0.0,267.62,1,0,ato_lowandslow_exfiltration,1
331,PAYMENT,245.64,SYNTH_ATOLS_0000170,1989.32,1743.68,SYNTH_ATOLSSINK_0000170,0.0,245.64,1,0,ato_lowandslow_exfiltration,1
448,PAYMENT,378.49,SYNTH_ATOLS_0000171,9348.57,8970.08,SYNTH_ATOLSSINK_0000171,0.0,378.49,1,0,ato_lowandslow_exfiltration,1
475,PAYMENT,387.71,SYNTH_ATOLS_0000171,8970.08,8582.37,SYNTH_ATOLSSINK_0000171,0.0,387.71,1,0,ato_lowandslow_exfiltration,1
498,PAYMENT,378.37,SYNTH_ATOLS_0000171,8582.37,8204.0,SYNTH_ATOLSSINK_0000171,0.0,378.37,1,0,ato_lowandslow_exfiltration,1
523,PAYMENT,351.69,SYNTH_ATOLS_0000171,8204.0,7852.31,SYNTH_ATOLSSINK_0000171,0.0,351.69,1,0,ato_lowandslow_exfiltration,1
138,PAYMENT,247.86,SYNTH_ATOLS_0000172,4593.78,4345.92,SYNTH_ATOLSSINK_0000172,0.0,247.86,1,0,ato_lowandslow_exfiltration,1
178,PAYMENT,243.9,SYNTH_ATOLS_0000172,4345.92,4102.02,SYNTH_ATOLSSINK_0000172,0.0,243.9,1,0,ato_lowandslow_exfiltration,1
215,PAYMENT,248.18,SYNTH_ATOLS_0000172,4102.02,3853.84,SYNTH_ATOLSSINK_0000172,0.0,248.18,1,0,ato_lowandslow_exfiltration,1
249,PAYMENT,236.08,SYNTH_ATOLS_0000172,3853.84,3617.76,SYNTH_ATOLSSINK_0000172,0.0,236.08,1,0,ato_lowandslow_exfiltration,1
287,PAYMENT,230.58,SYNTH_ATOLS_0000172,3617.76,3387.18,SYNTH_ATOLSSINK_0000172,0.0,230.58,1,0,ato_lowandslow_exfiltration,1
326,PAYMENT,207.01,SYNTH_ATOLS_0000172,3387.18,3180.17,SYNTH_ATOLSSINK_0000172,0.0,207.01,1,0,ato_lowandslow_exfiltration,1
361,PAYMENT,222.28,SYNTH_ATOLS_0000172,3180.17,2957.89,SYNTH_ATOLSSINK_0000172,0.0,222.28,1,0,ato_lowandslow_exfiltration,1
387,PAYMENT,433.91,SYNTH_ATOLS_0000173,1976.3,1542.39,SYNTH_ATOLSSINK_0000173,0.0,433.91,1,0,ato_lowandslow_exfiltration,1
407,PAYMENT,386.45,SYNTH_ATOLS_0000173,1542.39,1155.94,SYNTH_ATOLSSINK_0000173,0.0,386.45,1,0,ato_lowandslow_exfiltration,1
428,PAYMENT,402.9,SYNTH_ATOLS_0000173,1155.94,753.04,SYNTH_ATOLSSINK_0000173,0.0,402.9,1,0,ato_lowandslow_exfiltration,1
446,PAYMENT,402.16,SYNTH_ATOLS_0000173,753.04,350.88,SYNTH_ATOLSSINK_0000173,0.0,402.16,1,0,ato_lowandslow_exfiltration,1
466,PAYMENT,392.74,SYNTH_ATOLS_0000173,350.88,0.0,SYNTH_ATOLSSINK_0000173,0.0,392.74,1,0,ato_lowandslow_exfiltration,1
485,PAYMENT,392.94,SYNTH_ATOLS_0000173,0.0,0.0,SYNTH_ATOLSSINK_0000173,0.0,392.94,1,0,ato_lowandslow_exfiltration,1
111,PAYMENT,164.17,SYNTH_ATOLS_0000174,3644.9,3480.73,SYNTH_ATOLSSINK_0000174,0.0,164.17,1,0,ato_lowandslow_exfiltration,1
149,PAYMENT,153.65,SYNTH_ATOLS_0000174,3480.73,3327.08,SYNTH_ATOLSSINK_0000174,0.0,153.65,1,0,ato_lowandslow_exfiltration,1
187,PAYMENT,174.11,SYNTH_ATOLS_0000174,3327.08,3152.97,SYNTH_ATOLSSINK_0000174,0.0,174.11,1,0,ato_lowandslow_exfiltration,1
223,PAYMENT,175.21,SYNTH_ATOLS_0000174,3152.97,2977.76,SYNTH_ATOLSSINK_0000174,0.0,175.21,1,0,ato_lowandslow_exfiltration,1
259,PAYMENT,171.36,SYNTH_ATOLS_0000174,2977.76,2806.4,SYNTH_ATOLSSINK_0000174,0.0,171.36,1,0,ato_lowandslow_exfiltration,1
297,PAYMENT,164.02,SYNTH_ATOLS_0000174,2806.4,2642.38,SYNTH_ATOLSSINK_0000174,0.0,164.02,1,0,ato_lowandslow_exfiltration,1
334,PAYMENT,159.84,SYNTH_ATOLS_0000174,2642.38,2482.54,SYNTH_ATOLSSINK_0000174,0.0,159.84,1,0,ato_lowandslow_exfiltration,1
323,PAYMENT,192.76,SYNTH_ATOLS_0000175,12087.12,11894.36,SYNTH_ATOLSSINK_0000175,0.0,192.76,1,0,ato_lowandslow_exfiltration,1
359,PAYMENT,217.66,SYNTH_ATOLS_0000175,11894.36,11676.7,SYNTH_ATOLSSINK_0000175,0.0,217.66,1,0,ato_lowandslow_exfiltration,1
395,PAYMENT,223.98,SYNTH_ATOLS_0000175,11676.7,11452.72,SYNTH_ATOLSSINK_0000175,0.0,223.98,1,0,ato_lowandslow_exfiltration,1
434,PAYMENT,229.7,SYNTH_ATOLS_0000175,11452.72,11223.02,SYNTH_ATOLSSINK_0000175,0.0,229.7,1,0,ato_lowandslow_exfiltration,1
472,PAYMENT,208.09,SYNTH_ATOLS_0000175,11223.02,11014.93,SYNTH_ATOLSSINK_0000175,0.0,208.09,1,0,ato_lowandslow_exfiltration,1
508,PAYMENT,201.27,SYNTH_ATOLS_0000175,11014.93,10813.66,SYNTH_ATOLSSINK_0000175,0.0,201.27,1,0,ato_lowandslow_exfiltration,1
431,PAYMENT,227.32,SYNTH_ATOLS_0000176,3459.54,3232.22,SYNTH_ATOLSSINK_0000176,0.0,227.32,1,0,ato_lowandslow_exfiltration,1
451,PAYMENT,224.63,SYNTH_ATOLS_0000176,3232.22,3007.59,SYNTH_ATOLSSINK_0000176,0.0,224.63,1,0,ato_lowandslow_exfiltration,1
472,PAYMENT,261.89,SYNTH_ATOLS_0000176,3007.59,2745.7,SYNTH_ATOLSSINK_0000176,0.0,261.89,1,0,ato_lowandslow_exfiltration,1
497,PAYMENT,217.85,SYNTH_ATOLS_0000176,2745.7,2527.85,SYNTH_ATOLSSINK_0000176,0.0,217.85,1,0,ato_lowandslow_exfiltration,1
517,PAYMENT,262.91,SYNTH_ATOLS_0000176,2527.85,2264.94,SYNTH_ATOLSSINK_0000176,0.0,262.91,1,0,ato_lowandslow_exfiltration,1
538,PAYMENT,234.56,SYNTH_ATOLS_0000176,2264.94,2030.38,SYNTH_ATOLSSINK_0000176,0.0,234.56,1,0,ato_lowandslow_exfiltration,1
186,PAYMENT,232.43,SYNTH_ATOLS_0000177,7373.76,7141.33,SYNTH_ATOLSSINK_0000177,0.0,232.43,1,0,ato_lowandslow_exfiltration,1
223,PAYMENT,235.23,SYNTH_ATOLS_0000177,7141.33,6906.1,SYNTH_ATOLSSINK_0000177,0.0,235.23,1,0,ato_lowandslow_exfiltration,1
258,PAYMENT,215.81,SYNTH_ATOLS_0000177,6906.1,6690.29,SYNTH_ATOLSSINK_0000177,0.0,215.81,1,0,ato_lowandslow_exfiltration,1
290,PAYMENT,232.51,SYNTH_ATOLS_0000177,6690.29,6457.78,SYNTH_ATOLSSINK_0000177,0.0,232.51,1,0,ato_lowandslow_exfiltration,1
327,PAYMENT,228.94,SYNTH_ATOLS_0000177,6457.78,6228.84,SYNTH_ATOLSSINK_0000177,0.0,228.94,1,0,ato_lowandslow_exfiltration,1
359,PAYMENT,232.19,SYNTH_ATOLS_0000177,6228.84,5996.65,SYNTH_ATOLSSINK_0000177,0.0,232.19,1,0,ato_lowandslow_exfiltration,1
200,PAYMENT,240.1,SYNTH_ATOLS_0000178,4088.28,3848.18,SYNTH_ATOLSSINK_0000178,0.0,240.1,1,0,ato_lowandslow_exfiltration,1
235,PAYMENT,247.48,SYNTH_ATOLS_0000178,3848.18,3600.7,SYNTH_ATOLSSINK_0000178,0.0,247.48,1,0,ato_lowandslow_exfiltration,1
276,PAYMENT,231.88,SYNTH_ATOLS_0000178,3600.7,3368.82,SYNTH_ATOLSSINK_0000178,0.0,231.88,1,0,ato_lowandslow_exfiltration,1
313,PAYMENT,236.05,SYNTH_ATOLS_0000178,3368.82,3132.77,SYNTH_ATOLSSINK_0000178,0.0,236.05,1,0,ato_lowandslow_exfiltration,1
350,PAYMENT,220.04,SYNTH_ATOLS_0000178,3132.77,2912.73,SYNTH_ATOLSSINK_0000178,0.0,220.04,1,0,ato_lowandslow_exfiltration,1
389,PAYMENT,224.36,SYNTH_ATOLS_0000178,2912.73,2688.37,SYNTH_ATOLSSINK_0000178,0.0,224.36,1,0,ato_lowandslow_exfiltration,1
668,PAYMENT,216.7,SYNTH_ATOLS_0000179,12431.23,12214.53,SYNTH_ATOLSSINK_0000179,0.0,216.7,1,0,ato_lowandslow_exfiltration,1
686,PAYMENT,221.95,SYNTH_ATOLS_0000179,12214.53,11992.58,SYNTH_ATOLSSINK_0000179,0.0,221.95,1,0,ato_lowandslow_exfiltration,1
702,PAYMENT,222.37,SYNTH_ATOLS_0000179,11992.58,11770.21,SYNTH_ATOLSSINK_0000179,0.0,222.37,1,0,ato_lowandslow_exfiltration,1
719,PAYMENT,230.86,SYNTH_ATOLS_0000179,11770.21,11539.35,SYNTH_ATOLSSINK_0000179,0.0,230.86,1,0,ato_lowandslow_exfiltration,1
733,PAYMENT,195.09,SYNTH_ATOLS_0000179,11539.35,11344.26,SYNTH_ATOLSSINK_0000179,0.0,195.09,1,0,ato_lowandslow_exfiltration,1
748,PAYMENT,203.76,SYNTH_ATOLS_0000179,11344.26,11140.5,SYNTH_ATOLSSINK_0000179,0.0,203.76,1,0,ato_lowandslow_exfiltration,1
766,PAYMENT,213.29,SYNTH_ATOLS_0000179,11140.5,10927.21,SYNTH_ATOLSSINK_0000179,0.0,213.29,1,0,ato_lowandslow_exfiltration,1
599,PAYMENT,475.83,SYNTH_ATOLS_0000180,4194.78,3718.95,SYNTH_ATOLSSINK_0000180,0.0,475.83,1,0,ato_lowandslow_exfiltration,1
626,PAYMENT,475.08,SYNTH_ATOLS_0000180,3718.95,3243.87,SYNTH_ATOLSSINK_0000180,0.0,475.08,1,0,ato_lowandslow_exfiltration,1
655,PAYMENT,491.03,SYNTH_ATOLS_0000180,3243.87,2752.84,SYNTH_ATOLSSINK_0000180,0.0,491.03,1,0,ato_lowandslow_exfiltration,1
681,PAYMENT,498.01,SYNTH_ATOLS_0000180,2752.84,2254.83,SYNTH_ATOLSSINK_0000180,0.0,498.01,1,0,ato_lowandslow_exfiltration,1
711,PAYMENT,420.78,SYNTH_ATOLS_0000180,2254.83,1834.05,SYNTH_ATOLSSINK_0000180,0.0,420.78,1,0,ato_lowandslow_exfiltration,1
738,PAYMENT,475.23,SYNTH_ATOLS_0000180,1834.05,1358.82,SYNTH_ATOLSSINK_0000180,0.0,475.23,1,0,ato_lowandslow_exfiltration,1
635,PAYMENT,237.19,SYNTH_ATOLS_0000181,1707.4,1470.21,SYNTH_ATOLSSINK_0000181,0.0,237.19,1,0,ato_lowandslow_exfiltration,1
661,PAYMENT,205.03,SYNTH_ATOLS_0000181,1470.21,1265.18,SYNTH_ATOLSSINK_0000181,0.0,205.03,1,0,ato_lowandslow_exfiltration,1
688,PAYMENT,222.6,SYNTH_ATOLS_0000181,1265.18,1042.58,SYNTH_ATOLSSINK_0000181,0.0,222.6,1,0,ato_lowandslow_exfiltration,1
713,PAYMENT,201.53,SYNTH_ATOLS_0000181,1042.58,841.05,SYNTH_ATOLSSINK_0000181,0.0,201.53,1,0,ato_lowandslow_exfiltration,1
405,PAYMENT,263.18,SYNTH_ATOLS_0000182,3987.45,3724.27,SYNTH_ATOLSSINK_0000182,0.0,263.18,1,0,ato_lowandslow_exfiltration,1
431,PAYMENT,236.98,SYNTH_ATOLS_0000182,3724.27,3487.29,SYNTH_ATOLSSINK_0000182,0.0,236.98,1,0,ato_lowandslow_exfiltration,1
460,PAYMENT,272.04,SYNTH_ATOLS_0000182,3487.29,3215.25,SYNTH_ATOLSSINK_0000182,0.0,272.04,1,0,ato_lowandslow_exfiltration,1
490,PAYMENT,225.93,SYNTH_ATOLS_0000182,3215.25,2989.32,SYNTH_ATOLSSINK_0000182,0.0,225.93,1,0,ato_lowandslow_exfiltration,1
521,PAYMENT,265.53,SYNTH_ATOLS_0000182,2989.32,2723.79,SYNTH_ATOLSSINK_0000182,0.0,265.53,1,0,ato_lowandslow_exfiltration,1
546,PAYMENT,263.8,SYNTH_ATOLS_0000182,2723.79,2459.99,SYNTH_ATOLSSINK_0000182,0.0,263.8,1,0,ato_lowandslow_exfiltration,1
578,PAYMENT,259.76,SYNTH_ATOLS_0000182,2459.99,2200.23,SYNTH_ATOLSSINK_0000182,0.0,259.76,1,0,ato_lowandslow_exfiltration,1
227,PAYMENT,317.0,SYNTH_ATOLS_0000183,3724.93,3407.93,SYNTH_ATOLSSINK_0000183,0.0,317.0,1,0,ato_lowandslow_exfiltration,1
257,PAYMENT,315.05,SYNTH_ATOLS_0000183,3407.93,3092.88,SYNTH_ATOLSSINK_0000183,0.0,315.05,1,0,ato_lowandslow_exfiltration,1
282,PAYMENT,278.43,SYNTH_ATOLS_0000183,3092.88,2814.45,SYNTH_ATOLSSINK_0000183,0.0,278.43,1,0,ato_lowandslow_exfiltration,1
315,PAYMENT,281.68,SYNTH_ATOLS_0000183,2814.45,2532.77,SYNTH_ATOLSSINK_0000183,0.0,281.68,1,0,ato_lowandslow_exfiltration,1
340,PAYMENT,294.03,SYNTH_ATOLS_0000183,2532.77,2238.74,SYNTH_ATOLSSINK_0000183,0.0,294.03,1,0,ato_lowandslow_exfiltration,1
370,PAYMENT,334.16,SYNTH_ATOLS_0000183,2238.74,1904.58,SYNTH_ATOLSSINK_0000183,0.0,334.16,1,0,ato_lowandslow_exfiltration,1
400,PAYMENT,327.36,SYNTH_ATOLS_0000183,1904.58,1577.22,SYNTH_ATOLSSINK_0000183,0.0,327.36,1,0,ato_lowandslow_exfiltration,1
363,PAYMENT,352.49,SYNTH_ATOLS_0000184,9929.52,9577.03,SYNTH_ATOLSSINK_0000184,0.0,352.49,1,0,ato_lowandslow_exfiltration,1
400,PAYMENT,363.21,SYNTH_ATOLS_0000184,9577.03,9213.82,SYNTH_ATOLSSINK_0000184,0.0,363.21,1,0,ato_lowandslow_exfiltration,1
432,PAYMENT,342.84,SYNTH_ATOLS_0000184,9213.82,8870.98,SYNTH_ATOLSSINK_0000184,0.0,342.84,1,0,ato_lowandslow_exfiltration,1
469,PAYMENT,362.45,SYNTH_ATOLS_0000184,8870.98,8508.53,SYNTH_ATOLSSINK_0000184,0.0,362.45,1,0,ato_lowandslow_exfiltration,1
75,PAYMENT,174.89,SYNTH_ATOLS_0000185,4957.39,4782.5,SYNTH_ATOLSSINK_0000185,0.0,174.89,1,0,ato_lowandslow_exfiltration,1
99,PAYMENT,190.48,SYNTH_ATOLS_0000185,4782.5,4592.02,SYNTH_ATOLSSINK_0000185,0.0,190.48,1,0,ato_lowandslow_exfiltration,1
126,PAYMENT,156.71,SYNTH_ATOLS_0000185,4592.02,4435.31,SYNTH_ATOLSSINK_0000185,0.0,156.71,1,0,ato_lowandslow_exfiltration,1
154,PAYMENT,164.98,SYNTH_ATOLS_0000185,4435.31,4270.33,SYNTH_ATOLSSINK_0000185,0.0,164.98,1,0,ato_lowandslow_exfiltration,1
179,PAYMENT,190.17,SYNTH_ATOLS_0000185,4270.33,4080.16,SYNTH_ATOLSSINK_0000185,0.0,190.17,1,0,ato_lowandslow_exfiltration,1
204,PAYMENT,157.47,SYNTH_ATOLS_0000185,4080.16,3922.69,SYNTH_ATOLSSINK_0000185,0.0,157.47,1,0,ato_lowandslow_exfiltration,1
476,PAYMENT,216.41,SYNTH_ATOLS_0000186,782.33,565.92,SYNTH_ATOLSSINK_0000186,0.0,216.41,1,0,ato_lowandslow_exfiltration,1
489,PAYMENT,205.81,SYNTH_ATOLS_0000186,565.92,360.11,SYNTH_ATOLSSINK_0000186,0.0,205.81,1,0,ato_lowandslow_exfiltration,1
503,PAYMENT,224.68,SYNTH_ATOLS_0000186,360.11,135.43,SYNTH_ATOLSSINK_0000186,0.0,224.68,1,0,ato_lowandslow_exfiltration,1
519,PAYMENT,212.55,SYNTH_ATOLS_0000186,135.43,0.0,SYNTH_ATOLSSINK_0000186,0.0,212.55,1,0,ato_lowandslow_exfiltration,1
536,PAYMENT,228.7,SYNTH_ATOLS_0000186,0.0,0.0,SYNTH_ATOLSSINK_0000186,0.0,228.7,1,0,ato_lowandslow_exfiltration,1
551,PAYMENT,201.36,SYNTH_ATOLS_0000186,0.0,0.0,SYNTH_ATOLSSINK_0000186,0.0,201.36,1,0,ato_lowandslow_exfiltration,1
270,PAYMENT,411.35,SYNTH_ATOLS_0000187,6548.35,6137.0,SYNTH_ATOLSSINK_0000187,0.0,411.35,1,0,ato_lowandslow_exfiltration,1
290,PAYMENT,420.39,SYNTH_ATOLS_0000187,6137.0,5716.61,SYNTH_ATOLSSINK_0000187,0.0,420.39,1,0,ato_lowandslow_exfiltration,1
311,PAYMENT,432.3,SYNTH_ATOLS_0000187,5716.61,5284.31,SYNTH_ATOLSSINK_0000187,0.0,432.3,1,0,ato_lowandslow_exfiltration,1
334,PAYMENT,414.1,SYNTH_ATOLS_0000187,5284.31,4870.21,SYNTH_ATOLSSINK_0000187,0.0,414.1,1,0,ato_lowandslow_exfiltration,1
352,PAYMENT,376.96,SYNTH_ATOLS_0000187,4870.21,4493.25,SYNTH_ATOLSSINK_0000187,0.0,376.96,1,0,ato_lowandslow_exfiltration,1
370,PAYMENT,379.74,SYNTH_ATOLS_0000187,4493.25,4113.51,SYNTH_ATOLSSINK_0000187,0.0,379.74,1,0,ato_lowandslow_exfiltration,1
160,PAYMENT,339.72,SYNTH_ATOLS_0000188,9850.53,9510.81,SYNTH_ATOLSSINK_0000188,0.0,339.72,1,0,ato_lowandslow_exfiltration,1
198,PAYMENT,371.57,SYNTH_ATOLS_0000188,9510.81,9139.24,SYNTH_ATOLSSINK_0000188,0.0,371.57,1,0,ato_lowandslow_exfiltration,1
238,PAYMENT,320.14,SYNTH_ATOLS_0000188,9139.24,8819.1,SYNTH_ATOLSSINK_0000188,0.0,320.14,1,0,ato_lowandslow_exfiltration,1
276,PAYMENT,334.25,SYNTH_ATOLS_0000188,8819.1,8484.85,SYNTH_ATOLSSINK_0000188,0.0,334.25,1,0,ato_lowandslow_exfiltration,1
342,PAYMENT,258.02,SYNTH_ATOLS_0000189,4279.18,4021.16,SYNTH_ATOLSSINK_0000189,0.0,258.02,1,0,ato_lowandslow_exfiltration,1
361,PAYMENT,237.03,SYNTH_ATOLS_0000189,4021.16,3784.13,SYNTH_ATOLSSINK_0000189,0.0,237.03,1,0,ato_lowandslow_exfiltration,1
377,PAYMENT,229.01,SYNTH_ATOLS_0000189,3784.13,3555.12,SYNTH_ATOLSSINK_0000189,0.0,229.01,1,0,ato_lowandslow_exfiltration,1
396,PAYMENT,231.52,SYNTH_ATOLS_0000189,3555.12,3323.6,SYNTH_ATOLSSINK_0000189,0.0,231.52,1,0,ato_lowandslow_exfiltration,1
620,PAYMENT,324.9,SYNTH_ATOLS_0000190,3925.74,3600.84,SYNTH_ATOLSSINK_0000190,0.0,324.9,1,0,ato_lowandslow_exfiltration,1
647,PAYMENT,340.62,SYNTH_ATOLS_0000190,3600.84,3260.22,SYNTH_ATOLSSINK_0000190,0.0,340.62,1,0,ato_lowandslow_exfiltration,1
671,PAYMENT,311.05,SYNTH_ATOLS_0000190,3260.22,2949.17,SYNTH_ATOLSSINK_0000190,0.0,311.05,1,0,ato_lowandslow_exfiltration,1
693,PAYMENT,331.68,SYNTH_ATOLS_0000190,2949.17,2617.49,SYNTH_ATOLSSINK_0000190,0.0,331.68,1,0,ato_lowandslow_exfiltration,1
717,PAYMENT,349.28,SYNTH_ATOLS_0000190,2617.49,2268.21,SYNTH_ATOLSSINK_0000190,0.0,349.28,1,0,ato_lowandslow_exfiltration,1
616,PAYMENT,167.66,SYNTH_ATOLS_0000191,3165.7,2998.04,SYNTH_ATOLSSINK_0000191,0.0,167.66,1,0,ato_lowandslow_exfiltration,1
643,PAYMENT,168.6,SYNTH_ATOLS_0000191,2998.04,2829.44,SYNTH_ATOLSSINK_0000191,0.0,168.6,1,0,ato_lowandslow_exfiltration,1
671,PAYMENT,148.68,SYNTH_ATOLS_0000191,2829.44,2680.76,SYNTH_ATOLSSINK_0000191,0.0,148.68,1,0,ato_lowandslow_exfiltration,1
697,PAYMENT,162.09,SYNTH_ATOLS_0000191,2680.76,2518.67,SYNTH_ATOLSSINK_0000191,0.0,162.09,1,0,ato_lowandslow_exfiltration,1
723,PAYMENT,165.66,SYNTH_ATOLS_0000191,2518.67,2353.01,SYNTH_ATOLSSINK_0000191,0.0,165.66,1,0,ato_lowandslow_exfiltration,1
596,PAYMENT,207.84,SYNTH_ATOLS_0000192,17728.07,17520.23,SYNTH_ATOLSSINK_0000192,0.0,207.84,1,0,ato_lowandslow_exfiltration,1
619,PAYMENT,215.84,SYNTH_ATOLS_0000192,17520.23,17304.39,SYNTH_ATOLSSINK_0000192,0.0,215.84,1,0,ato_lowandslow_exfiltration,1
636,PAYMENT,212.04,SYNTH_ATOLS_0000192,17304.39,17092.35,SYNTH_ATOLSSINK_0000192,0.0,212.04,1,0,ato_lowandslow_exfiltration,1
658,PAYMENT,203.95,SYNTH_ATOLS_0000192,17092.35,16888.4,SYNTH_ATOLSSINK_0000192,0.0,203.95,1,0,ato_lowandslow_exfiltration,1
429,PAYMENT,151.9,SYNTH_ATOLS_0000193,9204.97,9053.07,SYNTH_ATOLSSINK_0000193,0.0,151.9,1,0,ato_lowandslow_exfiltration,1
450,PAYMENT,145.71,SYNTH_ATOLS_0000193,9053.07,8907.36,SYNTH_ATOLSSINK_0000193,0.0,145.71,1,0,ato_lowandslow_exfiltration,1
472,PAYMENT,152.36,SYNTH_ATOLS_0000193,8907.36,8755.0,SYNTH_ATOLSSINK_0000193,0.0,152.36,1,0,ato_lowandslow_exfiltration,1
494,PAYMENT,164.2,SYNTH_ATOLS_0000193,8755.0,8590.8,SYNTH_ATOLSSINK_0000193,0.0,164.2,1,0,ato_lowandslow_exfiltration,1
517,PAYMENT,161.87,SYNTH_ATOLS_0000193,8590.8,8428.93,SYNTH_ATOLSSINK_0000193,0.0,161.87,1,0,ato_lowandslow_exfiltration,1
632,PAYMENT,254.91,SYNTH_ATOLS_0000194,3779.41,3524.5,SYNTH_ATOLSSINK_0000194,0.0,254.91,1,0,ato_lowandslow_exfiltration,1
670,PAYMENT,268.85,SYNTH_ATOLS_0000194,3524.5,3255.65,SYNTH_ATOLSSINK_0000194,0.0,268.85,1,0,ato_lowandslow_exfiltration,1
710,PAYMENT,247.38,SYNTH_ATOLS_0000194,3255.65,3008.27,SYNTH_ATOLSSINK_0000194,0.0,247.38,1,0,ato_lowandslow_exfiltration,1
748,PAYMENT,262.95,SYNTH_ATOLS_0000194,3008.27,2745.32,SYNTH_ATOLSSINK_0000194,0.0,262.95,1,0,ato_lowandslow_exfiltration,1
783,PAYMENT,261.02,SYNTH_ATOLS_0000194,2745.32,2484.3,SYNTH_ATOLSSINK_0000194,0.0,261.02,1,0,ato_lowandslow_exfiltration,1
352,PAYMENT,244.24,SYNTH_ATOLS_0000195,15887.56,15643.32,SYNTH_ATOLSSINK_0000195,0.0,244.24,1,0,ato_lowandslow_exfiltration,1
376,PAYMENT,245.58,SYNTH_ATOLS_0000195,15643.32,15397.74,SYNTH_ATOLSSINK_0000195,0.0,245.58,1,0,ato_lowandslow_exfiltration,1
400,PAYMENT,252.8,SYNTH_ATOLS_0000195,15397.74,15144.94,SYNTH_ATOLSSINK_0000195,0.0,252.8,1,0,ato_lowandslow_exfiltration,1
424,PAYMENT,244.94,SYNTH_ATOLS_0000195,15144.94,14900.0,SYNTH_ATOLSSINK_0000195,0.0,244.94,1,0,ato_lowandslow_exfiltration,1
446,PAYMENT,252.38,SYNTH_ATOLS_0000195,14900.0,14647.62,SYNTH_ATOLSSINK_0000195,0.0,252.38,1,0,ato_lowandslow_exfiltration,1
471,PAYMENT,236.06,SYNTH_ATOLS_0000195,14647.62,14411.56,SYNTH_ATOLSSINK_0000195,0.0,236.06,1,0,ato_lowandslow_exfiltration,1
492,PAYMENT,250.94,SYNTH_ATOLS_0000195,14411.56,14160.62,SYNTH_ATOLSSINK_0000195,0.0,250.94,1,0,ato_lowandslow_exfiltration,1
170,PAYMENT,183.58,SYNTH_ATOLS_0000196,13819.75,13636.17,SYNTH_ATOLSSINK_0000196,0.0,183.58,1,0,ato_lowandslow_exfiltration,1
199,PAYMENT,194.06,SYNTH_ATOLS_0000196,13636.17,13442.11,SYNTH_ATOLSSINK_0000196,0.0,194.06,1,0,ato_lowandslow_exfiltration,1
230,PAYMENT,207.6,SYNTH_ATOLS_0000196,13442.11,13234.51,SYNTH_ATOLSSINK_0000196,0.0,207.6,1,0,ato_lowandslow_exfiltration,1
259,PAYMENT,181.16,SYNTH_ATOLS_0000196,13234.51,13053.35,SYNTH_ATOLSSINK_0000196,0.0,181.16,1,0,ato_lowandslow_exfiltration,1
289,PAYMENT,205.97,SYNTH_ATOLS_0000196,13053.35,12847.38,SYNTH_ATOLSSINK_0000196,0.0,205.97,1,0,ato_lowandslow_exfiltration,1
334,PAYMENT,263.59,SYNTH_ATOLS_0000197,2437.72,2174.13,SYNTH_ATOLSSINK_0000197,0.0,263.59,1,0,ato_lowandslow_exfiltration,1
360,PAYMENT,286.56,SYNTH_ATOLS_0000197,2174.13,1887.57,SYNTH_ATOLSSINK_0000197,0.0,286.56,1,0,ato_lowandslow_exfiltration,1
384,PAYMENT,264.63,SYNTH_ATOLS_0000197,1887.57,1622.94,SYNTH_ATOLSSINK_0000197,0.0,264.63,1,0,ato_lowandslow_exfiltration,1
407,PAYMENT,273.27,SYNTH_ATOLS_0000197,1622.94,1349.67,SYNTH_ATOLSSINK_0000197,0.0,273.27,1,0,ato_lowandslow_exfiltration,1
282,PAYMENT,403.43,SYNTH_ATOLS_0000198,3758.57,3355.14,SYNTH_ATOLSSINK_0000198,0.0,403.43,1,0,ato_lowandslow_exfiltration,1
319,PAYMENT,402.19,SYNTH_ATOLS_0000198,3355.14,2952.95,SYNTH_ATOLSSINK_0000198,0.0,402.19,1,0,ato_lowandslow_exfiltration,1
353,PAYMENT,420.22,SYNTH_ATOLS_0000198,2952.95,2532.73,SYNTH_ATOLSSINK_0000198,0.0,420.22,1,0,ato_lowandslow_exfiltration,1
393,PAYMENT,390.03,SYNTH_ATOLS_0000198,2532.73,2142.7,SYNTH_ATOLSSINK_0000198,0.0,390.03,1,0,ato_lowandslow_exfiltration,1
428,PAYMENT,413.87,SYNTH_ATOLS_0000198,2142.7,1728.83,SYNTH_ATOLSSINK_0000198,0.0,413.87,1,0,ato_lowandslow_exfiltration,1
47,PAYMENT,283.45,SYNTH_ATOLS_0000199,7463.09,7179.64,SYNTH_ATOLSSINK_0000199,0.0,283.45,1,0,ato_lowandslow_exfiltration,1
75,PAYMENT,278.79,SYNTH_ATOLS_0000199,7179.64,6900.85,SYNTH_ATOLSSINK_0000199,0.0,278.79,1,0,ato_lowandslow_exfiltration,1
98,PAYMENT,243.94,SYNTH_ATOLS_0000199,6900.85,6656.91,SYNTH_ATOLSSINK_0000199,0.0,243.94,1,0,ato_lowandslow_exfiltration,1
127,PAYMENT,249.88,SYNTH_ATOLS_0000199,6656.91,6407.03,SYNTH_ATOLSSINK_0000199,0.0,249.88,1,0,ato_lowandslow_exfiltration,1
265,PAYMENT,194.44,SYNTH_ATOLS_0000200,3113.12,2918.68,SYNTH_ATOLSSINK_0000200,0.0,194.44,1,0,ato_lowandslow_exfiltration,1
294,PAYMENT,181.96,SYNTH_ATOLS_0000200,2918.68,2736.72,SYNTH_ATOLSSINK_0000200,0.0,181.96,1,0,ato_lowandslow_exfiltration,1
322,PAYMENT,183.68,SYNTH_ATOLS_0000200,2736.72,2553.04,SYNTH_ATOLSSINK_0000200,0.0,183.68,1,0,ato_lowandslow_exfiltration,1
354,PAYMENT,178.35,SYNTH_ATOLS_0000200,2553.04,2374.69,SYNTH_ATOLSSINK_0000200,0.0,178.35,1,0,ato_lowandslow_exfiltration,1
381,PAYMENT,174.69,SYNTH_ATOLS_0000200,2374.69,2200.0,SYNTH_ATOLSSINK_0000200,0.0,174.69,1,0,ato_lowandslow_exfiltration,1
410,PAYMENT,193.27,SYNTH_ATOLS_0000200,2200.0,2006.73,SYNTH_ATOLSSINK_0000200,0.0,193.27,1,0,ato_lowandslow_exfiltration,1
440,PAYMENT,178.74,SYNTH_ATOLS_0000200,2006.73,1827.99,SYNTH_ATOLSSINK_0000200,0.0,178.74,1,0,ato_lowandslow_exfiltration,1
371,PAYMENT,353.05,SYNTH_ATOLS_0000201,3028.22,2675.17,SYNTH_ATOLSSINK_0000201,0.0,353.05,1,0,ato_lowandslow_exfiltration,1
401,PAYMENT,396.82,SYNTH_ATOLS_0000201,2675.17,2278.35,SYNTH_ATOLSSINK_0000201,0.0,396.82,1,0,ato_lowandslow_exfiltration,1
425,PAYMENT,395.89,SYNTH_ATOLS_0000201,2278.35,1882.46,SYNTH_ATOLSSINK_0000201,0.0,395.89,1,0,ato_lowandslow_exfiltration,1
454,PAYMENT,369.31,SYNTH_ATOLS_0000201,1882.46,1513.15,SYNTH_ATOLSSINK_0000201,0.0,369.31,1,0,ato_lowandslow_exfiltration,1
483,PAYMENT,343.52,SYNTH_ATOLS_0000201,1513.15,1169.63,SYNTH_ATOLSSINK_0000201,0.0,343.52,1,0,ato_lowandslow_exfiltration,1
513,PAYMENT,389.33,SYNTH_ATOLS_0000201,1169.63,780.3,SYNTH_ATOLSSINK_0000201,0.0,389.33,1,0,ato_lowandslow_exfiltration,1
34,PAYMENT,231.76,SYNTH_ATOLS_0000202,4410.44,4178.68,SYNTH_ATOLSSINK_0000202,0.0,231.76,1,0,ato_lowandslow_exfiltration,1
59,PAYMENT,239.16,SYNTH_ATOLS_0000202,4178.68,3939.52,SYNTH_ATOLSSINK_0000202,0.0,239.16,1,0,ato_lowandslow_exfiltration,1
86,PAYMENT,233.36,SYNTH_ATOLS_0000202,3939.52,3706.16,SYNTH_ATOLSSINK_0000202,0.0,233.36,1,0,ato_lowandslow_exfiltration,1
110,PAYMENT,240.44,SYNTH_ATOLS_0000202,3706.16,3465.72,SYNTH_ATOLSSINK_0000202,0.0,240.44,1,0,ato_lowandslow_exfiltration,1
136,PAYMENT,206.65,SYNTH_ATOLS_0000202,3465.72,3259.07,SYNTH_ATOLSSINK_0000202,0.0,206.65,1,0,ato_lowandslow_exfiltration,1
160,PAYMENT,235.93,SYNTH_ATOLS_0000202,3259.07,3023.14,SYNTH_ATOLSSINK_0000202,0.0,235.93,1,0,ato_lowandslow_exfiltration,1
182,PAYMENT,216.01,SYNTH_ATOLS_0000202,3023.14,2807.13,SYNTH_ATOLSSINK_0000202,0.0,216.01,1,0,ato_lowandslow_exfiltration,1
139,PAYMENT,132.38,SYNTH_ATOLS_0000203,5348.96,5216.58,SYNTH_ATOLSSINK_0000203,0.0,132.38,1,0,ato_lowandslow_exfiltration,1
166,PAYMENT,118.16,SYNTH_ATOLS_0000203,5216.58,5098.42,SYNTH_ATOLSSINK_0000203,0.0,118.16,1,0,ato_lowandslow_exfiltration,1
189,PAYMENT,123.66,SYNTH_ATOLS_0000203,5098.42,4974.76,SYNTH_ATOLSSINK_0000203,0.0,123.66,1,0,ato_lowandslow_exfiltration,1
218,PAYMENT,120.39,SYNTH_ATOLS_0000203,4974.76,4854.37,SYNTH_ATOLSSINK_0000203,0.0,120.39,1,0,ato_lowandslow_exfiltration,1
272,PAYMENT,292.26,SYNTH_ATOLS_0000204,1663.29,1371.03,SYNTH_ATOLSSINK_0000204,0.0,292.26,1,0,ato_lowandslow_exfiltration,1
293,PAYMENT,302.34,SYNTH_ATOLS_0000204,1371.03,1068.69,SYNTH_ATOLSSINK_0000204,0.0,302.34,1,0,ato_lowandslow_exfiltration,1
307,PAYMENT,293.41,SYNTH_ATOLS_0000204,1068.69,775.28,SYNTH_ATOLSSINK_0000204,0.0,293.41,1,0,ato_lowandslow_exfiltration,1
324,PAYMENT,285.18,SYNTH_ATOLS_0000204,775.28,490.1,SYNTH_ATOLSSINK_0000204,0.0,285.18,1,0,ato_lowandslow_exfiltration,1
344,PAYMENT,290.15,SYNTH_ATOLS_0000204,490.1,199.95,SYNTH_ATOLSSINK_0000204,0.0,290.15,1,0,ato_lowandslow_exfiltration,1
359,PAYMENT,274.18,SYNTH_ATOLS_0000204,199.95,0.0,SYNTH_ATOLSSINK_0000204,0.0,274.18,1,0,ato_lowandslow_exfiltration,1
377,PAYMENT,304.52,SYNTH_ATOLS_0000204,0.0,0.0,SYNTH_ATOLSSINK_0000204,0.0,304.52,1,0,ato_lowandslow_exfiltration,1
255,PAYMENT,135.17,SYNTH_ATOLS_0000205,6287.58,6152.41,SYNTH_ATOLSSINK_0000205,0.0,135.17,1,0,ato_lowandslow_exfiltration,1
280,PAYMENT,128.73,SYNTH_ATOLS_0000205,6152.41,6023.68,SYNTH_ATOLSSINK_0000205,0.0,128.73,1,0,ato_lowandslow_exfiltration,1
304,PAYMENT,128.2,SYNTH_ATOLS_0000205,6023.68,5895.48,SYNTH_ATOLSSINK_0000205,0.0,128.2,1,0,ato_lowandslow_exfiltration,1
333,PAYMENT,130.67,SYNTH_ATOLS_0000205,5895.48,5764.81,SYNTH_ATOLSSINK_0000205,0.0,130.67,1,0,ato_lowandslow_exfiltration,1
260,PAYMENT,230.74,SYNTH_ATOLS_0000206,6014.49,5783.75,SYNTH_ATOLSSINK_0000206,0.0,230.74,1,0,ato_lowandslow_exfiltration,1
287,PAYMENT,238.37,SYNTH_ATOLS_0000206,5783.75,5545.38,SYNTH_ATOLSSINK_0000206,0.0,238.37,1,0,ato_lowandslow_exfiltration,1
319,PAYMENT,235.83,SYNTH_ATOLS_0000206,5545.38,5309.55,SYNTH_ATOLSSINK_0000206,0.0,235.83,1,0,ato_lowandslow_exfiltration,1
345,PAYMENT,200.22,SYNTH_ATOLS_0000206,5309.55,5109.33,SYNTH_ATOLSSINK_0000206,0.0,200.22,1,0,ato_lowandslow_exfiltration,1
371,PAYMENT,224.13,SYNTH_ATOLS_0000206,5109.33,4885.2,SYNTH_ATOLSSINK_0000206,0.0,224.13,1,0,ato_lowandslow_exfiltration,1
399,PAYMENT,213.42,SYNTH_ATOLS_0000206,4885.2,4671.78,SYNTH_ATOLSSINK_0000206,0.0,213.42,1,0,ato_lowandslow_exfiltration,1
440,PAYMENT,193.74,SYNTH_ATOLS_0000207,8095.79,7902.05,SYNTH_ATOLSSINK_0000207,0.0,193.74,1,0,ato_lowandslow_exfiltration,1
469,PAYMENT,169.46,SYNTH_ATOLS_0000207,7902.05,7732.59,SYNTH_ATOLSSINK_0000207,0.0,169.46,1,0,ato_lowandslow_exfiltration,1
500,PAYMENT,186.28,SYNTH_ATOLS_0000207,7732.59,7546.31,SYNTH_ATOLSSINK_0000207,0.0,186.28,1,0,ato_lowandslow_exfiltration,1
532,PAYMENT,174.93,SYNTH_ATOLS_0000207,7546.31,7371.38,SYNTH_ATOLSSINK_0000207,0.0,174.93,1,0,ato_lowandslow_exfiltration,1
561,PAYMENT,184.38,SYNTH_ATOLS_0000207,7371.38,7187.0,SYNTH_ATOLSSINK_0000207,0.0,184.38,1,0,ato_lowandslow_exfiltration,1
398,PAYMENT,152.15,SYNTH_ATOLS_0000208,4394.78,4242.63,SYNTH_ATOLSSINK_0000208,0.0,152.15,1,0,ato_lowandslow_exfiltration,1
417,PAYMENT,178.42,SYNTH_ATOLS_0000208,4242.63,4064.21,SYNTH_ATOLSSINK_0000208,0.0,178.42,1,0,ato_lowandslow_exfiltration,1
440,PAYMENT,173.98,SYNTH_ATOLS_0000208,4064.21,3890.23,SYNTH_ATOLSSINK_0000208,0.0,173.98,1,0,ato_lowandslow_exfiltration,1
456,PAYMENT,151.63,SYNTH_ATOLS_0000208,3890.23,3738.6,SYNTH_ATOLSSINK_0000208,0.0,151.63,1,0,ato_lowandslow_exfiltration,1
476,PAYMENT,153.94,SYNTH_ATOLS_0000208,3738.6,3584.66,SYNTH_ATOLSSINK_0000208,0.0,153.94,1,0,ato_lowandslow_exfiltration,1
494,PAYMENT,159.89,SYNTH_ATOLS_0000208,3584.66,3424.77,SYNTH_ATOLSSINK_0000208,0.0,159.89,1,0,ato_lowandslow_exfiltration,1
187,PAYMENT,162.14,SYNTH_ATOLS_0000209,2473.13,2310.99,SYNTH_ATOLSSINK_0000209,0.0,162.14,1,0,ato_lowandslow_exfiltration,1
221,PAYMENT,143.14,SYNTH_ATOLS_0000209,2310.99,2167.85,SYNTH_ATOLSSINK_0000209,0.0,143.14,1,0,ato_lowandslow_exfiltration,1
256,PAYMENT,160.77,SYNTH_ATOLS_0000209,2167.85,2007.08,SYNTH_ATOLSSINK_0000209,0.0,160.77,1,0,ato_lowandslow_exfiltration,1
289,PAYMENT,154.93,SYNTH_ATOLS_0000209,2007.08,1852.15,SYNTH_ATOLSSINK_0000209,0.0,154.93,1,0,ato_lowandslow_exfiltration,1
323,PAYMENT,168.14,SYNTH_ATOLS_0000209,1852.15,1684.01,SYNTH_ATOLSSINK_0000209,0.0,168.14,1,0,ato_lowandslow_exfiltration,1
526,PAYMENT,230.07,SYNTH_ATOLS_0000210,3094.85,2864.78,SYNTH_ATOLSSINK_0000210,0.0,230.07,1,0,ato_lowandslow_exfiltration,1
549,PAYMENT,212.99,SYNTH_ATOLS_0000210,2864.78,2651.79,SYNTH_ATOLSSINK_0000210,0.0,212.99,1,0,ato_lowandslow_exfiltration,1
577,PAYMENT,212.65,SYNTH_ATOLS_0000210,2651.79,2439.14,SYNTH_ATOLSSINK_0000210,0.0,212.65,1,0,ato_lowandslow_exfiltration,1
602,PAYMENT,213.33,SYNTH_ATOLS_0000210,2439.14,2225.81,SYNTH_ATOLSSINK_0000210,0.0,213.33,1,0,ato_lowandslow_exfiltration,1
628,PAYMENT,222.71,SYNTH_ATOLS_0000210,2225.81,2003.1,SYNTH_ATOLSSINK_0000210,0.0,222.71,1,0,ato_lowandslow_exfiltration,1
654,PAYMENT,203.32,SYNTH_ATOLS_0000210,2003.1,1799.78,SYNTH_ATOLSSINK_0000210,0.0,203.32,1,0,ato_lowandslow_exfiltration,1
679,PAYMENT,233.65,SYNTH_ATOLS_0000210,1799.78,1566.13,SYNTH_ATOLSSINK_0000210,0.0,233.65,1,0,ato_lowandslow_exfiltration,1
216,PAYMENT,158.28,SYNTH_ATOLS_0000211,8479.76,8321.48,SYNTH_ATOLSSINK_0000211,0.0,158.28,1,0,ato_lowandslow_exfiltration,1
251,PAYMENT,175.66,SYNTH_ATOLS_0000211,8321.48,8145.82,SYNTH_ATOLSSINK_0000211,0.0,175.66,1,0,ato_lowandslow_exfiltration,1
281,PAYMENT,156.87,SYNTH_ATOLS_0000211,8145.82,7988.95,SYNTH_ATOLSSINK_0000211,0.0,156.87,1,0,ato_lowandslow_exfiltration,1
310,PAYMENT,176.88,SYNTH_ATOLS_0000211,7988.95,7812.07,SYNTH_ATOLSSINK_0000211,0.0,176.88,1,0,ato_lowandslow_exfiltration,1
342,PAYMENT,154.52,SYNTH_ATOLS_0000211,7812.07,7657.55,SYNTH_ATOLSSINK_0000211,0.0,154.52,1,0,ato_lowandslow_exfiltration,1
373,PAYMENT,159.36,SYNTH_ATOLS_0000211,7657.55,7498.19,SYNTH_ATOLSSINK_0000211,0.0,159.36,1,0,ato_lowandslow_exfiltration,1
403,PAYMENT,174.22,SYNTH_ATOLS_0000211,7498.19,7323.97,SYNTH_ATOLSSINK_0000211,0.0,174.22,1,0,ato_lowandslow_exfiltration,1
385,PAYMENT,324.8,SYNTH_ATOLS_0000212,5715.24,5390.44,SYNTH_ATOLSSINK_0000212,0.0,324.8,1,0,ato_lowandslow_exfiltration,1
407,PAYMENT,292.58,SYNTH_ATOLS_0000212,5390.44,5097.86,SYNTH_ATOLSSINK_0000212,0.0,292.58,1,0,ato_lowandslow_exfiltration,1
429,PAYMENT,341.2,SYNTH_ATOLS_0000212,5097.86,4756.66,SYNTH_ATOLSSINK_0000212,0.0,341.2,1,0,ato_lowandslow_exfiltration,1
455,PAYMENT,302.24,SYNTH_ATOLS_0000212,4756.66,4454.42,SYNTH_ATOLSSINK_0000212,0.0,302.24,1,0,ato_lowandslow_exfiltration,1
478,PAYMENT,339.68,SYNTH_ATOLS_0000212,4454.42,4114.74,SYNTH_ATOLSSINK_0000212,0.0,339.68,1,0,ato_lowandslow_exfiltration,1
293,PAYMENT,284.48,SYNTH_ATOLS_0000213,14392.08,14107.6,SYNTH_ATOLSSINK_0000213,0.0,284.48,1,0,ato_lowandslow_exfiltration,1
325,PAYMENT,276.46,SYNTH_ATOLS_0000213,14107.6,13831.14,SYNTH_ATOLSSINK_0000213,0.0,276.46,1,0,ato_lowandslow_exfiltration,1
358,PAYMENT,278.11,SYNTH_ATOLS_0000213,13831.14,13553.03,SYNTH_ATOLSSINK_0000213,0.0,278.11,1,0,ato_lowandslow_exfiltration,1
394,PAYMENT,325.59,SYNTH_ATOLS_0000213,13553.03,13227.44,SYNTH_ATOLSSINK_0000213,0.0,325.59,1,0,ato_lowandslow_exfiltration,1
375,PAYMENT,267.07,SYNTH_ATOLS_0000214,5137.28,4870.21,SYNTH_ATOLSSINK_0000214,0.0,267.07,1,0,ato_lowandslow_exfiltration,1
411,PAYMENT,288.31,SYNTH_ATOLS_0000214,4870.21,4581.9,SYNTH_ATOLSSINK_0000214,0.0,288.31,1,0,ato_lowandslow_exfiltration,1
448,PAYMENT,294.69,SYNTH_ATOLS_0000214,4581.9,4287.21,SYNTH_ATOLSSINK_0000214,0.0,294.69,1,0,ato_lowandslow_exfiltration,1
484,PAYMENT,301.79,SYNTH_ATOLS_0000214,4287.21,3985.42,SYNTH_ATOLSSINK_0000214,0.0,301.79,1,0,ato_lowandslow_exfiltration,1
524,PAYMENT,261.93,SYNTH_ATOLS_0000214,3985.42,3723.49,SYNTH_ATOLSSINK_0000214,0.0,261.93,1,0,ato_lowandslow_exfiltration,1
561,PAYMENT,256.74,SYNTH_ATOLS_0000214,3723.49,3466.75,SYNTH_ATOLSSINK_0000214,0.0,256.74,1,0,ato_lowandslow_exfiltration,1
679,PAYMENT,220.1,SYNTH_ATOLS_0000215,9039.85,8819.75,SYNTH_ATOLSSINK_0000215,0.0,220.1,1,0,ato_lowandslow_exfiltration,1
700,PAYMENT,207.57,SYNTH_ATOLS_0000215,8819.75,8612.18,SYNTH_ATOLSSINK_0000215,0.0,207.57,1,0,ato_lowandslow_exfiltration,1
729,PAYMENT,208.07,SYNTH_ATOLS_0000215,8612.18,8404.11,SYNTH_ATOLSSINK_0000215,0.0,208.07,1,0,ato_lowandslow_exfiltration,1
750,PAYMENT,191.48,SYNTH_ATOLS_0000215,8404.11,8212.63,SYNTH_ATOLSSINK_0000215,0.0,191.48,1,0,ato_lowandslow_exfiltration,1
311,PAYMENT,306.55,SYNTH_ATOLS_0000216,6785.33,6478.78,SYNTH_ATOLSSINK_0000216,0.0,306.55,1,0,ato_lowandslow_exfiltration,1
336,PAYMENT,342.11,SYNTH_ATOLS_0000216,6478.78,6136.67,SYNTH_ATOLSSINK_0000216,0.0,342.11,1,0,ato_lowandslow_exfiltration,1
360,PAYMENT,290.22,SYNTH_ATOLS_0000216,6136.67,5846.45,SYNTH_ATOLSSINK_0000216,0.0,290.22,1,0,ato_lowandslow_exfiltration,1
387,PAYMENT,332.35,SYNTH_ATOLS_0000216,5846.45,5514.1,SYNTH_ATOLSSINK_0000216,0.0,332.35,1,0,ato_lowandslow_exfiltration,1
117,PAYMENT,223.57,SYNTH_ATOLS_0000217,5467.58,5244.01,SYNTH_ATOLSSINK_0000217,0.0,223.57,1,0,ato_lowandslow_exfiltration,1
143,PAYMENT,233.57,SYNTH_ATOLS_0000217,5244.01,5010.44,SYNTH_ATOLSSINK_0000217,0.0,233.57,1,0,ato_lowandslow_exfiltration,1
171,PAYMENT,265.24,SYNTH_ATOLS_0000217,5010.44,4745.2,SYNTH_ATOLSSINK_0000217,0.0,265.24,1,0,ato_lowandslow_exfiltration,1
196,PAYMENT,267.36,SYNTH_ATOLS_0000217,4745.2,4477.84,SYNTH_ATOLSSINK_0000217,0.0,267.36,1,0,ato_lowandslow_exfiltration,1
221,PAYMENT,238.69,SYNTH_ATOLS_0000217,4477.84,4239.15,SYNTH_ATOLSSINK_0000217,0.0,238.69,1,0,ato_lowandslow_exfiltration,1
246,PAYMENT,272.39,SYNTH_ATOLS_0000217,4239.15,3966.76,SYNTH_ATOLSSINK_0000217,0.0,272.39,1,0,ato_lowandslow_exfiltration,1
171,PAYMENT,299.95,SYNTH_ATOLS_0000218,4403.93,4103.98,SYNTH_ATOLSSINK_0000218,0.0,299.95,1,0,ato_lowandslow_exfiltration,1
193,PAYMENT,268.51,SYNTH_ATOLS_0000218,4103.98,3835.47,SYNTH_ATOLSSINK_0000218,0.0,268.51,1,0,ato_lowandslow_exfiltration,1
220,PAYMENT,301.94,SYNTH_ATOLS_0000218,3835.47,3533.53,SYNTH_ATOLSSINK_0000218,0.0,301.94,1,0,ato_lowandslow_exfiltration,1
241,PAYMENT,302.75,SYNTH_ATOLS_0000218,3533.53,3230.78,SYNTH_ATOLSSINK_0000218,0.0,302.75,1,0,ato_lowandslow_exfiltration,1
263,PAYMENT,313.21,SYNTH_ATOLS_0000218,3230.78,2917.57,SYNTH_ATOLSSINK_0000218,0.0,313.21,1,0,ato_lowandslow_exfiltration,1
288,PAYMENT,311.56,SYNTH_ATOLS_0000218,2917.57,2606.01,SYNTH_ATOLSSINK_0000218,0.0,311.56,1,0,ato_lowandslow_exfiltration,1
308,PAYMENT,303.09,SYNTH_ATOLS_0000218,2606.01,2302.92,SYNTH_ATOLSSINK_0000218,0.0,303.09,1,0,ato_lowandslow_exfiltration,1
282,PAYMENT,344.96,SYNTH_ATOLS_0000219,5038.28,4693.32,SYNTH_ATOLSSINK_0000219,0.0,344.96,1,0,ato_lowandslow_exfiltration,1
312,PAYMENT,320.21,SYNTH_ATOLS_0000219,4693.32,4373.11,SYNTH_ATOLSSINK_0000219,0.0,320.21,1,0,ato_lowandslow_exfiltration,1
343,PAYMENT,326.62,SYNTH_ATOLS_0000219,4373.11,4046.49,SYNTH_ATOLSSINK_0000219,0.0,326.62,1,0,ato_lowandslow_exfiltration,1
375,PAYMENT,347.38,SYNTH_ATOLS_0000219,4046.49,3699.11,SYNTH_ATOLSSINK_0000219,0.0,347.38,1,0,ato_lowandslow_exfiltration,1
407,PAYMENT,364.93,SYNTH_ATOLS_0000219,3699.11,3334.18,SYNTH_ATOLSSINK_0000219,0.0,364.93,1,0,ato_lowandslow_exfiltration,1
436,PAYMENT,381.89,SYNTH_ATOLS_0000219,3334.18,2952.29,SYNTH_ATOLSSINK_0000219,0.0,381.89,1,0,ato_lowandslow_exfiltration,1
728,PAYMENT,330.66,SYNTH_ATOLS_0000220,2748.0,2417.34,SYNTH_ATOLSSINK_0000220,0.0,330.66,1,0,ato_lowandslow_exfiltration,1
747,PAYMENT,297.66,SYNTH_ATOLS_0000220,2417.34,2119.68,SYNTH_ATOLSSINK_0000220,0.0,297.66,1,0,ato_lowandslow_exfiltration,1
765,PAYMENT,289.66,SYNTH_ATOLS_0000220,2119.68,1830.02,SYNTH_ATOLSSINK_0000220,0.0,289.66,1,0,ato_lowandslow_exfiltration,1
784,PAYMENT,294.79,SYNTH_ATOLS_0000220,1830.02,1535.23,SYNTH_ATOLSSINK_0000220,0.0,294.79,1,0,ato_lowandslow_exfiltration,1
801,PAYMENT,312.02,SYNTH_ATOLS_0000220,1535.23,1223.21,SYNTH_ATOLSSINK_0000220,0.0,312.02,1,0,ato_lowandslow_exfiltration,1
821,PAYMENT,347.9,SYNTH_ATOLS_0000220,1223.21,875.31,SYNTH_ATOLSSINK_0000220,0.0,347.9,1,0,ato_lowandslow_exfiltration,1
606,PAYMENT,317.43,SYNTH_ATOLS_0000221,3819.39,3501.96,SYNTH_ATOLSSINK_0000221,0.0,317.43,1,0,ato_lowandslow_exfiltration,1
643,PAYMENT,358.88,SYNTH_ATOLS_0000221,3501.96,3143.08,SYNTH_ATOLSSINK_0000221,0.0,358.88,1,0,ato_lowandslow_exfiltration,1
679,PAYMENT,339.84,SYNTH_ATOLS_0000221,3143.08,2803.24,SYNTH_ATOLSSINK_0000221,0.0,339.84,1,0,ato_lowandslow_exfiltration,1
716,PAYMENT,348.19,SYNTH_ATOLS_0000221,2803.24,2455.05,SYNTH_ATOLSSINK_0000221,0.0,348.19,1,0,ato_lowandslow_exfiltration,1
754,PAYMENT,330.8,SYNTH_ATOLS_0000221,2455.05,2124.25,SYNTH_ATOLSSINK_0000221,0.0,330.8,1,0,ato_lowandslow_exfiltration,1
475,PAYMENT,303.42,SYNTH_ATOLS_0000222,6477.79,6174.37,SYNTH_ATOLSSINK_0000222,0.0,303.42,1,0,ato_lowandslow_exfiltration,1
492,PAYMENT,307.81,SYNTH_ATOLS_0000222,6174.37,5866.56,SYNTH_ATOLSSINK_0000222,0.0,307.81,1,0,ato_lowandslow_exfiltration,1
505,PAYMENT,298.89,SYNTH_ATOLS_0000222,5866.56,5567.67,SYNTH_ATOLSSINK_0000222,0.0,298.89,1,0,ato_lowandslow_exfiltration,1
522,PAYMENT,288.97,SYNTH_ATOLS_0000222,5567.67,5278.7,SYNTH_ATOLSSINK_0000222,0.0,288.97,1,0,ato_lowandslow_exfiltration,1
541,PAYMENT,263.24,SYNTH_ATOLS_0000222,5278.7,5015.46,SYNTH_ATOLSSINK_0000222,0.0,263.24,1,0,ato_lowandslow_exfiltration,1
194,PAYMENT,333.16,SYNTH_ATOLS_0000223,1925.69,1592.53,SYNTH_ATOLSSINK_0000223,0.0,333.16,1,0,ato_lowandslow_exfiltration,1
230,PAYMENT,362.91,SYNTH_ATOLS_0000223,1592.53,1229.62,SYNTH_ATOLSSINK_0000223,0.0,362.91,1,0,ato_lowandslow_exfiltration,1
268,PAYMENT,332.95,SYNTH_ATOLS_0000223,1229.62,896.67,SYNTH_ATOLSSINK_0000223,0.0,332.95,1,0,ato_lowandslow_exfiltration,1
305,PAYMENT,345.49,SYNTH_ATOLS_0000223,896.67,551.18,SYNTH_ATOLSSINK_0000223,0.0,345.49,1,0,ato_lowandslow_exfiltration,1
339,PAYMENT,353.14,SYNTH_ATOLS_0000223,551.18,198.04,SYNTH_ATOLSSINK_0000223,0.0,353.14,1,0,ato_lowandslow_exfiltration,1
376,PAYMENT,357.45,SYNTH_ATOLS_0000223,198.04,0.0,SYNTH_ATOLSSINK_0000223,0.0,357.45,1,0,ato_lowandslow_exfiltration,1
276,PAYMENT,265.51,SYNTH_ATOLS_0000224,4242.72,3977.21,SYNTH_ATOLSSINK_0000224,0.0,265.51,1,0,ato_lowandslow_exfiltration,1
306,PAYMENT,268.02,SYNTH_ATOLS_0000224,3977.21,3709.19,SYNTH_ATOLSSINK_0000224,0.0,268.02,1,0,ato_lowandslow_exfiltration,1
330,PAYMENT,279.63,SYNTH_ATOLS_0000224,3709.19,3429.56,SYNTH_ATOLSSINK_0000224,0.0,279.63,1,0,ato_lowandslow_exfiltration,1
357,PAYMENT,280.77,SYNTH_ATOLS_0000224,3429.56,3148.79,SYNTH_ATOLSSINK_0000224,0.0,280.77,1,0,ato_lowandslow_exfiltration,1
287,PAYMENT,263.02,SYNTH_ATOLS_0000225,5969.17,5706.15,SYNTH_ATOLSSINK_0000225,0.0,263.02,1,0,ato_lowandslow_exfiltration,1
310,PAYMENT,254.09,SYNTH_ATOLS_0000225,5706.15,5452.06,SYNTH_ATOLSSINK_0000225,0.0,254.09,1,0,ato_lowandslow_exfiltration,1
327,PAYMENT,222.51,SYNTH_ATOLS_0000225,5452.06,5229.55,SYNTH_ATOLSSINK_0000225,0.0,222.51,1,0,ato_lowandslow_exfiltration,1
352,PAYMENT,253.2,SYNTH_ATOLS_0000225,5229.55,4976.35,SYNTH_ATOLSSINK_0000225,0.0,253.2,1,0,ato_lowandslow_exfiltration,1
372,PAYMENT,233.33,SYNTH_ATOLS_0000225,4976.35,4743.02,SYNTH_ATOLSSINK_0000225,0.0,233.33,1,0,ato_lowandslow_exfiltration,1
29,PAYMENT,241.93,SYNTH_ATOLS_0000226,2370.48,2128.55,SYNTH_ATOLSSINK_0000226,0.0,241.93,1,0,ato_lowandslow_exfiltration,1
57,PAYMENT,255.12,SYNTH_ATOLS_0000226,2128.55,1873.43,SYNTH_ATOLSSINK_0000226,0.0,255.12,1,0,ato_lowandslow_exfiltration,1
81,PAYMENT,270.17,SYNTH_ATOLS_0000226,1873.43,1603.26,SYNTH_ATOLSSINK_0000226,0.0,270.17,1,0,ato_lowandslow_exfiltration,1
108,PAYMENT,281.99,SYNTH_ATOLS_0000226,1603.26,1321.27,SYNTH_ATOLSSINK_0000226,0.0,281.99,1,0,ato_lowandslow_exfiltration,1
135,PAYMENT,264.29,SYNTH_ATOLS_0000226,1321.27,1056.98,SYNTH_ATOLSSINK_0000226,0.0,264.29,1,0,ato_lowandslow_exfiltration,1
157,PAYMENT,262.33,SYNTH_ATOLS_0000226,1056.98,794.65,SYNTH_ATOLSSINK_0000226,0.0,262.33,1,0,ato_lowandslow_exfiltration,1
168,PAYMENT,300.18,SYNTH_ATOLS_0000227,9779.53,9479.35,SYNTH_ATOLSSINK_0000227,0.0,300.18,1,0,ato_lowandslow_exfiltration,1
189,PAYMENT,321.62,SYNTH_ATOLS_0000227,9479.35,9157.73,SYNTH_ATOLSSINK_0000227,0.0,321.62,1,0,ato_lowandslow_exfiltration,1
212,PAYMENT,291.21,SYNTH_ATOLS_0000227,9157.73,8866.52,SYNTH_ATOLSSINK_0000227,0.0,291.21,1,0,ato_lowandslow_exfiltration,1
235,PAYMENT,270.67,SYNTH_ATOLS_0000227,8866.52,8595.85,SYNTH_ATOLSSINK_0000227,0.0,270.67,1,0,ato_lowandslow_exfiltration,1
253,PAYMENT,290.56,SYNTH_ATOLS_0000227,8595.85,8305.29,SYNTH_ATOLSSINK_0000227,0.0,290.56,1,0,ato_lowandslow_exfiltration,1
279,PAYMENT,297.17,SYNTH_ATOLS_0000227,8305.29,8008.12,SYNTH_ATOLSSINK_0000227,0.0,297.17,1,0,ato_lowandslow_exfiltration,1
240,PAYMENT,175.29,SYNTH_ATOLS_0000228,4367.84,4192.55,SYNTH_ATOLSSINK_0000228,0.0,175.29,1,0,ato_lowandslow_exfiltration,1
258,PAYMENT,167.73,SYNTH_ATOLS_0000228,4192.55,4024.82,SYNTH_ATOLSSINK_0000228,0.0,167.73,1,0,ato_lowandslow_exfiltration,1
273,PAYMENT,164.67,SYNTH_ATOLS_0000228,4024.82,3860.15,SYNTH_ATOLSSINK_0000228,0.0,164.67,1,0,ato_lowandslow_exfiltration,1
294,PAYMENT,175.58,SYNTH_ATOLS_0000228,3860.15,3684.57,SYNTH_ATOLSSINK_0000228,0.0,175.58,1,0,ato_lowandslow_exfiltration,1
644,PAYMENT,272.92,SYNTH_ATOLS_0000229,1374.46,1101.54,SYNTH_ATOLSSINK_0000229,0.0,272.92,1,0,ato_lowandslow_exfiltration,1
677,PAYMENT,281.1,SYNTH_ATOLS_0000229,1101.54,820.44,SYNTH_ATOLSSINK_0000229,0.0,281.1,1,0,ato_lowandslow_exfiltration,1
712,PAYMENT,287.91,SYNTH_ATOLS_0000229,820.44,532.53,SYNTH_ATOLSSINK_0000229,0.0,287.91,1,0,ato_lowandslow_exfiltration,1
742,PAYMENT,303.52,SYNTH_ATOLS_0000229,532.53,229.01,SYNTH_ATOLSSINK_0000229,0.0,303.52,1,0,ato_lowandslow_exfiltration,1
260,PAYMENT,276.1,SYNTH_ATOLS_0000230,3723.62,3447.52,SYNTH_ATOLSSINK_0000230,0.0,276.1,1,0,ato_lowandslow_exfiltration,1
296,PAYMENT,269.8,SYNTH_ATOLS_0000230,3447.52,3177.72,SYNTH_ATOLSSINK_0000230,0.0,269.8,1,0,ato_lowandslow_exfiltration,1
336,PAYMENT,309.55,SYNTH_ATOLS_0000230,3177.72,2868.17,SYNTH_ATOLSSINK_0000230,0.0,309.55,1,0,ato_lowandslow_exfiltration,1
372,PAYMENT,287.23,SYNTH_ATOLS_0000230,2868.17,2580.94,SYNTH_ATOLSSINK_0000230,0.0,287.23,1,0,ato_lowandslow_exfiltration,1
407,PAYMENT,310.26,SYNTH_ATOLS_0000230,2580.94,2270.68,SYNTH_ATOLSSINK_0000230,0.0,310.26,1,0,ato_lowandslow_exfiltration,1
443,PAYMENT,324.41,SYNTH_ATOLS_0000230,2270.68,1946.27,SYNTH_ATOLSSINK_0000230,0.0,324.41,1,0,ato_lowandslow_exfiltration,1
481,PAYMENT,288.62,SYNTH_ATOLS_0000230,1946.27,1657.65,SYNTH_ATOLSSINK_0000230,0.0,288.62,1,0,ato_lowandslow_exfiltration,1
659,PAYMENT,212.62,SYNTH_ATOLS_0000231,2594.83,2382.21,SYNTH_ATOLSSINK_0000231,0.0,212.62,1,0,ato_lowandslow_exfiltration,1
697,PAYMENT,220.7,SYNTH_ATOLS_0000231,2382.21,2161.51,SYNTH_ATOLSSINK_0000231,0.0,220.7,1,0,ato_lowandslow_exfiltration,1
735,PAYMENT,247.76,SYNTH_ATOLS_0000231,2161.51,1913.75,SYNTH_ATOLSSINK_0000231,0.0,247.76,1,0,ato_lowandslow_exfiltration,1
767,PAYMENT,236.26,SYNTH_ATOLS_0000231,1913.75,1677.49,SYNTH_ATOLSSINK_0000231,0.0,236.26,1,0,ato_lowandslow_exfiltration,1
805,PAYMENT,248.79,SYNTH_ATOLS_0000231,1677.49,1428.7,SYNTH_ATOLSSINK_0000231,0.0,248.79,1,0,ato_lowandslow_exfiltration,1
843,PAYMENT,237.01,SYNTH_ATOLS_0000231,1428.7,1191.69,SYNTH_ATOLSSINK_0000231,0.0,237.01,1,0,ato_lowandslow_exfiltration,1
188,PAYMENT,285.1,SYNTH_ATOLS_0000232,4654.57,4369.47,SYNTH_ATOLSSINK_0000232,0.0,285.1,1,0,ato_lowandslow_exfiltration,1
228,PAYMENT,235.53,SYNTH_ATOLS_0000232,4369.47,4133.94,SYNTH_ATOLSSINK_0000232,0.0,235.53,1,0,ato_lowandslow_exfiltration,1
266,PAYMENT,235.01,SYNTH_ATOLS_0000232,4133.94,3898.93,SYNTH_ATOLSSINK_0000232,0.0,235.01,1,0,ato_lowandslow_exfiltration,1
301,PAYMENT,247.51,SYNTH_ATOLS_0000232,3898.93,3651.42,SYNTH_ATOLSSINK_0000232,0.0,247.51,1,0,ato_lowandslow_exfiltration,1
644,PAYMENT,283.41,SYNTH_ATOLS_0000233,3107.27,2823.86,SYNTH_ATOLSSINK_0000233,0.0,283.41,1,0,ato_lowandslow_exfiltration,1
680,PAYMENT,319.45,SYNTH_ATOLS_0000233,2823.86,2504.41,SYNTH_ATOLSSINK_0000233,0.0,319.45,1,0,ato_lowandslow_exfiltration,1
717,PAYMENT,297.39,SYNTH_ATOLS_0000233,2504.41,2207.02,SYNTH_ATOLSSINK_0000233,0.0,297.39,1,0,ato_lowandslow_exfiltration,1
754,PAYMENT,283.05,SYNTH_ATOLS_0000233,2207.02,1923.97,SYNTH_ATOLSSINK_0000233,0.0,283.05,1,0,ato_lowandslow_exfiltration,1
792,PAYMENT,314.11,SYNTH_ATOLS_0000233,1923.97,1609.86,SYNTH_ATOLSSINK_0000233,0.0,314.11,1,0,ato_lowandslow_exfiltration,1
828,PAYMENT,308.62,SYNTH_ATOLS_0000233,1609.86,1301.24,SYNTH_ATOLSSINK_0000233,0.0,308.62,1,0,ato_lowandslow_exfiltration,1
420,PAYMENT,258.01,SYNTH_ATOLS_0000234,2844.1,2586.09,SYNTH_ATOLSSINK_0000234,0.0,258.01,1,0,ato_lowandslow_exfiltration,1
450,PAYMENT,289.24,SYNTH_ATOLS_0000234,2586.09,2296.85,SYNTH_ATOLSSINK_0000234,0.0,289.24,1,0,ato_lowandslow_exfiltration,1
478,PAYMENT,288.52,SYNTH_ATOLS_0000234,2296.85,2008.33,SYNTH_ATOLSSINK_0000234,0.0,288.52,1,0,ato_lowandslow_exfiltration,1
510,PAYMENT,266.92,SYNTH_ATOLS_0000234,2008.33,1741.41,SYNTH_ATOLSSINK_0000234,0.0,266.92,1,0,ato_lowandslow_exfiltration,1
530,PAYMENT,161.54,SYNTH_ATOLS_0000235,4493.83,4332.29,SYNTH_ATOLSSINK_0000235,0.0,161.54,1,0,ato_lowandslow_exfiltration,1
568,PAYMENT,176.47,SYNTH_ATOLS_0000235,4332.29,4155.82,SYNTH_ATOLSSINK_0000235,0.0,176.47,1,0,ato_lowandslow_exfiltration,1
601,PAYMENT,175.6,SYNTH_ATOLS_0000235,4155.82,3980.22,SYNTH_ATOLSSINK_0000235,0.0,175.6,1,0,ato_lowandslow_exfiltration,1
641,PAYMENT,164.64,SYNTH_ATOLS_0000235,3980.22,3815.58,SYNTH_ATOLSSINK_0000235,0.0,164.64,1,0,ato_lowandslow_exfiltration,1
679,PAYMENT,164.24,SYNTH_ATOLS_0000235,3815.58,3651.34,SYNTH_ATOLSSINK_0000235,0.0,164.24,1,0,ato_lowandslow_exfiltration,1
409,PAYMENT,190.09,SYNTH_ATOLS_0000236,7720.78,7530.69,SYNTH_ATOLSSINK_0000236,0.0,190.09,1,0,ato_lowandslow_exfiltration,1
435,PAYMENT,206.73,SYNTH_ATOLS_0000236,7530.69,7323.96,SYNTH_ATOLSSINK_0000236,0.0,206.73,1,0,ato_lowandslow_exfiltration,1
460,PAYMENT,182.92,SYNTH_ATOLS_0000236,7323.96,7141.04,SYNTH_ATOLSSINK_0000236,0.0,182.92,1,0,ato_lowandslow_exfiltration,1
488,PAYMENT,193.93,SYNTH_ATOLS_0000236,7141.04,6947.11,SYNTH_ATOLSSINK_0000236,0.0,193.93,1,0,ato_lowandslow_exfiltration,1
514,PAYMENT,214.85,SYNTH_ATOLS_0000236,6947.11,6732.26,SYNTH_ATOLSSINK_0000236,0.0,214.85,1,0,ato_lowandslow_exfiltration,1
545,PAYMENT,213.04,SYNTH_ATOLS_0000236,6732.26,6519.22,SYNTH_ATOLSSINK_0000236,0.0,213.04,1,0,ato_lowandslow_exfiltration,1
568,PAYMENT,210.53,SYNTH_ATOLS_0000236,6519.22,6308.69,SYNTH_ATOLSSINK_0000236,0.0,210.53,1,0,ato_lowandslow_exfiltration,1
687,PAYMENT,313.22,SYNTH_ATOLS_0000237,10388.51,10075.29,SYNTH_ATOLSSINK_0000237,0.0,313.22,1,0,ato_lowandslow_exfiltration,1
711,PAYMENT,339.04,SYNTH_ATOLS_0000237,10075.29,9736.25,SYNTH_ATOLSSINK_0000237,0.0,339.04,1,0,ato_lowandslow_exfiltration,1
740,PAYMENT,369.73,SYNTH_ATOLS_0000237,9736.25,9366.52,SYNTH_ATOLSSINK_0000237,0.0,369.73,1,0,ato_lowandslow_exfiltration,1
767,PAYMENT,330.63,SYNTH_ATOLS_0000237,9366.52,9035.89,SYNTH_ATOLSSINK_0000237,0.0,330.63,1,0,ato_lowandslow_exfiltration,1
795,PAYMENT,307.42,SYNTH_ATOLS_0000237,9035.89,8728.47,SYNTH_ATOLSSINK_0000237,0.0,307.42,1,0,ato_lowandslow_exfiltration,1
530,PAYMENT,347.09,SYNTH_ATOLS_0000238,4762.52,4415.43,SYNTH_ATOLSSINK_0000238,0.0,347.09,1,0,ato_lowandslow_exfiltration,1
561,PAYMENT,371.52,SYNTH_ATOLS_0000238,4415.43,4043.91,SYNTH_ATOLSSINK_0000238,0.0,371.52,1,0,ato_lowandslow_exfiltration,1
588,PAYMENT,395.5,SYNTH_ATOLS_0000238,4043.91,3648.41,SYNTH_ATOLSSINK_0000238,0.0,395.5,1,0,ato_lowandslow_exfiltration,1
621,PAYMENT,404.59,SYNTH_ATOLS_0000238,3648.41,3243.82,SYNTH_ATOLSSINK_0000238,0.0,404.59,1,0,ato_lowandslow_exfiltration,1
648,PAYMENT,382.41,SYNTH_ATOLS_0000238,3243.82,2861.41,SYNTH_ATOLSSINK_0000238,0.0,382.41,1,0,ato_lowandslow_exfiltration,1
679,PAYMENT,345.33,SYNTH_ATOLS_0000238,2861.41,2516.08,SYNTH_ATOLSSINK_0000238,0.0,345.33,1,0,ato_lowandslow_exfiltration,1
708,PAYMENT,400.17,SYNTH_ATOLS_0000238,2516.08,2115.91,SYNTH_ATOLSSINK_0000238,0.0,400.17,1,0,ato_lowandslow_exfiltration,1
119,PAYMENT,255.35,SYNTH_ATOLS_0000239,3362.92,3107.57,SYNTH_ATOLSSINK_0000239,0.0,255.35,1,0,ato_lowandslow_exfiltration,1
157,PAYMENT,267.36,SYNTH_ATOLS_0000239,3107.57,2840.21,SYNTH_ATOLSSINK_0000239,0.0,267.36,1,0,ato_lowandslow_exfiltration,1
189,PAYMENT,281.94,SYNTH_ATOLS_0000239,2840.21,2558.27,SYNTH_ATOLSSINK_0000239,0.0,281.94,1,0,ato_lowandslow_exfiltration,1
221,PAYMENT,256.82,SYNTH_ATOLS_0000239,2558.27,2301.45,SYNTH_ATOLSSINK_0000239,0.0,256.82,1,0,ato_lowandslow_exfiltration,1
354,PAYMENT,358.58,SYNTH_ATOLS_0000240,5275.07,4916.49,SYNTH_ATOLSSINK_0000240,0.0,358.58,1,0,ato_lowandslow_exfiltration,1
387,PAYMENT,354.89,SYNTH_ATOLS_0000240,4916.49,4561.6,SYNTH_ATOLSSINK_0000240,0.0,354.89,1,0,ato_lowandslow_exfiltration,1
422,PAYMENT,320.03,SYNTH_ATOLS_0000240,4561.6,4241.57,SYNTH_ATOLSSINK_0000240,0.0,320.03,1,0,ato_lowandslow_exfiltration,1
457,PAYMENT,328.33,SYNTH_ATOLS_0000240,4241.57,3913.24,SYNTH_ATOLSSINK_0000240,0.0,328.33,1,0,ato_lowandslow_exfiltration,1
491,PAYMENT,311.14,SYNTH_ATOLS_0000240,3913.24,3602.1,SYNTH_ATOLSSINK_0000240,0.0,311.14,1,0,ato_lowandslow_exfiltration,1
527,PAYMENT,353.33,SYNTH_ATOLS_0000240,3602.1,3248.77,SYNTH_ATOLSSINK_0000240,0.0,353.33,1,0,ato_lowandslow_exfiltration,1
558,PAYMENT,357.34,SYNTH_ATOLS_0000240,3248.77,2891.43,SYNTH_ATOLSSINK_0000240,0.0,357.34,1,0,ato_lowandslow_exfiltration,1
352,PAYMENT,188.52,SYNTH_ATOLS_0000241,5607.87,5419.35,SYNTH_ATOLSSINK_0000241,0.0,188.52,1,0,ato_lowandslow_exfiltration,1
378,PAYMENT,176.6,SYNTH_ATOLS_0000241,5419.35,5242.75,SYNTH_ATOLSSINK_0000241,0.0,176.6,1,0,ato_lowandslow_exfiltration,1
409,PAYMENT,172.25,SYNTH_ATOLS_0000241,5242.75,5070.5,SYNTH_ATOLSSINK_0000241,0.0,172.25,1,0,ato_lowandslow_exfiltration,1
435,PAYMENT,172.06,SYNTH_ATOLS_0000241,5070.5,4898.44,SYNTH_ATOLSSINK_0000241,0.0,172.06,1,0,ato_lowandslow_exfiltration,1
464,PAYMENT,174.01,SYNTH_ATOLS_0000241,4898.44,4724.43,SYNTH_ATOLSSINK_0000241,0.0,174.01,1,0,ato_lowandslow_exfiltration,1
497,PAYMENT,173.46,SYNTH_ATOLS_0000241,4724.43,4550.97,SYNTH_ATOLSSINK_0000241,0.0,173.46,1,0,ato_lowandslow_exfiltration,1
523,PAYMENT,167.77,SYNTH_ATOLS_0000241,4550.97,4383.2,SYNTH_ATOLSSINK_0000241,0.0,167.77,1,0,ato_lowandslow_exfiltration,1
532,PAYMENT,198.5,SYNTH_ATOLS_0000242,8795.85,8597.35,SYNTH_ATOLSSINK_0000242,0.0,198.5,1,0,ato_lowandslow_exfiltration,1
557,PAYMENT,196.57,SYNTH_ATOLS_0000242,8597.35,8400.78,SYNTH_ATOLSSINK_0000242,0.0,196.57,1,0,ato_lowandslow_exfiltration,1
590,PAYMENT,197.52,SYNTH_ATOLS_0000242,8400.78,8203.26,SYNTH_ATOLSSINK_0000242,0.0,197.52,1,0,ato_lowandslow_exfiltration,1
618,PAYMENT,192.63,SYNTH_ATOLS_0000242,8203.26,8010.63,SYNTH_ATOLSSINK_0000242,0.0,192.63,1,0,ato_lowandslow_exfiltration,1
644,PAYMENT,195.83,SYNTH_ATOLS_0000242,8010.63,7814.8,SYNTH_ATOLSSINK_0000242,0.0,195.83,1,0,ato_lowandslow_exfiltration,1
271,PAYMENT,164.59,SYNTH_ATOLS_0000243,6365.89,6201.3,SYNTH_ATOLSSINK_0000243,0.0,164.59,1,0,ato_lowandslow_exfiltration,1
298,PAYMENT,153.58,SYNTH_ATOLS_0000243,6201.3,6047.72,SYNTH_ATOLSSINK_0000243,0.0,153.58,1,0,ato_lowandslow_exfiltration,1
327,PAYMENT,148.83,SYNTH_ATOLS_0000243,6047.72,5898.89,SYNTH_ATOLSSINK_0000243,0.0,148.83,1,0,ato_lowandslow_exfiltration,1
355,PAYMENT,141.71,SYNTH_ATOLS_0000243,5898.89,5757.18,SYNTH_ATOLSSINK_0000243,0.0,141.71,1,0,ato_lowandslow_exfiltration,1
508,PAYMENT,439.57,SYNTH_ATOLS_0000244,2000.42,1560.85,SYNTH_ATOLSSINK_0000244,0.0,439.57,1,0,ato_lowandslow_exfiltration,1
541,PAYMENT,373.46,SYNTH_ATOLS_0000244,1560.85,1187.39,SYNTH_ATOLSSINK_0000244,0.0,373.46,1,0,ato_lowandslow_exfiltration,1
573,PAYMENT,439.01,SYNTH_ATOLS_0000244,1187.39,748.38,SYNTH_ATOLSSINK_0000244,0.0,439.01,1,0,ato_lowandslow_exfiltration,1
609,PAYMENT,401.03,SYNTH_ATOLS_0000244,748.38,347.35,SYNTH_ATOLSSINK_0000244,0.0,401.03,1,0,ato_lowandslow_exfiltration,1
638,PAYMENT,390.6,SYNTH_ATOLS_0000244,347.35,0.0,SYNTH_ATOLSSINK_0000244,0.0,390.6,1,0,ato_lowandslow_exfiltration,1
672,PAYMENT,417.98,SYNTH_ATOLS_0000244,0.0,0.0,SYNTH_ATOLSSINK_0000244,0.0,417.98,1,0,ato_lowandslow_exfiltration,1
266,PAYMENT,230.88,SYNTH_ATOLS_0000245,12778.27,12547.39,SYNTH_ATOLSSINK_0000245,0.0,230.88,1,0,ato_lowandslow_exfiltration,1
303,PAYMENT,212.37,SYNTH_ATOLS_0000245,12547.39,12335.02,SYNTH_ATOLSSINK_0000245,0.0,212.37,1,0,ato_lowandslow_exfiltration,1
340,PAYMENT,214.27,SYNTH_ATOLS_0000245,12335.02,12120.75,SYNTH_ATOLSSINK_0000245,0.0,214.27,1,0,ato_lowandslow_exfiltration,1
373,PAYMENT,199.15,SYNTH_ATOLS_0000245,12120.75,11921.6,SYNTH_ATOLSSINK_0000245,0.0,199.15,1,0,ato_lowandslow_exfiltration,1
368,PAYMENT,269.33,SYNTH_ATOLS_0000246,5418.81,5149.48,SYNTH_ATOLSSINK_0000246,0.0,269.33,1,0,ato_lowandslow_exfiltration,1
398,PAYMENT,258.94,SYNTH_ATOLS_0000246,5149.48,4890.54,SYNTH_ATOLSSINK_0000246,0.0,258.94,1,0,ato_lowandslow_exfiltration,1
434,PAYMENT,262.09,SYNTH_ATOLS_0000246,4890.54,4628.45,SYNTH_ATOLSSINK_0000246,0.0,262.09,1,0,ato_lowandslow_exfiltration,1
468,PAYMENT,243.92,SYNTH_ATOLS_0000246,4628.45,4384.53,SYNTH_ATOLSSINK_0000246,0.0,243.92,1,0,ato_lowandslow_exfiltration,1
504,PAYMENT,272.9,SYNTH_ATOLS_0000246,4384.53,4111.63,SYNTH_ATOLSSINK_0000246,0.0,272.9,1,0,ato_lowandslow_exfiltration,1
489,PAYMENT,228.37,SYNTH_ATOLS_0000247,3324.59,3096.22,SYNTH_ATOLSSINK_0000247,0.0,228.37,1,0,ato_lowandslow_exfiltration,1
508,PAYMENT,191.17,SYNTH_ATOLS_0000247,3096.22,2905.05,SYNTH_ATOLSSINK_0000247,0.0,191.17,1,0,ato_lowandslow_exfiltration,1
531,PAYMENT,204.68,SYNTH_ATOLS_0000247,2905.05,2700.37,SYNTH_ATOLSSINK_0000247,0.0,204.68,1,0,ato_lowandslow_exfiltration,1
552,PAYMENT,204.83,SYNTH_ATOLS_0000247,2700.37,2495.54,SYNTH_ATOLSSINK_0000247,0.0,204.83,1,0,ato_lowandslow_exfiltration,1
574,PAYMENT,229.76,SYNTH_ATOLS_0000247,2495.54,2265.78,SYNTH_ATOLSSINK_0000247,0.0,229.76,1,0,ato_lowandslow_exfiltration,1
593,PAYMENT,201.86,SYNTH_ATOLS_0000247,2265.78,2063.92,SYNTH_ATOLSSINK_0000247,0.0,201.86,1,0,ato_lowandslow_exfiltration,1
614,PAYMENT,216.79,SYNTH_ATOLS_0000247,2063.92,1847.13,SYNTH_ATOLSSINK_0000247,0.0,216.79,1,0,ato_lowandslow_exfiltration,1
259,PAYMENT,333.45,SYNTH_ATOLS_0000248,8638.15,8304.7,SYNTH_ATOLSSINK_0000248,0.0,333.45,1,0,ato_lowandslow_exfiltration,1
276,PAYMENT,336.41,SYNTH_ATOLS_0000248,8304.7,7968.29,SYNTH_ATOLSSINK_0000248,0.0,336.41,1,0,ato_lowandslow_exfiltration,1
291,PAYMENT,399.41,SYNTH_ATOLS_0000248,7968.29,7568.88,SYNTH_ATOLSSINK_0000248,0.0,399.41,1,0,ato_lowandslow_exfiltration,1
313,PAYMENT,379.73,SYNTH_ATOLS_0000248,7568.88,7189.15,SYNTH_ATOLSSINK_0000248,0.0,379.73,1,0,ato_lowandslow_exfiltration,1
605,PAYMENT,180.51,SYNTH_ATOLS_0000249,9775.79,9595.28,SYNTH_ATOLSSINK_0000249,0.0,180.51,1,0,ato_lowandslow_exfiltration,1
631,PAYMENT,164.44,SYNTH_ATOLS_0000249,9595.28,9430.84,SYNTH_ATOLSSINK_0000249,0.0,164.44,1,0,ato_lowandslow_exfiltration,1
656,PAYMENT,161.98,SYNTH_ATOLS_0000249,9430.84,9268.86,SYNTH_ATOLSSINK_0000249,0.0,161.98,1,0,ato_lowandslow_exfiltration,1
683,PAYMENT,167.33,SYNTH_ATOLS_0000249,9268.86,9101.53,SYNTH_ATOLSSINK_0000249,0.0,167.33,1,0,ato_lowandslow_exfiltration,1
708,PAYMENT,178.11,SYNTH_ATOLS_0000249,9101.53,8923.42,SYNTH_ATOLSSINK_0000249,0.0,178.11,1,0,ato_lowandslow_exfiltration,1
583,PAYMENT,264.11,SYNTH_ATOLS_0000250,8191.83,7927.72,SYNTH_ATOLSSINK_0000250,0.0,264.11,1,0,ato_lowandslow_exfiltration,1
615,PAYMENT,259.46,SYNTH_ATOLS_0000250,7927.72,7668.26,SYNTH_ATOLSSINK_0000250,0.0,259.46,1,0,ato_lowandslow_exfiltration,1
651,PAYMENT,271.2,SYNTH_ATOLS_0000250,7668.26,7397.06,SYNTH_ATOLSSINK_0000250,0.0,271.2,1,0,ato_lowandslow_exfiltration,1
690,PAYMENT,250.52,SYNTH_ATOLS_0000250,7397.06,7146.54,SYNTH_ATOLSSINK_0000250,0.0,250.52,1,0,ato_lowandslow_exfiltration,1
723,PAYMENT,283.94,SYNTH_ATOLS_0000250,7146.54,6862.6,SYNTH_ATOLSSINK_0000250,0.0,283.94,1,0,ato_lowandslow_exfiltration,1
760,PAYMENT,251.99,SYNTH_ATOLS_0000250,6862.6,6610.61,SYNTH_ATOLSSINK_0000250,0.0,251.99,1,0,ato_lowandslow_exfiltration,1
798,PAYMENT,247.98,SYNTH_ATOLS_0000250,6610.61,6362.63,SYNTH_ATOLSSINK_0000250,0.0,247.98,1,0,ato_lowandslow_exfiltration,1
283,PAYMENT,162.58,SYNTH_ATOLS_0000251,8097.25,7934.67,SYNTH_ATOLSSINK_0000251,0.0,162.58,1,0,ato_lowandslow_exfiltration,1
315,PAYMENT,148.99,SYNTH_ATOLS_0000251,7934.67,7785.68,SYNTH_ATOLSSINK_0000251,0.0,148.99,1,0,ato_lowandslow_exfiltration,1
350,PAYMENT,139.48,SYNTH_ATOLS_0000251,7785.68,7646.2,SYNTH_ATOLSSINK_0000251,0.0,139.48,1,0,ato_lowandslow_exfiltration,1
382,PAYMENT,142.63,SYNTH_ATOLS_0000251,7646.2,7503.57,SYNTH_ATOLSSINK_0000251,0.0,142.63,1,0,ato_lowandslow_exfiltration,1
412,PAYMENT,160.13,SYNTH_ATOLS_0000251,7503.57,7343.44,SYNTH_ATOLSSINK_0000251,0.0,160.13,1,0,ato_lowandslow_exfiltration,1
446,PAYMENT,146.26,SYNTH_ATOLS_0000251,7343.44,7197.18,SYNTH_ATOLSSINK_0000251,0.0,146.26,1,0,ato_lowandslow_exfiltration,1
476,PAYMENT,148.34,SYNTH_ATOLS_0000251,7197.18,7048.84,SYNTH_ATOLSSINK_0000251,0.0,148.34,1,0,ato_lowandslow_exfiltration,1
393,PAYMENT,230.05,SYNTH_ATOLS_0000252,1625.06,1395.01,SYNTH_ATOLSSINK_0000252,0.0,230.05,1,0,ato_lowandslow_exfiltration,1
420,PAYMENT,215.27,SYNTH_ATOLS_0000252,1395.01,1179.74,SYNTH_ATOLSSINK_0000252,0.0,215.27,1,0,ato_lowandslow_exfiltration,1
448,PAYMENT,212.39,SYNTH_ATOLS_0000252,1179.74,967.35,SYNTH_ATOLSSINK_0000252,0.0,212.39,1,0,ato_lowandslow_exfiltration,1
478,PAYMENT,210.33,SYNTH_ATOLS_0000252,967.35,757.02,SYNTH_ATOLSSINK_0000252,0.0,210.33,1,0,ato_lowandslow_exfiltration,1
379,PAYMENT,287.5,SYNTH_ATOLS_0000253,8230.79,7943.29,SYNTH_ATOLSSINK_0000253,0.0,287.5,1,0,ato_lowandslow_exfiltration,1
414,PAYMENT,241.38,SYNTH_ATOLS_0000253,7943.29,7701.91,SYNTH_ATOLSSINK_0000253,0.0,241.38,1,0,ato_lowandslow_exfiltration,1
446,PAYMENT,273.09,SYNTH_ATOLS_0000253,7701.91,7428.82,SYNTH_ATOLSSINK_0000253,0.0,273.09,1,0,ato_lowandslow_exfiltration,1
482,PAYMENT,254.39,SYNTH_ATOLS_0000253,7428.82,7174.43,SYNTH_ATOLSSINK_0000253,0.0,254.39,1,0,ato_lowandslow_exfiltration,1
514,PAYMENT,250.35,SYNTH_ATOLS_0000253,7174.43,6924.08,SYNTH_ATOLSSINK_0000253,0.0,250.35,1,0,ato_lowandslow_exfiltration,1
550,PAYMENT,275.62,SYNTH_ATOLS_0000253,6924.08,6648.46,SYNTH_ATOLSSINK_0000253,0.0,275.62,1,0,ato_lowandslow_exfiltration,1
585,PAYMENT,253.85,SYNTH_ATOLS_0000253,6648.46,6394.61,SYNTH_ATOLSSINK_0000253,0.0,253.85,1,0,ato_lowandslow_exfiltration,1
129,PAYMENT,229.19,SYNTH_ATOLS_0000254,2527.98,2298.79,SYNTH_ATOLSSINK_0000254,0.0,229.19,1,0,ato_lowandslow_exfiltration,1
163,PAYMENT,240.25,SYNTH_ATOLS_0000254,2298.79,2058.54,SYNTH_ATOLSSINK_0000254,0.0,240.25,1,0,ato_lowandslow_exfiltration,1
192,PAYMENT,226.23,SYNTH_ATOLS_0000254,2058.54,1832.31,SYNTH_ATOLSSINK_0000254,0.0,226.23,1,0,ato_lowandslow_exfiltration,1
224,PAYMENT,249.65,SYNTH_ATOLS_0000254,1832.31,1582.66,SYNTH_ATOLSSINK_0000254,0.0,249.65,1,0,ato_lowandslow_exfiltration,1
257,PAYMENT,256.2,SYNTH_ATOLS_0000254,1582.66,1326.46,SYNTH_ATOLSSINK_0000254,0.0,256.2,1,0,ato_lowandslow_exfiltration,1
291,PAYMENT,243.8,SYNTH_ATOLS_0000254,1326.46,1082.66,SYNTH_ATOLSSINK_0000254,0.0,243.8,1,0,ato_lowandslow_exfiltration,1
321,PAYMENT,228.45,SYNTH_ATOLS_0000254,1082.66,854.21,SYNTH_ATOLSSINK_0000254,0.0,228.45,1,0,ato_lowandslow_exfiltration,1
208,PAYMENT,338.64,SYNTH_ATOLS_0000255,5573.67,5235.03,SYNTH_ATOLSSINK_0000255,0.0,338.64,1,0,ato_lowandslow_exfiltration,1
242,PAYMENT,293.27,SYNTH_ATOLS_0000255,5235.03,4941.76,SYNTH_ATOLSSINK_0000255,0.0,293.27,1,0,ato_lowandslow_exfiltration,1
277,PAYMENT,298.97,SYNTH_ATOLS_0000255,4941.76,4642.79,SYNTH_ATOLSSINK_0000255,0.0,298.97,1,0,ato_lowandslow_exfiltration,1
309,PAYMENT,338.97,SYNTH_ATOLS_0000255,4642.79,4303.82,SYNTH_ATOLSSINK_0000255,0.0,338.97,1,0,ato_lowandslow_exfiltration,1
342,PAYMENT,320.74,SYNTH_ATOLS_0000255,4303.82,3983.08,SYNTH_ATOLSSINK_0000255,0.0,320.74,1,0,ato_lowandslow_exfiltration,1
375,PAYMENT,302.66,SYNTH_ATOLS_0000255,3983.08,3680.42,SYNTH_ATOLSSINK_0000255,0.0,302.66,1,0,ato_lowandslow_exfiltration,1
412,PAYMENT,328.79,SYNTH_ATOLS_0000255,3680.42,3351.63,SYNTH_ATOLSSINK_0000255,0.0,328.79,1,0,ato_lowandslow_exfiltration,1
222,PAYMENT,226.38,SYNTH_ATOLS_0000256,1605.8,1379.42,SYNTH_ATOLSSINK_0000256,0.0,226.38,1,0,ato_lowandslow_exfiltration,1
260,PAYMENT,207.6,SYNTH_ATOLS_0000256,1379.42,1171.82,SYNTH_ATOLSSINK_0000256,0.0,207.6,1,0,ato_lowandslow_exfiltration,1
302,PAYMENT,236.95,SYNTH_ATOLS_0000256,1171.82,934.87,SYNTH_ATOLSSINK_0000256,0.0,236.95,1,0,ato_lowandslow_exfiltration,1
340,PAYMENT,245.63,SYNTH_ATOLS_0000256,934.87,689.24,SYNTH_ATOLSSINK_0000256,0.0,245.63,1,0,ato_lowandslow_exfiltration,1
381,PAYMENT,214.32,SYNTH_ATOLS_0000256,689.24,474.92,SYNTH_ATOLSSINK_0000256,0.0,214.32,1,0,ato_lowandslow_exfiltration,1
416,PAYMENT,203.37,SYNTH_ATOLS_0000256,474.92,271.55,SYNTH_ATOLSSINK_0000256,0.0,203.37,1,0,ato_lowandslow_exfiltration,1
163,PAYMENT,288.53,SYNTH_ATOLS_0000257,3411.78,3123.25,SYNTH_ATOLSSINK_0000257,0.0,288.53,1,0,ato_lowandslow_exfiltration,1
181,PAYMENT,318.29,SYNTH_ATOLS_0000257,3123.25,2804.96,SYNTH_ATOLSSINK_0000257,0.0,318.29,1,0,ato_lowandslow_exfiltration,1
199,PAYMENT,307.86,SYNTH_ATOLS_0000257,2804.96,2497.1,SYNTH_ATOLSSINK_0000257,0.0,307.86,1,0,ato_lowandslow_exfiltration,1
215,PAYMENT,330.81,SYNTH_ATOLS_0000257,2497.1,2166.29,SYNTH_ATOLSSINK_0000257,0.0,330.81,1,0,ato_lowandslow_exfiltration,1
230,PAYMENT,284.27,SYNTH_ATOLS_0000257,2166.29,1882.02,SYNTH_ATOLSSINK_0000257,0.0,284.27,1,0,ato_lowandslow_exfiltration,1
370,PAYMENT,236.21,SYNTH_ATOLS_0000258,2446.76,2210.55,SYNTH_ATOLSSINK_0000258,0.0,236.21,1,0,ato_lowandslow_exfiltration,1
391,PAYMENT,210.27,SYNTH_ATOLS_0000258,2210.55,2000.28,SYNTH_ATOLSSINK_0000258,0.0,210.27,1,0,ato_lowandslow_exfiltration,1
417,PAYMENT,221.72,SYNTH_ATOLS_0000258,2000.28,1778.56,SYNTH_ATOLSSINK_0000258,0.0,221.72,1,0,ato_lowandslow_exfiltration,1
442,PAYMENT,223.41,SYNTH_ATOLS_0000258,1778.56,1555.15,SYNTH_ATOLSSINK_0000258,0.0,223.41,1,0,ato_lowandslow_exfiltration,1
463,PAYMENT,236.05,SYNTH_ATOLS_0000258,1555.15,1319.1,SYNTH_ATOLSSINK_0000258,0.0,236.05,1,0,ato_lowandslow_exfiltration,1
486,PAYMENT,221.51,SYNTH_ATOLS_0000258,1319.1,1097.59,SYNTH_ATOLSSINK_0000258,0.0,221.51,1,0,ato_lowandslow_exfiltration,1
510,PAYMENT,230.6,SYNTH_ATOLS_0000258,1097.59,866.99,SYNTH_ATOLSSINK_0000258,0.0,230.6,1,0,ato_lowandslow_exfiltration,1
562,PAYMENT,172.98,SYNTH_ATOLS_0000259,6833.57,6660.59,SYNTH_ATOLSSINK_0000259,0.0,172.98,1,0,ato_lowandslow_exfiltration,1
603,PAYMENT,173.85,SYNTH_ATOLS_0000259,6660.59,6486.74,SYNTH_ATOLSSINK_0000259,0.0,173.85,1,0,ato_lowandslow_exfiltration,1
642,PAYMENT,173.35,SYNTH_ATOLS_0000259,6486.74,6313.39,SYNTH_ATOLSSINK_0000259,0.0,173.35,1,0,ato_lowandslow_exfiltration,1
680,PAYMENT,146.51,SYNTH_ATOLS_0000259,6313.39,6166.88,SYNTH_ATOLSSINK_0000259,0.0,146.51,1,0,ato_lowandslow_exfiltration,1
718,PAYMENT,158.65,SYNTH_ATOLS_0000259,6166.88,6008.23,SYNTH_ATOLSSINK_0000259,0.0,158.65,1,0,ato_lowandslow_exfiltration,1
755,PAYMENT,165.84,SYNTH_ATOLS_0000259,6008.23,5842.39,SYNTH_ATOLSSINK_0000259,0.0,165.84,1,0,ato_lowandslow_exfiltration,1
330,PAYMENT,172.29,SYNTH_ATOLS_0000260,2734.17,2561.88,SYNTH_ATOLSSINK_0000260,0.0,172.29,1,0,ato_lowandslow_exfiltration,1
365,PAYMENT,181.68,SYNTH_ATOLS_0000260,2561.88,2380.2,SYNTH_ATOLSSINK_0000260,0.0,181.68,1,0,ato_lowandslow_exfiltration,1
402,PAYMENT,190.97,SYNTH_ATOLS_0000260,2380.2,2189.23,SYNTH_ATOLSSINK_0000260,0.0,190.97,1,0,ato_lowandslow_exfiltration,1
440,PAYMENT,176.37,SYNTH_ATOLS_0000260,2189.23,2012.86,SYNTH_ATOLSSINK_0000260,0.0,176.37,1,0,ato_lowandslow_exfiltration,1
480,PAYMENT,168.06,SYNTH_ATOLS_0000260,2012.86,1844.8,SYNTH_ATOLSSINK_0000260,0.0,168.06,1,0,ato_lowandslow_exfiltration,1
87,PAYMENT,110.35,SYNTH_ATOLS_0000261,8205.38,8095.03,SYNTH_ATOLSSINK_0000261,0.0,110.35,1,0,ato_lowandslow_exfiltration,1
107,PAYMENT,119.55,SYNTH_ATOLS_0000261,8095.03,7975.48,SYNTH_ATOLSSINK_0000261,0.0,119.55,1,0,ato_lowandslow_exfiltration,1
128,PAYMENT,108.93,SYNTH_ATOLS_0000261,7975.48,7866.55,SYNTH_ATOLSSINK_0000261,0.0,108.93,1,0,ato_lowandslow_exfiltration,1
145,PAYMENT,121.07,SYNTH_ATOLS_0000261,7866.55,7745.48,SYNTH_ATOLSSINK_0000261,0.0,121.07,1,0,ato_lowandslow_exfiltration,1
165,PAYMENT,117.0,SYNTH_ATOLS_0000261,7745.48,7628.48,SYNTH_ATOLSSINK_0000261,0.0,117.0,1,0,ato_lowandslow_exfiltration,1
184,PAYMENT,110.87,SYNTH_ATOLS_0000261,7628.48,7517.61,SYNTH_ATOLSSINK_0000261,0.0,110.87,1,0,ato_lowandslow_exfiltration,1
201,PAYMENT,126.78,SYNTH_ATOLS_0000261,7517.61,7390.83,SYNTH_ATOLSSINK_0000261,0.0,126.78,1,0,ato_lowandslow_exfiltration,1
685,PAYMENT,308.62,SYNTH_ATOLS_0000262,1538.07,1229.45,SYNTH_ATOLSSINK_0000262,0.0,308.62,1,0,ato_lowandslow_exfiltration,1
711,PAYMENT,261.17,SYNTH_ATOLS_0000262,1229.45,968.28,SYNTH_ATOLSSINK_0000262,0.0,261.17,1,0,ato_lowandslow_exfiltration,1
738,PAYMENT,296.65,SYNTH_ATOLS_0000262,968.28,671.63,SYNTH_ATOLSSINK_0000262,0.0,296.65,1,0,ato_lowandslow_exfiltration,1
762,PAYMENT,278.44,SYNTH_ATOLS_0000262,671.63,393.19,SYNTH_ATOLSSINK_0000262,0.0,278.44,1,0,ato_lowandslow_exfiltration,1
787,PAYMENT,263.82,SYNTH_ATOLS_0000262,393.19,129.37,SYNTH_ATOLSSINK_0000262,0.0,263.82,1,0,ato_lowandslow_exfiltration,1
207,PAYMENT,274.47,SYNTH_ATOLS_0000263,10275.69,10001.22,SYNTH_ATOLSSINK_0000263,0.0,274.47,1,0,ato_lowandslow_exfiltration,1
243,PAYMENT,279.94,SYNTH_ATOLS_0000263,10001.22,9721.28,SYNTH_ATOLSSINK_0000263,0.0,279.94,1,0,ato_lowandslow_exfiltration,1
283,PAYMENT,263.94,SYNTH_ATOLS_0000263,9721.28,9457.34,SYNTH_ATOLSSINK_0000263,0.0,263.94,1,0,ato_lowandslow_exfiltration,1
323,PAYMENT,241.65,SYNTH_ATOLS_0000263,9457.34,9215.69,SYNTH_ATOLSSINK_0000263,0.0,241.65,1,0,ato_lowandslow_exfiltration,1
358,PAYMENT,239.31,SYNTH_ATOLS_0000263,9215.69,8976.38,SYNTH_ATOLSSINK_0000263,0.0,239.31,1,0,ato_lowandslow_exfiltration,1
425,PAYMENT,293.21,SYNTH_ATOLS_0000264,4399.05,4105.84,SYNTH_ATOLSSINK_0000264,0.0,293.21,1,0,ato_lowandslow_exfiltration,1
454,PAYMENT,289.91,SYNTH_ATOLS_0000264,4105.84,3815.93,SYNTH_ATOLSSINK_0000264,0.0,289.91,1,0,ato_lowandslow_exfiltration,1
483,PAYMENT,293.4,SYNTH_ATOLS_0000264,3815.93,3522.53,SYNTH_ATOLSSINK_0000264,0.0,293.4,1,0,ato_lowandslow_exfiltration,1
509,PAYMENT,268.47,SYNTH_ATOLS_0000264,3522.53,3254.06,SYNTH_ATOLSSINK_0000264,0.0,268.47,1,0,ato_lowandslow_exfiltration,1
534,PAYMENT,293.03,SYNTH_ATOLS_0000264,3254.06,2961.03,SYNTH_ATOLSSINK_0000264,0.0,293.03,1,0,ato_lowandslow_exfiltration,1
561,PAYMENT,294.7,SYNTH_ATOLS_0000264,2961.03,2666.33,SYNTH_ATOLSSINK_0000264,0.0,294.7,1,0,ato_lowandslow_exfiltration,1
275,PAYMENT,240.93,SYNTH_ATOLS_0000265,2397.02,2156.09,SYNTH_ATOLSSINK_0000265,0.0,240.93,1,0,ato_lowandslow_exfiltration,1
304,PAYMENT,249.84,SYNTH_ATOLS_0000265,2156.09,1906.25,SYNTH_ATOLSSINK_0000265,0.0,249.84,1,0,ato_lowandslow_exfiltration,1
339,PAYMENT,253.89,SYNTH_ATOLS_0000265,1906.25,1652.36,SYNTH_ATOLSSINK_0000265,0.0,253.89,1,0,ato_lowandslow_exfiltration,1
371,PAYMENT,214.24,SYNTH_ATOLS_0000265,1652.36,1438.12,SYNTH_ATOLSSINK_0000265,0.0,214.24,1,0,ato_lowandslow_exfiltration,1
407,PAYMENT,212.45,SYNTH_ATOLS_0000265,1438.12,1225.67,SYNTH_ATOLSSINK_0000265,0.0,212.45,1,0,ato_lowandslow_exfiltration,1
437,PAYMENT,225.68,SYNTH_ATOLS_0000265,1225.67,999.99,SYNTH_ATOLSSINK_0000265,0.0,225.68,1,0,ato_lowandslow_exfiltration,1
469,PAYMENT,232.21,SYNTH_ATOLS_0000265,999.99,767.78,SYNTH_ATOLSSINK_0000265,0.0,232.21,1,0,ato_lowandslow_exfiltration,1
652,PAYMENT,302.63,SYNTH_ATOLS_0000266,6218.08,5915.45,SYNTH_ATOLSSINK_0000266,0.0,302.63,1,0,ato_lowandslow_exfiltration,1
670,PAYMENT,334.15,SYNTH_ATOLS_0000266,5915.45,5581.3,SYNTH_ATOLSSINK_0000266,0.0,334.15,1,0,ato_lowandslow_exfiltration,1
692,PAYMENT,329.51,SYNTH_ATOLS_0000266,5581.3,5251.79,SYNTH_ATOLSSINK_0000266,0.0,329.51,1,0,ato_lowandslow_exfiltration,1
712,PAYMENT,336.67,SYNTH_ATOLS_0000266,5251.79,4915.12,SYNTH_ATOLSSINK_0000266,0.0,336.67,1,0,ato_lowandslow_exfiltration,1
360,PAYMENT,111.02,SYNTH_ATOLS_0000267,2639.23,2528.21,SYNTH_ATOLSSINK_0000267,0.0,111.02,1,0,ato_lowandslow_exfiltration,1
397,PAYMENT,96.55,SYNTH_ATOLS_0000267,2528.21,2431.66,SYNTH_ATOLSSINK_0000267,0.0,96.55,1,0,ato_lowandslow_exfiltration,1
434,PAYMENT,101.67,SYNTH_ATOLS_0000267,2431.66,2329.99,SYNTH_ATOLSSINK_0000267,0.0,101.67,1,0,ato_lowandslow_exfiltration,1
471,PAYMENT,111.73,SYNTH_ATOLS_0000267,2329.99,2218.26,SYNTH_ATOLSSINK_0000267,0.0,111.73,1,0,ato_lowandslow_exfiltration,1
506,PAYMENT,103.6,SYNTH_ATOLS_0000267,2218.26,2114.66,SYNTH_ATOLSSINK_0000267,0.0,103.6,1,0,ato_lowandslow_exfiltration,1
200,PAYMENT,284.18,SYNTH_ATOLS_0000268,3792.48,3508.3,SYNTH_ATOLSSINK_0000268,0.0,284.18,1,0,ato_lowandslow_exfiltration,1
228,PAYMENT,298.68,SYNTH_ATOLS_0000268,3508.3,3209.62,SYNTH_ATOLSSINK_0000268,0.0,298.68,1,0,ato_lowandslow_exfiltration,1
255,PAYMENT,313.2,SYNTH_ATOLS_0000268,3209.62,2896.42,SYNTH_ATOLSSINK_0000268,0.0,313.2,1,0,ato_lowandslow_exfiltration,1
287,PAYMENT,327.13,SYNTH_ATOLS_0000268,2896.42,2569.29,SYNTH_ATOLSSINK_0000268,0.0,327.13,1,0,ato_lowandslow_exfiltration,1
314,PAYMENT,304.91,SYNTH_ATOLS_0000268,2569.29,2264.38,SYNTH_ATOLSSINK_0000268,0.0,304.91,1,0,ato_lowandslow_exfiltration,1
341,PAYMENT,291.36,SYNTH_ATOLS_0000268,2264.38,1973.02,SYNTH_ATOLSSINK_0000268,0.0,291.36,1,0,ato_lowandslow_exfiltration,1
143,PAYMENT,228.26,SYNTH_ATOLS_0000269,4383.76,4155.5,SYNTH_ATOLSSINK_0000269,0.0,228.26,1,0,ato_lowandslow_exfiltration,1
166,PAYMENT,209.57,SYNTH_ATOLS_0000269,4155.5,3945.93,SYNTH_ATOLSSINK_0000269,0.0,209.57,1,0,ato_lowandslow_exfiltration,1
195,PAYMENT,213.54,SYNTH_ATOLS_0000269,3945.93,3732.39,SYNTH_ATOLSSINK_0000269,0.0,213.54,1,0,ato_lowandslow_exfiltration,1
219,PAYMENT,224.53,SYNTH_ATOLS_0000269,3732.39,3507.86,SYNTH_ATOLSSINK_0000269,0.0,224.53,1,0,ato_lowandslow_exfiltration,1
247,PAYMENT,226.69,SYNTH_ATOLS_0000269,3507.86,3281.17,SYNTH_ATOLSSINK_0000269,0.0,226.69,1,0,ato_lowandslow_exfiltration,1
272,PAYMENT,248.33,SYNTH_ATOLS_0000269,3281.17,3032.84,SYNTH_ATOLSSINK_0000269,0.0,248.33,1,0,ato_lowandslow_exfiltration,1
590,PAYMENT,452.09,SYNTH_ATOLS_0000270,3148.37,2696.28,SYNTH_ATOLSSINK_0000270,0.0,452.09,1,0,ato_lowandslow_exfiltration,1
612,PAYMENT,485.17,SYNTH_ATOLS_0000270,2696.28,2211.11,SYNTH_ATOLSSINK_0000270,0.0,485.17,1,0,ato_lowandslow_exfiltration,1
632,PAYMENT,480.71,SYNTH_ATOLS_0000270,2211.11,1730.4,SYNTH_ATOLSSINK_0000270,0.0,480.71,1,0,ato_lowandslow_exfiltration,1
648,PAYMENT,502.23,SYNTH_ATOLS_0000270,1730.4,1228.17,SYNTH_ATOLSSINK_0000270,0.0,502.23,1,0,ato_lowandslow_exfiltration,1
345,PAYMENT,185.23,SYNTH_ATOLS_0000271,4773.61,4588.38,SYNTH_ATOLSSINK_0000271,0.0,185.23,1,0,ato_lowandslow_exfiltration,1
366,PAYMENT,170.35,SYNTH_ATOLS_0000271,4588.38,4418.03,SYNTH_ATOLSSINK_0000271,0.0,170.35,1,0,ato_lowandslow_exfiltration,1
392,PAYMENT,189.17,SYNTH_ATOLS_0000271,4418.03,4228.86,SYNTH_ATOLSSINK_0000271,0.0,189.17,1,0,ato_lowandslow_exfiltration,1
415,PAYMENT,195.77,SYNTH_ATOLS_0000271,4228.86,4033.09,SYNTH_ATOLSSINK_0000271,0.0,195.77,1,0,ato_lowandslow_exfiltration,1
438,PAYMENT,166.55,SYNTH_ATOLS_0000271,4033.09,3866.54,SYNTH_ATOLSSINK_0000271,0.0,166.55,1,0,ato_lowandslow_exfiltration,1
466,PAYMENT,176.83,SYNTH_ATOLS_0000271,3866.54,3689.71,SYNTH_ATOLSSINK_0000271,0.0,176.83,1,0,ato_lowandslow_exfiltration,1
269,PAYMENT,299.9,SYNTH_ATOLS_0000272,3018.01,2718.11,SYNTH_ATOLSSINK_0000272,0.0,299.9,1,0,ato_lowandslow_exfiltration,1
282,PAYMENT,332.35,SYNTH_ATOLS_0000272,2718.11,2385.76,SYNTH_ATOLSSINK_0000272,0.0,332.35,1,0,ato_lowandslow_exfiltration,1
299,PAYMENT,273.22,SYNTH_ATOLS_0000272,2385.76,2112.54,SYNTH_ATOLSSINK_0000272,0.0,273.22,1,0,ato_lowandslow_exfiltration,1
314,PAYMENT,287.38,SYNTH_ATOLS_0000272,2112.54,1825.16,SYNTH_ATOLSSINK_0000272,0.0,287.38,1,0,ato_lowandslow_exfiltration,1
254,PAYMENT,159.58,SYNTH_ATOLS_0000273,2143.85,1984.27,SYNTH_ATOLSSINK_0000273,0.0,159.58,1,0,ato_lowandslow_exfiltration,1
283,PAYMENT,145.38,SYNTH_ATOLS_0000273,1984.27,1838.89,SYNTH_ATOLSSINK_0000273,0.0,145.38,1,0,ato_lowandslow_exfiltration,1
315,PAYMENT,170.96,SYNTH_ATOLS_0000273,1838.89,1667.93,SYNTH_ATOLSSINK_0000273,0.0,170.96,1,0,ato_lowandslow_exfiltration,1
343,PAYMENT,146.86,SYNTH_ATOLS_0000273,1667.93,1521.07,SYNTH_ATOLSSINK_0000273,0.0,146.86,1,0,ato_lowandslow_exfiltration,1
373,PAYMENT,144.63,SYNTH_ATOLS_0000273,1521.07,1376.44,SYNTH_ATOLSSINK_0000273,0.0,144.63,1,0,ato_lowandslow_exfiltration,1
404,PAYMENT,152.09,SYNTH_ATOLS_0000273,1376.44,1224.35,SYNTH_ATOLSSINK_0000273,0.0,152.09,1,0,ato_lowandslow_exfiltration,1
431,PAYMENT,149.74,SYNTH_ATOLS_0000273,1224.35,1074.61,SYNTH_ATOLSSINK_0000273,0.0,149.74,1,0,ato_lowandslow_exfiltration,1
177,PAYMENT,210.17,SYNTH_ATOLS_0000274,9408.03,9197.86,SYNTH_ATOLSSINK_0000274,0.0,210.17,1,0,ato_lowandslow_exfiltration,1
217,PAYMENT,226.99,SYNTH_ATOLS_0000274,9197.86,8970.87,SYNTH_ATOLSSINK_0000274,0.0,226.99,1,0,ato_lowandslow_exfiltration,1
257,PAYMENT,196.38,SYNTH_ATOLS_0000274,8970.87,8774.49,SYNTH_ATOLSSINK_0000274,0.0,196.38,1,0,ato_lowandslow_exfiltration,1
293,PAYMENT,219.35,SYNTH_ATOLS_0000274,8774.49,8555.14,SYNTH_ATOLSSINK_0000274,0.0,219.35,1,0,ato_lowandslow_exfiltration,1
333,PAYMENT,218.39,SYNTH_ATOLS_0000274,8555.14,8336.75,SYNTH_ATOLSSINK_0000274,0.0,218.39,1,0,ato_lowandslow_exfiltration,1
374,PAYMENT,189.16,SYNTH_ATOLS_0000274,8336.75,8147.59,SYNTH_ATOLSSINK_0000274,0.0,189.16,1,0,ato_lowandslow_exfiltration,1
414,PAYMENT,198.93,SYNTH_ATOLS_0000274,8147.59,7948.66,SYNTH_ATOLSSINK_0000274,0.0,198.93,1,0,ato_lowandslow_exfiltration,1
437,PAYMENT,191.74,SYNTH_ATOLS_0000275,5274.83,5083.09,SYNTH_ATOLSSINK_0000275,0.0,191.74,1,0,ato_lowandslow_exfiltration,1
464,PAYMENT,184.03,SYNTH_ATOLS_0000275,5083.09,4899.06,SYNTH_ATOLSSINK_0000275,0.0,184.03,1,0,ato_lowandslow_exfiltration,1
484,PAYMENT,191.42,SYNTH_ATOLS_0000275,4899.06,4707.64,SYNTH_ATOLSSINK_0000275,0.0,191.42,1,0,ato_lowandslow_exfiltration,1
511,PAYMENT,178.91,SYNTH_ATOLS_0000275,4707.64,4528.73,SYNTH_ATOLSSINK_0000275,0.0,178.91,1,0,ato_lowandslow_exfiltration,1
533,PAYMENT,172.39,SYNTH_ATOLS_0000275,4528.73,4356.34,SYNTH_ATOLSSINK_0000275,0.0,172.39,1,0,ato_lowandslow_exfiltration,1
557,PAYMENT,183.95,SYNTH_ATOLS_0000275,4356.34,4172.39,SYNTH_ATOLSSINK_0000275,0.0,183.95,1,0,ato_lowandslow_exfiltration,1
581,PAYMENT,178.79,SYNTH_ATOLS_0000275,4172.39,3993.6,SYNTH_ATOLSSINK_0000275,0.0,178.79,1,0,ato_lowandslow_exfiltration,1
698,PAYMENT,405.27,SYNTH_ATOLS_0000276,1839.83,1434.56,SYNTH_ATOLSSINK_0000276,0.0,405.27,1,0,ato_lowandslow_exfiltration,1
730,PAYMENT,420.87,SYNTH_ATOLS_0000276,1434.56,1013.69,SYNTH_ATOLSSINK_0000276,0.0,420.87,1,0,ato_lowandslow_exfiltration,1
763,PAYMENT,406.98,SYNTH_ATOLS_0000276,1013.69,606.71,SYNTH_ATOLSSINK_0000276,0.0,406.98,1,0,ato_lowandslow_exfiltration,1
794,PAYMENT,445.1,SYNTH_ATOLS_0000276,606.71,161.61,SYNTH_ATOLSSINK_0000276,0.0,445.1,1,0,ato_lowandslow_exfiltration,1
823,PAYMENT,436.65,SYNTH_ATOLS_0000276,161.61,0.0,SYNTH_ATOLSSINK_0000276,0.0,436.65,1,0,ato_lowandslow_exfiltration,1
859,PAYMENT,392.01,SYNTH_ATOLS_0000276,0.0,0.0,SYNTH_ATOLSSINK_0000276,0.0,392.01,1,0,ato_lowandslow_exfiltration,1
888,PAYMENT,405.27,SYNTH_ATOLS_0000276,0.0,0.0,SYNTH_ATOLSSINK_0000276,0.0,405.27,1,0,ato_lowandslow_exfiltration,1
479,PAYMENT,247.36,SYNTH_ATOLS_0000277,7040.99,6793.63,SYNTH_ATOLSSINK_0000277,0.0,247.36,1,0,ato_lowandslow_exfiltration,1
506,PAYMENT,248.61,SYNTH_ATOLS_0000277,6793.63,6545.02,SYNTH_ATOLSSINK_0000277,0.0,248.61,1,0,ato_lowandslow_exfiltration,1
529,PAYMENT,265.32,SYNTH_ATOLS_0000277,6545.02,6279.7,SYNTH_ATOLSSINK_0000277,0.0,265.32,1,0,ato_lowandslow_exfiltration,1
557,PAYMENT,264.21,SYNTH_ATOLS_0000277,6279.7,6015.49,SYNTH_ATOLSSINK_0000277,0.0,264.21,1,0,ato_lowandslow_exfiltration,1
579,PAYMENT,244.61,SYNTH_ATOLS_0000277,6015.49,5770.88,SYNTH_ATOLSSINK_0000277,0.0,244.61,1,0,ato_lowandslow_exfiltration,1
607,PAYMENT,276.83,SYNTH_ATOLS_0000277,5770.88,5494.05,SYNTH_ATOLSSINK_0000277,0.0,276.83,1,0,ato_lowandslow_exfiltration,1
420,PAYMENT,240.47,SYNTH_ATOLS_0000278,4364.16,4123.69,SYNTH_ATOLSSINK_0000278,0.0,240.47,1,0,ato_lowandslow_exfiltration,1
439,PAYMENT,256.88,SYNTH_ATOLS_0000278,4123.69,3866.81,SYNTH_ATOLSSINK_0000278,0.0,256.88,1,0,ato_lowandslow_exfiltration,1
462,PAYMENT,221.27,SYNTH_ATOLS_0000278,3866.81,3645.54,SYNTH_ATOLSSINK_0000278,0.0,221.27,1,0,ato_lowandslow_exfiltration,1
479,PAYMENT,222.51,SYNTH_ATOLS_0000278,3645.54,3423.03,SYNTH_ATOLSSINK_0000278,0.0,222.51,1,0,ato_lowandslow_exfiltration,1
338,PAYMENT,226.16,SYNTH_ATOLS_0000279,12776.07,12549.91,SYNTH_ATOLSSINK_0000279,0.0,226.16,1,0,ato_lowandslow_exfiltration,1
369,PAYMENT,239.63,SYNTH_ATOLS_0000279,12549.91,12310.28,SYNTH_ATOLSSINK_0000279,0.0,239.63,1,0,ato_lowandslow_exfiltration,1
398,PAYMENT,253.72,SYNTH_ATOLS_0000279,12310.28,12056.56,SYNTH_ATOLSSINK_0000279,0.0,253.72,1,0,ato_lowandslow_exfiltration,1
424,PAYMENT,217.87,SYNTH_ATOLS_0000279,12056.56,11838.69,SYNTH_ATOLSSINK_0000279,0.0,217.87,1,0,ato_lowandslow_exfiltration,1
454,PAYMENT,253.19,SYNTH_ATOLS_0000279,11838.69,11585.5,SYNTH_ATOLSSINK_0000279,0.0,253.19,1,0,ato_lowandslow_exfiltration,1
208,PAYMENT,331.94,SYNTH_ATOLS_0000280,2588.54,2256.6,SYNTH_ATOLSSINK_0000280,0.0,331.94,1,0,ato_lowandslow_exfiltration,1
240,PAYMENT,312.14,SYNTH_ATOLS_0000280,2256.6,1944.46,SYNTH_ATOLSSINK_0000280,0.0,312.14,1,0,ato_lowandslow_exfiltration,1
270,PAYMENT,310.16,SYNTH_ATOLS_0000280,1944.46,1634.3,SYNTH_ATOLSSINK_0000280,0.0,310.16,1,0,ato_lowandslow_exfiltration,1
302,PAYMENT,292.63,SYNTH_ATOLS_0000280,1634.3,1341.67,SYNTH_ATOLSSINK_0000280,0.0,292.63,1,0,ato_lowandslow_exfiltration,1
337,PAYMENT,323.45,SYNTH_ATOLS_0000280,1341.67,1018.22,SYNTH_ATOLSSINK_0000280,0.0,323.45,1,0,ato_lowandslow_exfiltration,1
367,PAYMENT,279.05,SYNTH_ATOLS_0000280,1018.22,739.17,SYNTH_ATOLSSINK_0000280,0.0,279.05,1,0,ato_lowandslow_exfiltration,1
600,PAYMENT,206.71,SYNTH_ATOLS_0000281,5942.88,5736.17,SYNTH_ATOLSSINK_0000281,0.0,206.71,1,0,ato_lowandslow_exfiltration,1
626,PAYMENT,208.5,SYNTH_ATOLS_0000281,5736.17,5527.67,SYNTH_ATOLSSINK_0000281,0.0,208.5,1,0,ato_lowandslow_exfiltration,1
646,PAYMENT,215.83,SYNTH_ATOLS_0000281,5527.67,5311.84,SYNTH_ATOLSSINK_0000281,0.0,215.83,1,0,ato_lowandslow_exfiltration,1
670,PAYMENT,218.84,SYNTH_ATOLS_0000281,5311.84,5093.0,SYNTH_ATOLSSINK_0000281,0.0,218.84,1,0,ato_lowandslow_exfiltration,1
694,PAYMENT,218.0,SYNTH_ATOLS_0000281,5093.0,4875.0,SYNTH_ATOLSSINK_0000281,0.0,218.0,1,0,ato_lowandslow_exfiltration,1
720,PAYMENT,206.74,SYNTH_ATOLS_0000281,4875.0,4668.26,SYNTH_ATOLSSINK_0000281,0.0,206.74,1,0,ato_lowandslow_exfiltration,1
552,PAYMENT,386.29,SYNTH_ATOLS_0000282,5521.53,5135.24,SYNTH_ATOLSSINK_0000282,0.0,386.29,1,0,ato_lowandslow_exfiltration,1
569,PAYMENT,358.96,SYNTH_ATOLS_0000282,5135.24,4776.28,SYNTH_ATOLSSINK_0000282,0.0,358.96,1,0,ato_lowandslow_exfiltration,1
592,PAYMENT,338.32,SYNTH_ATOLS_0000282,4776.28,4437.96,SYNTH_ATOLSSINK_0000282,0.0,338.32,1,0,ato_lowandslow_exfiltration,1
609,PAYMENT,345.19,SYNTH_ATOLS_0000282,4437.96,4092.77,SYNTH_ATOLSSINK_0000282,0.0,345.19,1,0,ato_lowandslow_exfiltration,1
632,PAYMENT,340.77,SYNTH_ATOLS_0000282,4092.77,3752.0,SYNTH_ATOLSSINK_0000282,0.0,340.77,1,0,ato_lowandslow_exfiltration,1
651,PAYMENT,384.88,SYNTH_ATOLS_0000282,3752.0,3367.12,SYNTH_ATOLSSINK_0000282,0.0,384.88,1,0,ato_lowandslow_exfiltration,1
668,PAYMENT,347.36,SYNTH_ATOLS_0000282,3367.12,3019.76,SYNTH_ATOLSSINK_0000282,0.0,347.36,1,0,ato_lowandslow_exfiltration,1
375,PAYMENT,312.43,SYNTH_ATOLS_0000283,3091.14,2778.71,SYNTH_ATOLSSINK_0000283,0.0,312.43,1,0,ato_lowandslow_exfiltration,1
409,PAYMENT,296.21,SYNTH_ATOLS_0000283,2778.71,2482.5,SYNTH_ATOLSSINK_0000283,0.0,296.21,1,0,ato_lowandslow_exfiltration,1
446,PAYMENT,310.1,SYNTH_ATOLS_0000283,2482.5,2172.4,SYNTH_ATOLSSINK_0000283,0.0,310.1,1,0,ato_lowandslow_exfiltration,1
483,PAYMENT,280.83,SYNTH_ATOLS_0000283,2172.4,1891.57,SYNTH_ATOLSSINK_0000283,0.0,280.83,1,0,ato_lowandslow_exfiltration,1
517,PAYMENT,281.85,SYNTH_ATOLS_0000283,1891.57,1609.72,SYNTH_ATOLSSINK_0000283,0.0,281.85,1,0,ato_lowandslow_exfiltration,1
550,PAYMENT,316.46,SYNTH_ATOLS_0000283,1609.72,1293.26,SYNTH_ATOLSSINK_0000283,0.0,316.46,1,0,ato_lowandslow_exfiltration,1
585,PAYMENT,270.73,SYNTH_ATOLS_0000283,1293.26,1022.53,SYNTH_ATOLSSINK_0000283,0.0,270.73,1,0,ato_lowandslow_exfiltration,1
201,PAYMENT,253.61,SYNTH_ATOLS_0000284,5554.7,5301.09,SYNTH_ATOLSSINK_0000284,0.0,253.61,1,0,ato_lowandslow_exfiltration,1
232,PAYMENT,290.76,SYNTH_ATOLS_0000284,5301.09,5010.33,SYNTH_ATOLSSINK_0000284,0.0,290.76,1,0,ato_lowandslow_exfiltration,1
267,PAYMENT,273.82,SYNTH_ATOLS_0000284,5010.33,4736.51,SYNTH_ATOLSSINK_0000284,0.0,273.82,1,0,ato_lowandslow_exfiltration,1
299,PAYMENT,247.14,SYNTH_ATOLS_0000284,4736.51,4489.37,SYNTH_ATOLSSINK_0000284,0.0,247.14,1,0,ato_lowandslow_exfiltration,1
328,PAYMENT,290.84,SYNTH_ATOLS_0000284,4489.37,4198.53,SYNTH_ATOLSSINK_0000284,0.0,290.84,1,0,ato_lowandslow_exfiltration,1
361,PAYMENT,277.07,SYNTH_ATOLS_0000284,4198.53,3921.46,SYNTH_ATOLSSINK_0000284,0.0,277.07,1,0,ato_lowandslow_exfiltration,1
395,PAYMENT,261.22,SYNTH_ATOLS_0000284,3921.46,3660.24,SYNTH_ATOLSSINK_0000284,0.0,261.22,1,0,ato_lowandslow_exfiltration,1
596,PAYMENT,254.83,SYNTH_ATOLS_0000285,9513.95,9259.12,SYNTH_ATOLSSINK_0000285,0.0,254.83,1,0,ato_lowandslow_exfiltration,1
617,PAYMENT,254.12,SYNTH_ATOLS_0000285,9259.12,9005.0,SYNTH_ATOLSSINK_0000285,0.0,254.12,1,0,ato_lowandslow_exfiltration,1
633,PAYMENT,267.03,SYNTH_ATOLS_0000285,9005.0,8737.97,SYNTH_ATOLSSINK_0000285,0.0,267.03,1,0,ato_lowandslow_exfiltration,1
654,PAYMENT,248.53,SYNTH_ATOLS_0000285,8737.97,8489.44,SYNTH_ATOLSSINK_0000285,0.0,248.53,1,0,ato_lowandslow_exfiltration,1
519,PAYMENT,238.17,SYNTH_ATOLS_0000286,12245.77,12007.6,SYNTH_ATOLSSINK_0000286,0.0,238.17,1,0,ato_lowandslow_exfiltration,1
553,PAYMENT,266.86,SYNTH_ATOLS_0000286,12007.6,11740.74,SYNTH_ATOLSSINK_0000286,0.0,266.86,1,0,ato_lowandslow_exfiltration,1
586,PAYMENT,266.49,SYNTH_ATOLS_0000286,11740.74,11474.25,SYNTH_ATOLSSINK_0000286,0.0,266.49,1,0,ato_lowandslow_exfiltration,1
622,PAYMENT,256.76,SYNTH_ATOLS_0000286,11474.25,11217.49,SYNTH_ATOLSSINK_0000286,0.0,256.76,1,0,ato_lowandslow_exfiltration,1
656,PAYMENT,232.24,SYNTH_ATOLS_0000286,11217.49,10985.25,SYNTH_ATOLSSINK_0000286,0.0,232.24,1,0,ato_lowandslow_exfiltration,1
638,PAYMENT,219.9,SYNTH_ATOLS_0000287,2562.74,2342.84,SYNTH_ATOLSSINK_0000287,0.0,219.9,1,0,ato_lowandslow_exfiltration,1
669,PAYMENT,211.69,SYNTH_ATOLS_0000287,2342.84,2131.15,SYNTH_ATOLSSINK_0000287,0.0,211.69,1,0,ato_lowandslow_exfiltration,1
708,PAYMENT,196.23,SYNTH_ATOLS_0000287,2131.15,1934.92,SYNTH_ATOLSSINK_0000287,0.0,196.23,1,0,ato_lowandslow_exfiltration,1
741,PAYMENT,188.45,SYNTH_ATOLS_0000287,1934.92,1746.47,SYNTH_ATOLSSINK_0000287,0.0,188.45,1,0,ato_lowandslow_exfiltration,1
777,PAYMENT,221.54,SYNTH_ATOLS_0000287,1746.47,1524.93,SYNTH_ATOLSSINK_0000287,0.0,221.54,1,0,ato_lowandslow_exfiltration,1
812,PAYMENT,192.9,SYNTH_ATOLS_0000287,1524.93,1332.03,SYNTH_ATOLSSINK_0000287,0.0,192.9,1,0,ato_lowandslow_exfiltration,1
848,PAYMENT,197.13,SYNTH_ATOLS_0000287,1332.03,1134.9,SYNTH_ATOLSSINK_0000287,0.0,197.13,1,0,ato_lowandslow_exfiltration,1
659,PAYMENT,524.54,SYNTH_ATOLS_0000288,10244.28,9719.74,SYNTH_ATOLSSINK_0000288,0.0,524.54,1,0,ato_lowandslow_exfiltration,1
692,PAYMENT,503.95,SYNTH_ATOLS_0000288,9719.74,9215.79,SYNTH_ATOLSSINK_0000288,0.0,503.95,1,0,ato_lowandslow_exfiltration,1
728,PAYMENT,474.33,SYNTH_ATOLS_0000288,9215.79,8741.46,SYNTH_ATOLSSINK_0000288,0.0,474.33,1,0,ato_lowandslow_exfiltration,1
760,PAYMENT,480.71,SYNTH_ATOLS_0000288,8741.46,8260.75,SYNTH_ATOLSSINK_0000288,0.0,480.71,1,0,ato_lowandslow_exfiltration,1
796,PAYMENT,557.67,SYNTH_ATOLS_0000288,8260.75,7703.08,SYNTH_ATOLSSINK_0000288,0.0,557.67,1,0,ato_lowandslow_exfiltration,1
152,PAYMENT,849.53,SYNTH_ATOLS_0000289,5217.65,4368.12,SYNTH_ATOLSSINK_0000289,0.0,849.53,1,0,ato_lowandslow_exfiltration,1
174,PAYMENT,847.16,SYNTH_ATOLS_0000289,4368.12,3520.96,SYNTH_ATOLSSINK_0000289,0.0,847.16,1,0,ato_lowandslow_exfiltration,1
199,PAYMENT,782.33,SYNTH_ATOLS_0000289,3520.96,2738.63,SYNTH_ATOLSSINK_0000289,0.0,782.33,1,0,ato_lowandslow_exfiltration,1
218,PAYMENT,793.26,SYNTH_ATOLS_0000289,2738.63,1945.37,SYNTH_ATOLSSINK_0000289,0.0,793.26,1,0,ato_lowandslow_exfiltration,1
555,PAYMENT,245.08,SYNTH_ATOLS_0000290,10964.53,10719.45,SYNTH_ATOLSSINK_0000290,0.0,245.08,1,0,ato_lowandslow_exfiltration,1
583,PAYMENT,242.25,SYNTH_ATOLS_0000290,10719.45,10477.2,SYNTH_ATOLSSINK_0000290,0.0,242.25,1,0,ato_lowandslow_exfiltration,1
618,PAYMENT,241.11,SYNTH_ATOLS_0000290,10477.2,10236.09,SYNTH_ATOLSSINK_0000290,0.0,241.11,1,0,ato_lowandslow_exfiltration,1
648,PAYMENT,255.25,SYNTH_ATOLS_0000290,10236.09,9980.84,SYNTH_ATOLSSINK_0000290,0.0,255.25,1,0,ato_lowandslow_exfiltration,1
680,PAYMENT,251.72,SYNTH_ATOLS_0000290,9980.84,9729.12,SYNTH_ATOLSSINK_0000290,0.0,251.72,1,0,ato_lowandslow_exfiltration,1
712,PAYMENT,211.43,SYNTH_ATOLS_0000290,9729.12,9517.69,SYNTH_ATOLSSINK_0000290,0.0,211.43,1,0,ato_lowandslow_exfiltration,1
747,PAYMENT,224.36,SYNTH_ATOLS_0000290,9517.69,9293.33,SYNTH_ATOLSSINK_0000290,0.0,224.36,1,0,ato_lowandslow_exfiltration,1
518,PAYMENT,209.58,SYNTH_ATOLS_0000291,2183.32,1973.74,SYNTH_ATOLSSINK_0000291,0.0,209.58,1,0,ato_lowandslow_exfiltration,1
537,PAYMENT,192.91,SYNTH_ATOLS_0000291,1973.74,1780.83,SYNTH_ATOLSSINK_0000291,0.0,192.91,1,0,ato_lowandslow_exfiltration,1
562,PAYMENT,194.05,SYNTH_ATOLS_0000291,1780.83,1586.78,SYNTH_ATOLSSINK_0000291,0.0,194.05,1,0,ato_lowandslow_exfiltration,1
585,PAYMENT,231.27,SYNTH_ATOLS_0000291,1586.78,1355.51,SYNTH_ATOLSSINK_0000291,0.0,231.27,1,0,ato_lowandslow_exfiltration,1
382,PAYMENT,154.2,SYNTH_ATOLS_0000292,8234.22,8080.02,SYNTH_ATOLSSINK_0000292,0.0,154.2,1,0,ato_lowandslow_exfiltration,1
416,PAYMENT,145.4,SYNTH_ATOLS_0000292,8080.02,7934.62,SYNTH_ATOLSSINK_0000292,0.0,145.4,1,0,ato_lowandslow_exfiltration,1
455,PAYMENT,141.94,SYNTH_ATOLS_0000292,7934.62,7792.68,SYNTH_ATOLSSINK_0000292,0.0,141.94,1,0,ato_lowandslow_exfiltration,1
488,PAYMENT,157.57,SYNTH_ATOLS_0000292,7792.68,7635.11,SYNTH_ATOLSSINK_0000292,0.0,157.57,1,0,ato_lowandslow_exfiltration,1
525,PAYMENT,160.68,SYNTH_ATOLS_0000292,7635.11,7474.43,SYNTH_ATOLSSINK_0000292,0.0,160.68,1,0,ato_lowandslow_exfiltration,1
561,PAYMENT,165.12,SYNTH_ATOLS_0000292,7474.43,7309.31,SYNTH_ATOLSSINK_0000292,0.0,165.12,1,0,ato_lowandslow_exfiltration,1
596,PAYMENT,151.86,SYNTH_ATOLS_0000292,7309.31,7157.45,SYNTH_ATOLSSINK_0000292,0.0,151.86,1,0,ato_lowandslow_exfiltration,1
229,PAYMENT,281.82,SYNTH_ATOLS_0000293,6543.62,6261.8,SYNTH_ATOLSSINK_0000293,0.0,281.82,1,0,ato_lowandslow_exfiltration,1
264,PAYMENT,290.87,SYNTH_ATOLS_0000293,6261.8,5970.93,SYNTH_ATOLSSINK_0000293,0.0,290.87,1,0,ato_lowandslow_exfiltration,1
296,PAYMENT,297.62,SYNTH_ATOLS_0000293,5970.93,5673.31,SYNTH_ATOLSSINK_0000293,0.0,297.62,1,0,ato_lowandslow_exfiltration,1
326,PAYMENT,262.57,SYNTH_ATOLS_0000293,5673.31,5410.74,SYNTH_ATOLSSINK_0000293,0.0,262.57,1,0,ato_lowandslow_exfiltration,1
362,PAYMENT,264.17,SYNTH_ATOLS_0000293,5410.74,5146.57,SYNTH_ATOLSSINK_0000293,0.0,264.17,1,0,ato_lowandslow_exfiltration,1
583,PAYMENT,245.78,SYNTH_ATOLS_0000294,6062.27,5816.49,SYNTH_ATOLSSINK_0000294,0.0,245.78,1,0,ato_lowandslow_exfiltration,1
620,PAYMENT,240.15,SYNTH_ATOLS_0000294,5816.49,5576.34,SYNTH_ATOLSSINK_0000294,0.0,240.15,1,0,ato_lowandslow_exfiltration,1
649,PAYMENT,250.4,SYNTH_ATOLS_0000294,5576.34,5325.94,SYNTH_ATOLSSINK_0000294,0.0,250.4,1,0,ato_lowandslow_exfiltration,1
686,PAYMENT,216.29,SYNTH_ATOLS_0000294,5325.94,5109.65,SYNTH_ATOLSSINK_0000294,0.0,216.29,1,0,ato_lowandslow_exfiltration,1
715,PAYMENT,250.65,SYNTH_ATOLS_0000294,5109.65,4859.0,SYNTH_ATOLSSINK_0000294,0.0,250.65,1,0,ato_lowandslow_exfiltration,1
750,PAYMENT,231.33,SYNTH_ATOLS_0000294,4859.0,4627.67,SYNTH_ATOLSSINK_0000294,0.0,231.33,1,0,ato_lowandslow_exfiltration,1
782,PAYMENT,234.53,SYNTH_ATOLS_0000294,4627.67,4393.14,SYNTH_ATOLSSINK_0000294,0.0,234.53,1,0,ato_lowandslow_exfiltration,1
317,PAYMENT,312.15,SYNTH_ATOLS_0000295,2488.81,2176.66,SYNTH_ATOLSSINK_0000295,0.0,312.15,1,0,ato_lowandslow_exfiltration,1
357,PAYMENT,341.34,SYNTH_ATOLS_0000295,2176.66,1835.32,SYNTH_ATOLSSINK_0000295,0.0,341.34,1,0,ato_lowandslow_exfiltration,1
398,PAYMENT,318.17,SYNTH_ATOLS_0000295,1835.32,1517.15,SYNTH_ATOLSSINK_0000295,0.0,318.17,1,0,ato_lowandslow_exfiltration,1
435,PAYMENT,347.22,SYNTH_ATOLS_0000295,1517.15,1169.93,SYNTH_ATOLSSINK_0000295,0.0,347.22,1,0,ato_lowandslow_exfiltration,1
473,PAYMENT,343.21,SYNTH_ATOLS_0000295,1169.93,826.72,SYNTH_ATOLSSINK_0000295,0.0,343.21,1,0,ato_lowandslow_exfiltration,1
514,PAYMENT,360.79,SYNTH_ATOLS_0000295,826.72,465.93,SYNTH_ATOLSSINK_0000295,0.0,360.79,1,0,ato_lowandslow_exfiltration,1
551,PAYMENT,331.9,SYNTH_ATOLS_0000295,465.93,134.03,SYNTH_ATOLSSINK_0000295,0.0,331.9,1,0,ato_lowandslow_exfiltration,1
358,PAYMENT,396.65,SYNTH_ATOLS_0000296,6316.43,5919.78,SYNTH_ATOLSSINK_0000296,0.0,396.65,1,0,ato_lowandslow_exfiltration,1
376,PAYMENT,414.82,SYNTH_ATOLS_0000296,5919.78,5504.96,SYNTH_ATOLSSINK_0000296,0.0,414.82,1,0,ato_lowandslow_exfiltration,1
398,PAYMENT,431.53,SYNTH_ATOLS_0000296,5504.96,5073.43,SYNTH_ATOLSSINK_0000296,0.0,431.53,1,0,ato_lowandslow_exfiltration,1
414,PAYMENT,418.51,SYNTH_ATOLS_0000296,5073.43,4654.92,SYNTH_ATOLSSINK_0000296,0.0,418.51,1,0,ato_lowandslow_exfiltration,1
432,PAYMENT,438.86,SYNTH_ATOLS_0000296,4654.92,4216.06,SYNTH_ATOLSSINK_0000296,0.0,438.86,1,0,ato_lowandslow_exfiltration,1
180,PAYMENT,411.6,SYNTH_ATOLS_0000297,3515.02,3103.42,SYNTH_ATOLSSINK_0000297,0.0,411.6,1,0,ato_lowandslow_exfiltration,1
204,PAYMENT,429.29,SYNTH_ATOLS_0000297,3103.42,2674.13,SYNTH_ATOLSSINK_0000297,0.0,429.29,1,0,ato_lowandslow_exfiltration,1
231,PAYMENT,447.74,SYNTH_ATOLS_0000297,2674.13,2226.39,SYNTH_ATOLSSINK_0000297,0.0,447.74,1,0,ato_lowandslow_exfiltration,1
255,PAYMENT,408.63,SYNTH_ATOLS_0000297,2226.39,1817.76,SYNTH_ATOLSSINK_0000297,0.0,408.63,1,0,ato_lowandslow_exfiltration,1
447,PAYMENT,156.38,SYNTH_ATOLS_0000298,3005.93,2849.55,SYNTH_ATOLSSINK_0000298,0.0,156.38,1,0,ato_lowandslow_exfiltration,1
465,PAYMENT,153.07,SYNTH_ATOLS_0000298,2849.55,2696.48,SYNTH_ATOLSSINK_0000298,0.0,153.07,1,0,ato_lowandslow_exfiltration,1
487,PAYMENT,157.99,SYNTH_ATOLS_0000298,2696.48,2538.49,SYNTH_ATOLSSINK_0000298,0.0,157.99,1,0,ato_lowandslow_exfiltration,1
506,PAYMENT,152.29,SYNTH_ATOLS_0000298,2538.49,2386.2,SYNTH_ATOLSSINK_0000298,0.0,152.29,1,0,ato_lowandslow_exfiltration,1
523,PAYMENT,146.84,SYNTH_ATOLS_0000298,2386.2,2239.36,SYNTH_ATOLSSINK_0000298,0.0,146.84,1,0,ato_lowandslow_exfiltration,1
544,PAYMENT,140.79,SYNTH_ATOLS_0000298,2239.36,2098.57,SYNTH_ATOLSSINK_0000298,0.0,140.79,1,0,ato_lowandslow_exfiltration,1
542,PAYMENT,160.69,SYNTH_ATOLS_0000299,2540.71,2380.02,SYNTH_ATOLSSINK_0000299,0.0,160.69,1,0,ato_lowandslow_exfiltration,1
559,PAYMENT,158.9,SYNTH_ATOLS_0000299,2380.02,2221.12,SYNTH_ATOLSSINK_0000299,0.0,158.9,1,0,ato_lowandslow_exfiltration,1
578,PAYMENT,177.61,SYNTH_ATOLS_0000299,2221.12,2043.51,SYNTH_ATOLSSINK_0000299,0.0,177.61,1,0,ato_lowandslow_exfiltration,1
596,PAYMENT,181.72,SYNTH_ATOLS_0000299,2043.51,1861.79,SYNTH_ATOLSSINK_0000299,0.0,181.72,1,0,ato_lowandslow_exfiltration,1
611,PAYMENT,160.98,SYNTH_ATOLS_0000299,1861.79,1700.81,SYNTH_ATOLSSINK_0000299,0.0,160.98,1,0,ato_lowandslow_exfiltration,1
