step,type,amount,nameOrig,oldbalanceOrg,newbalanceOrig,nameDest,oldbalanceDest,newbalanceDest,isFraud,isFlaggedFraud,attack_family,is_synthetic
372,PAYMENT,181.82,SYNTH_ATO_0000000,2081.61,1899.79,C1082621182,0.0,181.82,0,0,ato_rapid_drain_v2,1
377,TRANSFER,29243.77,SYNTH_ATO_0000000,30299.67,1055.9,SYNTH_ATOSINK_0000000,0.0,29243.77,1,0,ato_rapid_drain_v2,1
378,TRANSFER,157.23,SYNTH_ATO_0000000,1055.9,898.67,SYNTH_ATOSINK_0000000,0.0,157.23,1,0,ato_rapid_drain_v2,1
483,PAYMENT,120.38,SYNTH_ATO_0000001,621.61,501.23,C1362382829,0.0,120.38,0,0,ato_rapid_drain_v2,1
484,TRANSFER,15124.82,SYNTH_ATO_0000001,23409.31,8284.5,SYNTH_ATOSINK_0000001,0.0,15124.82,1,0,ato_rapid_drain_v2,1
485,TRANSFER,6012.03,SYNTH_ATO_0000001,8284.5,2272.46,SYNTH_ATOSINK_0000001,0.0,6012.03,1,0,ato_rapid_drain_v2,1
486,TRANSFER,1549.64,SYNTH_ATO_0000001,2272.46,722.83,SYNTH_ATOSINK_0000001,0.0,1549.64,1,0,ato_rapid_drain_v2,1
296,PAYMENT,203.23,SYNTH_ATO_0000002,2679.15,2475.92,C1040714115,0.0,203.23,0,0,ato_rapid_drain_v2,1
298,TRANSFER,9305.12,SYNTH_ATO_0000002,15309.76,6004.63,SYNTH_ATOSINK_0000002,0.0,9305.12,1,0,ato_rapid_drain_v2,1
299,TRANSFER,4721.5,SYNTH_ATO_0000002,6004.63,1283.13,SYNTH_ATOSINK_0000002,0.0,4721.5,1,0,ato_rapid_drain_v2,1
33,PAYMENT,68.67,SYNTH_ATO_0000003,462.16,393.49,C1700418002,0.0,68.67,0,0,ato_rapid_drain_v2,1
37,TRANSFER,11130.33,SYNTH_ATO_0000003,16005.01,4874.69,SYNTH_ATOSINK_0000003,0.0,11130.33,1,0,ato_rapid_drain_v2,1
38,TRANSFER,3228.26,SYNTH_ATO_0000003,4874.69,1646.43,SYNTH_ATOSINK_0000003,0.0,3228.26,1,0,ato_rapid_drain_v2,1
39,TRANSFER,424.74,SYNTH_ATO_0000003,1646.43,1221.68,SYNTH_ATOSINK_0000003,0.0,424.74,1,0,ato_rapid_drain_v2,1
426,PAYMENT,19.17,SYNTH_ATO_0000004,180.9,161.73,C1224322768,0.0,19.17,0,0,ato_rapid_drain_v2,1
430,TRANSFER,3895.33,SYNTH_ATO_0000004,8050.55,4155.22,SYNTH_ATOSINK_0000004,0.0,3895.33,1,0,ato_rapid_drain_v2,1
431,TRANSFER,3531.56,SYNTH_ATO_0000004,4155.22,623.67,SYNTH_ATOSINK_0000004,0.0,3531.56,1,0,ato_rapid_drain_v2,1
19,PAYMENT,57.81,SYNTH_ATO_0000005,647.75,589.94,C1694794516,0.0,57.81,0,0,ato_rapid_drain_v2,1
21,TRANSFER,16951.14,SYNTH_ATO_0000005,20654.97,3703.83,SYNTH_ATOSINK_0000005,0.0,16951.14,1,0,ato_rapid_drain_v2,1
22,TRANSFER,1620.72,SYNTH_ATO_0000005,3703.83,2083.11,SYNTH_ATOSINK_0000005,0.0,1620.72,1,0,ato_rapid_drain_v2,1
202,PAYMENT,247.11,SYNTH_ATO_0000006,1183.34,936.23,C709851736,0.0,247.11,0,0,ato_rapid_drain_v2,1
203,TRANSFER,7143.09,SYNTH_ATO_0000006,15611.02,8467.93,SYNTH_ATOSINK_0000006,0.0,7143.09,1,0,ato_rapid_drain_v2,1
204,TRANSFER,6016.41,SYNTH_ATO_0000006,8467.93,2451.53,SYNTH_ATOSINK_0000006,0.0,6016.41,1,0,ato_rapid_drain_v2,1
205,TRANSFER,2061.34,SYNTH_ATO_0000006,2451.53,390.18,SYNTH_ATOSINK_0000006,0.0,2061.34,1,0,ato_rapid_drain_v2,1
614,PAYMENT,242.74,SYNTH_ATO_0000007,2412.25,2169.51,C940230044,0.0,242.74,0,0,ato_rapid_drain_v2,1
616,TRANSFER,9236.48,SYNTH_ATO_0000007,11217.46,1980.98,SYNTH_ATOSINK_0000007,0.0,9236.48,1,0,ato_rapid_drain_v2,1
617,TRANSFER,373.85,SYNTH_ATO_0000007,1980.98,1607.12,SYNTH_ATOSINK_0000007,0.0,373.85,1,0,ato_rapid_drain_v2,1
348,PAYMENT,182.17,SYNTH_ATO_0000008,2018.67,1836.5,C966684252,0.0,182.17,0,0,ato_rapid_drain_v2,1
349,TRANSFER,29100.92,SYNTH_ATO_0000008,41323.13,12222.2,SYNTH_ATOSINK_0000008,0.0,29100.92,1,0,ato_rapid_drain_v2,1
350,TRANSFER,6442.18,SYNTH_ATO_0000008,12222.2,5780.02,SYNTH_ATOSINK_0000008,0.0,6442.18,1,0,ato_rapid_drain_v2,1
351,TRANSFER,1147.84,SYNTH_ATO_0000008,5780.02,4632.18,SYNTH_ATOSINK_0000008,0.0,1147.84,1,0,ato_rapid_drain_v2,1
435,PAYMENT,155.51,SYNTH_ATO_0000009,497.28,341.77,C2080598446,0.0,155.51,0,0,ato_rapid_drain_v2,1
438,TRANSFER,29035.5,SYNTH_ATO_0000009,34504.57,5469.08,SYNTH_ATOSINK_0000009,0.0,29035.5,1,0,ato_rapid_drain_v2,1
439,TRANSFER,3266.46,SYNTH_ATO_0000009,5469.08,2202.61,SYNTH_ATOSINK_0000009,0.0,3266.46,1,0,ato_rapid_drain_v2,1
440,TRANSFER,1441.79,SYNTH_ATO_0000009,2202.61,760.82,SYNTH_ATOSINK_0000009,0.0,1441.79,1,0,ato_rapid_drain_v2,1
708,PAYMENT,71.92,SYNTH_ATO_0000010,1020.69,948.77,C991887690,0.0,71.92,0,0,ato_rapid_drain_v2,1
711,TRANSFER,7551.94,SYNTH_ATO_0000010,24441.26,16889.32,SYNTH_ATOSINK_0000010,0.0,7551.94,1,0,ato_rapid_drain_v2,1
712,TRANSFER,6864.41,SYNTH_ATO_0000010,16889.32,10024.91,SYNTH_ATOSINK_0000010,0.0,6864.41,1,0,ato_rapid_drain_v2,1
713,TRANSFER,6460.07,SYNTH_ATO_0000010,10024.91,3564.84,SYNTH_ATOSINK_0000010,0.0,6460.07,1,0,ato_rapid_drain_v2,1
167,PAYMENT,34.17,SYNTH_ATO_0000011,371.05,336.88,C1608084602,0.0,34.17,0,0,ato_rapid_drain_v2,1
171,TRANSFER,12621.19,SYNTH_ATO_0000011,17874.59,5253.4,SYNTH_ATOSINK_0000011,0.0,12621.19,1,0,ato_rapid_drain_v2,1
172,TRANSFER,2205.54,SYNTH_ATO_0000011,5253.4,3047.86,SYNTH_ATOSINK_0000011,0.0,2205.54,1,0,ato_rapid_drain_v2,1
173,TRANSFER,820.36,SYNTH_ATO_0000011,3047.86,2227.5,SYNTH_ATOSINK_0000011,0.0,820.36,1,0,ato_rapid_drain_v2,1
622,PAYMENT,235.93,SYNTH_ATO_0000012,1820.82,1584.89,C1700421052,0.0,235.93,0,0,ato_rapid_drain_v2,1
623,TRANSFER,9562.7,SYNTH_ATO_0000012,10707.12,1144.42,SYNTH_ATOSINK_0000012,0.0,9562.7,1,0,ato_rapid_drain_v2,1
624,TRANSFER,563.19,SYNTH_ATO_0000012,1144.42,581.23,SYNTH_ATOSINK_0000012,0.0,563.19,1,0,ato_rapid_drain_v2,1
552,PAYMENT,6.09,SYNTH_ATO_0000013,39.94,33.85,C1517222601,0.0,6.09,0,0,ato_rapid_drain_v2,1
556,TRANSFER,8353.7,SYNTH_ATO_0000013,17888.91,9535.21,SYNTH_ATOSINK_0000013,0.0,8353.7,1,0,ato_rapid_drain_v2,1
557,TRANSFER,7359.09,SYNTH_ATO_0000013,9535.21,2176.12,SYNTH_ATOSINK_0000013,0.0,7359.09,1,0,ato_rapid_drain_v2,1
558,TRANSFER,166.3,SYNTH_ATO_0000013,2176.12,2009.82,SYNTH_ATOSINK_0000013,0.0,166.3,1,0,ato_rapid_drain_v2,1
280,PAYMENT,43.08,SYNTH_ATO_0000014,350.39,307.31,C1178732311,0.0,43.08,0,0,ato_rapid_drain_v2,1
283,TRANSFER,14648.0,SYNTH_ATO_0000014,21968.02,7320.02,SYNTH_ATOSINK_0000014,0.0,14648.0,1,0,ato_rapid_drain_v2,1
284,TRANSFER,4606.12,SYNTH_ATO_0000014,7320.02,2713.89,SYNTH_ATOSINK_0000014,0.0,4606.12,1,0,ato_rapid_drain_v2,1
195,PAYMENT,12.09,SYNTH_ATO_0000015,90.96,78.87,C1116304554,0.0,12.09,0,0,ato_rapid_drain_v2,1
200,TRANSFER,14738.95,SYNTH_ATO_0000015,17231.69,2492.75,SYNTH_ATOSINK_0000015,0.0,14738.95,1,0,ato_rapid_drain_v2,1
201,TRANSFER,1397.21,SYNTH_ATO_0000015,2492.75,1095.53,SYNTH_ATOSINK_0000015,0.0,1397.21,1,0,ato_rapid_drain_v2,1
204,PAYMENT,247.19,SYNTH_ATO_0000016,3313.08,3065.89,C1134387526,0.0,247.19,0,0,ato_rapid_drain_v2,1
206,TRANSFER,8570.59,SYNTH_ATO_0000016,17768.62,9198.03,SYNTH_ATOSINK_0000016,0.0,8570.59,1,0,ato_rapid_drain_v2,1
207,TRANSFER,7213.06,SYNTH_ATO_0000016,9198.03,1984.97,SYNTH_ATOSINK_0000016,0.0,7213.06,1,0,ato_rapid_drain_v2,1
208,TRANSFER,70.41,SYNTH_ATO_0000016,1984.97,1914.56,SYNTH_ATOSINK_0000016,0.0,70.41,1,0,ato_rapid_drain_v2,1
309,PAYMENT,206.74,SYNTH_ATO_0000017,2790.93,2584.19,C199763995,0.0,206.74,0,0,ato_rapid_drain_v2,1
313,TRANSFER,7725.71,SYNTH_ATO_0000017,19504.74,11779.02,SYNTH_ATOSINK_0000017,0.0,7725.71,1,0,ato_rapid_drain_v2,1
314,TRANSFER,6905.75,SYNTH_ATO_0000017,11779.02,4873.27,SYNTH_ATOSINK_0000017,0.0,6905.75,1,0,ato_rapid_drain_v2,1
315,TRANSFER,2349.97,SYNTH_ATO_0000017,4873.27,2523.3,SYNTH_ATOSINK_0000017,0.0,2349.97,1,0,ato_rapid_drain_v2,1
473,PAYMENT,130.52,SYNTH_ATO_0000018,1743.59,1613.07,C399484890,0.0,130.52,0,0,ato_rapid_drain_v2,1
475,TRANSFER,7589.26,SYNTH_ATO_0000018,11155.33,3566.07,SYNTH_ATOSINK_0000018,0.0,7589.26,1,0,ato_rapid_drain_v2,1
476,TRANSFER,2064.22,SYNTH_ATO_0000018,3566.07,1501.85,SYNTH_ATOSINK_0000018,0.0,2064.22,1,0,ato_rapid_drain_v2,1
477,TRANSFER,643.19,SYNTH_ATO_0000018,1501.85,858.66,SYNTH_ATOSINK_0000018,0.0,643.19,1,0,ato_rapid_drain_v2,1
334,PAYMENT,249.42,SYNTH_ATO_0000019,3694.37,3444.95,C760034175,0.0,249.42,0,0,ato_rapid_drain_v2,1
335,TRANSFER,11794.5,SYNTH_ATO_0000019,25455.15,13660.65,SYNTH_ATOSINK_0000019,0.0,11794.5,1,0,ato_rapid_drain_v2,1
336,TRANSFER,7710.82,SYNTH_ATO_0000019,13660.65,5949.83,SYNTH_ATOSINK_0000019,0.0,7710.82,1,0,ato_rapid_drain_v2,1
337,TRANSFER,5131.87,SYNTH_ATO_0000019,5949.83,817.95,SYNTH_ATOSINK_0000019,0.0,5131.87,1,0,ato_rapid_drain_v2,1
104,PAYMENT,78.68,SYNTH_ATO_0000020,563.58,484.9,C2130511993,0.0,78.68,0,0,ato_rapid_drain_v2,1
108,TRANSFER,15321.12,SYNTH_ATO_0000020,27528.58,12207.45,SYNTH_ATOSINK_0000020,0.0,15321.12,1,0,ato_rapid_drain_v2,1
109,TRANSFER,11451.41,SYNTH_ATO_0000020,12207.45,756.04,SYNTH_ATOSINK_0000020,0.0,11451.41,1,0,ato_rapid_drain_v2,1
702,PAYMENT,210.25,SYNTH_ATO_0000021,921.77,711.52,C520922483,0.0,210.25,0,0,ato_rapid_drain_v2,1
705,TRANSFER,5746.71,SYNTH_ATO_0000021,15052.86,9306.15,SYNTH_ATOSINK_0000021,0.0,5746.71,1,0,ato_rapid_drain_v2,1
706,TRANSFER,4474.07,SYNTH_ATO_0000021,9306.15,4832.08,SYNTH_ATOSINK_0000021,0.0,4474.07,1,0,ato_rapid_drain_v2,1
707,TRANSFER,3921.42,SYNTH_ATO_0000021,4832.08,910.66,SYNTH_ATOSINK_0000021,0.0,3921.42,1,0,ato_rapid_drain_v2,1
282,PAYMENT,96.92,SYNTH_ATO_0000022,630.09,533.17,C1430570071,0.0,96.92,0,0,ato_rapid_drain_v2,1
287,TRANSFER,7772.91,SYNTH_ATO_0000022,13472.03,5699.13,SYNTH_ATOSINK_0000022,0.0,7772.91,1,0,ato_rapid_drain_v2,1
288,TRANSFER,3135.26,SYNTH_ATO_0000022,5699.13,2563.87,SYNTH_ATOSINK_0000022,0.0,3135.26,1,0,ato_rapid_drain_v2,1
289,TRANSFER,878.41,SYNTH_ATO_0000022,2563.87,1685.46,SYNTH_ATOSINK_0000022,0.0,878.41,1,0,ato_rapid_drain_v2,1
650,PAYMENT,16.41,SYNTH_ATO_0000023,200.84,184.43,C647300468,0.0,16.41,0,0,ato_rapid_drain_v2,1
654,TRANSFER,26606.7,SYNTH_ATO_0000023,43947.41,17340.71,SYNTH_ATOSINK_0000023,0.0,26606.7,1,0,ato_rapid_drain_v2,1
655,TRANSFER,13841.17,SYNTH_ATO_0000023,17340.71,3499.54,SYNTH_ATOSINK_0000023,0.0,13841.17,1,0,ato_rapid_drain_v2,1
138,PAYMENT,127.78,SYNTH_ATO_0000024,1289.03,1161.25,C1148379727,0.0,127.78,0,0,ato_rapid_drain_v2,1
140,TRANSFER,25188.54,SYNTH_ATO_0000024,29124.28,3935.73,SYNTH_ATOSINK_0000024,0.0,25188.54,1,0,ato_rapid_drain_v2,1
141,TRANSFER,1245.46,SYNTH_ATO_0000024,3935.73,2690.27,SYNTH_ATOSINK_0000024,0.0,1245.46,1,0,ato_rapid_drain_v2,1
209,PAYMENT,140.15,SYNTH_ATO_0000025,2057.01,1916.86,C437088061,0.0,140.15,0,0,ato_rapid_drain_v2,1
210,TRANSFER,5524.38,SYNTH_ATO_0000025,6806.41,1282.03,SYNTH_ATOSINK_0000025,0.0,5524.38,1,0,ato_rapid_drain_v2,1
211,TRANSFER,543.06,SYNTH_ATO_0000025,1282.03,738.97,SYNTH_ATOSINK_0000025,0.0,543.06,1,0,ato_rapid_drain_v2,1
571,PAYMENT,55.69,SYNTH_ATO_0000026,572.82,517.13,C1183621568,0.0,55.69,0,0,ato_rapid_drain_v2,1
576,TRANSFER,12539.9,SYNTH_ATO_0000026,17276.57,4736.67,SYNTH_ATOSINK_0000026,0.0,12539.9,1,0,ato_rapid_drain_v2,1
577,TRANSFER,1706.99,SYNTH_ATO_0000026,4736.67,3029.67,SYNTH_ATOSINK_0000026,0.0,1706.99,1,0,ato_rapid_drain_v2,1
578,TRANSFER,538.5,SYNTH_ATO_0000026,3029.67,2491.17,SYNTH_ATOSINK_0000026,0.0,538.5,1,0,ato_rapid_drain_v2,1
212,PAYMENT,38.24,SYNTH_ATO_0000027,207.24,169.0,C760357938,0.0,38.24,0,0,ato_rapid_drain_v2,1
213,TRANSFER,6622.76,SYNTH_ATO_0000027,11749.97,5127.22,SYNTH_ATOSINK_0000027,0.0,6622.76,1,0,ato_rapid_drain_v2,1
214,TRANSFER,3906.18,SYNTH_ATO_0000027,5127.22,1221.04,SYNTH_ATOSINK_0000027,0.0,3906.18,1,0,ato_rapid_drain_v2,1
653,PAYMENT,46.86,SYNTH_ATO_0000028,276.26,229.4,C1654437680,0.0,46.86,0,0,ato_rapid_drain_v2,1
658,TRANSFER,7758.74,SYNTH_ATO_0000028,12296.36,4537.62,SYNTH_ATOSINK_0000028,0.0,7758.74,1,0,ato_rapid_drain_v2,1
659,TRANSFER,1475.03,SYNTH_ATO_0000028,4537.62,3062.6,SYNTH_ATOSINK_0000028,0.0,1475.03,1,0,ato_rapid_drain_v2,1
660,TRANSFER,1439.04,SYNTH_ATO_0000028,3062.6,1623.55,SYNTH_ATOSINK_0000028,0.0,1439.04,1,0,ato_rapid_drain_v2,1
309,PAYMENT,116.19,SYNTH_ATO_0000029,1491.12,1374.93,C1203497902,0.0,116.19,0,0,ato_rapid_drain_v2,1
313,TRANSFER,7979.57,SYNTH_ATO_0000029,13497.49,5517.92,SYNTH_ATOSINK_0000029,0.0,7979.57,1,0,ato_rapid_drain_v2,1
314,TRANSFER,2745.21,SYNTH_ATO_0000029,5517.92,2772.71,SYNTH_ATOSINK_0000029,0.0,2745.21,1,0,ato_rapid_drain_v2,1
315,TRANSFER,788.04,SYNTH_ATO_0000029,2772.71,1984.67,SYNTH_ATOSINK_0000029,0.0,788.04,1,0,ato_rapid_drain_v2,1
335,PAYMENT,112.92,SYNTH_ATO_0000030,621.11,508.19,C585335763,0.0,112.92,0,0,ato_rapid_drain_v2,1
337,TRANSFER,9407.51,SYNTH_ATO_0000030,18361.74,8954.23,SYNTH_ATOSINK_0000030,0.0,9407.51,1,0,ato_rapid_drain_v2,1
338,TRANSFER,4379.04,SYNTH_ATO_0000030,8954.23,4575.19,SYNTH_ATOSINK_0000030,0.0,4379.04,1,0,ato_rapid_drain_v2,1
339,TRANSFER,4146.24,SYNTH_ATO_0000030,4575.19,428.95,SYNTH_ATOSINK_0000030,0.0,4146.24,1,0,ato_rapid_drain_v2,1
3,PAYMENT,168.49,SYNTH_ATO_0000031,2122.33,1953.84,C1294814112,0.0,168.49,0,0,ato_rapid_drain_v2,1
4,TRANSFER,10551.07,SYNTH_ATO_0000031,17061.87,6510.79,SYNTH_ATOSINK_0000031,0.0,10551.07,1,0,ato_rapid_drain_v2,1
5,TRANSFER,6163.02,SYNTH_ATO_0000031,6510.79,347.78,SYNTH_ATOSINK_0000031,0.0,6163.02,1,0,ato_rapid_drain_v2,1
306,PAYMENT,235.98,SYNTH_ATO_0000032,3026.5,2790.52,C1467241404,0.0,235.98,0,0,ato_rapid_drain_v2,1
310,TRANSFER,6815.62,SYNTH_ATO_0000032,10469.08,3653.46,SYNTH_ATOSINK_0000032,0.0,6815.62,1,0,ato_rapid_drain_v2,1
311,TRANSFER,2278.99,SYNTH_ATO_0000032,3653.46,1374.47,SYNTH_ATOSINK_0000032,0.0,2278.99,1,0,ato_rapid_drain_v2,1
228,PAYMENT,130.36,SYNTH_ATO_0000033,1031.54,901.18,C465166362,0.0,130.36,0,0,ato_rapid_drain_v2,1
232,TRANSFER,8939.58,SYNTH_ATO_0000033,11427.37,2487.79,SYNTH_ATOSINK_0000033,0.0,8939.58,1,0,ato_rapid_drain_v2,1
233,TRANSFER,1180.92,SYNTH_ATO_0000033,2487.79,1306.87,SYNTH_ATOSINK_0000033,0.0,1180.92,1,0,ato_rapid_drain_v2,1
234,TRANSFER,335.25,SYNTH_ATO_0000033,1306.87,971.62,SYNTH_ATOSINK_0000033,0.0,335.25,1,0,ato_rapid_drain_v2,1
406,PAYMENT,49.18,SYNTH_ATO_0000034,268.25,219.07,C1919551906,0.0,49.18,0,0,ato_rapid_drain_v2,1
407,TRANSFER,4617.36,SYNTH_ATO_0000034,7591.04,2973.68,SYNTH_ATOSINK_0000034,0.0,4617.36,1,0,ato_rapid_drain_v2,1
408,TRANSFER,1714.61,SYNTH_ATO_0000034,2973.68,1259.07,SYNTH_ATOSINK_0000034,0.0,1714.61,1,0,ato_rapid_drain_v2,1
409,TRANSFER,837.15,SYNTH_ATO_0000034,1259.07,421.92,SYNTH_ATOSINK_0000034,0.0,837.15,1,0,ato_rapid_drain_v2,1
700,PAYMENT,182.54,SYNTH_ATO_0000035,1049.17,866.63,C555795731,0.0,182.54,0,0,ato_rapid_drain_v2,1
701,TRANSFER,8464.66,SYNTH_ATO_0000035,17362.13,8897.47,SYNTH_ATOSINK_0000035,0.0,8464.66,1,0,ato_rapid_drain_v2,1
702,TRANSFER,5518.07,SYNTH_ATO_0000035,8897.47,3379.41,SYNTH_ATOSINK_0000035,0.0,5518.07,1,0,ato_rapid_drain_v2,1
703,TRANSFER,1483.93,SYNTH_ATO_0000035,3379.41,1895.48,SYNTH_ATOSINK_0000035,0.0,1483.93,1,0,ato_rapid_drain_v2,1
8,PAYMENT,222.71,SYNTH_ATO_0000036,1673.01,1450.3,C728434567,0.0,222.71,0,0,ato_rapid_drain_v2,1
13,TRANSFER,13190.95,SYNTH_ATO_0000036,20185.65,6994.71,SYNTH_ATOSINK_0000036,0.0,13190.95,1,0,ato_rapid_drain_v2,1
14,TRANSFER,2959.27,SYNTH_ATO_0000036,6994.71,4035.44,SYNTH_ATOSINK_0000036,0.0,2959.27,1,0,ato_rapid_drain_v2,1
15,TRANSFER,2064.69,SYNTH_ATO_0000036,4035.44,1970.75,SYNTH_ATOSINK_0000036,0.0,2064.69,1,0,ato_rapid_drain_v2,1
612,PAYMENT,20.43,SYNTH_ATO_0000037,274.03,253.6,C990718858,0.0,20.43,0,0,ato_rapid_drain_v2,1
616,TRANSFER,22955.63,SYNTH_ATO_0000037,25891.7,2936.07,SYNTH_ATOSINK_0000037,0.0,22955.63,1,0,ato_rapid_drain_v2,1
617,TRANSFER,1599.07,SYNTH_ATO_0000037,2936.07,1337.01,SYNTH_ATOSINK_0000037,0.0,1599.07,1,0,ato_rapid_drain_v2,1
298,PAYMENT,26.75,SYNTH_ATO_0000038,192.86,166.11,C884876967,0.0,26.75,0,0,ato_rapid_drain_v2,1
300,TRANSFER,21603.73,SYNTH_ATO_0000038,27230.09,5626.36,SYNTH_ATOSINK_0000038,0.0,21603.73,1,0,ato_rapid_drain_v2,1
301,TRANSFER,4672.66,SYNTH_ATO_0000038,5626.36,953.7,SYNTH_ATOSINK_0000038,0.0,4672.66,1,0,ato_rapid_drain_v2,1
393,PAYMENT,121.33,SYNTH_ATO_0000039,1100.0,978.67,C340329850,0.0,121.33,0,0,ato_rapid_drain_v2,1
397,TRANSFER,15274.93,SYNTH_ATO_0000039,18795.28,3520.36,SYNTH_ATOSINK_0000039,0.0,15274.93,1,0,ato_rapid_drain_v2,1
398,TRANSFER,2232.83,SYNTH_ATO_0000039,3520.36,1287.53,SYNTH_ATOSINK_0000039,0.0,2232.83,1,0,ato_rapid_drain_v2,1
347,PAYMENT,45.73,SYNTH_ATO_0000040,320.22,274.49,C1938722144,0.0,45.73,0,0,ato_rapid_drain_v2,1
351,TRANSFER,11779.33,SYNTH_ATO_0000040,15220.21,3440.89,SYNTH_ATOSINK_0000040,0.0,11779.33,1,0,ato_rapid_drain_v2,1
352,TRANSFER,2490.43,SYNTH_ATO_0000040,3440.89,950.46,SYNTH_ATOSINK_0000040,0.0,2490.43,1,0,ato_rapid_drain_v2,1
356,PAYMENT,89.85,SYNTH_ATO_0000041,1178.33,1088.48,C1190874070,0.0,89.85,0,0,ato_rapid_drain_v2,1
357,TRANSFER,22869.72,SYNTH_ATO_0000041,44306.99,21437.27,SYNTH_ATOSINK_0000041,0.0,22869.72,1,0,ato_rapid_drain_v2,1
358,TRANSFER,9108.42,SYNTH_ATO_0000041,21437.27,12328.85,SYNTH_ATOSINK_0000041,0.0,9108.42,1,0,ato_rapid_drain_v2,1
359,TRANSFER,6492.22,SYNTH_ATO_0000041,12328.85,5836.63,SYNTH_ATOSINK_0000041,0.0,6492.22,1,0,ato_rapid_drain_v2,1
607,PAYMENT,14.69,SYNTH_ATO_0000042,178.97,164.28,C1646516337,0.0,14.69,0,0,ato_rapid_drain_v2,1
612,TRANSFER,6305.48,SYNTH_ATO_0000042,12219.97,5914.49,SYNTH_ATOSINK_0000042,0.0,6305.48,1,0,ato_rapid_drain_v2,1
613,TRANSFER,4063.36,SYNTH_ATO_0000042,5914.49,1851.13,SYNTH_ATOSINK_0000042,0.0,4063.36,1,0,ato_rapid_drain_v2,1
614,TRANSFER,851.13,SYNTH_ATO_0000042,1851.13,1000.0,SYNTH_ATOSINK_0000042,0.0,851.13,1,0,ato_rapid_drain_v2,1
698,PAYMENT,240.7,SYNTH_ATO_0000043,2048.81,1808.11,C846690614,0.0,240.7,0,0,ato_rapid_drain_v2,1
700,TRANSFER,4976.21,SYNTH_ATO_0000043,10200.02,5223.81,SYNTH_ATOSINK_0000043,0.0,4976.21,1,0,ato_rapid_drain_v2,1
701,TRANSFER,3798.05,SYNTH_ATO_0000043,5223.81,1425.75,SYNTH_ATOSINK_0000043,0.0,3798.05,1,0,ato_rapid_drain_v2,1
702,TRANSFER,354.55,SYNTH_ATO_0000043,1425.75,1071.21,SYNTH_ATOSINK_0000043,0.0,354.55,1,0,ato_rapid_drain_v2,1
722,PAYMENT,204.29,SYNTH_ATO_0000044,833.28,628.99,C834819795,0.0,204.29,0,0,ato_rapid_drain_v2,1
726,TRANSFER,10767.52,SYNTH_ATO_0000044,14855.09,4087.57,SYNTH_ATOSINK_0000044,0.0,10767.52,1,0,ato_rapid_drain_v2,1
727,TRANSFER,2603.47,SYNTH_ATO_0000044,4087.57,1484.11,SYNTH_ATOSINK_0000044,0.0,2603.47,1,0,ato_rapid_drain_v2,1
728,TRANSFER,165.55,SYNTH_ATO_0000044,1484.11,1318.55,SYNTH_ATOSINK_0000044,0.0,165.55,1,0,ato_rapid_drain_v2,1
436,PAYMENT,241.25,SYNTH_ATO_0000045,3385.11,3143.86,C384549628,0.0,241.25,0,0,ato_rapid_drain_v2,1
439,TRANSFER,13065.64,SYNTH_ATO_0000045,19569.27,6503.63,SYNTH_ATOSINK_0000045,0.0,13065.64,1,0,ato_rapid_drain_v2,1
440,TRANSFER,4168.08,SYNTH_ATO_0000045,6503.63,2335.56,SYNTH_ATOSINK_0000045,0.0,4168.08,1,0,ato_rapid_drain_v2,1
512,PAYMENT,180.98,SYNTH_ATO_0000046,1789.41,1608.43,C836131902,0.0,180.98,0,0,ato_rapid_drain_v2,1
517,TRANSFER,21109.33,SYNTH_ATO_0000046,31793.66,10684.33,SYNTH_ATOSINK_0000046,0.0,21109.33,1,0,ato_rapid_drain_v2,1
518,TRANSFER,7867.46,SYNTH_ATO_0000046,10684.33,2816.87,SYNTH_ATOSINK_0000046,0.0,7867.46,1,0,ato_rapid_drain_v2,1
695,PAYMENT,248.78,SYNTH_ATO_0000047,1631.76,1382.98,C2144905430,0.0,248.78,0,0,ato_rapid_drain_v2,1
698,TRANSFER,5189.53,SYNTH_ATO_0000047,14784.67,9595.14,SYNTH_ATOSINK_0000047,0.0,5189.53,1,0,ato_rapid_drain_v2,1
699,TRANSFER,4472.13,SYNTH_ATO_0000047,9595.14,5123.01,SYNTH_ATOSINK_0000047,0.0,4472.13,1,0,ato_rapid_drain_v2,1
700,TRANSFER,3346.73,SYNTH_ATO_0000047,5123.01,1776.28,SYNTH_ATOSINK_0000047,0.0,3346.73,1,0,ato_rapid_drain_v2,1
687,PAYMENT,159.85,SYNTH_ATO_0000048,1754.03,1594.18,C764043320,0.0,159.85,0,0,ato_rapid_drain_v2,1
692,TRANSFER,4952.7,SYNTH_ATO_0000048,9130.16,4177.45,SYNTH_ATOSINK_0000048,0.0,4952.7,1,0,ato_rapid_drain_v2,1
693,TRANSFER,3120.52,SYNTH_ATO_0000048,4177.45,1056.93,SYNTH_ATOSINK_0000048,0.0,3120.52,1,0,ato_rapid_drain_v2,1
729,PAYMENT,46.48,SYNTH_ATO_0000049,217.37,170.89,C1664678782,0.0,46.48,0,0,ato_rapid_drain_v2,1
733,TRANSFER,18710.51,SYNTH_ATO_0000049,24537.34,5826.84,SYNTH_ATOSINK_0000049,0.0,18710.51,1,0,ato_rapid_drain_v2,1
734,TRANSFER,2491.9,SYNTH_ATO_0000049,5826.84,3334.94,SYNTH_ATOSINK_0000049,0.0,2491.9,1,0,ato_rapid_drain_v2,1
735,TRANSFER,1909.22,SYNTH_ATO_0000049,3334.94,1425.71,SYNTH_ATOSINK_0000049,0.0,1909.22,1,0,ato_rapid_drain_v2,1
31,PAYMENT,119.96,SYNTH_ATO_0000050,767.99,648.03,C1149138809,0.0,119.96,0,0,ato_rapid_drain_v2,1
35,TRANSFER,9121.29,SYNTH_ATO_0000050,14917.23,5795.95,SYNTH_ATOSINK_0000050,0.0,9121.29,1,0,ato_rapid_drain_v2,1
36,TRANSFER,3762.91,SYNTH_ATO_0000050,5795.95,2033.04,SYNTH_ATOSINK_0000050,0.0,3762.91,1,0,ato_rapid_drain_v2,1
21,PAYMENT,78.06,SYNTH_ATO_0000051,410.89,332.83,C1765996294,0.0,78.06,0,0,ato_rapid_drain_v2,1
25,TRANSFER,7326.9,SYNTH_ATO_0000051,11510.45,4183.55,SYNTH_ATOSINK_0000051,0.0,7326.9,1,0,ato_rapid_drain_v2,1
26,TRANSFER,2905.73,SYNTH_ATO_0000051,4183.55,1277.82,SYNTH_ATOSINK_0000051,0.0,2905.73,1,0,ato_rapid_drain_v2,1
424,PAYMENT,201.91,SYNTH_ATO_0000052,2916.89,2714.98,C1042095229,0.0,201.91,0,0,ato_rapid_drain_v2,1
427,TRANSFER,8796.53,SYNTH_ATO_0000052,12291.29,3494.76,SYNTH_ATOSINK_0000052,0.0,8796.53,1,0,ato_rapid_drain_v2,1
428,TRANSFER,2211.98,SYNTH_ATO_0000052,3494.76,1282.77,SYNTH_ATOSINK_0000052,0.0,2211.98,1,0,ato_rapid_drain_v2,1
89,PAYMENT,200.96,SYNTH_ATO_0000053,653.51,452.55,C1626578077,0.0,200.96,0,0,ato_rapid_drain_v2,1
94,TRANSFER,13327.44,SYNTH_ATO_0000053,19053.39,5725.96,SYNTH_ATOSINK_0000053,0.0,13327.44,1,0,ato_rapid_drain_v2,1
95,TRANSFER,3230.07,SYNTH_ATO_0000053,5725.96,2495.88,SYNTH_ATOSINK_0000053,0.0,3230.07,1,0,ato_rapid_drain_v2,1
633,PAYMENT,150.32,SYNTH_ATO_0000054,886.05,735.73,C1203063562,0.0,150.32,0,0,ato_rapid_drain_v2,1
637,TRANSFER,4212.65,SYNTH_ATO_0000054,8583.44,4370.78,SYNTH_ATOSINK_0000054,0.0,4212.65,1,0,ato_rapid_drain_v2,1
638,TRANSFER,3271.45,SYNTH_ATO_0000054,4370.78,1099.33,SYNTH_ATOSINK_0000054,0.0,3271.45,1,0,ato_rapid_drain_v2,1
559,PAYMENT,212.67,SYNTH_ATO_0000055,1669.81,1457.14,C1330015051,0.0,212.67,0,0,ato_rapid_drain_v2,1
561,TRANSFER,25848.34,SYNTH_ATO_0000055,33499.19,7650.85,SYNTH_ATOSINK_0000055,0.0,25848.34,1,0,ato_rapid_drain_v2,1
562,TRANSFER,4737.55,SYNTH_ATO_0000055,7650.85,2913.31,SYNTH_ATOSINK_0000055,0.0,4737.55,1,0,ato_rapid_drain_v2,1
94,PAYMENT,32.94,SYNTH_ATO_0000056,227.9,194.96,C367474397,0.0,32.94,0,0,ato_rapid_drain_v2,1
95,TRANSFER,14157.92,SYNTH_ATO_0000056,16793.88,2635.96,SYNTH_ATOSINK_0000056,0.0,14157.92,1,0,ato_rapid_drain_v2,1
96,TRANSFER,1165.77,SYNTH_ATO_0000056,2635.96,1470.2,SYNTH_ATOSINK_0000056,0.0,1165.77,1,0,ato_rapid_drain_v2,1
94,PAYMENT,123.12,SYNTH_ATO_0000057,1114.36,991.24,C365090822,0.0,123.12,0,0,ato_rapid_drain_v2,1
99,TRANSFER,11872.39,SYNTH_ATO_0000057,18370.57,6498.17,SYNTH_ATOSINK_0000057,0.0,11872.39,1,0,ato_rapid_drain_v2,1
100,TRANSFER,3798.45,SYNTH_ATO_0000057,6498.17,2699.72,SYNTH_ATOSINK_0000057,0.0,3798.45,1,0,ato_rapid_drain_v2,1
84,PAYMENT,41.79,SYNTH_ATO_0000058,309.52,267.73,C1047661231,0.0,41.79,0,0,ato_rapid_drain_v2,1
86,TRANSFER,22915.31,SYNTH_ATO_0000058,27987.06,5071.75,SYNTH_ATOSINK_0000058,0.0,22915.31,1,0,ato_rapid_drain_v2,1
87,TRANSFER,1967.23,SYNTH_ATO_0000058,5071.75,3104.52,SYNTH_ATOSINK_0000058,0.0,1967.23,1,0,ato_rapid_drain_v2,1
247,PAYMENT,44.55,SYNTH_ATO_0000059,227.13,182.58,C343018479,0.0,44.55,0,0,ato_rapid_drain_v2,1
251,TRANSFER,6659.87,SYNTH_ATO_0000059,13157.16,6497.28,SYNTH_ATOSINK_0000059,0.0,6659.87,1,0,ato_rapid_drain_v2,1
252,TRANSFER,5522.34,SYNTH_ATO_0000059,6497.28,974.94,SYNTH_ATOSINK_0000059,0.0,5522.34,1,0,ato_rapid_drain_v2,1
619,PAYMENT,159.83,SYNTH_ATO_0000060,2374.67,2214.84,C1538763542,0.0,159.83,0,0,ato_rapid_drain_v2,1
622,TRANSFER,13660.76,SYNTH_ATO_0000060,18482.95,4822.19,SYNTH_ATOSINK_0000060,0.0,13660.76,1,0,ato_rapid_drain_v2,1
623,TRANSFER,4143.53,SYNTH_ATO_0000060,4822.19,678.65,SYNTH_ATOSINK_0000060,0.0,4143.53,1,0,ato_rapid_drain_v2,1
217,PAYMENT,194.02,SYNTH_ATO_0000061,2592.78,2398.76,C1914755324,0.0,194.02,0,0,ato_rapid_drain_v2,1
222,TRANSFER,12882.18,SYNTH_ATO_0000061,17374.15,4491.97,SYNTH_ATOSINK_0000061,0.0,12882.18,1,0,ato_rapid_drain_v2,1
223,TRANSFER,3137.45,SYNTH_ATO_0000061,4491.97,1354.52,SYNTH_ATOSINK_0000061,0.0,3137.45,1,0,ato_rapid_drain_v2,1
516,PAYMENT,21.07,SYNTH_ATO_0000062,294.51,273.44,C685847805,0.0,21.07,0,0,ato_rapid_drain_v2,1
519,TRANSFER,11133.89,SYNTH_ATO_0000062,22033.86,10899.97,SYNTH_ATOSINK_0000062,0.0,11133.89,1,0,ato_rapid_drain_v2,1
520,TRANSFER,9849.4,SYNTH_ATO_0000062,10899.97,1050.57,SYNTH_ATOSINK_0000062,0.0,9849.4,1,0,ato_rapid_drain_v2,1
521,TRANSFER,491.54,SYNTH_ATO_0000062,1050.57,559.03,SYNTH_ATOSINK_0000062,0.0,491.54,1,0,ato_rapid_drain_v2,1
408,PAYMENT,240.21,SYNTH_ATO_0000063,2336.12,2095.91,C888288257,0.0,240.21,0,0,ato_rapid_drain_v2,1
412,TRANSFER,31394.34,SYNTH_ATO_0000063,50301.37,18907.03,SYNTH_ATOSINK_0000063,0.0,31394.34,1,0,ato_rapid_drain_v2,1
413,TRANSFER,11426.84,SYNTH_ATO_0000063,18907.03,7480.19,SYNTH_ATOSINK_0000063,0.0,11426.84,1,0,ato_rapid_drain_v2,1
414,TRANSFER,97.91,SYNTH_ATO_0000063,7480.19,7382.28,SYNTH_ATOSINK_0000063,0.0,97.91,1,0,ato_rapid_drain_v2,1
443,PAYMENT,207.85,SYNTH_ATO_0000064,2662.24,2454.39,C1393849488,0.0,207.85,0,0,ato_rapid_drain_v2,1
446,TRANSFER,6457.68,SYNTH_ATO_0000064,11353.27,4895.59,SYNTH_ATOSINK_0000064,0.0,6457.68,1,0,ato_rapid_drain_v2,1
447,TRANSFER,1959.48,SYNTH_ATO_0000064,4895.59,2936.11,SYNTH_ATOSINK_0000064,0.0,1959.48,1,0,ato_rapid_drain_v2,1
448,TRANSFER,1936.8,SYNTH_ATO_0000064,2936.11,999.31,SYNTH_ATOSINK_0000064,0.0,1936.8,1,0,ato_rapid_drain_v2,1
38,PAYMENT,244.74,SYNTH_ATO_0000065,3228.19,2983.45,C1473581653,0.0,244.74,0,0,ato_rapid_drain_v2,1
39,TRANSFER,15169.4,SYNTH_ATO_0000065,17493.87,2324.47,SYNTH_ATOSINK_0000065,0.0,15169.4,1,0,ato_rapid_drain_v2,1
40,TRANSFER,574.48,SYNTH_ATO_0000065,2324.47,1749.99,SYNTH_ATOSINK_0000065,0.0,574.48,1,0,ato_rapid_drain_v2,1
495,PAYMENT,40.84,SYNTH_ATO_0000066,246.81,205.97,C1413837297,0.0,40.84,0,0,ato_rapid_drain_v2,1
499,TRANSFER,25748.89,SYNTH_ATO_0000066,43797.32,18048.44,SYNTH_ATOSINK_0000066,0.0,25748.89,1,0,ato_rapid_drain_v2,1
500,TRANSFER,16315.23,SYNTH_ATO_0000066,18048.44,1733.21,SYNTH_ATOSINK_0000066,0.0,16315.23,1,0,ato_rapid_drain_v2,1
330,PAYMENT,202.99,SYNTH_ATO_0000067,2663.67,2460.68,C1524314616,0.0,202.99,0,0,ato_rapid_drain_v2,1
335,TRANSFER,8385.44,SYNTH_ATO_0000067,12339.7,3954.26,SYNTH_ATOSINK_0000067,0.0,8385.44,1,0,ato_rapid_drain_v2,1
336,TRANSFER,3547.1,SYNTH_ATO_0000067,3954.26,407.16,SYNTH_ATOSINK_0000067,0.0,3547.1,1,0,ato_rapid_drain_v2,1
100,PAYMENT,105.38,SYNTH_ATO_0000068,1168.49,1063.11,C55945557,0.0,105.38,0,0,ato_rapid_drain_v2,1
105,TRANSFER,23092.44,SYNTH_ATO_0000068,35489.83,12397.4,SYNTH_ATOSINK_0000068,0.0,23092.44,1,0,ato_rapid_drain_v2,1
106,TRANSFER,6287.54,SYNTH_ATO_0000068,12397.4,6109.85,SYNTH_ATOSINK_0000068,0.0,6287.54,1,0,ato_rapid_drain_v2,1
107,TRANSFER,2949.84,SYNTH_ATO_0000068,6109.85,3160.01,SYNTH_ATOSINK_0000068,0.0,2949.84,1,0,ato_rapid_drain_v2,1
406,PAYMENT,193.26,SYNTH_ATO_0000069,1383.23,1189.97,C850238079,0.0,193.26,0,0,ato_rapid_drain_v2,1
410,TRANSFER,11601.49,SYNTH_ATO_0000069,18628.5,7027.01,SYNTH_ATOSINK_0000069,0.0,11601.49,1,0,ato_rapid_drain_v2,1
411,TRANSFER,5199.86,SYNTH_ATO_0000069,7027.01,1827.15,SYNTH_ATOSINK_0000069,0.0,5199.86,1,0,ato_rapid_drain_v2,1
448,PAYMENT,146.33,SYNTH_ATO_0000070,1007.75,861.42,C1866837305,0.0,146.33,0,0,ato_rapid_drain_v2,1
450,TRANSFER,13921.7,SYNTH_ATO_0000070,27773.88,13852.18,SYNTH_ATOSINK_0000070,0.0,13921.7,1,0,ato_rapid_drain_v2,1
451,TRANSFER,10509.09,SYNTH_ATO_0000070,13852.18,3343.09,SYNTH_ATOSINK_0000070,0.0,10509.09,1,0,ato_rapid_drain_v2,1
452,TRANSFER,1434.99,SYNTH_ATO_0000070,3343.09,1908.1,SYNTH_ATOSINK_0000070,0.0,1434.99,1,0,ato_rapid_drain_v2,1
88,PAYMENT,57.84,SYNTH_ATO_0000071,368.9,311.06,C78878995,0.0,57.84,0,0,ato_rapid_drain_v2,1
90,TRANSFER,13102.74,SYNTH_ATO_0000071,22812.78,9710.04,SYNTH_ATOSINK_0000071,0.0,13102.74,1,0,ato_rapid_drain_v2,1
91,TRANSFER,6576.77,SYNTH_ATO_0000071,9710.04,3133.27,SYNTH_ATOSINK_0000071,0.0,6576.77,1,0,ato_rapid_drain_v2,1
365,PAYMENT,146.47,SYNTH_ATO_0000072,569.94,423.47,C570537533,0.0,146.47,0,0,ato_rapid_drain_v2,1
370,TRANSFER,13372.3,SYNTH_ATO_0000072,20602.02,7229.72,SYNTH_ATOSINK_0000072,0.0,13372.3,1,0,ato_rapid_drain_v2,1
371,TRANSFER,4268.18,SYNTH_ATO_0000072,7229.72,2961.53,SYNTH_ATOSINK_0000072,0.0,4268.18,1,0,ato_rapid_drain_v2,1
246,PAYMENT,156.95,SYNTH_ATO_0000073,615.4,458.45,C491194754,0.0,156.95,0,0,ato_rapid_drain_v2,1
251,TRANSFER,11046.15,SYNTH_ATO_0000073,12396.58,1350.43,SYNTH_ATOSINK_0000073,0.0,11046.15,1,0,ato_rapid_drain_v2,1
252,TRANSFER,920.32,SYNTH_ATO_0000073,1350.43,430.12,SYNTH_ATOSINK_0000073,0.0,920.32,1,0,ato_rapid_drain_v2,1
555,PAYMENT,144.83,SYNTH_ATO_0000074,848.0,703.17,C413944300,0.0,144.83,0,0,ato_rapid_drain_v2,1
560,TRANSFER,9695.43,SYNTH_ATO_0000074,16938.43,7243.0,SYNTH_ATOSINK_0000074,0.0,9695.43,1,0,ato_rapid_drain_v2,1
561,TRANSFER,6277.81,SYNTH_ATO_0000074,7243.0,965.19,SYNTH_ATOSINK_0000074,0.0,6277.81,1,0,ato_rapid_drain_v2,1
372,PAYMENT,233.21,SYNTH_ATO_0000075,1629.65,1396.44,C1029189522,0.0,233.21,0,0,ato_rapid_drain_v2,1
376,TRANSFER,20336.71,SYNTH_ATO_0000075,24032.86,3696.15,SYNTH_ATOSINK_0000075,0.0,20336.71,1,0,ato_rapid_drain_v2,1
377,TRANSFER,864.39,SYNTH_ATO_0000075,3696.15,2831.76,SYNTH_ATOSINK_0000075,0.0,864.39,1,0,ato_rapid_drain_v2,1
30,PAYMENT,121.8,SYNTH_ATO_0000076,1380.07,1258.27,C1592775172,0.0,121.8,0,0,ato_rapid_drain_v2,1
33,TRANSFER,8614.67,SYNTH_ATO_0000076,15332.55,6717.88,SYNTH_ATOSINK_0000076,0.0,8614.67,1,0,ato_rapid_drain_v2,1
34,TRANSFER,3534.91,SYNTH_ATO_0000076,6717.88,3182.97,SYNTH_ATOSINK_0000076,0.0,3534.91,1,0,ato_rapid_drain_v2,1
35,TRANSFER,2066.71,SYNTH_ATO_0000076,3182.97,1116.26,SYNTH_ATOSINK_0000076,0.0,2066.71,1,0,ato_rapid_drain_v2,1
219,PAYMENT,241.82,SYNTH_ATO_0000077,2077.83,1836.01,C1010214268,0.0,241.82,0,0,ato_rapid_drain_v2,1
223,TRANSFER,9387.88,SYNTH_ATO_0000077,11425.47,2037.58,SYNTH_ATOSINK_0000077,0.0,9387.88,1,0,ato_rapid_drain_v2,1
224,TRANSFER,395.89,SYNTH_ATO_0000077,2037.58,1641.69,SYNTH_ATOSINK_0000077,0.0,395.89,1,0,ato_rapid_drain_v2,1
410,PAYMENT,6.56,SYNTH_ATO_0000078,94.83,88.27,C1530109709,0.0,6.56,0,0,ato_rapid_drain_v2,1
413,TRANSFER,4794.32,SYNTH_ATO_0000078,11937.22,7142.9,SYNTH_ATOSINK_0000078,0.0,4794.32,1,0,ato_rapid_drain_v2,1
414,TRANSFER,4011.55,SYNTH_ATO_0000078,7142.9,3131.35,SYNTH_ATOSINK_0000078,0.0,4011.55,1,0,ato_rapid_drain_v2,1
415,TRANSFER,1953.29,SYNTH_ATO_0000078,3131.35,1178.05,SYNTH_ATOSINK_0000078,0.0,1953.29,1,0,ato_rapid_drain_v2,1
307,PAYMENT,222.84,SYNTH_ATO_0000079,1804.52,1581.68,C1513501819,0.0,222.84,0,0,ato_rapid_drain_v2,1
310,TRANSFER,18448.71,SYNTH_ATO_0000079,32650.9,14202.18,SYNTH_ATOSINK_0000079,0.0,18448.71,1,0,ato_rapid_drain_v2,1
311,TRANSFER,8433.31,SYNTH_ATO_0000079,14202.18,5768.87,SYNTH_ATOSINK_0000079,0.0,8433.31,1,0,ato_rapid_drain_v2,1
312,TRANSFER,3432.06,SYNTH_ATO_0000079,5768.87,2336.81,SYNTH_ATOSINK_0000079,0.0,3432.06,1,0,ato_rapid_drain_v2,1
196,PAYMENT,226.27,SYNTH_ATO_0000080,2954.79,2728.52,C1201583507,0.0,226.27,0,0,ato_rapid_drain_v2,1
200,TRANSFER,23021.25,SYNTH_ATO_0000080,35247.32,12226.06,SYNTH_ATOSINK_0000080,0.0,23021.25,1,0,ato_rapid_drain_v2,1
201,TRANSFER,10123.99,SYNTH_ATO_0000080,12226.06,2102.07,SYNTH_ATOSINK_0000080,0.0,10123.99,1,0,ato_rapid_drain_v2,1
307,PAYMENT,200.0,SYNTH_ATO_0000081,645.71,445.71,C1805861734,0.0,200.0,0,0,ato_rapid_drain_v2,1
308,TRANSFER,7475.05,SYNTH_ATO_0000081,13330.96,5855.91,SYNTH_ATOSINK_0000081,0.0,7475.05,1,0,ato_rapid_drain_v2,1
309,TRANSFER,3122.21,SYNTH_ATO_0000081,5855.91,2733.7,SYNTH_ATOSINK_0000081,0.0,3122.21,1,0,ato_rapid_drain_v2,1
310,TRANSFER,1758.21,SYNTH_ATO_0000081,2733.7,975.49,SYNTH_ATOSINK_0000081,0.0,1758.21,1,0,ato_rapid_drain_v2,1
242,PAYMENT,27.17,SYNTH_ATO_0000082,183.49,156.32,C1257260019,0.0,27.17,0,0,ato_rapid_drain_v2,1
246,TRANSFER,8469.92,SYNTH_ATO_0000082,17866.44,9396.52,SYNTH_ATOSINK_0000082,0.0,8469.92,1,0,ato_rapid_drain_v2,1
247,TRANSFER,4752.07,SYNTH_ATO_0000082,9396.52,4644.45,SYNTH_ATOSINK_0000082,0.0,4752.07,1,0,ato_rapid_drain_v2,1
248,TRANSFER,2305.22,SYNTH_ATO_0000082,4644.45,2339.23,SYNTH_ATOSINK_0000082,0.0,2305.22,1,0,ato_rapid_drain_v2,1
75,PAYMENT,162.09,SYNTH_ATO_0000083,2331.63,2169.54,C886142655,0.0,162.09,0,0,ato_rapid_drain_v2,1
77,TRANSFER,25453.41,SYNTH_ATO_0000083,30373.41,4920.0,SYNTH_ATOSINK_0000083,0.0,25453.41,1,0,ato_rapid_drain_v2,1
78,TRANSFER,4036.59,SYNTH_ATO_0000083,4920.0,883.41,SYNTH_ATOSINK_0000083,0.0,4036.59,1,0,ato_rapid_drain_v2,1
518,PAYMENT,67.24,SYNTH_ATO_0000084,610.04,542.8,C399662865,0.0,67.24,0,0,ato_rapid_drain_v2,1
519,TRANSFER,19256.59,SYNTH_ATO_0000084,20388.77,1132.18,SYNTH_ATOSINK_0000084,0.0,19256.59,1,0,ato_rapid_drain_v2,1
520,TRANSFER,197.13,SYNTH_ATO_0000084,1132.18,935.05,SYNTH_ATOSINK_0000084,0.0,197.13,1,0,ato_rapid_drain_v2,1
434,PAYMENT,15.88,SYNTH_ATO_0000085,125.4,109.52,C1242106790,0.0,15.88,0,0,ato_rapid_drain_v2,1
439,TRANSFER,10235.78,SYNTH_ATO_0000085,18540.68,8304.9,SYNTH_ATOSINK_0000085,0.0,10235.78,1,0,ato_rapid_drain_v2,1
440,TRANSFER,4308.75,SYNTH_ATO_0000085,8304.9,3996.16,SYNTH_ATOSINK_0000085,0.0,4308.75,1,0,ato_rapid_drain_v2,1
441,TRANSFER,1632.46,SYNTH_ATO_0000085,3996.16,2363.69,SYNTH_ATOSINK_0000085,0.0,1632.46,1,0,ato_rapid_drain_v2,1
391,PAYMENT,19.59,SYNTH_ATO_0000086,112.79,93.2,C911355711,0.0,19.59,0,0,ato_rapid_drain_v2,1
393,TRANSFER,14464.31,SYNTH_ATO_0000086,23369.47,8905.16,SYNTH_ATOSINK_0000086,0.0,14464.31,1,0,ato_rapid_drain_v2,1
394,TRANSFER,4541.46,SYNTH_ATO_0000086,8905.16,4363.7,SYNTH_ATOSINK_0000086,0.0,4541.46,1,0,ato_rapid_drain_v2,1
395,TRANSFER,1584.2,SYNTH_ATO_0000086,4363.7,2779.49,SYNTH_ATOSINK_0000086,0.0,1584.2,1,0,ato_rapid_drain_v2,1
57,PAYMENT,112.4,SYNTH_ATO_0000087,560.37,447.97,C2094597085,0.0,112.4,0,0,ato_rapid_drain_v2,1
59,TRANSFER,7601.99,SYNTH_ATO_0000087,11319.86,3717.87,SYNTH_ATOSINK_0000087,0.0,7601.99,1,0,ato_rapid_drain_v2,1
60,TRANSFER,3361.97,SYNTH_ATO_0000087,3717.87,355.91,SYNTH_ATOSINK_0000087,0.0,3361.97,1,0,ato_rapid_drain_v2,1
496,PAYMENT,98.16,SYNTH_ATO_0000088,801.35,703.19,C301938461,0.0,98.16,0,0,ato_rapid_drain_v2,1
498,TRANSFER,7737.97,SYNTH_ATO_0000088,13525.51,5787.54,SYNTH_ATOSINK_0000088,0.0,7737.97,1,0,ato_rapid_drain_v2,1
499,TRANSFER,3989.34,SYNTH_ATO_0000088,5787.54,1798.19,SYNTH_ATOSINK_0000088,0.0,3989.34,1,0,ato_rapid_drain_v2,1
431,PAYMENT,133.01,SYNTH_ATO_0000089,929.31,796.3,C2113995450,0.0,133.01,0,0,ato_rapid_drain_v2,1
433,TRANSFER,20685.68,SYNTH_ATO_0000089,24867.38,4181.7,SYNTH_ATOSINK_0000089,0.0,20685.68,1,0,ato_rapid_drain_v2,1
434,TRANSFER,1879.25,SYNTH_ATO_0000089,4181.7,2302.45,SYNTH_ATOSINK_0000089,0.0,1879.25,1,0,ato_rapid_drain_v2,1
435,TRANSFER,1167.07,SYNTH_ATO_0000089,2302.45,1135.38,SYNTH_ATOSINK_0000089,0.0,1167.07,1,0,ato_rapid_drain_v2,1
597,PAYMENT,240.21,SYNTH_ATO_0000090,3505.79,3265.58,C459833865,0.0,240.21,0,0,ato_rapid_drain_v2,1
599,TRANSFER,12457.79,SYNTH_ATO_0000090,19624.64,7166.85,SYNTH_ATOSINK_0000090,0.0,12457.79,1,0,ato_rapid_drain_v2,1
600,TRANSFER,6533.22,SYNTH_ATO_0000090,7166.85,633.63,SYNTH_ATOSINK_0000090,0.0,6533.22,1,0,ato_rapid_drain_v2,1
63,PAYMENT,107.78,SYNTH_ATO_0000091,1590.49,1482.71,C1322862884,0.0,107.78,0,0,ato_rapid_drain_v2,1
64,TRANSFER,12600.55,SYNTH_ATO_0000091,21898.16,9297.61,SYNTH_ATOSINK_0000091,0.0,12600.55,1,0,ato_rapid_drain_v2,1
65,TRANSFER,7667.21,SYNTH_ATO_0000091,9297.61,1630.4,SYNTH_ATOSINK_0000091,0.0,7667.21,1,0,ato_rapid_drain_v2,1
243,PAYMENT,32.73,SYNTH_ATO_0000092,456.86,424.13,C996958594,0.0,32.73,0,0,ato_rapid_drain_v2,1
245,TRANSFER,18218.04,SYNTH_ATO_0000092,18740.07,522.03,SYNTH_ATOSINK_0000092,0.0,18218.04,1,0,ato_rapid_drain_v2,1
246,TRANSFER,53.05,SYNTH_ATO_0000092,522.03,468.98,SYNTH_ATOSINK_0000092,0.0,53.05,1,0,ato_rapid_drain_v2,1
394,PAYMENT,162.94,SYNTH_ATO_0000093,738.38,575.44,C1102352109,0.0,162.94,0,0,ato_rapid_drain_v2,1
396,TRANSFER,4481.09,SYNTH_ATO_0000093,10486.81,6005.72,SYNTH_ATOSINK_0000093,0.0,4481.09,1,0,ato_rapid_drain_v2,1
397,TRANSFER,3155.62,SYNTH_ATO_0000093,6005.72,2850.1,SYNTH_ATOSINK_0000093,0.0,3155.62,1,0,ato_rapid_drain_v2,1
398,TRANSFER,1461.74,SYNTH_ATO_0000093,2850.1,1388.36,SYNTH_ATOSINK_0000093,0.0,1461.74,1,0,ato_rapid_drain_v2,1
99,PAYMENT,175.68,SYNTH_ATO_0000094,2195.49,2019.81,C496722924,0.0,175.68,0,0,ato_rapid_drain_v2,1
103,TRANSFER,14490.73,SYNTH_ATO_0000094,21547.52,7056.79,SYNTH_ATOSINK_0000094,0.0,14490.73,1,0,ato_rapid_drain_v2,1
104,TRANSFER,4402.23,SYNTH_ATO_0000094,7056.79,2654.56,SYNTH_ATOSINK_0000094,0.0,4402.23,1,0,ato_rapid_drain_v2,1
105,TRANSFER,1122.88,SYNTH_ATO_0000094,2654.56,1531.68,SYNTH_ATOSINK_0000094,0.0,1122.88,1,0,ato_rapid_drain_v2,1
621,PAYMENT,33.54,SYNTH_ATO_0000095,328.84,295.3,C1918009037,0.0,33.54,0,0,ato_rapid_drain_v2,1
625,TRANSFER,26281.47,SYNTH_ATO_0000095,31116.23,4834.76,SYNTH_ATOSINK_0000095,0.0,26281.47,1,0,ato_rapid_drain_v2,1
626,TRANSFER,984.19,SYNTH_ATO_0000095,4834.76,3850.57,SYNTH_ATOSINK_0000095,0.0,984.19,1,0,ato_rapid_drain_v2,1
178,PAYMENT,213.9,SYNTH_ATO_0000096,1511.59,1297.69,C919483838,0.0,213.9,0,0,ato_rapid_drain_v2,1
180,TRANSFER,16685.92,SYNTH_ATO_0000096,22403.45,5717.53,SYNTH_ATOSINK_0000096,0.0,16685.92,1,0,ato_rapid_drain_v2,1
181,TRANSFER,4110.12,SYNTH_ATO_0000096,5717.53,1607.41,SYNTH_ATOSINK_0000096,0.0,4110.12,1,0,ato_rapid_drain_v2,1
209,PAYMENT,16.22,SYNTH_ATO_0000097,126.25,110.03,C2062926075,0.0,16.22,0,0,ato_rapid_drain_v2,1
212,TRANSFER,11902.22,SYNTH_ATO_0000097,24537.65,12635.43,SYNTH_ATOSINK_0000097,0.0,11902.22,1,0,ato_rapid_drain_v2,1
213,TRANSFER,11656.43,SYNTH_ATO_0000097,12635.43,979.0,SYNTH_ATOSINK_0000097,0.0,11656.43,1,0,ato_rapid_drain_v2,1
285,PAYMENT,131.35,SYNTH_ATO_0000098,1080.27,948.92,C119591960,0.0,131.35,0,0,ato_rapid_drain_v2,1
286,TRANSFER,6843.6,SYNTH_ATO_0000098,12161.99,5318.39,SYNTH_ATOSINK_0000098,0.0,6843.6,1,0,ato_rapid_drain_v2,1
287,TRANSFER,3531.48,SYNTH_ATO_0000098,5318.39,1786.91,SYNTH_ATOSINK_0000098,0.0,3531.48,1,0,ato_rapid_drain_v2,1
62,PAYMENT,93.69,SYNTH_ATO_0000099,1061.76,968.07,C851077244,0.0,93.69,0,0,ato_rapid_drain_v2,1
63,TRANSFER,11465.79,SYNTH_ATO_0000099,16240.73,4774.94,SYNTH_ATOSINK_0000099,0.0,11465.79,1,0,ato_rapid_drain_v2,1
64,TRANSFER,4061.92,SYNTH_ATO_0000099,4774.94,713.02,SYNTH_ATOSINK_0000099,0.0,4061.92,1,0,ato_rapid_drain_v2,1
129,PAYMENT,80.36,SYNTH_ATO_0000100,906.34,825.98,C642742004,0.0,80.36,0,0,ato_rapid_drain_v2,1
134,TRANSFER,8816.93,SYNTH_ATO_0000100,14904.12,6087.19,SYNTH_ATOSINK_0000100,0.0,8816.93,1,0,ato_rapid_drain_v2,1
135,TRANSFER,4529.32,SYNTH_ATO_0000100,6087.19,1557.87,SYNTH_ATOSINK_0000100,0.0,4529.32,1,0,ato_rapid_drain_v2,1
136,TRANSFER,371.07,SYNTH_ATO_0000100,1557.87,1186.8,SYNTH_ATOSINK_0000100,0.0,371.07,1,0,ato_rapid_drain_v2,1
234,PAYMENT,145.06,SYNTH_ATO_0000101,481.36,336.3,C543252455,0.0,145.06,0,0,ato_rapid_drain_v2,1
239,TRANSFER,4798.44,SYNTH_ATO_0000101,14586.98,9788.53,SYNTH_ATOSINK_0000101,0.0,4798.44,1,0,ato_rapid_drain_v2,1
240,TRANSFER,4300.2,SYNTH_ATO_0000101,9788.53,5488.34,SYNTH_ATOSINK_0000101,0.0,4300.2,1,0,ato_rapid_drain_v2,1
241,TRANSFER,4186.59,SYNTH_ATO_0000101,5488.34,1301.75,SYNTH_ATOSINK_0000101,0.0,4186.59,1,0,ato_rapid_drain_v2,1
147,PAYMENT,178.17,SYNTH_ATO_0000102,1194.75,1016.58,C355876588,0.0,178.17,0,0,ato_rapid_drain_v2,1
152,TRANSFER,6710.23,SYNTH_ATO_0000102,13905.53,7195.3,SYNTH_ATOSINK_0000102,0.0,6710.23,1,0,ato_rapid_drain_v2,1
153,TRANSFER,5163.06,SYNTH_ATO_0000102,7195.3,2032.24,SYNTH_ATOSINK_0000102,0.0,5163.06,1,0,ato_rapid_drain_v2,1
154,TRANSFER,31.85,SYNTH_ATO_0000102,2032.24,2000.39,SYNTH_ATOSINK_0000102,0.0,31.85,1,0,ato_rapid_drain_v2,1
310,PAYMENT,94.89,SYNTH_ATO_0000103,951.66,856.77,C1784765846,0.0,94.89,0,0,ato_rapid_drain_v2,1
315,TRANSFER,8891.06,SYNTH_ATO_0000103,23135.55,14244.48,SYNTH_ATOSINK_0000103,0.0,8891.06,1,0,ato_rapid_drain_v2,1
316,TRANSFER,8066.26,SYNTH_ATO_0000103,14244.48,6178.22,SYNTH_ATOSINK_0000103,0.0,8066.26,1,0,ato_rapid_drain_v2,1
317,TRANSFER,3694.14,SYNTH_ATO_0000103,6178.22,2484.08,SYNTH_ATOSINK_0000103,0.0,3694.14,1,0,ato_rapid_drain_v2,1
471,PAYMENT,201.62,SYNTH_ATO_0000104,2868.36,2666.74,C736236911,0.0,201.62,0,0,ato_rapid_drain_v2,1
472,TRANSFER,21237.95,SYNTH_ATO_0000104,22753.7,1515.75,SYNTH_ATOSINK_0000104,0.0,21237.95,1,0,ato_rapid_drain_v2,1
473,TRANSFER,397.44,SYNTH_ATO_0000104,1515.75,1118.31,SYNTH_ATOSINK_0000104,0.0,397.44,1,0,ato_rapid_drain_v2,1
448,PAYMENT,60.17,SYNTH_ATO_0000105,749.53,689.36,C328780717,0.0,60.17,0,0,ato_rapid_drain_v2,1
453,TRANSFER,21557.04,SYNTH_ATO_0000105,25728.86,4171.82,SYNTH_ATOSINK_0000105,0.0,21557.04,1,0,ato_rapid_drain_v2,1
454,TRANSFER,691.38,SYNTH_ATO_0000105,4171.82,3480.44,SYNTH_ATOSINK_0000105,0.0,691.38,1,0,ato_rapid_drain_v2,1
636,PAYMENT,245.45,SYNTH_ATO_0000106,3508.07,3262.62,C999643778,0.0,245.45,0,0,ato_rapid_drain_v2,1
641,TRANSFER,16534.32,SYNTH_ATO_0000106,38462.7,21928.38,SYNTH_ATOSINK_0000106,0.0,16534.32,1,0,ato_rapid_drain_v2,1
642,TRANSFER,16347.95,SYNTH_ATO_0000106,21928.38,5580.43,SYNTH_ATOSINK_0000106,0.0,16347.95,1,0,ato_rapid_drain_v2,1
112,PAYMENT,192.5,SYNTH_ATO_0000107,2860.85,2668.35,C1104872315,0.0,192.5,0,0,ato_rapid_drain_v2,1
116,TRANSFER,12941.21,SYNTH_ATO_0000107,19415.45,6474.24,SYNTH_ATOSINK_0000107,0.0,12941.21,1,0,ato_rapid_drain_v2,1
117,TRANSFER,3781.91,SYNTH_ATO_0000107,6474.24,2692.33,SYNTH_ATOSINK_0000107,0.0,3781.91,1,0,ato_rapid_drain_v2,1
472,PAYMENT,178.18,SYNTH_ATO_0000108,595.74,417.56,C1347858998,0.0,178.18,0,0,ato_rapid_drain_v2,1
473,TRANSFER,19238.74,SYNTH_ATO_0000108,21962.54,2723.8,SYNTH_ATOSINK_0000108,0.0,19238.74,1,0,ato_rapid_drain_v2,1
474,TRANSFER,790.15,SYNTH_ATO_0000108,2723.8,1933.65,SYNTH_ATOSINK_0000108,0.0,790.15,1,0,ato_rapid_drain_v2,1
2,PAYMENT,53.42,SYNTH_ATO_0000109,399.8,346.38,C111816914,0.0,53.42,0,0,ato_rapid_drain_v2,1
5,TRANSFER,9681.28,SYNTH_ATO_0000109,19464.28,9783.0,SYNTH_ATOSINK_0000109,0.0,9681.28,1,0,ato_rapid_drain_v2,1
6,TRANSFER,8436.72,SYNTH_ATO_0000109,9783.0,1346.28,SYNTH_ATOSINK_0000109,0.0,8436.72,1,0,ato_rapid_drain_v2,1
1,PAYMENT,175.69,SYNTH_ATO_0000110,801.55,625.86,C944474776,0.0,175.69,0,0,ato_rapid_drain_v2,1
5,TRANSFER,7106.29,SYNTH_ATO_0000110,9162.2,2055.91,SYNTH_ATOSINK_0000110,0.0,7106.29,1,0,ato_rapid_drain_v2,1
6,TRANSFER,755.26,SYNTH_ATO_0000110,2055.91,1300.65,SYNTH_ATOSINK_0000110,0.0,755.26,1,0,ato_rapid_drain_v2,1
620,PAYMENT,146.73,SYNTH_ATO_0000111,1909.31,1762.58,C653689873,0.0,146.73,0,0,ato_rapid_drain_v2,1
625,TRANSFER,10007.58,SYNTH_ATO_0000111,11563.81,1556.22,SYNTH_ATOSINK_0000111,0.0,10007.58,1,0,ato_rapid_drain_v2,1
626,TRANSFER,956.51,SYNTH_ATO_0000111,1556.22,599.71,SYNTH_ATOSINK_0000111,0.0,956.51,1,0,ato_rapid_drain_v2,1
278,PAYMENT,106.3,SYNTH_ATO_0000112,973.05,866.75,C1473428126,0.0,106.3,0,0,ato_rapid_drain_v2,1
281,TRANSFER,9467.09,SYNTH_ATO_0000112,21975.78,12508.7,SYNTH_ATOSINK_0000112,0.0,9467.09,1,0,ato_rapid_drain_v2,1
282,TRANSFER,8116.27,SYNTH_ATO_0000112,12508.7,4392.43,SYNTH_ATOSINK_0000112,0.0,8116.27,1,0,ato_rapid_drain_v2,1
283,TRANSFER,3269.48,SYNTH_ATO_0000112,4392.43,1122.95,SYNTH_ATOSINK_0000112,0.0,3269.48,1,0,ato_rapid_drain_v2,1
333,PAYMENT,209.37,SYNTH_ATO_0000113,2408.53,2199.16,C1918994793,0.0,209.37,0,0,ato_rapid_drain_v2,1
337,TRANSFER,7197.27,SYNTH_ATO_0000113,15008.93,7811.66,SYNTH_ATOSINK_0000113,0.0,7197.27,1,0,ato_rapid_drain_v2,1
338,TRANSFER,3764.97,SYNTH_ATO_0000113,7811.66,4046.68,SYNTH_ATOSINK_0000113,0.0,3764.97,1,0,ato_rapid_drain_v2,1
339,TRANSFER,2048.65,SYNTH_ATO_0000113,4046.68,1998.03,SYNTH_ATOSINK_0000113,0.0,2048.65,1,0,ato_rapid_drain_v2,1
638,PAYMENT,6.12,SYNTH_ATO_0000114,22.23,16.11,C1660245873,0.0,6.12,0,0,ato_rapid_drain_v2,1
641,TRANSFER,14821.76,SYNTH_ATO_0000114,17665.52,2843.76,SYNTH_ATOSINK_0000114,0.0,14821.76,1,0,ato_rapid_drain_v2,1
642,TRANSFER,2194.73,SYNTH_ATO_0000114,2843.76,649.03,SYNTH_ATOSINK_0000114,0.0,2194.73,1,0,ato_rapid_drain_v2,1
420,PAYMENT,131.05,SYNTH_ATO_0000115,931.03,799.98,C319279499,0.0,131.05,0,0,ato_rapid_drain_v2,1
422,TRANSFER,6808.67,SYNTH_ATO_0000115,9922.11,3113.43,SYNTH_ATOSINK_0000115,0.0,6808.67,1,0,ato_rapid_drain_v2,1
423,TRANSFER,1630.08,SYNTH_ATO_0000115,3113.43,1483.35,SYNTH_ATOSINK_0000115,0.0,1630.08,1,0,ato_rapid_drain_v2,1
424,TRANSFER,660.71,SYNTH_ATO_0000115,1483.35,822.65,SYNTH_ATOSINK_0000115,0.0,660.71,1,0,ato_rapid_drain_v2,1
507,PAYMENT,50.07,SYNTH_ATO_0000116,554.06,503.99,C2017484504,0.0,50.07,0,0,ato_rapid_drain_v2,1
512,TRANSFER,14694.55,SYNTH_ATO_0000116,20365.05,5670.5,SYNTH_ATOSINK_0000116,0.0,14694.55,1,0,ato_rapid_drain_v2,1
513,TRANSFER,2666.06,SYNTH_ATO_0000116,5670.5,3004.45,SYNTH_ATOSINK_0000116,0.0,2666.06,1,0,ato_rapid_drain_v2,1
590,PAYMENT,126.19,SYNTH_ATO_0000117,1662.36,1536.17,C1070496125,0.0,126.19,0,0,ato_rapid_drain_v2,1
593,TRANSFER,10506.59,SYNTH_ATO_0000117,15933.07,5426.49,SYNTH_ATOSINK_0000117,0.0,10506.59,1,0,ato_rapid_drain_v2,1
594,TRANSFER,3873.41,SYNTH_ATO_0000117,5426.49,1553.08,SYNTH_ATOSINK_0000117,0.0,3873.41,1,0,ato_rapid_drain_v2,1
479,PAYMENT,151.68,SYNTH_ATO_0000118,1858.45,1706.77,C65109333,0.0,151.68,0,0,ato_rapid_drain_v2,1
484,TRANSFER,12527.7,SYNTH_ATO_0000118,19518.78,6991.08,SYNTH_ATOSINK_0000118,0.0,12527.7,1,0,ato_rapid_drain_v2,1
485,TRANSFER,5254.49,SYNTH_ATO_0000118,6991.08,1736.59,SYNTH_ATOSINK_0000118,0.0,5254.49,1,0,ato_rapid_drain_v2,1
486,TRANSFER,486.51,SYNTH_ATO_0000118,1736.59,1250.08,SYNTH_ATOSINK_0000118,0.0,486.51,1,0,ato_rapid_drain_v2,1
560,PAYMENT,196.39,SYNTH_ATO_0000119,1953.97,1757.58,C1945835768,0.0,196.39,0,0,ato_rapid_drain_v2,1
565,TRANSFER,14470.64,SYNTH_ATO_0000119,19563.65,5093.01,SYNTH_ATOSINK_0000119,0.0,14470.64,1,0,ato_rapid_drain_v2,1
566,TRANSFER,3488.64,SYNTH_ATO_0000119,5093.01,1604.37,SYNTH_ATOSINK_0000119,0.0,3488.64,1,0,ato_rapid_drain_v2,1
93,PAYMENT,98.19,SYNTH_ATO_0000120,1273.56,1175.37,C314758875,0.0,98.19,0,0,ato_rapid_drain_v2,1
97,TRANSFER,8059.67,SYNTH_ATO_0000120,9119.26,1059.58,SYNTH_ATOSINK_0000120,0.0,8059.67,1,0,ato_rapid_drain_v2,1
98,TRANSFER,475.0,SYNTH_ATO_0000120,1059.58,584.58,SYNTH_ATOSINK_0000120,0.0,475.0,1,0,ato_rapid_drain_v2,1
634,PAYMENT,167.31,SYNTH_ATO_0000121,1663.97,1496.66,C1179820409,0.0,167.31,0,0,ato_rapid_drain_v2,1
637,TRANSFER,24234.81,SYNTH_ATO_0000121,28668.5,4433.69,SYNTH_ATOSINK_0000121,0.0,24234.81,1,0,ato_rapid_drain_v2,1
638,TRANSFER,321.9,SYNTH_ATO_0000121,4433.69,4111.79,SYNTH_ATOSINK_0000121,0.0,321.9,1,0,ato_rapid_drain_v2,1
305,PAYMENT,146.92,SYNTH_ATO_0000122,1258.34,1111.42,C441921891,0.0,146.92,0,0,ato_rapid_drain_v2,1
309,TRANSFER,9223.83,SYNTH_ATO_0000122,10602.99,1379.16,SYNTH_ATOSINK_0000122,0.0,9223.83,1,0,ato_rapid_drain_v2,1
310,TRANSFER,969.56,SYNTH_ATO_0000122,1379.16,409.59,SYNTH_ATOSINK_0000122,0.0,969.56,1,0,ato_rapid_drain_v2,1
241,PAYMENT,114.14,SYNTH_ATO_0000123,914.86,800.72,C544045236,0.0,114.14,0,0,ato_rapid_drain_v2,1
242,TRANSFER,10163.9,SYNTH_ATO_0000123,15914.99,5751.1,SYNTH_ATOSINK_0000123,0.0,10163.9,1,0,ato_rapid_drain_v2,1
243,TRANSFER,4879.54,SYNTH_ATO_0000123,5751.1,871.56,SYNTH_ATOSINK_0000123,0.0,4879.54,1,0,ato_rapid_drain_v2,1
127,PAYMENT,231.55,SYNTH_ATO_0000124,2309.19,2077.64,C225145673,0.0,231.55,0,0,ato_rapid_drain_v2,1
128,TRANSFER,8415.69,SYNTH_ATO_0000124,14860.73,6445.03,SYNTH_ATOSINK_0000124,0.0,8415.69,1,0,ato_rapid_drain_v2,1
129,TRANSFER,5673.8,SYNTH_ATO_0000124,6445.03,771.24,SYNTH_ATOSINK_0000124,0.0,5673.8,1,0,ato_rapid_drain_v2,1
142,PAYMENT,90.71,SYNTH_ATO_0000125,1106.3,1015.59,C1432078151,0.0,90.71,0,0,ato_rapid_drain_v2,1
146,TRANSFER,12185.08,SYNTH_ATO_0000125,27843.0,15657.92,SYNTH_ATOSINK_0000125,0.0,12185.08,1,0,ato_rapid_drain_v2,1
147,TRANSFER,7433.55,SYNTH_ATO_0000125,15657.92,8224.36,SYNTH_ATOSINK_0000125,0.0,7433.55,1,0,ato_rapid_drain_v2,1
148,TRANSFER,7136.67,SYNTH_ATO_0000125,8224.36,1087.7,SYNTH_ATOSINK_0000125,0.0,7136.67,1,0,ato_rapid_drain_v2,1
116,PAYMENT,160.73,SYNTH_ATO_0000126,814.18,653.45,C1095997348,0.0,160.73,0,0,ato_rapid_drain_v2,1
120,TRANSFER,9821.07,SYNTH_ATO_0000126,18886.65,9065.58,SYNTH_ATOSINK_0000126,0.0,9821.07,1,0,ato_rapid_drain_v2,1
121,TRANSFER,6227.1,SYNTH_ATO_0000126,9065.58,2838.47,SYNTH_ATOSINK_0000126,0.0,6227.1,1,0,ato_rapid_drain_v2,1
122,TRANSFER,944.97,SYNTH_ATO_0000126,2838.47,1893.5,SYNTH_ATOSINK_0000126,0.0,944.97,1,0,ato_rapid_drain_v2,1
9,PAYMENT,101.18,SYNTH_ATO_0000127,310.06,208.88,C287945672,0.0,101.18,0,0,ato_rapid_drain_v2,1
11,TRANSFER,18889.89,SYNTH_ATO_0000127,27036.21,8146.33,SYNTH_ATOSINK_0000127,0.0,18889.89,1,0,ato_rapid_drain_v2,1
12,TRANSFER,5778.14,SYNTH_ATO_0000127,8146.33,2368.19,SYNTH_ATOSINK_0000127,0.0,5778.14,1,0,ato_rapid_drain_v2,1
203,PAYMENT,203.85,SYNTH_ATO_0000128,673.22,469.37,C633855151,0.0,203.85,0,0,ato_rapid_drain_v2,1
207,TRANSFER,12086.77,SYNTH_ATO_0000128,19664.71,7577.94,SYNTH_ATOSINK_0000128,0.0,12086.77,1,0,ato_rapid_drain_v2,1
208,TRANSFER,4645.31,SYNTH_ATO_0000128,7577.94,2932.62,SYNTH_ATOSINK_0000128,0.0,4645.31,1,0,ato_rapid_drain_v2,1
296,PAYMENT,65.96,SYNTH_ATO_0000129,975.02,909.06,C1937357067,0.0,65.96,0,0,ato_rapid_drain_v2,1
299,TRANSFER,14776.88,SYNTH_ATO_0000129,17870.6,3093.73,SYNTH_ATOSINK_0000129,0.0,14776.88,1,0,ato_rapid_drain_v2,1
300,TRANSFER,818.37,SYNTH_ATO_0000129,3093.73,2275.36,SYNTH_ATOSINK_0000129,0.0,818.37,1,0,ato_rapid_drain_v2,1
696,PAYMENT,175.68,SYNTH_ATO_0000130,2105.31,1929.63,C989219863,0.0,175.68,0,0,ato_rapid_drain_v2,1
701,TRANSFER,10033.93,SYNTH_ATO_0000130,12866.09,2832.15,SYNTH_ATOSINK_0000130,0.0,10033.93,1,0,ato_rapid_drain_v2,1
702,TRANSFER,1102.84,SYNTH_ATO_0000130,2832.15,1729.31,SYNTH_ATOSINK_0000130,0.0,1102.84,1,0,ato_rapid_drain_v2,1
703,TRANSFER,867.14,SYNTH_ATO_0000130,1729.31,862.18,SYNTH_ATOSINK_0000130,0.0,867.14,1,0,ato_rapid_drain_v2,1
449,PAYMENT,45.43,SYNTH_ATO_0000131,605.25,559.82,C999399661,0.0,45.43,0,0,ato_rapid_drain_v2,1
450,TRANSFER,10492.9,SYNTH_ATO_0000131,14811.75,4318.84,SYNTH_ATOSINK_0000131,0.0,10492.9,1,0,ato_rapid_drain_v2,1
451,TRANSFER,3201.23,SYNTH_ATO_0000131,4318.84,1117.62,SYNTH_ATOSINK_0000131,0.0,3201.23,1,0,ato_rapid_drain_v2,1
559,PAYMENT,169.6,SYNTH_ATO_0000132,836.24,666.64,C331492833,0.0,169.6,0,0,ato_rapid_drain_v2,1
564,TRANSFER,8497.4,SYNTH_ATO_0000132,18337.91,9840.51,SYNTH_ATOSINK_0000132,0.0,8497.4,1,0,ato_rapid_drain_v2,1
565,TRANSFER,4757.46,SYNTH_ATO_0000132,9840.51,5083.05,SYNTH_ATOSINK_0000132,0.0,4757.46,1,0,ato_rapid_drain_v2,1
566,TRANSFER,3156.99,SYNTH_ATO_0000132,5083.05,1926.06,SYNTH_ATOSINK_0000132,0.0,3156.99,1,0,ato_rapid_drain_v2,1
416,PAYMENT,26.38,SYNTH_ATO_0000133,159.64,133.26,C79777547,0.0,26.38,0,0,ato_rapid_drain_v2,1
417,TRANSFER,17232.0,SYNTH_ATO_0000133,20113.55,2881.55,SYNTH_ATOSINK_0000133,0.0,17232.0,1,0,ato_rapid_drain_v2,1
418,TRANSFER,988.26,SYNTH_ATO_0000133,2881.55,1893.29,SYNTH_ATOSINK_0000133,0.0,988.26,1,0,ato_rapid_drain_v2,1
593,PAYMENT,45.43,SYNTH_ATO_0000134,457.69,412.26,C1162430944,0.0,45.43,0,0,ato_rapid_drain_v2,1
594,TRANSFER,5468.13,SYNTH_ATO_0000134,13781.99,8313.86,SYNTH_ATOSINK_0000134,0.0,5468.13,1,0,ato_rapid_drain_v2,1
595,TRANSFER,5137.57,SYNTH_ATO_0000134,8313.86,3176.29,SYNTH_ATOSINK_0000134,0.0,5137.57,1,0,ato_rapid_drain_v2,1
596,TRANSFER,2486.5,SYNTH_ATO_0000134,3176.29,689.79,SYNTH_ATOSINK_0000134,0.0,2486.5,1,0,ato_rapid_drain_v2,1
642,PAYMENT,164.8,SYNTH_ATO_0000135,1782.14,1617.34,C1469818275,0.0,164.8,0,0,ato_rapid_drain_v2,1
646,TRANSFER,18485.26,SYNTH_ATO_0000135,32614.44,14129.18,SYNTH_ATOSINK_0000135,0.0,18485.26,1,0,ato_rapid_drain_v2,1
647,TRANSFER,12380.32,SYNTH_ATO_0000135,14129.18,1748.86,SYNTH_ATOSINK_0000135,0.0,12380.32,1,0,ato_rapid_drain_v2,1
657,PAYMENT,182.22,SYNTH_ATO_0000136,1075.31,893.09,C10322056,0.0,182.22,0,0,ato_rapid_drain_v2,1
660,TRANSFER,9982.31,SYNTH_ATO_0000136,20494.2,10511.89,SYNTH_ATOSINK_0000136,0.0,9982.31,1,0,ato_rapid_drain_v2,1
661,TRANSFER,6866.94,SYNTH_ATO_0000136,10511.89,3644.95,SYNTH_ATOSINK_0000136,0.0,6866.94,1,0,ato_rapid_drain_v2,1
662,TRANSFER,1980.32,SYNTH_ATO_0000136,3644.95,1664.63,SYNTH_ATOSINK_0000136,0.0,1980.32,1,0,ato_rapid_drain_v2,1
605,PAYMENT,48.09,SYNTH_ATO_0000137,372.47,324.38,C1033861429,0.0,48.09,0,0,ato_rapid_drain_v2,1
610,TRANSFER,5168.19,SYNTH_ATO_0000137,11331.62,6163.43,SYNTH_ATOSINK_0000137,0.0,5168.19,1,0,ato_rapid_drain_v2,1
611,TRANSFER,4337.18,SYNTH_ATO_0000137,6163.43,1826.25,SYNTH_ATOSINK_0000137,0.0,4337.18,1,0,ato_rapid_drain_v2,1
612,TRANSFER,1014.55,SYNTH_ATO_0000137,1826.25,811.7,SYNTH_ATOSINK_0000137,0.0,1014.55,1,0,ato_rapid_drain_v2,1
512,PAYMENT,211.88,SYNTH_ATO_0000138,1408.45,1196.57,C307984766,0.0,211.88,0,0,ato_rapid_drain_v2,1
517,TRANSFER,13860.46,SYNTH_ATO_0000138,33722.08,19861.62,SYNTH_ATOSINK_0000138,0.0,13860.46,1,0,ato_rapid_drain_v2,1
518,TRANSFER,10140.56,SYNTH_ATO_0000138,19861.62,9721.06,SYNTH_ATOSINK_0000138,0.0,10140.56,1,0,ato_rapid_drain_v2,1
519,TRANSFER,8612.59,SYNTH_ATO_0000138,9721.06,1108.48,SYNTH_ATOSINK_0000138,0.0,8612.59,1,0,ato_rapid_drain_v2,1
368,PAYMENT,229.36,SYNTH_ATO_0000139,1710.73,1481.37,C46293272,0.0,229.36,0,0,ato_rapid_drain_v2,1
369,TRANSFER,4757.62,SYNTH_ATO_0000139,8897.82,4140.21,SYNTH_ATOSINK_0000139,0.0,4757.62,1,0,ato_rapid_drain_v2,1
370,TRANSFER,2834.6,SYNTH_ATO_0000139,4140.21,1305.61,SYNTH_ATOSINK_0000139,0.0,2834.6,1,0,ato_rapid_drain_v2,1
123,PAYMENT,211.53,SYNTH_ATO_0000140,3074.82,2863.29,C884741766,0.0,211.53,0,0,ato_rapid_drain_v2,1
128,TRANSFER,18506.56,SYNTH_ATO_0000140,21313.74,2807.18,SYNTH_ATOSINK_0000140,0.0,18506.56,1,0,ato_rapid_drain_v2,1
129,TRANSFER,1648.62,SYNTH_ATO_0000140,2807.18,1158.56,SYNTH_ATOSINK_0000140,0.0,1648.62,1,0,ato_rapid_drain_v2,1
96,PAYMENT,188.76,SYNTH_ATO_0000141,1058.13,869.37,C616342019,0.0,188.76,0,0,ato_rapid_drain_v2,1
98,TRANSFER,8406.94,SYNTH_ATO_0000141,14367.51,5960.57,SYNTH_ATOSINK_0000141,0.0,8406.94,1,0,ato_rapid_drain_v2,1
99,TRANSFER,4842.75,SYNTH_ATO_0000141,5960.57,1117.82,SYNTH_ATOSINK_0000141,0.0,4842.75,1,0,ato_rapid_drain_v2,1
100,TRANSFER,501.64,SYNTH_ATO_0000141,1117.82,616.18,SYNTH_ATOSINK_0000141,0.0,501.64,1,0,ato_rapid_drain_v2,1
694,PAYMENT,72.59,SYNTH_ATO_0000142,628.02,555.43,C676156921,0.0,72.59,0,0,ato_rapid_drain_v2,1
697,TRANSFER,18818.79,SYNTH_ATO_0000142,34967.65,16148.86,SYNTH_ATOSINK_0000142,0.0,18818.79,1,0,ato_rapid_drain_v2,1
698,TRANSFER,11740.9,SYNTH_ATO_0000142,16148.86,4407.96,SYNTH_ATOSINK_0000142,0.0,11740.9,1,0,ato_rapid_drain_v2,1
699,TRANSFER,3376.98,SYNTH_ATO_0000142,4407.96,1030.97,SYNTH_ATOSINK_0000142,0.0,3376.98,1,0,ato_rapid_drain_v2,1
366,PAYMENT,40.33,SYNTH_ATO_0000143,534.9,494.57,C1665146485,0.0,40.33,0,0,ato_rapid_drain_v2,1
369,TRANSFER,17220.61,SYNTH_ATO_0000143,25646.91,8426.3,SYNTH_ATOSINK_0000143,0.0,17220.61,1,0,ato_rapid_drain_v2,1
370,TRANSFER,4388.69,SYNTH_ATO_0000143,8426.3,4037.6,SYNTH_ATOSINK_0000143,0.0,4388.69,1,0,ato_rapid_drain_v2,1
371,TRANSFER,1389.23,SYNTH_ATO_0000143,4037.6,2648.38,SYNTH_ATOSINK_0000143,0.0,1389.23,1,0,ato_rapid_drain_v2,1
597,PAYMENT,6.78,SYNTH_ATO_0000144,32.51,25.73,C1571868793,0.0,6.78,0,0,ato_rapid_drain_v2,1
600,TRANSFER,5055.12,SYNTH_ATO_0000144,11067.65,6012.54,SYNTH_ATOSINK_0000144,0.0,5055.12,1,0,ato_rapid_drain_v2,1
601,TRANSFER,2521.43,SYNTH_ATO_0000144,6012.54,3491.1,SYNTH_ATOSINK_0000144,0.0,2521.43,1,0,ato_rapid_drain_v2,1
602,TRANSFER,2444.84,SYNTH_ATO_0000144,3491.1,1046.26,SYNTH_ATOSINK_0000144,0.0,2444.84,1,0,ato_rapid_drain_v2,1
676,PAYMENT,48.46,SYNTH_ATO_0000145,500.1,451.64,C212492107,0.0,48.46,0,0,ato_rapid_drain_v2,1
680,TRANSFER,16043.16,SYNTH_ATO_0000145,27548.53,11505.37,SYNTH_ATOSINK_0000145,0.0,16043.16,1,0,ato_rapid_drain_v2,1
681,TRANSFER,9597.1,SYNTH_ATO_0000145,11505.37,1908.27,SYNTH_ATOSINK_0000145,0.0,9597.1,1,0,ato_rapid_drain_v2,1
60,PAYMENT,207.34,SYNTH_ATO_0000146,1116.5,909.16,C1489631102,0.0,207.34,0,0,ato_rapid_drain_v2,1
62,TRANSFER,3406.74,SYNTH_ATO_0000146,7736.9,4330.16,SYNTH_ATOSINK_0000146,0.0,3406.74,1,0,ato_rapid_drain_v2,1
63,TRANSFER,1853.23,SYNTH_ATO_0000146,4330.16,2476.94,SYNTH_ATOSINK_0000146,0.0,1853.23,1,0,ato_rapid_drain_v2,1
64,TRANSFER,1781.73,SYNTH_ATO_0000146,2476.94,695.2,SYNTH_ATOSINK_0000146,0.0,1781.73,1,0,ato_rapid_drain_v2,1
649,PAYMENT,211.35,SYNTH_ATO_0000147,642.56,431.21,C500384218,0.0,211.35,0,0,ato_rapid_drain_v2,1
654,TRANSFER,18386.66,SYNTH_ATO_0000147,25645.18,7258.52,SYNTH_ATOSINK_0000147,0.0,18386.66,1,0,ato_rapid_drain_v2,1
655,TRANSFER,6577.69,SYNTH_ATO_0000147,7258.52,680.83,SYNTH_ATOSINK_0000147,0.0,6577.69,1,0,ato_rapid_drain_v2,1
210,PAYMENT,92.74,SYNTH_ATO_0000148,603.2,510.46,C712723911,0.0,92.74,0,0,ato_rapid_drain_v2,1
211,TRANSFER,15413.9,SYNTH_ATO_0000148,17717.24,2303.34,SYNTH_ATOSINK_0000148,0.0,15413.9,1,0,ato_rapid_drain_v2,1
212,TRANSFER,245.25,SYNTH_ATO_0000148,2303.34,2058.08,SYNTH_ATOSINK_0000148,0.0,245.25,1,0,ato_rapid_drain_v2,1
497,PAYMENT,241.42,SYNTH_ATO_0000149,3493.03,3251.61,C1119178483,0.0,241.42,0,0,ato_rapid_drain_v2,1
498,TRANSFER,7305.69,SYNTH_ATO_0000149,12321.31,5015.62,SYNTH_ATOSINK_0000149,0.0,7305.69,1,0,ato_rapid_drain_v2,1
499,TRANSFER,3040.65,SYNTH_ATO_0000149,5015.62,1974.97,SYNTH_ATOSINK_0000149,0.0,3040.65,1,0,ato_rapid_drain_v2,1
500,TRANSFER,156.97,SYNTH_ATO_0000149,1974.97,1818.0,SYNTH_ATOSINK_0000149,0.0,156.97,1,0,ato_rapid_drain_v2,1
336,PAYMENT,231.97,SYNTH_ATO_0000150,2112.94,1880.97,C1770566758,0.0,231.97,0,0,ato_rapid_drain_v2,1
338,TRANSFER,15294.75,SYNTH_ATO_0000150,27275.02,11980.26,SYNTH_ATOSINK_0000150,0.0,15294.75,1,0,ato_rapid_drain_v2,1
339,TRANSFER,10242.32,SYNTH_ATO_0000150,11980.26,1737.94,SYNTH_ATOSINK_0000150,0.0,10242.32,1,0,ato_rapid_drain_v2,1
488,PAYMENT,242.98,SYNTH_ATO_0000151,1592.2,1349.22,C110351076,0.0,242.98,0,0,ato_rapid_drain_v2,1
489,TRANSFER,17589.0,SYNTH_ATO_0000151,25016.89,7427.89,SYNTH_ATOSINK_0000151,0.0,17589.0,1,0,ato_rapid_drain_v2,1
490,TRANSFER,4479.19,SYNTH_ATO_0000151,7427.89,2948.7,SYNTH_ATOSINK_0000151,0.0,4479.19,1,0,ato_rapid_drain_v2,1
491,TRANSFER,2243.77,SYNTH_ATO_0000151,2948.7,704.93,SYNTH_ATOSINK_0000151,0.0,2243.77,1,0,ato_rapid_drain_v2,1
363,PAYMENT,218.65,SYNTH_ATO_0000152,1100.35,881.7,C812846531,0.0,218.65,0,0,ato_rapid_drain_v2,1
365,TRANSFER,15646.48,SYNTH_ATO_0000152,19591.0,3944.52,SYNTH_ATOSINK_0000152,0.0,15646.48,1,0,ato_rapid_drain_v2,1
366,TRANSFER,3520.81,SYNTH_ATO_0000152,3944.52,423.7,SYNTH_ATOSINK_0000152,0.0,3520.81,1,0,ato_rapid_drain_v2,1
608,PAYMENT,157.27,SYNTH_ATO_0000153,1459.9,1302.63,C2082061944,0.0,157.27,0,0,ato_rapid_drain_v2,1
609,TRANSFER,7209.09,SYNTH_ATO_0000153,20372.99,13163.9,SYNTH_ATOSINK_0000153,0.0,7209.09,1,0,ato_rapid_drain_v2,1
610,TRANSFER,5445.92,SYNTH_ATO_0000153,13163.9,7717.98,SYNTH_ATOSINK_0000153,0.0,5445.92,1,0,ato_rapid_drain_v2,1
611,TRANSFER,4752.21,SYNTH_ATO_0000153,7717.98,2965.76,SYNTH_ATOSINK_0000153,0.0,4752.21,1,0,ato_rapid_drain_v2,1
697,PAYMENT,215.03,SYNTH_ATO_0000154,2362.86,2147.83,C1651662746,0.0,215.03,0,0,ato_rapid_drain_v2,1
700,TRANSFER,15476.95,SYNTH_ATO_0000154,21401.64,5924.7,SYNTH_ATOSINK_0000154,0.0,15476.95,1,0,ato_rapid_drain_v2,1
701,TRANSFER,2744.05,SYNTH_ATO_0000154,5924.7,3180.65,SYNTH_ATOSINK_0000154,0.0,2744.05,1,0,ato_rapid_drain_v2,1
506,PAYMENT,83.77,SYNTH_ATO_0000155,848.42,764.65,C1830872988,0.0,83.77,0,0,ato_rapid_drain_v2,1
507,TRANSFER,13978.01,SYNTH_ATO_0000155,15569.16,1591.15,SYNTH_ATOSINK_0000155,0.0,13978.01,1,0,ato_rapid_drain_v2,1
508,TRANSFER,18.35,SYNTH_ATO_0000155,1591.15,1572.8,SYNTH_ATOSINK_0000155,0.0,18.35,1,0,ato_rapid_drain_v2,1
302,PAYMENT,29.52,SYNTH_ATO_0000156,281.24,251.72,C1272287067,0.0,29.52,0,0,ato_rapid_drain_v2,1
304,TRANSFER,14356.33,SYNTH_ATO_0000156,22860.05,8503.72,SYNTH_ATOSINK_0000156,0.0,14356.33,1,0,ato_rapid_drain_v2,1
305,TRANSFER,6674.03,SYNTH_ATO_0000156,8503.72,1829.69,SYNTH_ATOSINK_0000156,0.0,6674.03,1,0,ato_rapid_drain_v2,1
458,PAYMENT,174.08,SYNTH_ATO_0000157,1561.89,1387.81,C1827388721,0.0,174.08,0,0,ato_rapid_drain_v2,1
460,TRANSFER,6193.03,SYNTH_ATO_0000157,8264.33,2071.3,SYNTH_ATOSINK_0000157,0.0,6193.03,1,0,ato_rapid_drain_v2,1
461,TRANSFER,841.12,SYNTH_ATO_0000157,2071.3,1230.18,SYNTH_ATOSINK_0000157,0.0,841.12,1,0,ato_rapid_drain_v2,1
462,TRANSFER,390.68,SYNTH_ATO_0000157,1230.18,839.5,SYNTH_ATOSINK_0000157,0.0,390.68,1,0,ato_rapid_drain_v2,1
121,PAYMENT,190.03,SYNTH_ATO_0000158,1782.9,1592.87,C1180952354,0.0,190.03,0,0,ato_rapid_drain_v2,1
124,TRANSFER,1469.4,SYNTH_ATO_0000158,4363.86,2894.46,SYNTH_ATOSINK_0000158,0.0,1469.4,1,0,ato_rapid_drain_v2,1
125,TRANSFER,1353.29,SYNTH_ATO_0000158,2894.46,1541.17,SYNTH_ATOSINK_0000158,0.0,1353.29,1,0,ato_rapid_drain_v2,1
126,TRANSFER,905.99,SYNTH_ATO_0000158,1541.17,635.18,SYNTH_ATOSINK_0000158,0.0,905.99,1,0,ato_rapid_drain_v2,1
296,PAYMENT,96.36,SYNTH_ATO_0000159,592.45,496.09,C2084928897,0.0,96.36,0,0,ato_rapid_drain_v2,1
298,TRANSFER,18014.26,SYNTH_ATO_0000159,21947.5,3933.24,SYNTH_ATOSINK_0000159,0.0,18014.26,1,0,ato_rapid_drain_v2,1
299,TRANSFER,2211.92,SYNTH_ATO_0000159,3933.24,1721.32,SYNTH_ATOSINK_0000159,0.0,2211.92,1,0,ato_rapid_drain_v2,1
300,TRANSFER,348.25,SYNTH_ATO_0000159,1721.32,1373.07,SYNTH_ATOSINK_0000159,0.0,348.25,1,0,ato_rapid_drain_v2,1
545,PAYMENT,25.15,SYNTH_ATO_0000160,248.63,223.48,C1487093911,0.0,25.15,0,0,ato_rapid_drain_v2,1
549,TRANSFER,9872.01,SYNTH_ATO_0000160,21263.0,11390.99,SYNTH_ATOSINK_0000160,0.0,9872.01,1,0,ato_rapid_drain_v2,1
550,TRANSFER,6194.06,SYNTH_ATO_0000160,11390.99,5196.93,SYNTH_ATOSINK_0000160,0.0,6194.06,1,0,ato_rapid_drain_v2,1
551,TRANSFER,3150.96,SYNTH_ATO_0000160,5196.93,2045.97,SYNTH_ATOSINK_0000160,0.0,3150.96,1,0,ato_rapid_drain_v2,1
294,PAYMENT,218.24,SYNTH_ATO_0000161,1404.35,1186.11,C139210136,0.0,218.24,0,0,ato_rapid_drain_v2,1
295,TRANSFER,7617.09,SYNTH_ATO_0000161,13641.52,6024.43,SYNTH_ATOSINK_0000161,0.0,7617.09,1,0,ato_rapid_drain_v2,1
296,TRANSFER,5164.49,SYNTH_ATO_0000161,6024.43,859.94,SYNTH_ATOSINK_0000161,0.0,5164.49,1,0,ato_rapid_drain_v2,1
734,PAYMENT,171.24,SYNTH_ATO_0000162,1011.92,840.68,C1381151682,0.0,171.24,0,0,ato_rapid_drain_v2,1
737,TRANSFER,6401.71,SYNTH_ATO_0000162,11470.81,5069.1,SYNTH_ATOSINK_0000162,0.0,6401.71,1,0,ato_rapid_drain_v2,1
738,TRANSFER,2794.75,SYNTH_ATO_0000162,5069.1,2274.35,SYNTH_ATOSINK_0000162,0.0,2794.75,1,0,ato_rapid_drain_v2,1
739,TRANSFER,621.43,SYNTH_ATO_0000162,2274.35,1652.91,SYNTH_ATOSINK_0000162,0.0,621.43,1,0,ato_rapid_drain_v2,1
362,PAYMENT,138.16,SYNTH_ATO_0000163,654.07,515.91,C1291307214,0.0,138.16,0,0,ato_rapid_drain_v2,1
364,TRANSFER,15226.91,SYNTH_ATO_0000163,31430.54,16203.63,SYNTH_ATOSINK_0000163,0.0,15226.91,1,0,ato_rapid_drain_v2,1
365,TRANSFER,10900.73,SYNTH_ATO_0000163,16203.63,5302.9,SYNTH_ATOSINK_0000163,0.0,10900.73,1,0,ato_rapid_drain_v2,1
366,TRANSFER,3248.23,SYNTH_ATO_0000163,5302.9,2054.67,SYNTH_ATOSINK_0000163,0.0,3248.23,1,0,ato_rapid_drain_v2,1
647,PAYMENT,205.89,SYNTH_ATO_0000164,972.03,766.14,C1246630243,0.0,205.89,0,0,ato_rapid_drain_v2,1
650,TRANSFER,10265.07,SYNTH_ATO_0000164,14546.71,4281.64,SYNTH_ATOSINK_0000164,0.0,10265.07,1,0,ato_rapid_drain_v2,1
651,TRANSFER,3410.26,SYNTH_ATO_0000164,4281.64,871.38,SYNTH_ATOSINK_0000164,0.0,3410.26,1,0,ato_rapid_drain_v2,1
650,PAYMENT,237.6,SYNTH_ATO_0000165,923.81,686.21,C457355730,0.0,237.6,0,0,ato_rapid_drain_v2,1
652,TRANSFER,12499.63,SYNTH_ATO_0000165,14002.06,1502.43,SYNTH_ATOSINK_0000165,0.0,12499.63,1,0,ato_rapid_drain_v2,1
653,TRANSFER,985.2,SYNTH_ATO_0000165,1502.43,517.23,SYNTH_ATOSINK_0000165,0.0,985.2,1,0,ato_rapid_drain_v2,1
172,PAYMENT,163.55,SYNTH_ATO_0000166,541.27,377.72,C573151289,0.0,163.55,0,0,ato_rapid_drain_v2,1
176,TRANSFER,5695.96,SYNTH_ATO_0000166,12014.2,6318.23,SYNTH_ATOSINK_0000166,0.0,5695.96,1,0,ato_rapid_drain_v2,1
177,TRANSFER,3473.21,SYNTH_ATO_0000166,6318.23,2845.02,SYNTH_ATOSINK_0000166,0.0,3473.21,1,0,ato_rapid_drain_v2,1
178,TRANSFER,2419.3,SYNTH_ATO_0000166,2845.02,425.72,SYNTH_ATOSINK_0000166,0.0,2419.3,1,0,ato_rapid_drain_v2,1
474,PAYMENT,99.08,SYNTH_ATO_0000167,1234.62,1135.54,C1907701379,0.0,99.08,0,0,ato_rapid_drain_v2,1
478,TRANSFER,18164.78,SYNTH_ATO_0000167,25229.54,7064.76,SYNTH_ATOSINK_0000167,0.0,18164.78,1,0,ato_rapid_drain_v2,1
479,TRANSFER,3587.48,SYNTH_ATO_0000167,7064.76,3477.28,SYNTH_ATOSINK_0000167,0.0,3587.48,1,0,ato_rapid_drain_v2,1
480,TRANSFER,263.06,SYNTH_ATO_0000167,3477.28,3214.23,SYNTH_ATOSINK_0000167,0.0,263.06,1,0,ato_rapid_drain_v2,1
696,PAYMENT,161.39,SYNTH_ATO_0000168,1020.71,859.32,C18618281,0.0,161.39,0,0,ato_rapid_drain_v2,1
697,TRANSFER,6317.82,SYNTH_ATO_0000168,7127.2,809.38,SYNTH_ATOSINK_0000168,0.0,6317.82,1,0,ato_rapid_drain_v2,1
698,TRANSFER,45.88,SYNTH_ATO_0000168,809.38,763.5,SYNTH_ATOSINK_0000168,0.0,45.88,1,0,ato_rapid_drain_v2,1
605,PAYMENT,205.92,SYNTH_ATO_0000169,1308.79,1102.87,C1081902637,0.0,205.92,0,0,ato_rapid_drain_v2,1
609,TRANSFER,10708.3,SYNTH_ATO_0000169,16661.65,5953.34,SYNTH_ATOSINK_0000169,0.0,10708.3,1,0,ato_rapid_drain_v2,1
610,TRANSFER,5132.05,SYNTH_ATO_0000169,5953.34,821.29,SYNTH_ATOSINK_0000169,0.0,5132.05,1,0,ato_rapid_drain_v2,1
611,TRANSFER,242.94,SYNTH_ATO_0000169,821.29,578.35,SYNTH_ATOSINK_0000169,0.0,242.94,1,0,ato_rapid_drain_v2,1
356,PAYMENT,157.11,SYNTH_ATO_0000170,876.67,719.56,C822542831,0.0,157.11,0,0,ato_rapid_drain_v2,1
358,TRANSFER,8457.24,SYNTH_ATO_0000170,13357.22,4899.98,SYNTH_ATOSINK_0000170,0.0,8457.24,1,0,ato_rapid_drain_v2,1
359,TRANSFER,1999.14,SYNTH_ATO_0000170,4899.98,2900.83,SYNTH_ATOSINK_0000170,0.0,1999.14,1,0,ato_rapid_drain_v2,1
360,TRANSFER,1967.23,SYNTH_ATO_0000170,2900.83,933.6,SYNTH_ATOSINK_0000170,0.0,1967.23,1,0,ato_rapid_drain_v2,1
367,PAYMENT,247.29,SYNTH_ATO_0000171,3241.28,2993.99,C255668890,0.0,247.29,0,0,ato_rapid_drain_v2,1
371,TRANSFER,8532.61,SYNTH_ATO_0000171,16977.19,8444.58,SYNTH_ATOSINK_0000171,0.0,8532.61,1,0,ato_rapid_drain_v2,1
372,TRANSFER,6134.57,SYNTH_ATO_0000171,8444.58,2310.01,SYNTH_ATOSINK_0000171,0.0,6134.57,1,0,ato_rapid_drain_v2,1
587,PAYMENT,101.94,SYNTH_ATO_0000172,867.33,765.39,C326200300,0.0,101.94,0,0,ato_rapid_drain_v2,1
588,TRANSFER,19548.96,SYNTH_ATO_0000172,23880.63,4331.67,SYNTH_ATOSINK_0000172,0.0,19548.96,1,0,ato_rapid_drain_v2,1
589,TRANSFER,2093.98,SYNTH_ATO_0000172,4331.67,2237.69,SYNTH_ATOSINK_0000172,0.0,2093.98,1,0,ato_rapid_drain_v2,1
395,PAYMENT,109.14,SYNTH_ATO_0000173,1611.54,1502.4,C528441162,0.0,109.14,0,0,ato_rapid_drain_v2,1
396,TRANSFER,11529.28,SYNTH_ATO_0000173,14700.57,3171.28,SYNTH_ATOSINK_0000173,0.0,11529.28,1,0,ato_rapid_drain_v2,1
397,TRANSFER,1635.15,SYNTH_ATO_0000173,3171.28,1536.13,SYNTH_ATOSINK_0000173,0.0,1635.15,1,0,ato_rapid_drain_v2,1
398,TRANSFER,662.76,SYNTH_ATO_0000173,1536.13,873.37,SYNTH_ATOSINK_0000173,0.0,662.76,1,0,ato_rapid_drain_v2,1
402,PAYMENT,190.09,SYNTH_ATO_0000174,1981.54,1791.45,C547093760,0.0,190.09,0,0,ato_rapid_drain_v2,1
403,TRANSFER,7920.95,SYNTH_ATO_0000174,16060.22,8139.27,SYNTH_ATOSINK_0000174,0.0,7920.95,1,0,ato_rapid_drain_v2,1
404,TRANSFER,6699.05,SYNTH_ATO_0000174,8139.27,1440.22,SYNTH_ATOSINK_0000174,0.0,6699.05,1,0,ato_rapid_drain_v2,1
512,PAYMENT,41.19,SYNTH_ATO_0000175,590.17,548.98,C1846312476,0.0,41.19,0,0,ato_rapid_drain_v2,1
515,TRANSFER,7426.21,SYNTH_ATO_0000175,8224.5,798.29,SYNTH_ATOSINK_0000175,0.0,7426.21,1,0,ato_rapid_drain_v2,1
516,TRANSFER,264.3,SYNTH_ATO_0000175,798.29,533.99,SYNTH_ATOSINK_0000175,0.0,264.3,1,0,ato_rapid_drain_v2,1
517,TRANSFER,169.34,SYNTH_ATO_0000175,533.99,364.65,SYNTH_ATOSINK_0000175,0.0,169.34,1,0,ato_rapid_drain_v2,1
724,PAYMENT,32.82,SYNTH_ATO_0000176,274.32,241.5,C989107624,0.0,32.82,0,0,ato_rapid_drain_v2,1
725,TRANSFER,8111.58,SYNTH_ATO_0000176,14325.41,6213.83,SYNTH_ATOSINK_0000176,0.0,8111.58,1,0,ato_rapid_drain_v2,1
726,TRANSFER,4930.53,SYNTH_ATO_0000176,6213.83,1283.3,SYNTH_ATOSINK_0000176,0.0,4930.53,1,0,ato_rapid_drain_v2,1
515,PAYMENT,110.84,SYNTH_ATO_0000177,349.61,238.77,C734637896,0.0,110.84,0,0,ato_rapid_drain_v2,1
516,TRANSFER,6754.92,SYNTH_ATO_0000177,11571.92,4817.01,SYNTH_ATOSINK_0000177,0.0,6754.92,1,0,ato_rapid_drain_v2,1
517,TRANSFER,4140.1,SYNTH_ATO_0000177,4817.01,676.91,SYNTH_ATOSINK_0000177,0.0,4140.1,1,0,ato_rapid_drain_v2,1
375,PAYMENT,242.0,SYNTH_ATO_0000178,3341.71,3099.71,C1324700862,0.0,242.0,0,0,ato_rapid_drain_v2,1
378,TRANSFER,17262.58,SYNTH_ATO_0000178,19870.32,2607.74,SYNTH_ATOSINK_0000178,0.0,17262.58,1,0,ato_rapid_drain_v2,1
379,TRANSFER,1593.58,SYNTH_ATO_0000178,2607.74,1014.16,SYNTH_ATOSINK_0000178,0.0,1593.58,1,0,ato_rapid_drain_v2,1
163,PAYMENT,79.37,SYNTH_ATO_0000179,560.37,481.0,C1885465579,0.0,79.37,0,0,ato_rapid_drain_v2,1
168,TRANSFER,14299.18,SYNTH_ATO_0000179,16332.62,2033.44,SYNTH_ATOSINK_0000179,0.0,14299.18,1,0,ato_rapid_drain_v2,1
169,TRANSFER,413.01,SYNTH_ATO_0000179,2033.44,1620.43,SYNTH_ATOSINK_0000179,0.0,413.01,1,0,ato_rapid_drain_v2,1
209,PAYMENT,115.75,SYNTH_ATO_0000180,909.97,794.22,C1102820971,0.0,115.75,0,0,ato_rapid_drain_v2,1
213,TRANSFER,6664.0,SYNTH_ATO_0000180,14984.02,8320.03,SYNTH_ATOSINK_0000180,0.0,6664.0,1,0,ato_rapid_drain_v2,1
214,TRANSFER,5051.16,SYNTH_ATO_0000180,8320.03,3268.87,SYNTH_ATOSINK_0000180,0.0,5051.16,1,0,ato_rapid_drain_v2,1
215,TRANSFER,1520.43,SYNTH_ATO_0000180,3268.87,1748.44,SYNTH_ATOSINK_0000180,0.0,1520.43,1,0,ato_rapid_drain_v2,1
677,PAYMENT,61.72,SYNTH_ATO_0000181,896.9,835.18,C618478715,0.0,61.72,0,0,ato_rapid_drain_v2,1
681,TRANSFER,9060.27,SYNTH_ATO_0000181,19255.98,10195.71,SYNTH_ATOSINK_0000181,0.0,9060.27,1,0,ato_rapid_drain_v2,1
682,TRANSFER,4279.68,SYNTH_ATO_0000181,10195.71,5916.03,SYNTH_ATOSINK_0000181,0.0,4279.68,1,0,ato_rapid_drain_v2,1
683,TRANSFER,3882.24,SYNTH_ATO_0000181,5916.03,2033.79,SYNTH_ATOSINK_0000181,0.0,3882.24,1,0,ato_rapid_drain_v2,1
618,PAYMENT,103.72,SYNTH_ATO_0000182,1109.98,1006.26,C1337086837,0.0,103.72,0,0,ato_rapid_drain_v2,1
620,TRANSFER,8406.51,SYNTH_ATO_0000182,12355.63,3949.12,SYNTH_ATOSINK_0000182,0.0,8406.51,1,0,ato_rapid_drain_v2,1
621,TRANSFER,2798.48,SYNTH_ATO_0000182,3949.12,1150.64,SYNTH_ATOSINK_0000182,0.0,2798.48,1,0,ato_rapid_drain_v2,1
161,PAYMENT,215.47,SYNTH_ATO_0000183,1887.49,1672.02,C869743994,0.0,215.47,0,0,ato_rapid_drain_v2,1
165,TRANSFER,8450.01,SYNTH_ATO_0000183,11192.51,2742.5,SYNTH_ATOSINK_0000183,0.0,8450.01,1,0,ato_rapid_drain_v2,1
166,TRANSFER,2411.99,SYNTH_ATO_0000183,2742.5,330.51,SYNTH_ATOSINK_0000183,0.0,2411.99,1,0,ato_rapid_drain_v2,1
167,TRANSFER,103.75,SYNTH_ATO_0000183,330.51,226.77,SYNTH_ATOSINK_0000183,0.0,103.75,1,0,ato_rapid_drain_v2,1
263,PAYMENT,205.48,SYNTH_ATO_0000184,2746.3,2540.82,C7205938,0.0,205.48,0,0,ato_rapid_drain_v2,1
267,TRANSFER,5257.44,SYNTH_ATO_0000184,6071.81,814.37,SYNTH_ATOSINK_0000184,0.0,5257.44,1,0,ato_rapid_drain_v2,1
268,TRANSFER,474.23,SYNTH_ATO_0000184,814.37,340.14,SYNTH_ATOSINK_0000184,0.0,474.23,1,0,ato_rapid_drain_v2,1
478,PAYMENT,178.42,SYNTH_ATO_0000185,2400.26,2221.84,C353988298,0.0,178.42,0,0,ato_rapid_drain_v2,1
483,TRANSFER,10269.55,SYNTH_ATO_0000185,17460.1,7190.55,SYNTH_ATOSINK_0000185,0.0,10269.55,1,0,ato_rapid_drain_v2,1
484,TRANSFER,5775.2,SYNTH_ATO_0000185,7190.55,1415.35,SYNTH_ATOSINK_0000185,0.0,5775.2,1,0,ato_rapid_drain_v2,1
485,TRANSFER,708.25,SYNTH_ATO_0000185,1415.35,707.1,SYNTH_ATOSINK_0000185,0.0,708.25,1,0,ato_rapid_drain_v2,1
473,PAYMENT,44.0,SYNTH_ATO_0000186,321.09,277.09,C2074181363,0.0,44.0,0,0,ato_rapid_drain_v2,1
475,TRANSFER,10569.63,SYNTH_ATO_0000186,17969.58,7399.94,SYNTH_ATOSINK_0000186,0.0,10569.63,1,0,ato_rapid_drain_v2,1
476,TRANSFER,4111.31,SYNTH_ATO_0000186,7399.94,3288.64,SYNTH_ATOSINK_0000186,0.0,4111.31,1,0,ato_rapid_drain_v2,1
477,TRANSFER,836.18,SYNTH_ATO_0000186,3288.64,2452.46,SYNTH_ATOSINK_0000186,0.0,836.18,1,0,ato_rapid_drain_v2,1
265,PAYMENT,20.13,SYNTH_ATO_0000187,281.92,261.79,C2045103323,0.0,20.13,0,0,ato_rapid_drain_v2,1
266,TRANSFER,11986.68,SYNTH_ATO_0000187,17559.37,5572.69,SYNTH_ATOSINK_0000187,0.0,11986.68,1,0,ato_rapid_drain_v2,1
267,TRANSFER,5157.85,SYNTH_ATO_0000187,5572.69,414.84,SYNTH_ATOSINK_0000187,0.0,5157.85,1,0,ato_rapid_drain_v2,1
518,PAYMENT,16.68,SYNTH_ATO_0000188,92.01,75.33,C2136620585,0.0,16.68,0,0,ato_rapid_drain_v2,1
523,TRANSFER,7166.27,SYNTH_ATO_0000188,14072.54,6906.27,SYNTH_ATOSINK_0000188,0.0,7166.27,1,0,ato_rapid_drain_v2,1
524,TRANSFER,5049.28,SYNTH_ATO_0000188,6906.27,1857.0,SYNTH_ATOSINK_0000188,0.0,5049.28,1,0,ato_rapid_drain_v2,1
210,PAYMENT,244.04,SYNTH_ATO_0000189,3283.09,3039.05,C1554979473,0.0,244.04,0,0,ato_rapid_drain_v2,1
211,TRANSFER,15150.06,SYNTH_ATO_0000189,27859.37,12709.31,SYNTH_ATOSINK_0000189,0.0,15150.06,1,0,ato_rapid_drain_v2,1
212,TRANSFER,9016.96,SYNTH_ATO_0000189,12709.31,3692.35,SYNTH_ATOSINK_0000189,0.0,9016.96,1,0,ato_rapid_drain_v2,1
657,PAYMENT,113.86,SYNTH_ATO_0000190,1066.97,953.11,C926068966,0.0,113.86,0,0,ato_rapid_drain_v2,1
662,TRANSFER,7742.15,SYNTH_ATO_0000190,13122.22,5380.07,SYNTH_ATOSINK_0000190,0.0,7742.15,1,0,ato_rapid_drain_v2,1
663,TRANSFER,4284.56,SYNTH_ATO_0000190,5380.07,1095.52,SYNTH_ATOSINK_0000190,0.0,4284.56,1,0,ato_rapid_drain_v2,1
731,PAYMENT,213.13,SYNTH_ATO_0000191,1156.06,942.93,C38363158,0.0,213.13,0,0,ato_rapid_drain_v2,1
735,TRANSFER,29589.81,SYNTH_ATO_0000191,38002.38,8412.57,SYNTH_ATOSINK_0000191,0.0,29589.81,1,0,ato_rapid_drain_v2,1
736,TRANSFER,5295.53,SYNTH_ATO_0000191,8412.57,3117.04,SYNTH_ATOSINK_0000191,0.0,5295.53,1,0,ato_rapid_drain_v2,1
197,PAYMENT,127.24,SYNTH_ATO_0000192,1062.95,935.71,C1191726512,0.0,127.24,0,0,ato_rapid_drain_v2,1
202,TRANSFER,10676.45,SYNTH_ATO_0000192,15909.5,5233.05,SYNTH_ATOSINK_0000192,0.0,10676.45,1,0,ato_rapid_drain_v2,1
203,TRANSFER,2489.69,SYNTH_ATO_0000192,5233.05,2743.36,SYNTH_ATOSINK_0000192,0.0,2489.69,1,0,ato_rapid_drain_v2,1
204,TRANSFER,581.18,SYNTH_ATO_0000192,2743.36,2162.18,SYNTH_ATOSINK_0000192,0.0,581.18,1,0,ato_rapid_drain_v2,1
500,PAYMENT,189.71,SYNTH_ATO_0000193,2455.22,2265.51,C1862315357,0.0,189.71,0,0,ato_rapid_drain_v2,1
502,TRANSFER,7571.58,SYNTH_ATO_0000193,12702.01,5130.43,SYNTH_ATOSINK_0000193,0.0,7571.58,1,0,ato_rapid_drain_v2,1
503,TRANSFER,4432.33,SYNTH_ATO_0000193,5130.43,698.1,SYNTH_ATOSINK_0000193,0.0,4432.33,1,0,ato_rapid_drain_v2,1
408,PAYMENT,112.06,SYNTH_ATO_0000194,1591.79,1479.73,C974570192,0.0,112.06,0,0,ato_rapid_drain_v2,1
411,TRANSFER,9068.64,SYNTH_ATO_0000194,15194.03,6125.39,SYNTH_ATOSINK_0000194,0.0,9068.64,1,0,ato_rapid_drain_v2,1
412,TRANSFER,4931.88,SYNTH_ATO_0000194,6125.39,1193.51,SYNTH_ATOSINK_0000194,0.0,4931.88,1,0,ato_rapid_drain_v2,1
209,PAYMENT,74.5,SYNTH_ATO_0000195,884.7,810.2,C138971247,0.0,74.5,0,0,ato_rapid_drain_v2,1
211,TRANSFER,14081.77,SYNTH_ATO_0000195,17373.55,3291.79,SYNTH_ATOSINK_0000195,0.0,14081.77,1,0,ato_rapid_drain_v2,1
212,TRANSFER,1449.75,SYNTH_ATO_0000195,3291.79,1842.04,SYNTH_ATOSINK_0000195,0.0,1449.75,1,0,ato_rapid_drain_v2,1
460,PAYMENT,29.35,SYNTH_ATO_0000196,163.71,134.36,C822275697,0.0,29.35,0,0,ato_rapid_drain_v2,1
465,TRANSFER,10832.84,SYNTH_ATO_0000196,21014.64,10181.79,SYNTH_ATOSINK_0000196,0.0,10832.84,1,0,ato_rapid_drain_v2,1
466,TRANSFER,7598.52,SYNTH_ATO_0000196,10181.79,2583.28,SYNTH_ATOSINK_0000196,0.0,7598.52,1,0,ato_rapid_drain_v2,1
467,TRANSFER,1802.33,SYNTH_ATO_0000196,2583.28,780.95,SYNTH_ATOSINK_0000196,0.0,1802.33,1,0,ato_rapid_drain_v2,1
537,PAYMENT,88.56,SYNTH_ATO_0000197,1291.15,1202.59,C1150885229,0.0,88.56,0,0,ato_rapid_drain_v2,1
542,TRANSFER,19643.27,SYNTH_ATO_0000197,39374.02,19730.74,SYNTH_ATOSINK_0000197,0.0,19643.27,1,0,ato_rapid_drain_v2,1
543,TRANSFER,11544.02,SYNTH_ATO_0000197,19730.74,8186.72,SYNTH_ATOSINK_0000197,0.0,11544.02,1,0,ato_rapid_drain_v2,1
544,TRANSFER,6239.84,SYNTH_ATO_0000197,8186.72,1946.88,SYNTH_ATOSINK_0000197,0.0,6239.84,1,0,ato_rapid_drain_v2,1
374,PAYMENT,207.53,SYNTH_ATO_0000198,2183.47,1975.94,C1530732642,0.0,207.53,0,0,ato_rapid_drain_v2,1
379,TRANSFER,15459.04,SYNTH_ATO_0000198,18981.62,3522.59,SYNTH_ATOSINK_0000198,0.0,15459.04,1,0,ato_rapid_drain_v2,1
380,TRANSFER,2959.58,SYNTH_ATO_0000198,3522.59,563.01,SYNTH_ATOSINK_0000198,0.0,2959.58,1,0,ato_rapid_drain_v2,1
559,PAYMENT,121.02,SYNTH_ATO_0000199,1048.66,927.64,C1757453087,0.0,121.02,0,0,ato_rapid_drain_v2,1
560,TRANSFER,15066.75,SYNTH_ATO_0000199,24154.47,9087.72,SYNTH_ATOSINK_0000199,0.0,15066.75,1,0,ato_rapid_drain_v2,1
561,TRANSFER,6060.8,SYNTH_ATO_0000199,9087.72,3026.92,SYNTH_ATOSINK_0000199,0.0,6060.8,1,0,ato_rapid_drain_v2,1
697,PAYMENT,54.08,SYNTH_ATO_0000200,720.96,666.88,C1130801310,0.0,54.08,0,0,ato_rapid_drain_v2,1
698,TRANSFER,18196.72,SYNTH_ATO_0000200,26342.44,8145.72,SYNTH_ATOSINK_0000200,0.0,18196.72,1,0,ato_rapid_drain_v2,1
699,TRANSFER,7319.8,SYNTH_ATO_0000200,8145.72,825.92,SYNTH_ATOSINK_0000200,0.0,7319.8,1,0,ato_rapid_drain_v2,1
263,PAYMENT,105.05,SYNTH_ATO_0000201,555.57,450.52,C1184942635,0.0,105.05,0,0,ato_rapid_drain_v2,1
266,TRANSFER,18749.2,SYNTH_ATO_0000201,21534.42,2785.23,SYNTH_ATOSINK_0000201,0.0,18749.2,1,0,ato_rapid_drain_v2,1
267,TRANSFER,757.19,SYNTH_ATO_0000201,2785.23,2028.04,SYNTH_ATOSINK_0000201,0.0,757.19,1,0,ato_rapid_drain_v2,1
268,PAYMENT,164.62,SYNTH_ATO_0000202,1969.98,1805.36,C1319809776,0.0,164.62,0,0,ato_rapid_drain_v2,1
273,TRANSFER,29339.08,SYNTH_ATO_0000202,40099.75,10760.67,SYNTH_ATOSINK_0000202,0.0,29339.08,1,0,ato_rapid_drain_v2,1
274,TRANSFER,3076.05,SYNTH_ATO_0000202,10760.67,7684.62,SYNTH_ATOSINK_0000202,0.0,3076.05,1,0,ato_rapid_drain_v2,1
275,TRANSFER,3037.86,SYNTH_ATO_0000202,7684.62,4646.75,SYNTH_ATOSINK_0000202,0.0,3037.86,1,0,ato_rapid_drain_v2,1
686,PAYMENT,214.69,SYNTH_ATO_0000203,2364.7,2150.01,C1640661101,0.0,214.69,0,0,ato_rapid_drain_v2,1
687,TRANSFER,5881.32,SYNTH_ATO_0000203,15566.27,9684.95,SYNTH_ATOSINK_0000203,0.0,5881.32,1,0,ato_rapid_drain_v2,1
688,TRANSFER,5660.55,SYNTH_ATO_0000203,9684.95,4024.39,SYNTH_ATOSINK_0000203,0.0,5660.55,1,0,ato_rapid_drain_v2,1
689,TRANSFER,1990.43,SYNTH_ATO_0000203,4024.39,2033.96,SYNTH_ATOSINK_0000203,0.0,1990.43,1,0,ato_rapid_drain_v2,1
585,PAYMENT,173.69,SYNTH_ATO_0000204,1264.55,1090.86,C1302257277,0.0,173.69,0,0,ato_rapid_drain_v2,1
586,TRANSFER,9499.05,SYNTH_ATO_0000204,13779.85,4280.8,SYNTH_ATOSINK_0000204,0.0,9499.05,1,0,ato_rapid_drain_v2,1
587,TRANSFER,2299.94,SYNTH_ATO_0000204,4280.8,1980.86,SYNTH_ATOSINK_0000204,0.0,2299.94,1,0,ato_rapid_drain_v2,1
716,PAYMENT,13.18,SYNTH_ATO_0000205,97.24,84.06,C2116729236,0.0,13.18,0,0,ato_rapid_drain_v2,1
719,TRANSFER,7732.28,SYNTH_ATO_0000205,10740.3,3008.02,SYNTH_ATOSINK_0000205,0.0,7732.28,1,0,ato_rapid_drain_v2,1
720,TRANSFER,2522.75,SYNTH_ATO_0000205,3008.02,485.27,SYNTH_ATOSINK_0000205,0.0,2522.75,1,0,ato_rapid_drain_v2,1
563,PAYMENT,106.13,SYNTH_ATO_0000206,541.2,435.07,C2059429034,0.0,106.13,0,0,ato_rapid_drain_v2,1
566,TRANSFER,9914.35,SYNTH_ATO_0000206,15972.62,6058.28,SYNTH_ATOSINK_0000206,0.0,9914.35,1,0,ato_rapid_drain_v2,1
567,TRANSFER,5512.19,SYNTH_ATO_0000206,6058.28,546.08,SYNTH_ATOSINK_0000206,0.0,5512.19,1,0,ato_rapid_drain_v2,1
200,PAYMENT,196.57,SYNTH_ATO_0000207,2750.69,2554.12,C783361116,0.0,196.57,0,0,ato_rapid_drain_v2,1
202,TRANSFER,3303.1,SYNTH_ATO_0000207,7406.55,4103.45,SYNTH_ATOSINK_0000207,0.0,3303.1,1,0,ato_rapid_drain_v2,1
203,TRANSFER,2190.71,SYNTH_ATO_0000207,4103.45,1912.74,SYNTH_ATOSINK_0000207,0.0,2190.71,1,0,ato_rapid_drain_v2,1
204,TRANSFER,1194.94,SYNTH_ATO_0000207,1912.74,717.79,SYNTH_ATOSINK_0000207,0.0,1194.94,1,0,ato_rapid_drain_v2,1
420,PAYMENT,15.6,SYNTH_ATO_0000208,120.49,104.89,C1734573647,0.0,15.6,0,0,ato_rapid_drain_v2,1
423,TRANSFER,15367.8,SYNTH_ATO_0000208,23253.37,7885.57,SYNTH_ATOSINK_0000208,0.0,15367.8,1,0,ato_rapid_drain_v2,1
424,TRANSFER,4690.87,SYNTH_ATO_0000208,7885.57,3194.7,SYNTH_ATOSINK_0000208,0.0,4690.87,1,0,ato_rapid_drain_v2,1
425,TRANSFER,2390.01,SYNTH_ATO_0000208,3194.7,804.69,SYNTH_ATOSINK_0000208,0.0,2390.01,1,0,ato_rapid_drain_v2,1
543,PAYMENT,26.23,SYNTH_ATO_0000209,168.18,141.95,C1582770952,0.0,26.23,0,0,ato_rapid_drain_v2,1
544,TRANSFER,10627.41,SYNTH_ATO_0000209,13358.34,2730.93,SYNTH_ATOSINK_0000209,0.0,10627.41,1,0,ato_rapid_drain_v2,1
545,TRANSFER,1586.37,SYNTH_ATO_0000209,2730.93,1144.56,SYNTH_ATOSINK_0000209,0.0,1586.37,1,0,ato_rapid_drain_v2,1
546,TRANSFER,244.99,SYNTH_ATO_0000209,1144.56,899.58,SYNTH_ATOSINK_0000209,0.0,244.99,1,0,ato_rapid_drain_v2,1
266,PAYMENT,33.11,SYNTH_ATO_0000210,223.62,190.51,C521532318,0.0,33.11,0,0,ato_rapid_drain_v2,1
271,TRANSFER,9848.42,SYNTH_ATO_0000210,23493.13,13644.71,SYNTH_ATOSINK_0000210,0.0,9848.42,1,0,ato_rapid_drain_v2,1
272,TRANSFER,6529.69,SYNTH_ATO_0000210,13644.71,7115.02,SYNTH_ATOSINK_0000210,0.0,6529.69,1,0,ato_rapid_drain_v2,1
273,TRANSFER,5634.45,SYNTH_ATO_0000210,7115.02,1480.57,SYNTH_ATOSINK_0000210,0.0,5634.45,1,0,ato_rapid_drain_v2,1
152,PAYMENT,156.97,SYNTH_ATO_0000211,1826.28,1669.31,C92356956,0.0,156.97,0,0,ato_rapid_drain_v2,1
155,TRANSFER,8464.37,SYNTH_ATO_0000211,20806.46,12342.08,SYNTH_ATOSINK_0000211,0.0,8464.37,1,0,ato_rapid_drain_v2,1
156,TRANSFER,7792.87,SYNTH_ATO_0000211,12342.08,4549.22,SYNTH_ATOSINK_0000211,0.0,7792.87,1,0,ato_rapid_drain_v2,1
157,TRANSFER,2588.5,SYNTH_ATO_0000211,4549.22,1960.71,SYNTH_ATOSINK_0000211,0.0,2588.5,1,0,ato_rapid_drain_v2,1
540,PAYMENT,139.64,SYNTH_ATO_0000212,1967.1,1827.46,C280683895,0.0,139.64,0,0,ato_rapid_drain_v2,1
543,TRANSFER,9931.87,SYNTH_ATO_0000212,10817.65,885.78,SYNTH_ATOSINK_0000212,0.0,9931.87,1,0,ato_rapid_drain_v2,1
544,TRANSFER,345.03,SYNTH_ATO_0000212,885.78,540.75,SYNTH_ATOSINK_0000212,0.0,345.03,1,0,ato_rapid_drain_v2,1
160,PAYMENT,23.36,SYNTH_ATO_0000213,92.66,69.3,C1911956636,0.0,23.36,0,0,ato_rapid_drain_v2,1
164,TRANSFER,19137.35,SYNTH_ATO_0000213,43254.3,24116.96,SYNTH_ATOSINK_0000213,0.0,19137.35,1,0,ato_rapid_drain_v2,1
165,TRANSFER,14893.54,SYNTH_ATO_0000213,24116.96,9223.41,SYNTH_ATOSINK_0000213,0.0,14893.54,1,0,ato_rapid_drain_v2,1
166,TRANSFER,4013.42,SYNTH_ATO_0000213,9223.41,5209.99,SYNTH_ATOSINK_0000213,0.0,4013.42,1,0,ato_rapid_drain_v2,1
709,PAYMENT,211.53,SYNTH_ATO_0000214,2906.57,2695.04,C1905590940,0.0,211.53,0,0,ato_rapid_drain_v2,1
710,TRANSFER,9250.56,SYNTH_ATO_0000214,12969.9,3719.34,SYNTH_ATOSINK_0000214,0.0,9250.56,1,0,ato_rapid_drain_v2,1
711,TRANSFER,2828.27,SYNTH_ATO_0000214,3719.34,891.07,SYNTH_ATOSINK_0000214,0.0,2828.27,1,0,ato_rapid_drain_v2,1
566,PAYMENT,39.71,SYNTH_ATO_0000215,295.47,255.76,C923963732,0.0,39.71,0,0,ato_rapid_drain_v2,1
571,TRANSFER,6767.16,SYNTH_ATO_0000215,12543.84,5776.67,SYNTH_ATOSINK_0000215,0.0,6767.16,1,0,ato_rapid_drain_v2,1
572,TRANSFER,3904.97,SYNTH_ATO_0000215,5776.67,1871.7,SYNTH_ATOSINK_0000215,0.0,3904.97,1,0,ato_rapid_drain_v2,1
585,PAYMENT,11.96,SYNTH_ATO_0000216,120.32,108.36,C1951082510,0.0,11.96,0,0,ato_rapid_drain_v2,1
588,TRANSFER,6892.17,SYNTH_ATO_0000216,15065.41,8173.24,SYNTH_ATOSINK_0000216,0.0,6892.17,1,0,ato_rapid_drain_v2,1
589,TRANSFER,4247.67,SYNTH_ATO_0000216,8173.24,3925.57,SYNTH_ATOSINK_0000216,0.0,4247.67,1,0,ato_rapid_drain_v2,1
590,TRANSFER,2376.8,SYNTH_ATO_0000216,3925.57,1548.77,SYNTH_ATOSINK_0000216,0.0,2376.8,1,0,ato_rapid_drain_v2,1
694,PAYMENT,122.0,SYNTH_ATO_0000217,1017.79,895.79,C1990651665,0.0,122.0,0,0,ato_rapid_drain_v2,1
699,TRANSFER,14933.16,SYNTH_ATO_0000217,21868.02,6934.86,SYNTH_ATOSINK_0000217,0.0,14933.16,1,0,ato_rapid_drain_v2,1
700,TRANSFER,2410.55,SYNTH_ATO_0000217,6934.86,4524.31,SYNTH_ATOSINK_0000217,0.0,2410.55,1,0,ato_rapid_drain_v2,1
701,TRANSFER,1728.37,SYNTH_ATO_0000217,4524.31,2795.94,SYNTH_ATOSINK_0000217,0.0,1728.37,1,0,ato_rapid_drain_v2,1
679,PAYMENT,141.64,SYNTH_ATO_0000218,1161.15,1019.51,C461063457,0.0,141.64,0,0,ato_rapid_drain_v2,1
680,TRANSFER,8234.63,SYNTH_ATO_0000218,11401.38,3166.75,SYNTH_ATOSINK_0000218,0.0,8234.63,1,0,ato_rapid_drain_v2,1
681,TRANSFER,2525.94,SYNTH_ATO_0000218,3166.75,640.81,SYNTH_ATOSINK_0000218,0.0,2525.94,1,0,ato_rapid_drain_v2,1
682,TRANSFER,279.3,SYNTH_ATO_0000218,640.81,361.5,SYNTH_ATOSINK_0000218,0.0,279.3,1,0,ato_rapid_drain_v2,1
365,PAYMENT,211.23,SYNTH_ATO_0000219,1127.95,916.72,C1097595964,0.0,211.23,0,0,ato_rapid_drain_v2,1
370,TRANSFER,12957.06,SYNTH_ATO_0000219,25116.19,12159.13,SYNTH_ATOSINK_0000219,0.0,12957.06,1,0,ato_rapid_drain_v2,1
371,TRANSFER,11205.43,SYNTH_ATO_0000219,12159.13,953.7,SYNTH_ATOSINK_0000219,0.0,11205.43,1,0,ato_rapid_drain_v2,1
268,PAYMENT,60.64,SYNTH_ATO_0000220,359.0,298.36,C733846335,0.0,60.64,0,0,ato_rapid_drain_v2,1
269,TRANSFER,12276.73,SYNTH_ATO_0000220,18985.26,6708.53,SYNTH_ATOSINK_0000220,0.0,12276.73,1,0,ato_rapid_drain_v2,1
270,TRANSFER,5144.23,SYNTH_ATO_0000220,6708.53,1564.3,SYNTH_ATOSINK_0000220,0.0,5144.23,1,0,ato_rapid_drain_v2,1
231,PAYMENT,117.91,SYNTH_ATO_0000221,370.25,252.34,C940365802,0.0,117.91,0,0,ato_rapid_drain_v2,1
236,TRANSFER,12534.39,SYNTH_ATO_0000221,16589.78,4055.39,SYNTH_ATOSINK_0000221,0.0,12534.39,1,0,ato_rapid_drain_v2,1
237,TRANSFER,2664.72,SYNTH_ATO_0000221,4055.39,1390.67,SYNTH_ATOSINK_0000221,0.0,2664.72,1,0,ato_rapid_drain_v2,1
238,TRANSFER,69.38,SYNTH_ATO_0000221,1390.67,1321.29,SYNTH_ATOSINK_0000221,0.0,69.38,1,0,ato_rapid_drain_v2,1
539,PAYMENT,80.08,SYNTH_ATO_0000222,939.29,859.21,C728146737,0.0,80.08,0,0,ato_rapid_drain_v2,1
540,TRANSFER,5448.05,SYNTH_ATO_0000222,11542.27,6094.21,SYNTH_ATOSINK_0000222,0.0,5448.05,1,0,ato_rapid_drain_v2,1
541,TRANSFER,5437.54,SYNTH_ATO_0000222,6094.21,656.67,SYNTH_ATOSINK_0000222,0.0,5437.54,1,0,ato_rapid_drain_v2,1
542,TRANSFER,421.97,SYNTH_ATO_0000222,656.67,234.7,SYNTH_ATOSINK_0000222,0.0,421.97,1,0,ato_rapid_drain_v2,1
206,PAYMENT,82.46,SYNTH_ATO_0000223,257.89,175.43,C1600469207,0.0,82.46,0,0,ato_rapid_drain_v2,1
207,TRANSFER,11479.63,SYNTH_ATO_0000223,18700.76,7221.13,SYNTH_ATOSINK_0000223,0.0,11479.63,1,0,ato_rapid_drain_v2,1
208,TRANSFER,4429.72,SYNTH_ATO_0000223,7221.13,2791.42,SYNTH_ATOSINK_0000223,0.0,4429.72,1,0,ato_rapid_drain_v2,1
521,PAYMENT,237.72,SYNTH_ATO_0000224,1590.39,1352.67,C1022791250,0.0,237.72,0,0,ato_rapid_drain_v2,1
522,TRANSFER,12984.23,SYNTH_ATO_0000224,15997.34,3013.11,SYNTH_ATOSINK_0000224,0.0,12984.23,1,0,ato_rapid_drain_v2,1
523,TRANSFER,1519.98,SYNTH_ATO_0000224,3013.11,1493.13,SYNTH_ATOSINK_0000224,0.0,1519.98,1,0,ato_rapid_drain_v2,1
340,PAYMENT,28.28,SYNTH_ATO_0000225,240.58,212.3,C1575671800,0.0,28.28,0,0,ato_rapid_drain_v2,1
341,TRANSFER,4922.21,SYNTH_ATO_0000225,7640.72,2718.51,SYNTH_ATOSINK_0000225,0.0,4922.21,1,0,ato_rapid_drain_v2,1
342,TRANSFER,1357.02,SYNTH_ATO_0000225,2718.51,1361.48,SYNTH_ATOSINK_0000225,0.0,1357.02,1,0,ato_rapid_drain_v2,1
343,TRANSFER,1102.89,SYNTH_ATO_0000225,1361.48,258.59,SYNTH_ATOSINK_0000225,0.0,1102.89,1,0,ato_rapid_drain_v2,1
167,PAYMENT,229.16,SYNTH_ATO_0000226,769.6,540.44,C1116182363,0.0,229.16,0,0,ato_rapid_drain_v2,1
172,TRANSFER,12799.72,SYNTH_ATO_0000226,20397.64,7597.91,SYNTH_ATOSINK_0000226,0.0,12799.72,1,0,ato_rapid_drain_v2,1
173,TRANSFER,5500.13,SYNTH_ATO_0000226,7597.91,2097.79,SYNTH_ATOSINK_0000226,0.0,5500.13,1,0,ato_rapid_drain_v2,1
174,TRANSFER,1422.82,SYNTH_ATO_0000226,2097.79,674.97,SYNTH_ATOSINK_0000226,0.0,1422.82,1,0,ato_rapid_drain_v2,1
471,PAYMENT,118.82,SYNTH_ATO_0000227,1388.29,1269.47,C1513460157,0.0,118.82,0,0,ato_rapid_drain_v2,1
473,TRANSFER,6825.46,SYNTH_ATO_0000227,12075.21,5249.75,SYNTH_ATOSINK_0000227,0.0,6825.46,1,0,ato_rapid_drain_v2,1
474,TRANSFER,3863.77,SYNTH_ATO_0000227,5249.75,1385.98,SYNTH_ATOSINK_0000227,0.0,3863.77,1,0,ato_rapid_drain_v2,1
116,PAYMENT,64.13,SYNTH_ATO_0000228,267.91,203.78,C1240436961,0.0,64.13,0,0,ato_rapid_drain_v2,1
119,TRANSFER,6941.88,SYNTH_ATO_0000228,15655.74,8713.86,SYNTH_ATOSINK_0000228,0.0,6941.88,1,0,ato_rapid_drain_v2,1
120,TRANSFER,4328.26,SYNTH_ATO_0000228,8713.86,4385.59,SYNTH_ATOSINK_0000228,0.0,4328.26,1,0,ato_rapid_drain_v2,1
121,TRANSFER,3492.65,SYNTH_ATO_0000228,4385.59,892.94,SYNTH_ATOSINK_0000228,0.0,3492.65,1,0,ato_rapid_drain_v2,1
672,PAYMENT,125.96,SYNTH_ATO_0000229,1379.92,1253.96,C551183597,0.0,125.96,0,0,ato_rapid_drain_v2,1
674,TRANSFER,4173.47,SYNTH_ATO_0000229,12356.99,8183.52,SYNTH_ATOSINK_0000229,0.0,4173.47,1,0,ato_rapid_drain_v2,1
675,TRANSFER,3998.54,SYNTH_ATO_0000229,8183.52,4184.98,SYNTH_ATOSINK_0000229,0.0,3998.54,1,0,ato_rapid_drain_v2,1
676,TRANSFER,3362.78,SYNTH_ATO_0000229,4184.98,822.2,SYNTH_ATOSINK_0000229,0.0,3362.78,1,0,ato_rapid_drain_v2,1
212,PAYMENT,234.69,SYNTH_ATO_0000230,1546.54,1311.85,C1970103321,0.0,234.69,0,0,ato_rapid_drain_v2,1
215,TRANSFER,10795.57,SYNTH_ATO_0000230,15413.97,4618.4,SYNTH_ATOSINK_0000230,0.0,10795.57,1,0,ato_rapid_drain_v2,1
216,TRANSFER,3500.32,SYNTH_ATO_0000230,4618.4,1118.08,SYNTH_ATOSINK_0000230,0.0,3500.32,1,0,ato_rapid_drain_v2,1
550,PAYMENT,39.3,SYNTH_ATO_0000231,527.12,487.82,C417515013,0.0,39.3,0,0,ato_rapid_drain_v2,1
553,TRANSFER,9883.02,SYNTH_ATO_0000231,14724.97,4841.95,SYNTH_ATOSINK_0000231,0.0,9883.02,1,0,ato_rapid_drain_v2,1
554,TRANSFER,3481.73,SYNTH_ATO_0000231,4841.95,1360.22,SYNTH_ATOSINK_0000231,0.0,3481.73,1,0,ato_rapid_drain_v2,1
417,PAYMENT,7.62,SYNTH_ATO_0000232,37.58,29.96,C1130246879,0.0,7.62,0,0,ato_rapid_drain_v2,1
419,TRANSFER,6110.98,SYNTH_ATO_0000232,15218.64,9107.66,SYNTH_ATOSINK_0000232,0.0,6110.98,1,0,ato_rapid_drain_v2,1
420,TRANSFER,5673.51,SYNTH_ATO_0000232,9107.66,3434.14,SYNTH_ATOSINK_0000232,0.0,5673.51,1,0,ato_rapid_drain_v2,1
421,TRANSFER,1597.75,SYNTH_ATO_0000232,3434.14,1836.39,SYNTH_ATOSINK_0000232,0.0,1597.75,1,0,ato_rapid_drain_v2,1
647,PAYMENT,205.33,SYNTH_ATO_0000233,2105.63,1900.3,C35757494,0.0,205.33,0,0,ato_rapid_drain_v2,1
649,TRANSFER,11401.24,SYNTH_ATO_0000233,14743.92,3342.68,SYNTH_ATOSINK_0000233,0.0,11401.24,1,0,ato_rapid_drain_v2,1
650,TRANSFER,2504.29,SYNTH_ATO_0000233,3342.68,838.38,SYNTH_ATOSINK_0000233,0.0,2504.29,1,0,ato_rapid_drain_v2,1
549,PAYMENT,43.86,SYNTH_ATO_0000234,523.9,480.04,C175532185,0.0,43.86,0,0,ato_rapid_drain_v2,1
550,TRANSFER,11743.34,SYNTH_ATO_0000234,13418.6,1675.26,SYNTH_ATOSINK_0000234,0.0,11743.34,1,0,ato_rapid_drain_v2,1
551,TRANSFER,598.04,SYNTH_ATO_0000234,1675.26,1077.21,SYNTH_ATOSINK_0000234,0.0,598.04,1,0,ato_rapid_drain_v2,1
561,PAYMENT,208.42,SYNTH_ATO_0000235,2754.15,2545.73,C1988363475,0.0,208.42,0,0,ato_rapid_drain_v2,1
562,TRANSFER,16980.78,SYNTH_ATO_0000235,27232.58,10251.8,SYNTH_ATOSINK_0000235,0.0,16980.78,1,0,ato_rapid_drain_v2,1
563,TRANSFER,6233.2,SYNTH_ATO_0000235,10251.8,4018.61,SYNTH_ATOSINK_0000235,0.0,6233.2,1,0,ato_rapid_drain_v2,1
394,PAYMENT,94.61,SYNTH_ATO_0000236,384.84,290.23,C968664699,0.0,94.61,0,0,ato_rapid_drain_v2,1
399,TRANSFER,18591.71,SYNTH_ATO_0000236,21470.59,2878.88,SYNTH_ATOSINK_0000236,0.0,18591.71,1,0,ato_rapid_drain_v2,1
400,TRANSFER,1057.47,SYNTH_ATO_0000236,2878.88,1821.41,SYNTH_ATOSINK_0000236,0.0,1057.47,1,0,ato_rapid_drain_v2,1
401,TRANSFER,465.93,SYNTH_ATO_0000236,1821.41,1355.48,SYNTH_ATOSINK_0000236,0.0,465.93,1,0,ato_rapid_drain_v2,1
322,PAYMENT,125.15,SYNTH_ATO_0000237,1746.41,1621.26,C770821210,0.0,125.15,0,0,ato_rapid_drain_v2,1
323,TRANSFER,15917.6,SYNTH_ATO_0000237,22272.57,6354.97,SYNTH_ATOSINK_0000237,0.0,15917.6,1,0,ato_rapid_drain_v2,1
324,TRANSFER,3529.78,SYNTH_ATO_0000237,6354.97,2825.19,SYNTH_ATOSINK_0000237,0.0,3529.78,1,0,ato_rapid_drain_v2,1
67,PAYMENT,206.66,SYNTH_ATO_0000238,920.67,714.01,C822062468,0.0,206.66,0,0,ato_rapid_drain_v2,1
72,TRANSFER,12485.39,SYNTH_ATO_0000238,30859.34,18373.94,SYNTH_ATOSINK_0000238,0.0,12485.39,1,0,ato_rapid_drain_v2,1
73,TRANSFER,8725.21,SYNTH_ATO_0000238,18373.94,9648.74,SYNTH_ATOSINK_0000238,0.0,8725.21,1,0,ato_rapid_drain_v2,1
74,TRANSFER,6558.61,SYNTH_ATO_0000238,9648.74,3090.13,SYNTH_ATOSINK_0000238,0.0,6558.61,1,0,ato_rapid_drain_v2,1
696,PAYMENT,22.11,SYNTH_ATO_0000239,70.25,48.14,C1636658732,0.0,22.11,0,0,ato_rapid_drain_v2,1
699,TRANSFER,7137.03,SYNTH_ATO_0000239,14170.06,7033.02,SYNTH_ATOSINK_0000239,0.0,7137.03,1,0,ato_rapid_drain_v2,1
700,TRANSFER,4884.05,SYNTH_ATO_0000239,7033.02,2148.97,SYNTH_ATOSINK_0000239,0.0,4884.05,1,0,ato_rapid_drain_v2,1
701,TRANSFER,322.03,SYNTH_ATO_0000239,2148.97,1826.94,SYNTH_ATOSINK_0000239,0.0,322.03,1,0,ato_rapid_drain_v2,1
404,PAYMENT,232.82,SYNTH_ATO_0000240,1163.75,930.93,C742154923,0.0,232.82,0,0,ato_rapid_drain_v2,1
406,TRANSFER,8594.86,SYNTH_ATO_0000240,21321.96,12727.1,SYNTH_ATOSINK_0000240,0.0,8594.86,1,0,ato_rapid_drain_v2,1
407,TRANSFER,7717.92,SYNTH_ATO_0000240,12727.1,5009.18,SYNTH_ATOSINK_0000240,0.0,7717.92,1,0,ato_rapid_drain_v2,1
408,TRANSFER,4032.37,SYNTH_ATO_0000240,5009.18,976.81,SYNTH_ATOSINK_0000240,0.0,4032.37,1,0,ato_rapid_drain_v2,1
452,PAYMENT,138.57,SYNTH_ATO_0000241,1148.5,1009.93,C742174047,0.0,138.57,0,0,ato_rapid_drain_v2,1
453,TRANSFER,11587.29,SYNTH_ATO_0000241,14148.76,2561.47,SYNTH_ATOSINK_0000241,0.0,11587.29,1,0,ato_rapid_drain_v2,1
454,TRANSFER,937.57,SYNTH_ATO_0000241,2561.47,1623.9,SYNTH_ATOSINK_0000241,0.0,937.57,1,0,ato_rapid_drain_v2,1
667,PAYMENT,140.55,SYNTH_ATO_0000242,1179.17,1038.62,C1684230609,0.0,140.55,0,0,ato_rapid_drain_v2,1
669,TRANSFER,6748.16,SYNTH_ATO_0000242,12428.6,5680.44,SYNTH_ATOSINK_0000242,0.0,6748.16,1,0,ato_rapid_drain_v2,1
670,TRANSFER,4220.17,SYNTH_ATO_0000242,5680.44,1460.27,SYNTH_ATOSINK_0000242,0.0,4220.17,1,0,ato_rapid_drain_v2,1
671,TRANSFER,54.35,SYNTH_ATO_0000242,1460.27,1405.93,SYNTH_ATOSINK_0000242,0.0,54.35,1,0,ato_rapid_drain_v2,1
334,PAYMENT,116.17,SYNTH_ATO_0000243,1336.11,1219.94,C1925033003,0.0,116.17,0,0,ato_rapid_drain_v2,1
339,TRANSFER,25556.99,SYNTH_ATO_0000243,30764.63,5207.64,SYNTH_ATOSINK_0000243,0.0,25556.99,1,0,ato_rapid_drain_v2,1
340,TRANSFER,1214.54,SYNTH_ATO_0000243,5207.64,3993.1,SYNTH_ATOSINK_0000243,0.0,1214.54,1,0,ato_rapid_drain_v2,1
27,PAYMENT,19.11,SYNTH_ATO_0000244,216.83,197.72,C1329073175,0.0,19.11,0,0,ato_rapid_drain_v2,1
32,TRANSFER,10325.13,SYNTH_ATO_0000244,12367.43,2042.3,SYNTH_ATOSINK_0000244,0.0,10325.13,1,0,ato_rapid_drain_v2,1
33,TRANSFER,601.84,SYNTH_ATO_0000244,2042.3,1440.47,SYNTH_ATOSINK_0000244,0.0,601.84,1,0,ato_rapid_drain_v2,1
34,TRANSFER,356.44,SYNTH_ATO_0000244,1440.47,1084.03,SYNTH_ATOSINK_0000244,0.0,356.44,1,0,ato_rapid_drain_v2,1
499,PAYMENT,133.29,SYNTH_ATO_0000245,704.3,571.01,C1489939373,0.0,133.29,0,0,ato_rapid_drain_v2,1
500,TRANSFER,38090.4,SYNTH_ATO_0000245,50182.21,12091.81,SYNTH_ATOSINK_0000245,0.0,38090.4,1,0,ato_rapid_drain_v2,1
501,TRANSFER,5870.6,SYNTH_ATO_0000245,12091.81,6221.2,SYNTH_ATOSINK_0000245,0.0,5870.6,1,0,ato_rapid_drain_v2,1
124,PAYMENT,118.79,SYNTH_ATO_0000246,429.34,310.55,C1066104440,0.0,118.79,0,0,ato_rapid_drain_v2,1
128,TRANSFER,19325.83,SYNTH_ATO_0000246,48173.1,28847.27,SYNTH_ATOSINK_0000246,0.0,19325.83,1,0,ato_rapid_drain_v2,1
129,TRANSFER,18912.93,SYNTH_ATO_0000246,28847.27,9934.34,SYNTH_ATOSINK_0000246,0.0,18912.93,1,0,ato_rapid_drain_v2,1
130,TRANSFER,6750.0,SYNTH_ATO_0000246,9934.34,3184.34,SYNTH_ATOSINK_0000246,0.0,6750.0,1,0,ato_rapid_drain_v2,1
553,PAYMENT,47.79,SYNTH_ATO_0000247,710.43,662.64,C144192737,0.0,47.79,0,0,ato_rapid_drain_v2,1
558,TRANSFER,6423.26,SYNTH_ATO_0000247,7161.01,737.76,SYNTH_ATOSINK_0000247,0.0,6423.26,1,0,ato_rapid_drain_v2,1
559,TRANSFER,94.58,SYNTH_ATO_0000247,737.76,643.18,SYNTH_ATOSINK_0000247,0.0,94.58,1,0,ato_rapid_drain_v2,1
495,PAYMENT,168.93,SYNTH_ATO_0000248,1699.53,1530.6,C1573335223,0.0,168.93,0,0,ato_rapid_drain_v2,1
499,TRANSFER,12569.77,SYNTH_ATO_0000248,26105.71,13535.94,SYNTH_ATOSINK_0000248,0.0,12569.77,1,0,ato_rapid_drain_v2,1
500,TRANSFER,11577.16,SYNTH_ATO_0000248,13535.94,1958.78,SYNTH_ATOSINK_0000248,0.0,11577.16,1,0,ato_rapid_drain_v2,1
422,PAYMENT,185.05,SYNTH_ATO_0000249,2436.29,2251.24,C907412828,0.0,185.05,0,0,ato_rapid_drain_v2,1
427,TRANSFER,6774.85,SYNTH_ATO_0000249,12464.37,5689.52,SYNTH_ATOSINK_0000249,0.0,6774.85,1,0,ato_rapid_drain_v2,1
428,TRANSFER,5385.41,SYNTH_ATO_0000249,5689.52,304.11,SYNTH_ATOSINK_0000249,0.0,5385.41,1,0,ato_rapid_drain_v2,1
309,PAYMENT,137.39,SYNTH_ATO_0000250,720.41,583.02,C2051749330,0.0,137.39,0,0,ato_rapid_drain_v2,1
310,TRANSFER,11645.7,SYNTH_ATO_0000250,22566.44,10920.74,SYNTH_ATOSINK_0000250,0.0,11645.7,1,0,ato_rapid_drain_v2,1
311,TRANSFER,8891.33,SYNTH_ATO_0000250,10920.74,2029.41,SYNTH_ATOSINK_0000250,0.0,8891.33,1,0,ato_rapid_drain_v2,1
312,TRANSFER,684.3,SYNTH_ATO_0000250,2029.41,1345.12,SYNTH_ATOSINK_0000250,0.0,684.3,1,0,ato_rapid_drain_v2,1
355,PAYMENT,81.41,SYNTH_ATO_0000251,1117.62,1036.21,C901893777,0.0,81.41,0,0,ato_rapid_drain_v2,1
358,TRANSFER,8285.29,SYNTH_ATO_0000251,19254.79,10969.5,SYNTH_ATOSINK_0000251,0.0,8285.29,1,0,ato_rapid_drain_v2,1
359,TRANSFER,7714.2,SYNTH_ATO_0000251,10969.5,3255.3,SYNTH_ATOSINK_0000251,0.0,7714.2,1,0,ato_rapid_drain_v2,1
360,TRANSFER,1756.68,SYNTH_ATO_0000251,3255.3,1498.63,SYNTH_ATOSINK_0000251,0.0,1756.68,1,0,ato_rapid_drain_v2,1
137,PAYMENT,94.1,SYNTH_ATO_0000252,1351.0,1256.9,C939641695,0.0,94.1,0,0,ato_rapid_drain_v2,1
141,TRANSFER,4230.26,SYNTH_ATO_0000252,6124.5,1894.24,SYNTH_ATOSINK_0000252,0.0,4230.26,1,0,ato_rapid_drain_v2,1
142,TRANSFER,1634.83,SYNTH_ATO_0000252,1894.24,259.4,SYNTH_ATOSINK_0000252,0.0,1634.83,1,0,ato_rapid_drain_v2,1
674,PAYMENT,14.41,SYNTH_ATO_0000253,185.0,170.59,C24285564,0.0,14.41,0,0,ato_rapid_drain_v2,1
676,TRANSFER,10034.1,SYNTH_ATO_0000253,18636.32,8602.22,SYNTH_ATOSINK_0000253,0.0,10034.1,1,0,ato_rapid_drain_v2,1
677,TRANSFER,4969.25,SYNTH_ATO_0000253,8602.22,3632.97,SYNTH_ATOSINK_0000253,0.0,4969.25,1,0,ato_rapid_drain_v2,1
678,TRANSFER,1033.17,SYNTH_ATO_0000253,3632.97,2599.79,SYNTH_ATOSINK_0000253,0.0,1033.17,1,0,ato_rapid_drain_v2,1
199,PAYMENT,66.53,SYNTH_ATO_0000254,337.2,270.67,C1202734422,0.0,66.53,0,0,ato_rapid_drain_v2,1
204,TRANSFER,19490.45,SYNTH_ATO_0000254,31000.17,11509.72,SYNTH_ATOSINK_0000254,0.0,19490.45,1,0,ato_rapid_drain_v2,1
205,TRANSFER,8012.95,SYNTH_ATO_0000254,11509.72,3496.77,SYNTH_ATOSINK_0000254,0.0,8012.95,1,0,ato_rapid_drain_v2,1
374,PAYMENT,44.81,SYNTH_ATO_0000255,301.86,257.05,C200555954,0.0,44.81,0,0,ato_rapid_drain_v2,1
379,TRANSFER,7363.61,SYNTH_ATO_0000255,19795.68,12432.07,SYNTH_ATOSINK_0000255,0.0,7363.61,1,0,ato_rapid_drain_v2,1
380,TRANSFER,6324.05,SYNTH_ATO_0000255,12432.07,6108.02,SYNTH_ATOSINK_0000255,0.0,6324.05,1,0,ato_rapid_drain_v2,1
381,TRANSFER,5630.8,SYNTH_ATO_0000255,6108.02,477.22,SYNTH_ATOSINK_0000255,0.0,5630.8,1,0,ato_rapid_drain_v2,1
64,PAYMENT,46.22,SYNTH_ATO_0000256,157.59,111.37,C1472931567,0.0,46.22,0,0,ato_rapid_drain_v2,1
65,TRANSFER,14424.38,SYNTH_ATO_0000256,39453.68,25029.29,SYNTH_ATOSINK_0000256,0.0,14424.38,1,0,ato_rapid_drain_v2,1
66,TRANSFER,11884.51,SYNTH_ATO_0000256,25029.29,13144.78,SYNTH_ATOSINK_0000256,0.0,11884.51,1,0,ato_rapid_drain_v2,1
67,TRANSFER,8600.34,SYNTH_ATO_0000256,13144.78,4544.44,SYNTH_ATOSINK_0000256,0.0,8600.34,1,0,ato_rapid_drain_v2,1
399,PAYMENT,21.67,SYNTH_ATO_0000257,127.0,105.33,C1979384800,0.0,21.67,0,0,ato_rapid_drain_v2,1
402,TRANSFER,7330.99,SYNTH_ATO_0000257,13188.46,5857.46,SYNTH_ATOSINK_0000257,0.0,7330.99,1,0,ato_rapid_drain_v2,1
403,TRANSFER,2927.46,SYNTH_ATO_0000257,5857.46,2930.01,SYNTH_ATOSINK_0000257,0.0,2927.46,1,0,ato_rapid_drain_v2,1
404,TRANSFER,1484.61,SYNTH_ATO_0000257,2930.01,1445.39,SYNTH_ATOSINK_0000257,0.0,1484.61,1,0,ato_rapid_drain_v2,1
670,PAYMENT,112.01,SYNTH_ATO_0000258,1400.62,1288.61,C1704828847,0.0,112.01,0,0,ato_rapid_drain_v2,1
672,TRANSFER,23750.1,SYNTH_ATO_0000258,39759.9,16009.8,SYNTH_ATOSINK_0000258,0.0,23750.1,1,0,ato_rapid_drain_v2,1
673,TRANSFER,10785.98,SYNTH_ATO_0000258,16009.8,5223.82,SYNTH_ATOSINK_0000258,0.0,10785.98,1,0,ato_rapid_drain_v2,1
689,PAYMENT,90.0,SYNTH_ATO_0000259,742.17,652.17,C1220895481,0.0,90.0,0,0,ato_rapid_drain_v2,1
691,TRANSFER,12224.05,SYNTH_ATO_0000259,17782.95,5558.9,SYNTH_ATOSINK_0000259,0.0,12224.05,1,0,ato_rapid_drain_v2,1
692,TRANSFER,2825.37,SYNTH_ATO_0000259,5558.9,2733.53,SYNTH_ATOSINK_0000259,0.0,2825.37,1,0,ato_rapid_drain_v2,1
693,TRANSFER,441.35,SYNTH_ATO_0000259,2733.53,2292.18,SYNTH_ATOSINK_0000259,0.0,441.35,1,0,ato_rapid_drain_v2,1
422,PAYMENT,16.42,SYNTH_ATO_0000260,111.65,95.23,C950111799,0.0,16.42,0,0,ato_rapid_drain_v2,1
423,TRANSFER,7507.3,SYNTH_ATO_0000260,10313.07,2805.78,SYNTH_ATOSINK_0000260,0.0,7507.3,1,0,ato_rapid_drain_v2,1
424,TRANSFER,1406.72,SYNTH_ATO_0000260,2805.78,1399.06,SYNTH_ATOSINK_0000260,0.0,1406.72,1,0,ato_rapid_drain_v2,1
708,PAYMENT,38.58,SYNTH_ATO_0000261,117.89,79.31,C1122937686,0.0,38.58,0,0,ato_rapid_drain_v2,1
710,TRANSFER,16554.83,SYNTH_ATO_0000261,22584.83,6030.0,SYNTH_ATOSINK_0000261,0.0,16554.83,1,0,ato_rapid_drain_v2,1
711,TRANSFER,5207.7,SYNTH_ATO_0000261,6030.0,822.3,SYNTH_ATOSINK_0000261,0.0,5207.7,1,0,ato_rapid_drain_v2,1
48,PAYMENT,70.66,SYNTH_ATO_0000262,842.03,771.37,C1406542859,0.0,70.66,0,0,ato_rapid_drain_v2,1
51,TRANSFER,28664.59,SYNTH_ATO_0000262,36838.46,8173.87,SYNTH_ATOSINK_0000262,0.0,28664.59,1,0,ato_rapid_drain_v2,1
52,TRANSFER,5602.6,SYNTH_ATO_0000262,8173.87,2571.27,SYNTH_ATOSINK_0000262,0.0,5602.6,1,0,ato_rapid_drain_v2,1
481,PAYMENT,40.32,SYNTH_ATO_0000263,167.41,127.09,C69542807,0.0,40.32,0,0,ato_rapid_drain_v2,1
482,TRANSFER,15142.77,SYNTH_ATO_0000263,19428.59,4285.82,SYNTH_ATOSINK_0000263,0.0,15142.77,1,0,ato_rapid_drain_v2,1
483,TRANSFER,3467.11,SYNTH_ATO_0000263,4285.82,818.72,SYNTH_ATOSINK_0000263,0.0,3467.11,1,0,ato_rapid_drain_v2,1
484,TRANSFER,346.61,SYNTH_ATO_0000263,818.72,472.11,SYNTH_ATOSINK_0000263,0.0,346.61,1,0,ato_rapid_drain_v2,1
581,PAYMENT,211.37,SYNTH_ATO_0000264,2213.72,2002.35,C1156492891,0.0,211.37,0,0,ato_rapid_drain_v2,1
583,TRANSFER,17603.94,SYNTH_ATO_0000264,19777.12,2173.18,SYNTH_ATOSINK_0000264,0.0,17603.94,1,0,ato_rapid_drain_v2,1
584,TRANSFER,117.33,SYNTH_ATO_0000264,2173.18,2055.85,SYNTH_ATOSINK_0000264,0.0,117.33,1,0,ato_rapid_drain_v2,1
585,TRANSFER,95.44,SYNTH_ATO_0000264,2055.85,1960.41,SYNTH_ATOSINK_0000264,0.0,95.44,1,0,ato_rapid_drain_v2,1
314,PAYMENT,162.13,SYNTH_ATO_0000265,1537.29,1375.16,C1050001677,0.0,162.13,0,0,ato_rapid_drain_v2,1
318,TRANSFER,10014.11,SYNTH_ATO_0000265,18836.36,8822.25,SYNTH_ATOSINK_0000265,0.0,10014.11,1,0,ato_rapid_drain_v2,1
319,TRANSFER,8238.41,SYNTH_ATO_0000265,8822.25,583.84,SYNTH_ATOSINK_0000265,0.0,8238.41,1,0,ato_rapid_drain_v2,1
366,PAYMENT,48.92,SYNTH_ATO_0000266,648.44,599.52,C1463949199,0.0,48.92,0,0,ato_rapid_drain_v2,1
367,TRANSFER,3965.87,SYNTH_ATO_0000266,7187.34,3221.47,SYNTH_ATOSINK_0000266,0.0,3965.87,1,0,ato_rapid_drain_v2,1
368,TRANSFER,2569.93,SYNTH_ATO_0000266,3221.47,651.54,SYNTH_ATOSINK_0000266,0.0,2569.93,1,0,ato_rapid_drain_v2,1
105,PAYMENT,226.29,SYNTH_ATO_0000267,1003.12,776.83,C2024915609,0.0,226.29,0,0,ato_rapid_drain_v2,1
108,TRANSFER,34822.85,SYNTH_ATO_0000267,42321.62,7498.77,SYNTH_ATOSINK_0000267,0.0,34822.85,1,0,ato_rapid_drain_v2,1
109,TRANSFER,2393.3,SYNTH_ATO_0000267,7498.77,5105.47,SYNTH_ATOSINK_0000267,0.0,2393.3,1,0,ato_rapid_drain_v2,1
349,PAYMENT,187.09,SYNTH_ATO_0000268,676.1,489.01,C224163945,0.0,187.09,0,0,ato_rapid_drain_v2,1
353,TRANSFER,18125.23,SYNTH_ATO_0000268,40111.66,21986.43,SYNTH_ATOSINK_0000268,0.0,18125.23,1,0,ato_rapid_drain_v2,1
354,TRANSFER,14094.45,SYNTH_ATO_0000268,21986.43,7891.97,SYNTH_ATOSINK_0000268,0.0,14094.45,1,0,ato_rapid_drain_v2,1
355,TRANSFER,5855.7,SYNTH_ATO_0000268,7891.97,2036.28,SYNTH_ATOSINK_0000268,0.0,5855.7,1,0,ato_rapid_drain_v2,1
75,PAYMENT,15.01,SYNTH_ATO_0000269,55.91,40.9,C1464527793,0.0,15.01,0,0,ato_rapid_drain_v2,1
76,TRANSFER,30232.25,SYNTH_ATO_0000269,33839.73,3607.48,SYNTH_ATOSINK_0000269,0.0,30232.25,1,0,ato_rapid_drain_v2,1
77,TRANSFER,943.11,SYNTH_ATO_0000269,3607.48,2664.36,SYNTH_ATOSINK_0000269,0.0,943.11,1,0,ato_rapid_drain_v2,1
633,PAYMENT,199.26,SYNTH_ATO_0000270,1600.09,1400.83,C1512227093,0.0,199.26,0,0,ato_rapid_drain_v2,1
634,TRANSFER,15254.6,SYNTH_ATO_0000270,21613.38,6358.78,SYNTH_ATOSINK_0000270,0.0,15254.6,1,0,ato_rapid_drain_v2,1
635,TRANSFER,3143.74,SYNTH_ATO_0000270,6358.78,3215.05,SYNTH_ATOSINK_0000270,0.0,3143.74,1,0,ato_rapid_drain_v2,1
636,TRANSFER,2660.24,SYNTH_ATO_0000270,3215.05,554.81,SYNTH_ATOSINK_0000270,0.0,2660.24,1,0,ato_rapid_drain_v2,1
223,PAYMENT,19.62,SYNTH_ATO_0000271,254.31,234.69,C787951129,0.0,19.62,0,0,ato_rapid_drain_v2,1
227,TRANSFER,15305.51,SYNTH_ATO_0000271,18822.5,3516.99,SYNTH_ATOSINK_0000271,0.0,15305.51,1,0,ato_rapid_drain_v2,1
228,TRANSFER,1343.93,SYNTH_ATO_0000271,3516.99,2173.06,SYNTH_ATOSINK_0000271,0.0,1343.93,1,0,ato_rapid_drain_v2,1
229,TRANSFER,505.69,SYNTH_ATO_0000271,2173.06,1667.37,SYNTH_ATOSINK_0000271,0.0,505.69,1,0,ato_rapid_drain_v2,1
193,PAYMENT,128.0,SYNTH_ATO_0000272,1694.76,1566.76,C286404856,0.0,128.0,0,0,ato_rapid_drain_v2,1
198,TRANSFER,6369.79,SYNTH_ATO_0000272,15797.28,9427.49,SYNTH_ATOSINK_0000272,0.0,6369.79,1,0,ato_rapid_drain_v2,1
199,TRANSFER,6020.3,SYNTH_ATO_0000272,9427.49,3407.19,SYNTH_ATOSINK_0000272,0.0,6020.3,1,0,ato_rapid_drain_v2,1
200,TRANSFER,1307.42,SYNTH_ATO_0000272,3407.19,2099.77,SYNTH_ATOSINK_0000272,0.0,1307.42,1,0,ato_rapid_drain_v2,1
5,PAYMENT,85.42,SYNTH_ATO_0000273,698.97,613.55,C931728655,0.0,85.42,0,0,ato_rapid_drain_v2,1
9,TRANSFER,22943.58,SYNTH_ATO_0000273,35087.12,12143.54,SYNTH_ATOSINK_0000273,0.0,22943.58,1,0,ato_rapid_drain_v2,1
10,TRANSFER,7249.82,SYNTH_ATO_0000273,12143.54,4893.72,SYNTH_ATOSINK_0000273,0.0,7249.82,1,0,ato_rapid_drain_v2,1
23,PAYMENT,162.83,SYNTH_ATO_0000274,1503.34,1340.51,C35648838,0.0,162.83,0,0,ato_rapid_drain_v2,1
28,TRANSFER,13723.66,SYNTH_ATO_0000274,25520.62,11796.97,SYNTH_ATOSINK_0000274,0.0,13723.66,1,0,ato_rapid_drain_v2,1
29,TRANSFER,8352.12,SYNTH_ATO_0000274,11796.97,3444.85,SYNTH_ATOSINK_0000274,0.0,8352.12,1,0,ato_rapid_drain_v2,1
620,PAYMENT,193.86,SYNTH_ATO_0000275,2289.19,2095.33,C855011560,0.0,193.86,0,0,ato_rapid_drain_v2,1
622,TRANSFER,6648.46,SYNTH_ATO_0000275,11090.81,4442.35,SYNTH_ATOSINK_0000275,0.0,6648.46,1,0,ato_rapid_drain_v2,1
623,TRANSFER,3275.84,SYNTH_ATO_0000275,4442.35,1166.51,SYNTH_ATOSINK_0000275,0.0,3275.84,1,0,ato_rapid_drain_v2,1
624,TRANSFER,410.63,SYNTH_ATO_0000275,1166.51,755.88,SYNTH_ATOSINK_0000275,0.0,410.63,1,0,ato_rapid_drain_v2,1
271,PAYMENT,112.48,SYNTH_ATO_0000276,1051.17,938.69,C688618800,0.0,112.48,0,0,ato_rapid_drain_v2,1
276,TRANSFER,7225.85,SYNTH_ATO_0000276,14849.05,7623.19,SYNTH_ATOSINK_0000276,0.0,7225.85,1,0,ato_rapid_drain_v2,1
277,TRANSFER,6765.69,SYNTH_ATO_0000276,7623.19,857.5,SYNTH_ATOSINK_0000276,0.0,6765.69,1,0,ato_rapid_drain_v2,1
166,PAYMENT,234.09,SYNTH_ATO_0000277,1869.88,1635.79,C858915356,0.0,234.09,0,0,ato_rapid_drain_v2,1
168,TRANSFER,19317.43,SYNTH_ATO_0000277,20940.22,1622.79,SYNTH_ATOSINK_0000277,0.0,19317.43,1,0,ato_rapid_drain_v2,1
169,TRANSFER,921.27,SYNTH_ATO_0000277,1622.79,701.52,SYNTH_ATOSINK_0000277,0.0,921.27,1,0,ato_rapid_drain_v2,1
729,PAYMENT,74.56,SYNTH_ATO_0000278,829.84,755.28,C2018319721,0.0,74.56,0,0,ato_rapid_drain_v2,1
730,TRANSFER,7454.55,SYNTH_ATO_0000278,14324.83,6870.28,SYNTH_ATOSINK_0000278,0.0,7454.55,1,0,ato_rapid_drain_v2,1
731,TRANSFER,4290.26,SYNTH_ATO_0000278,6870.28,2580.02,SYNTH_ATOSINK_0000278,0.0,4290.26,1,0,ato_rapid_drain_v2,1
732,TRANSFER,1672.39,SYNTH_ATO_0000278,2580.02,907.63,SYNTH_ATOSINK_0000278,0.0,1672.39,1,0,ato_rapid_drain_v2,1
118,PAYMENT,236.03,SYNTH_ATO_0000279,3488.3,3252.27,C653954798,0.0,236.03,0,0,ato_rapid_drain_v2,1
122,TRANSFER,13653.09,SYNTH_ATO_0000279,24252.95,10599.86,SYNTH_ATOSINK_0000279,0.0,13653.09,1,0,ato_rapid_drain_v2,1
123,TRANSFER,6492.09,SYNTH_ATO_0000279,10599.86,4107.77,SYNTH_ATOSINK_0000279,0.0,6492.09,1,0,ato_rapid_drain_v2,1
124,TRANSFER,2162.67,SYNTH_ATO_0000279,4107.77,1945.09,SYNTH_ATOSINK_0000279,0.0,2162.67,1,0,ato_rapid_drain_v2,1
78,PAYMENT,110.19,SYNTH_ATO_0000280,1591.28,1481.09,C594273950,0.0,110.19,0,0,ato_rapid_drain_v2,1
79,TRANSFER,33315.38,SYNTH_ATO_0000280,42137.78,8822.4,SYNTH_ATOSINK_0000280,0.0,33315.38,1,0,ato_rapid_drain_v2,1
80,TRANSFER,7044.12,SYNTH_ATO_0000280,8822.4,1778.28,SYNTH_ATOSINK_0000280,0.0,7044.12,1,0,ato_rapid_drain_v2,1
366,PAYMENT,216.6,SYNTH_ATO_0000281,2900.57,2683.97,C293784048,0.0,216.6,0,0,ato_rapid_drain_v2,1
369,TRANSFER,21960.13,SYNTH_ATO_0000281,41896.24,19936.12,SYNTH_ATOSINK_0000281,0.0,21960.13,1,0,ato_rapid_drain_v2,1
370,TRANSFER,8855.55,SYNTH_ATO_0000281,19936.12,11080.57,SYNTH_ATOSINK_0000281,0.0,8855.55,1,0,ato_rapid_drain_v2,1
371,TRANSFER,6393.58,SYNTH_ATO_0000281,11080.57,4686.99,SYNTH_ATOSINK_0000281,0.0,6393.58,1,0,ato_rapid_drain_v2,1
15,PAYMENT,28.77,SYNTH_ATO_0000282,191.39,162.62,C852858385,0.0,28.77,0,0,ato_rapid_drain_v2,1
17,TRANSFER,13690.8,SYNTH_ATO_0000282,24235.08,10544.28,SYNTH_ATOSINK_0000282,0.0,13690.8,1,0,ato_rapid_drain_v2,1
18,TRANSFER,8417.53,SYNTH_ATO_0000282,10544.28,2126.74,SYNTH_ATOSINK_0000282,0.0,8417.53,1,0,ato_rapid_drain_v2,1
19,TRANSFER,663.71,SYNTH_ATO_0000282,2126.74,1463.03,SYNTH_ATOSINK_0000282,0.0,663.71,1,0,ato_rapid_drain_v2,1
470,PAYMENT,85.4,SYNTH_ATO_0000283,791.0,705.6,C1888012433,0.0,85.4,0,0,ato_rapid_drain_v2,1
474,TRANSFER,7973.23,SYNTH_ATO_0000283,12426.52,4453.28,SYNTH_ATOSINK_0000283,0.0,7973.23,1,0,ato_rapid_drain_v2,1
475,TRANSFER,1719.33,SYNTH_ATO_0000283,4453.28,2733.95,SYNTH_ATOSINK_0000283,0.0,1719.33,1,0,ato_rapid_drain_v2,1
476,TRANSFER,989.49,SYNTH_ATO_0000283,2733.95,1744.47,SYNTH_ATOSINK_0000283,0.0,989.49,1,0,ato_rapid_drain_v2,1
115,PAYMENT,21.44,SYNTH_ATO_0000284,165.64,144.2,C130644061,0.0,21.44,0,0,ato_rapid_drain_v2,1
118,TRANSFER,14719.97,SYNTH_ATO_0000284,27305.0,12585.04,SYNTH_ATOSINK_0000284,0.0,14719.97,1,0,ato_rapid_drain_v2,1
119,TRANSFER,9998.68,SYNTH_ATO_0000284,12585.04,2586.35,SYNTH_ATOSINK_0000284,0.0,9998.68,1,0,ato_rapid_drain_v2,1
32,PAYMENT,67.65,SYNTH_ATO_0000285,497.15,429.5,C1209877785,0.0,67.65,0,0,ato_rapid_drain_v2,1
33,TRANSFER,7516.36,SYNTH_ATO_0000285,10813.06,3296.71,SYNTH_ATOSINK_0000285,0.0,7516.36,1,0,ato_rapid_drain_v2,1
34,TRANSFER,2692.65,SYNTH_ATO_0000285,3296.71,604.05,SYNTH_ATOSINK_0000285,0.0,2692.65,1,0,ato_rapid_drain_v2,1
35,TRANSFER,97.97,SYNTH_ATO_0000285,604.05,506.09,SYNTH_ATOSINK_0000285,0.0,97.97,1,0,ato_rapid_drain_v2,1
659,PAYMENT,139.15,SYNTH_ATO_0000286,471.85,332.7,C1202601135,0.0,139.15,0,0,ato_rapid_drain_v2,1
661,TRANSFER,10593.49,SYNTH_ATO_0000286,14725.49,4132.0,SYNTH_ATOSINK_0000286,0.0,10593.49,1,0,ato_rapid_drain_v2,1
662,TRANSFER,1980.48,SYNTH_ATO_0000286,4132.0,2151.52,SYNTH_ATOSINK_0000286,0.0,1980.48,1,0,ato_rapid_drain_v2,1
89,PAYMENT,116.1,SYNTH_ATO_0000287,1492.43,1376.33,C1197682888,0.0,116.1,0,0,ato_rapid_drain_v2,1
94,TRANSFER,9476.72,SYNTH_ATO_0000287,13566.64,4089.92,SYNTH_ATOSINK_0000287,0.0,9476.72,1,0,ato_rapid_drain_v2,1
95,TRANSFER,3441.5,SYNTH_ATO_0000287,4089.92,648.42,SYNTH_ATOSINK_0000287,0.0,3441.5,1,0,ato_rapid_drain_v2,1
359,PAYMENT,224.12,SYNTH_ATO_0000288,2163.37,1939.25,C1234583044,0.0,224.12,0,0,ato_rapid_drain_v2,1
360,TRANSFER,9771.35,SYNTH_ATO_0000288,16431.73,6660.38,SYNTH_ATOSINK_0000288,0.0,9771.35,1,0,ato_rapid_drain_v2,1
361,TRANSFER,4460.74,SYNTH_ATO_0000288,6660.38,2199.64,SYNTH_ATOSINK_0000288,0.0,4460.74,1,0,ato_rapid_drain_v2,1
362,TRANSFER,1330.38,SYNTH_ATO_0000288,2199.64,869.26,SYNTH_ATOSINK_0000288,0.0,1330.38,1,0,ato_rapid_drain_v2,1
702,PAYMENT,21.0,SYNTH_ATO_0000289,69.18,48.18,C923396757,0.0,21.0,0,0,ato_rapid_drain_v2,1
704,TRANSFER,11097.66,SYNTH_ATO_0000289,20746.92,9649.26,SYNTH_ATOSINK_0000289,0.0,11097.66,1,0,ato_rapid_drain_v2,1
705,TRANSFER,8044.34,SYNTH_ATO_0000289,9649.26,1604.92,SYNTH_ATOSINK_0000289,0.0,8044.34,1,0,ato_rapid_drain_v2,1
706,TRANSFER,1030.36,SYNTH_ATO_0000289,1604.92,574.56,SYNTH_ATOSINK_0000289,0.0,1030.36,1,0,ato_rapid_drain_v2,1
716,PAYMENT,202.2,SYNTH_ATO_0000290,1126.02,923.82,C1233038886,0.0,202.2,0,0,ato_rapid_drain_v2,1
719,TRANSFER,21112.81,SYNTH_ATO_0000290,28500.8,7387.99,SYNTH_ATOSINK_0000290,0.0,21112.81,1,0,ato_rapid_drain_v2,1
720,TRANSFER,6471.45,SYNTH_ATO_0000290,7387.99,916.53,SYNTH_ATOSINK_0000290,0.0,6471.45,1,0,ato_rapid_drain_v2,1
447,PAYMENT,242.82,SYNTH_ATO_0000291,1526.55,1283.73,C692358310,0.0,242.82,0,0,ato_rapid_drain_v2,1
450,TRANSFER,10895.32,SYNTH_ATO_0000291,20662.35,9767.03,SYNTH_ATOSINK_0000291,0.0,10895.32,1,0,ato_rapid_drain_v2,1
451,TRANSFER,6861.35,SYNTH_ATO_0000291,9767.03,2905.68,SYNTH_ATOSINK_0000291,0.0,6861.35,1,0,ato_rapid_drain_v2,1
632,PAYMENT,128.69,SYNTH_ATO_0000292,1426.14,1297.45,C545700723,0.0,128.69,0,0,ato_rapid_drain_v2,1
635,TRANSFER,5411.28,SYNTH_ATO_0000292,9074.74,3663.45,SYNTH_ATOSINK_0000292,0.0,5411.28,1,0,ato_rapid_drain_v2,1
636,TRANSFER,1528.46,SYNTH_ATO_0000292,3663.45,2134.99,SYNTH_ATOSINK_0000292,0.0,1528.46,1,0,ato_rapid_drain_v2,1
637,TRANSFER,1371.1,SYNTH_ATO_0000292,2134.99,763.89,SYNTH_ATOSINK_0000292,0.0,1371.1,1,0,ato_rapid_drain_v2,1
684,PAYMENT,54.23,SYNTH_ATO_0000293,301.19,246.96,C1741822790,0.0,54.23,0,0,ato_rapid_drain_v2,1
687,TRANSFER,11882.54,SYNTH_ATO_0000293,23547.58,11665.04,SYNTH_ATOSINK_0000293,0.0,11882.54,1,0,ato_rapid_drain_v2,1
688,TRANSFER,8743.46,SYNTH_ATO_0000293,11665.04,2921.58,SYNTH_ATOSINK_0000293,0.0,8743.46,1,0,ato_rapid_drain_v2,1
491,PAYMENT,40.54,SYNTH_ATO_0000294,316.03,275.49,C1373587787,0.0,40.54,0,0,ato_rapid_drain_v2,1
494,TRANSFER,8656.62,SYNTH_ATO_0000294,25406.57,16749.95,SYNTH_ATOSINK_0000294,0.0,8656.62,1,0,ato_rapid_drain_v2,1
495,TRANSFER,8075.6,SYNTH_ATO_0000294,16749.95,8674.35,SYNTH_ATOSINK_0000294,0.0,8075.6,1,0,ato_rapid_drain_v2,1
496,TRANSFER,7667.33,SYNTH_ATO_0000294,8674.35,1007.02,SYNTH_ATOSINK_0000294,0.0,7667.33,1,0,ato_rapid_drain_v2,1
154,PAYMENT,222.29,SYNTH_ATO_0000295,3014.21,2791.92,C602336499,0.0,222.29,0,0,ato_rapid_drain_v2,1
156,TRANSFER,24029.96,SYNTH_ATO_0000295,25798.42,1768.46,SYNTH_ATOSINK_0000295,0.0,24029.96,1,0,ato_rapid_drain_v2,1
157,TRANSFER,1163.81,SYNTH_ATO_0000295,1768.46,604.65,SYNTH_ATOSINK_0000295,0.0,1163.81,1,0,ato_rapid_drain_v2,1
228,PAYMENT,10.66,SYNTH_ATO_0000296,87.69,77.03,C156200864,0.0,10.66,0,0,ato_rapid_drain_v2,1
229,TRANSFER,7181.11,SYNTH_ATO_0000296,13648.79,6467.68,SYNTH_ATOSINK_0000296,0.0,7181.11,1,0,ato_rapid_drain_v2,1
230,TRANSFER,4966.74,SYNTH_ATO_0000296,6467.68,1500.94,SYNTH_ATOSINK_0000296,0.0,4966.74,1,0,ato_rapid_drain_v2,1
231,TRANSFER,38.82,SYNTH_ATO_0000296,1500.94,1462.12,SYNTH_ATOSINK_0000296,0.0,38.82,1,0,ato_rapid_drain_v2,1
593,PAYMENT,120.47,SYNTH_ATO_0000297,1478.66,1358.19,C765497065,0.0,120.47,0,0,ato_rapid_drain_v2,1
594,TRANSFER,11380.54,SYNTH_ATO_0000297,16870.26,5489.72,SYNTH_ATOSINK_0000297,0.0,11380.54,1,0,ato_rapid_drain_v2,1
595,TRANSFER,3708.1,SYNTH_ATO_0000297,5489.72,1781.62,SYNTH_ATOSINK_0000297,0.0,3708.1,1,0,ato_rapid_drain_v2,1
708,PAYMENT,243.44,SYNTH_ATO_0000298,1332.53,1089.09,C1278885038,0.0,243.44,0,0,ato_rapid_drain_v2,1
711,TRANSFER,10656.69,SYNTH_ATO_0000298,15036.26,4379.57,SYNTH_ATOSINK_0000298,0.0,10656.69,1,0,ato_rapid_drain_v2,1
712,TRANSFER,3573.67,SYNTH_ATO_0000298,4379.57,805.9,SYNTH_ATOSINK_0000298,0.0,3573.67,1,0,ato_rapid_drain_v2,1
106,PAYMENT,6.53,SYNTH_ATO_0000299,48.47,41.94,C332065495,0.0,6.53,0,0,ato_rapid_drain_v2,1
108,TRANSFER,15016.93,SYNTH_ATO_0000299,26146.44,11129.51,SYNTH_ATOSINK_0000299,0.0,15016.93,1,0,ato_rapid_drain_v2,1
109,TRANSFER,6617.46,SYNTH_ATO_0000299,11129.51,4512.05,SYNTH_ATOSINK_0000299,0.0,6617.46,1,0,ato_rapid_drain_v2,1
110,TRANSFER,1736.2,SYNTH_ATO_0000299,4512.05,2775.84,SYNTH_ATOSINK_0000299,0.0,1736.2,1,0,ato_rapid_drain_v2,1
644,PAYMENT,92.18,SYNTH_ATO_0000300,352.1,259.92,C1763358827,0.0,92.18,0,0,ato_rapid_drain_v2,1
647,TRANSFER,4354.72,SYNTH_ATO_0000300,8254.25,3899.53,SYNTH_ATOSINK_0000300,0.0,4354.72,1,0,ato_rapid_drain_v2,1
648,TRANSFER,2706.7,SYNTH_ATO_0000300,3899.53,1192.83,SYNTH_ATOSINK_0000300,0.0,2706.7,1,0,ato_rapid_drain_v2,1
456,PAYMENT,85.92,SYNTH_ATO_0000301,1118.99,1033.07,C1402771296,0.0,85.92,0,0,ato_rapid_drain_v2,1
461,TRANSFER,6539.16,SYNTH_ATO_0000301,14837.67,8298.51,SYNTH_ATOSINK_0000301,0.0,6539.16,1,0,ato_rapid_drain_v2,1
462,TRANSFER,4261.84,SYNTH_ATO_0000301,8298.51,4036.67,SYNTH_ATOSINK_0000301,0.0,4261.84,1,0,ato_rapid_drain_v2,1
463,TRANSFER,2056.32,SYNTH_ATO_0000301,4036.67,1980.35,SYNTH_ATOSINK_0000301,0.0,2056.32,1,0,ato_rapid_drain_v2,1
208,PAYMENT,185.59,SYNTH_ATO_0000302,1965.45,1779.86,C771441562,0.0,185.59,0,0,ato_rapid_drain_v2,1
213,TRANSFER,25548.27,SYNTH_ATO_0000302,31938.08,6389.81,SYNTH_ATOSINK_0000302,0.0,25548.27,1,0,ato_rapid_drain_v2,1
214,TRANSFER,3257.01,SYNTH_ATO_0000302,6389.81,3132.8,SYNTH_ATOSINK_0000302,0.0,3257.01,1,0,ato_rapid_drain_v2,1
215,TRANSFER,647.69,SYNTH_ATO_0000302,3132.8,2485.12,SYNTH_ATOSINK_0000302,0.0,647.69,1,0,ato_rapid_drain_v2,1
594,PAYMENT,77.48,SYNTH_ATO_0000303,1076.35,998.87,C1063423020,0.0,77.48,0,0,ato_rapid_drain_v2,1
596,TRANSFER,6656.25,SYNTH_ATO_0000303,14817.4,8161.15,SYNTH_ATOSINK_0000303,0.0,6656.25,1,0,ato_rapid_drain_v2,1
597,TRANSFER,5162.88,SYNTH_ATO_0000303,8161.15,2998.27,SYNTH_ATOSINK_0000303,0.0,5162.88,1,0,ato_rapid_drain_v2,1
598,TRANSFER,1437.85,SYNTH_ATO_0000303,2998.27,1560.42,SYNTH_ATOSINK_0000303,0.0,1437.85,1,0,ato_rapid_drain_v2,1
41,PAYMENT,76.85,SYNTH_ATO_0000304,644.43,567.58,C908363578,0.0,76.85,0,0,ato_rapid_drain_v2,1
42,TRANSFER,11402.49,SYNTH_ATO_0000304,32029.4,20626.92,SYNTH_ATOSINK_0000304,0.0,11402.49,1,0,ato_rapid_drain_v2,1
43,TRANSFER,10574.3,SYNTH_ATO_0000304,20626.92,10052.62,SYNTH_ATOSINK_0000304,0.0,10574.3,1,0,ato_rapid_drain_v2,1
44,TRANSFER,7019.45,SYNTH_ATO_0000304,10052.62,3033.17,SYNTH_ATOSINK_0000304,0.0,7019.45,1,0,ato_rapid_drain_v2,1
122,PAYMENT,143.92,SYNTH_ATO_0000305,1917.41,1773.49,C282823339,0.0,143.92,0,0,ato_rapid_drain_v2,1
126,TRANSFER,14820.67,SYNTH_ATO_0000305,25511.86,10691.19,SYNTH_ATOSINK_0000305,0.0,14820.67,1,0,ato_rapid_drain_v2,1
127,TRANSFER,9803.11,SYNTH_ATO_0000305,10691.19,888.09,SYNTH_ATOSINK_0000305,0.0,9803.11,1,0,ato_rapid_drain_v2,1
523,PAYMENT,219.79,SYNTH_ATO_0000306,1791.28,1571.49,C700257939,0.0,219.79,0,0,ato_rapid_drain_v2,1
524,TRANSFER,3321.44,SYNTH_ATO_0000306,8144.15,4822.71,SYNTH_ATOSINK_0000306,0.0,3321.44,1,0,ato_rapid_drain_v2,1
525,TRANSFER,3086.37,SYNTH_ATO_0000306,4822.71,1736.34,SYNTH_ATOSINK_0000306,0.0,3086.37,1,0,ato_rapid_drain_v2,1
526,TRANSFER,576.46,SYNTH_ATO_0000306,1736.34,1159.88,SYNTH_ATOSINK_0000306,0.0,576.46,1,0,ato_rapid_drain_v2,1
68,PAYMENT,205.01,SYNTH_ATO_0000307,1246.58,1041.57,C532116796,0.0,205.01,0,0,ato_rapid_drain_v2,1
72,TRANSFER,5920.16,SYNTH_ATO_0000307,12519.48,6599.32,SYNTH_ATOSINK_0000307,0.0,5920.16,1,0,ato_rapid_drain_v2,1
73,TRANSFER,4532.89,SYNTH_ATO_0000307,6599.32,2066.42,SYNTH_ATOSINK_0000307,0.0,4532.89,1,0,ato_rapid_drain_v2,1
74,TRANSFER,518.1,SYNTH_ATO_0000307,2066.42,1548.33,SYNTH_ATOSINK_0000307,0.0,518.1,1,0,ato_rapid_drain_v2,1
585,PAYMENT,163.93,SYNTH_ATO_0000308,1199.56,1035.63,C2631300,0.0,163.93,0,0,ato_rapid_drain_v2,1
587,TRANSFER,37072.63,SYNTH_ATO_0000308,40680.22,3607.58,SYNTH_ATOSINK_0000308,0.0,37072.63,1,0,ato_rapid_drain_v2,1
588,TRANSFER,1453.37,SYNTH_ATO_0000308,3607.58,2154.22,SYNTH_ATOSINK_0000308,0.0,1453.37,1,0,ato_rapid_drain_v2,1
475,PAYMENT,143.92,SYNTH_ATO_0000309,622.15,478.23,C1594631616,0.0,143.92,0,0,ato_rapid_drain_v2,1
480,TRANSFER,6473.43,SYNTH_ATO_0000309,8768.48,2295.06,SYNTH_ATOSINK_0000309,0.0,6473.43,1,0,ato_rapid_drain_v2,1
481,TRANSFER,979.47,SYNTH_ATO_0000309,2295.06,1315.59,SYNTH_ATOSINK_0000309,0.0,979.47,1,0,ato_rapid_drain_v2,1
482,TRANSFER,852.91,SYNTH_ATO_0000309,1315.59,462.68,SYNTH_ATOSINK_0000309,0.0,852.91,1,0,ato_rapid_drain_v2,1
441,PAYMENT,145.31,SYNTH_ATO_0000310,753.73,608.42,C223811984,0.0,145.31,0,0,ato_rapid_drain_v2,1
444,TRANSFER,11370.41,SYNTH_ATO_0000310,13959.74,2589.33,SYNTH_ATOSINK_0000310,0.0,11370.41,1,0,ato_rapid_drain_v2,1
445,TRANSFER,1691.72,SYNTH_ATO_0000310,2589.33,897.61,SYNTH_ATOSINK_0000310,0.0,1691.72,1,0,ato_rapid_drain_v2,1
354,PAYMENT,94.34,SYNTH_ATO_0000311,494.55,400.21,C481926143,0.0,94.34,0,0,ato_rapid_drain_v2,1
359,TRANSFER,12548.56,SYNTH_ATO_0000311,18846.37,6297.8,SYNTH_ATOSINK_0000311,0.0,12548.56,1,0,ato_rapid_drain_v2,1
360,TRANSFER,2732.8,SYNTH_ATO_0000311,6297.8,3565.0,SYNTH_ATOSINK_0000311,0.0,2732.8,1,0,ato_rapid_drain_v2,1
361,TRANSFER,2384.81,SYNTH_ATO_0000311,3565.0,1180.19,SYNTH_ATOSINK_0000311,0.0,2384.81,1,0,ato_rapid_drain_v2,1
261,PAYMENT,170.65,SYNTH_ATO_0000312,891.13,720.48,C850330273,0.0,170.65,0,0,ato_rapid_drain_v2,1
266,TRANSFER,6703.42,SYNTH_ATO_0000312,20137.79,13434.37,SYNTH_ATOSINK_0000312,0.0,6703.42,1,0,ato_rapid_drain_v2,1
267,TRANSFER,6373.28,SYNTH_ATO_0000312,13434.37,7061.08,SYNTH_ATOSINK_0000312,0.0,6373.28,1,0,ato_rapid_drain_v2,1
268,TRANSFER,4455.18,SYNTH_ATO_0000312,7061.08,2605.91,SYNTH_ATOSINK_0000312,0.0,4455.18,1,0,ato_rapid_drain_v2,1
394,PAYMENT,216.43,SYNTH_ATO_0000313,2194.33,1977.9,C628565572,0.0,216.43,0,0,ato_rapid_drain_v2,1
396,TRANSFER,25293.98,SYNTH_ATO_0000313,36040.69,10746.71,SYNTH_ATOSINK_0000313,0.0,25293.98,1,0,ato_rapid_drain_v2,1
397,TRANSFER,9805.46,SYNTH_ATO_0000313,10746.71,941.26,SYNTH_ATOSINK_0000313,0.0,9805.46,1,0,ato_rapid_drain_v2,1
729,PAYMENT,90.9,SYNTH_ATO_0000314,379.19,288.29,C1034520933,0.0,90.9,0,0,ato_rapid_drain_v2,1
732,TRANSFER,5270.84,SYNTH_ATO_0000314,11924.27,6653.43,SYNTH_ATOSINK_0000314,0.0,5270.84,1,0,ato_rapid_drain_v2,1
733,TRANSFER,3444.34,SYNTH_ATO_0000314,6653.43,3209.08,SYNTH_ATOSINK_0000314,0.0,3444.34,1,0,ato_rapid_drain_v2,1
734,TRANSFER,2524.82,SYNTH_ATO_0000314,3209.08,684.26,SYNTH_ATOSINK_0000314,0.0,2524.82,1,0,ato_rapid_drain_v2,1
510,PAYMENT,63.04,SYNTH_ATO_0000315,828.87,765.83,C1704828847,0.0,63.04,0,0,ato_rapid_drain_v2,1
515,TRANSFER,14324.67,SYNTH_ATO_0000315,19023.02,4698.34,SYNTH_ATOSINK_0000315,0.0,14324.67,1,0,ato_rapid_drain_v2,1
516,TRANSFER,1484.43,SYNTH_ATO_0000315,4698.34,3213.91,SYNTH_ATOSINK_0000315,0.0,1484.43,1,0,ato_rapid_drain_v2,1
517,TRANSFER,468.23,SYNTH_ATO_0000315,3213.91,2745.68,SYNTH_ATOSINK_0000315,0.0,468.23,1,0,ato_rapid_drain_v2,1
573,PAYMENT,109.7,SYNTH_ATO_0000316,1012.69,902.99,C1752065457,0.0,109.7,0,0,ato_rapid_drain_v2,1
574,TRANSFER,16167.11,SYNTH_ATO_0000316,24861.64,8694.53,SYNTH_ATOSINK_0000316,0.0,16167.11,1,0,ato_rapid_drain_v2,1
575,TRANSFER,8140.49,SYNTH_ATO_0000316,8694.53,554.03,SYNTH_ATOSINK_0000316,0.0,8140.49,1,0,ato_rapid_drain_v2,1
624,PAYMENT,121.59,SYNTH_ATO_0000317,1796.48,1674.89,C2047459308,0.0,121.59,0,0,ato_rapid_drain_v2,1
629,TRANSFER,6842.24,SYNTH_ATO_0000317,15789.45,8947.22,SYNTH_ATOSINK_0000317,0.0,6842.24,1,0,ato_rapid_drain_v2,1
630,TRANSFER,4487.25,SYNTH_ATO_0000317,8947.22,4459.96,SYNTH_ATOSINK_0000317,0.0,4487.25,1,0,ato_rapid_drain_v2,1
631,TRANSFER,3009.77,SYNTH_ATO_0000317,4459.96,1450.19,SYNTH_ATOSINK_0000317,0.0,3009.77,1,0,ato_rapid_drain_v2,1
580,PAYMENT,89.55,SYNTH_ATO_0000318,555.29,465.74,C1805586338,0.0,89.55,0,0,ato_rapid_drain_v2,1
582,TRANSFER,5101.19,SYNTH_ATO_0000318,12307.88,7206.69,SYNTH_ATOSINK_0000318,0.0,5101.19,1,0,ato_rapid_drain_v2,1
583,TRANSFER,4603.83,SYNTH_ATO_0000318,7206.69,2602.86,SYNTH_ATOSINK_0000318,0.0,4603.83,1,0,ato_rapid_drain_v2,1
584,TRANSFER,1704.22,SYNTH_ATO_0000318,2602.86,898.64,SYNTH_ATOSINK_0000318,0.0,1704.22,1,0,ato_rapid_drain_v2,1
462,PAYMENT,38.36,SYNTH_ATO_0000319,490.19,451.83,C758402635,0.0,38.36,0,0,ato_rapid_drain_v2,1
467,TRANSFER,6694.1,SYNTH_ATO_0000319,14815.76,8121.66,SYNTH_ATOSINK_0000319,0.0,6694.1,1,0,ato_rapid_drain_v2,1
468,TRANSFER,6536.47,SYNTH_ATO_0000319,8121.66,1585.19,SYNTH_ATOSINK_0000319,0.0,6536.47,1,0,ato_rapid_drain_v2,1
638,PAYMENT,29.78,SYNTH_ATO_0000320,311.09,281.31,C881888184,0.0,29.78,0,0,ato_rapid_drain_v2,1
641,TRANSFER,7956.68,SYNTH_ATO_0000320,10789.98,2833.3,SYNTH_ATOSINK_0000320,0.0,7956.68,1,0,ato_rapid_drain_v2,1
642,TRANSFER,1365.93,SYNTH_ATO_0000320,2833.3,1467.36,SYNTH_ATOSINK_0000320,0.0,1365.93,1,0,ato_rapid_drain_v2,1
608,PAYMENT,231.69,SYNTH_ATO_0000321,2775.01,2543.32,C290287848,0.0,231.69,0,0,ato_rapid_drain_v2,1
613,TRANSFER,7585.71,SYNTH_ATO_0000321,17890.59,10304.88,SYNTH_ATOSINK_0000321,0.0,7585.71,1,0,ato_rapid_drain_v2,1
614,TRANSFER,5638.11,SYNTH_ATO_0000321,10304.88,4666.77,SYNTH_ATOSINK_0000321,0.0,5638.11,1,0,ato_rapid_drain_v2,1
615,TRANSFER,2420.28,SYNTH_ATO_0000321,4666.77,2246.49,SYNTH_ATOSINK_0000321,0.0,2420.28,1,0,ato_rapid_drain_v2,1
258,PAYMENT,53.17,SYNTH_ATO_0000322,338.24,285.07,C1276382661,0.0,53.17,0,0,ato_rapid_drain_v2,1
260,TRANSFER,24390.39,SYNTH_ATO_0000322,28427.28,4036.89,SYNTH_ATOSINK_0000322,0.0,24390.39,1,0,ato_rapid_drain_v2,1
261,TRANSFER,1847.49,SYNTH_ATO_0000322,4036.89,2189.4,SYNTH_ATOSINK_0000322,0.0,1847.49,1,0,ato_rapid_drain_v2,1
720,PAYMENT,132.05,SYNTH_ATO_0000323,756.47,624.42,C1501287567,0.0,132.05,0,0,ato_rapid_drain_v2,1
721,TRANSFER,12193.75,SYNTH_ATO_0000323,14468.93,2275.18,SYNTH_ATOSINK_0000323,0.0,12193.75,1,0,ato_rapid_drain_v2,1
722,TRANSFER,858.24,SYNTH_ATO_0000323,2275.18,1416.94,SYNTH_ATOSINK_0000323,0.0,858.24,1,0,ato_rapid_drain_v2,1
723,TRANSFER,525.59,SYNTH_ATO_0000323,1416.94,891.35,SYNTH_ATOSINK_0000323,0.0,525.59,1,0,ato_rapid_drain_v2,1
132,PAYMENT,106.28,SYNTH_ATO_0000324,928.39,822.11,C1768632392,0.0,106.28,0,0,ato_rapid_drain_v2,1
135,TRANSFER,17049.88,SYNTH_ATO_0000324,23853.64,6803.76,SYNTH_ATOSINK_0000324,0.0,17049.88,1,0,ato_rapid_drain_v2,1
136,TRANSFER,4571.64,SYNTH_ATO_0000324,6803.76,2232.12,SYNTH_ATOSINK_0000324,0.0,4571.64,1,0,ato_rapid_drain_v2,1
137,TRANSFER,1051.65,SYNTH_ATO_0000324,2232.12,1180.47,SYNTH_ATOSINK_0000324,0.0,1051.65,1,0,ato_rapid_drain_v2,1
722,PAYMENT,176.64,SYNTH_ATO_0000325,2078.9,1902.26,C492216760,0.0,176.64,0,0,ato_rapid_drain_v2,1
727,TRANSFER,6826.27,SYNTH_ATO_0000325,7676.49,850.23,SYNTH_ATOSINK_0000325,0.0,6826.27,1,0,ato_rapid_drain_v2,1
728,TRANSFER,126.54,SYNTH_ATO_0000325,850.23,723.69,SYNTH_ATOSINK_0000325,0.0,126.54,1,0,ato_rapid_drain_v2,1
10,PAYMENT,188.78,SYNTH_ATO_0000326,2344.88,2156.1,C185847574,0.0,188.78,0,0,ato_rapid_drain_v2,1
15,TRANSFER,5500.16,SYNTH_ATO_0000326,8189.84,2689.69,SYNTH_ATOSINK_0000326,0.0,5500.16,1,0,ato_rapid_drain_v2,1
16,TRANSFER,2276.05,SYNTH_ATO_0000326,2689.69,413.64,SYNTH_ATOSINK_0000326,0.0,2276.05,1,0,ato_rapid_drain_v2,1
285,PAYMENT,86.19,SYNTH_ATO_0000327,407.32,321.13,C1798597637,0.0,86.19,0,0,ato_rapid_drain_v2,1
289,TRANSFER,15113.2,SYNTH_ATO_0000327,30387.64,15274.44,SYNTH_ATOSINK_0000327,0.0,15113.2,1,0,ato_rapid_drain_v2,1
290,TRANSFER,12263.51,SYNTH_ATO_0000327,15274.44,3010.93,SYNTH_ATOSINK_0000327,0.0,12263.51,1,0,ato_rapid_drain_v2,1
543,PAYMENT,135.82,SYNTH_ATO_0000328,1935.17,1799.35,C1159632482,0.0,135.82,0,0,ato_rapid_drain_v2,1
544,TRANSFER,5080.37,SYNTH_ATO_0000328,16677.65,11597.28,SYNTH_ATOSINK_0000328,0.0,5080.37,1,0,ato_rapid_drain_v2,1
545,TRANSFER,4916.93,SYNTH_ATO_0000328,11597.28,6680.35,SYNTH_ATOSINK_0000328,0.0,4916.93,1,0,ato_rapid_drain_v2,1
546,TRANSFER,4547.26,SYNTH_ATO_0000328,6680.35,2133.09,SYNTH_ATOSINK_0000328,0.0,4547.26,1,0,ato_rapid_drain_v2,1
184,PAYMENT,6.39,SYNTH_ATO_0000329,75.88,69.49,C624187739,0.0,6.39,0,0,ato_rapid_drain_v2,1
186,TRANSFER,12905.66,SYNTH_ATO_0000329,21506.72,8601.06,SYNTH_ATOSINK_0000329,0.0,12905.66,1,0,ato_rapid_drain_v2,1
187,TRANSFER,3388.31,SYNTH_ATO_0000329,8601.06,5212.75,SYNTH_ATOSINK_0000329,0.0,3388.31,1,0,ato_rapid_drain_v2,1
188,TRANSFER,3200.34,SYNTH_ATO_0000329,5212.75,2012.41,SYNTH_ATOSINK_0000329,0.0,3200.34,1,0,ato_rapid_drain_v2,1
166,PAYMENT,66.04,SYNTH_ATO_0000330,650.98,584.94,C2082061778,0.0,66.04,0,0,ato_rapid_drain_v2,1
168,TRANSFER,8322.23,SYNTH_ATO_0000330,9589.19,1266.96,SYNTH_ATOSINK_0000330,0.0,8322.23,1,0,ato_rapid_drain_v2,1
169,TRANSFER,595.52,SYNTH_ATO_0000330,1266.96,671.44,SYNTH_ATOSINK_0000330,0.0,595.52,1,0,ato_rapid_drain_v2,1
170,TRANSFER,281.47,SYNTH_ATO_0000330,671.44,389.97,SYNTH_ATOSINK_0000330,0.0,281.47,1,0,ato_rapid_drain_v2,1
636,PAYMENT,236.59,SYNTH_ATO_0000331,2738.96,2502.37,C1864864461,0.0,236.59,0,0,ato_rapid_drain_v2,1
639,TRANSFER,8899.57,SYNTH_ATO_0000331,11996.32,3096.75,SYNTH_ATOSINK_0000331,0.0,8899.57,1,0,ato_rapid_drain_v2,1
640,TRANSFER,1724.55,SYNTH_ATO_0000331,3096.75,1372.2,SYNTH_ATOSINK_0000331,0.0,1724.55,1,0,ato_rapid_drain_v2,1
674,PAYMENT,11.29,SYNTH_ATO_0000332,139.69,128.4,C848509180,0.0,11.29,0,0,ato_rapid_drain_v2,1
676,TRANSFER,14038.66,SYNTH_ATO_0000332,29450.5,15411.84,SYNTH_ATOSINK_0000332,0.0,14038.66,1,0,ato_rapid_drain_v2,1
677,TRANSFER,9706.98,SYNTH_ATO_0000332,15411.84,5704.86,SYNTH_ATOSINK_0000332,0.0,9706.98,1,0,ato_rapid_drain_v2,1
678,TRANSFER,1422.27,SYNTH_ATO_0000332,5704.86,4282.59,SYNTH_ATOSINK_0000332,0.0,1422.27,1,0,ato_rapid_drain_v2,1
243,PAYMENT,199.25,SYNTH_ATO_0000333,1877.07,1677.82,C1282921379,0.0,199.25,0,0,ato_rapid_drain_v2,1
246,TRANSFER,9056.0,SYNTH_ATO_0000333,17588.55,8532.55,SYNTH_ATOSINK_0000333,0.0,9056.0,1,0,ato_rapid_drain_v2,1
247,TRANSFER,4978.84,SYNTH_ATO_0000333,8532.55,3553.7,SYNTH_ATOSINK_0000333,0.0,4978.84,1,0,ato_rapid_drain_v2,1
248,TRANSFER,2485.28,SYNTH_ATO_0000333,3553.7,1068.43,SYNTH_ATOSINK_0000333,0.0,2485.28,1,0,ato_rapid_drain_v2,1
209,PAYMENT,61.93,SYNTH_ATO_0000334,824.04,762.11,C1809641524,0.0,61.93,0,0,ato_rapid_drain_v2,1
210,TRANSFER,18886.9,SYNTH_ATO_0000334,23468.58,4581.68,SYNTH_ATOSINK_0000334,0.0,18886.9,1,0,ato_rapid_drain_v2,1
211,TRANSFER,2079.0,SYNTH_ATO_0000334,4581.68,2502.68,SYNTH_ATOSINK_0000334,0.0,2079.0,1,0,ato_rapid_drain_v2,1
212,TRANSFER,1987.36,SYNTH_ATO_0000334,2502.68,515.31,SYNTH_ATOSINK_0000334,0.0,1987.36,1,0,ato_rapid_drain_v2,1
597,PAYMENT,132.44,SYNTH_ATO_0000335,918.53,786.09,C1407142816,0.0,132.44,0,0,ato_rapid_drain_v2,1
599,TRANSFER,13057.18,SYNTH_ATO_0000335,18113.47,5056.28,SYNTH_ATOSINK_0000335,0.0,13057.18,1,0,ato_rapid_drain_v2,1
600,TRANSFER,2780.31,SYNTH_ATO_0000335,5056.28,2275.97,SYNTH_ATOSINK_0000335,0.0,2780.31,1,0,ato_rapid_drain_v2,1
601,TRANSFER,1848.6,SYNTH_ATO_0000335,2275.97,427.37,SYNTH_ATOSINK_0000335,0.0,1848.6,1,0,ato_rapid_drain_v2,1
518,PAYMENT,197.22,SYNTH_ATO_0000336,2820.35,2623.13,C292877158,0.0,197.22,0,0,ato_rapid_drain_v2,1
519,TRANSFER,28292.81,SYNTH_ATO_0000336,29354.71,1061.9,SYNTH_ATOSINK_0000336,0.0,28292.81,1,0,ato_rapid_drain_v2,1
520,TRANSFER,182.77,SYNTH_ATO_0000336,1061.9,879.12,SYNTH_ATOSINK_0000336,0.0,182.77,1,0,ato_rapid_drain_v2,1
154,PAYMENT,146.43,SYNTH_ATO_0000337,1690.41,1543.98,C1016284173,0.0,146.43,0,0,ato_rapid_drain_v2,1
155,TRANSFER,7758.48,SYNTH_ATO_0000337,14181.66,6423.17,SYNTH_ATOSINK_0000337,0.0,7758.48,1,0,ato_rapid_drain_v2,1
156,TRANSFER,3101.3,SYNTH_ATO_0000337,6423.17,3321.87,SYNTH_ATOSINK_0000337,0.0,3101.3,1,0,ato_rapid_drain_v2,1
157,TRANSFER,1233.52,SYNTH_ATO_0000337,3321.87,2088.35,SYNTH_ATOSINK_0000337,0.0,1233.52,1,0,ato_rapid_drain_v2,1
124,PAYMENT,43.05,SYNTH_ATO_0000338,134.15,91.1,C217104800,0.0,43.05,0,0,ato_rapid_drain_v2,1
128,TRANSFER,4029.89,SYNTH_ATO_0000338,6792.92,2763.03,SYNTH_ATOSINK_0000338,0.0,4029.89,1,0,ato_rapid_drain_v2,1
129,TRANSFER,1850.0,SYNTH_ATO_0000338,2763.03,913.03,SYNTH_ATOSINK_0000338,0.0,1850.0,1,0,ato_rapid_drain_v2,1
133,PAYMENT,216.06,SYNTH_ATO_0000339,2354.35,2138.29,C1443603930,0.0,216.06,0,0,ato_rapid_drain_v2,1
134,TRANSFER,7751.63,SYNTH_ATO_0000339,11957.64,4206.01,SYNTH_ATOSINK_0000339,0.0,7751.63,1,0,ato_rapid_drain_v2,1
135,TRANSFER,3516.85,SYNTH_ATO_0000339,4206.01,689.16,SYNTH_ATOSINK_0000339,0.0,3516.85,1,0,ato_rapid_drain_v2,1
71,PAYMENT,248.43,SYNTH_ATO_0000340,749.0,500.57,C1035947382,0.0,248.43,0,0,ato_rapid_drain_v2,1
72,TRANSFER,17756.29,SYNTH_ATO_0000340,22588.92,4832.62,SYNTH_ATOSINK_0000340,0.0,17756.29,1,0,ato_rapid_drain_v2,1
73,TRANSFER,4250.08,SYNTH_ATO_0000340,4832.62,582.54,SYNTH_ATOSINK_0000340,0.0,4250.08,1,0,ato_rapid_drain_v2,1
323,PAYMENT,138.75,SYNTH_ATO_0000341,425.81,287.06,C45082996,0.0,138.75,0,0,ato_rapid_drain_v2,1
326,TRANSFER,9910.13,SYNTH_ATO_0000341,20014.83,10104.71,SYNTH_ATOSINK_0000341,0.0,9910.13,1,0,ato_rapid_drain_v2,1
327,TRANSFER,7600.1,SYNTH_ATO_0000341,10104.71,2504.61,SYNTH_ATOSINK_0000341,0.0,7600.1,1,0,ato_rapid_drain_v2,1
328,TRANSFER,329.18,SYNTH_ATO_0000341,2504.61,2175.43,SYNTH_ATOSINK_0000341,0.0,329.18,1,0,ato_rapid_drain_v2,1
674,PAYMENT,229.65,SYNTH_ATO_0000342,2021.85,1792.2,C1268768178,0.0,229.65,0,0,ato_rapid_drain_v2,1
679,TRANSFER,8320.84,SYNTH_ATO_0000342,16007.71,7686.86,SYNTH_ATOSINK_0000342,0.0,8320.84,1,0,ato_rapid_drain_v2,1
680,TRANSFER,4221.79,SYNTH_ATO_0000342,7686.86,3465.07,SYNTH_ATOSINK_0000342,0.0,4221.79,1,0,ato_rapid_drain_v2,1
681,TRANSFER,1538.86,SYNTH_ATO_0000342,3465.07,1926.21,SYNTH_ATOSINK_0000342,0.0,1538.86,1,0,ato_rapid_drain_v2,1
291,PAYMENT,134.61,SYNTH_ATO_0000343,1059.88,925.27,C4976846,0.0,134.61,0,0,ato_rapid_drain_v2,1
293,TRANSFER,21990.83,SYNTH_ATO_0000343,29458.69,7467.86,SYNTH_ATOSINK_0000343,0.0,21990.83,1,0,ato_rapid_drain_v2,1
294,TRANSFER,4809.2,SYNTH_ATO_0000343,7467.86,2658.67,SYNTH_ATOSINK_0000343,0.0,4809.2,1,0,ato_rapid_drain_v2,1
162,PAYMENT,107.4,SYNTH_ATO_0000344,472.56,365.16,C1410978020,0.0,107.4,0,0,ato_rapid_drain_v2,1
163,TRANSFER,10737.7,SYNTH_ATO_0000344,13876.27,3138.57,SYNTH_ATOSINK_0000344,0.0,10737.7,1,0,ato_rapid_drain_v2,1
164,TRANSFER,1546.51,SYNTH_ATO_0000344,3138.57,1592.07,SYNTH_ATOSINK_0000344,0.0,1546.51,1,0,ato_rapid_drain_v2,1
165,TRANSFER,1172.11,SYNTH_ATO_0000344,1592.07,419.95,SYNTH_ATOSINK_0000344,0.0,1172.11,1,0,ato_rapid_drain_v2,1
62,PAYMENT,23.1,SYNTH_ATO_0000345,219.68,196.58,C304651014,0.0,23.1,0,0,ato_rapid_drain_v2,1
65,TRANSFER,7498.3,SYNTH_ATO_0000345,10951.18,3452.88,SYNTH_ATOSINK_0000345,0.0,7498.3,1,0,ato_rapid_drain_v2,1
66,TRANSFER,2881.52,SYNTH_ATO_0000345,3452.88,571.37,SYNTH_ATOSINK_0000345,0.0,2881.52,1,0,ato_rapid_drain_v2,1
67,TRANSFER,179.15,SYNTH_ATO_0000345,571.37,392.22,SYNTH_ATOSINK_0000345,0.0,179.15,1,0,ato_rapid_drain_v2,1
566,PAYMENT,164.89,SYNTH_ATO_0000346,1327.22,1162.33,C1811729924,0.0,164.89,0,0,ato_rapid_drain_v2,1
570,TRANSFER,10391.78,SYNTH_ATO_0000346,25881.69,15489.92,SYNTH_ATOSINK_0000346,0.0,10391.78,1,0,ato_rapid_drain_v2,1
571,TRANSFER,9782.11,SYNTH_ATO_0000346,15489.92,5707.8,SYNTH_ATOSINK_0000346,0.0,9782.11,1,0,ato_rapid_drain_v2,1
572,TRANSFER,3477.88,SYNTH_ATO_0000346,5707.8,2229.93,SYNTH_ATOSINK_0000346,0.0,3477.88,1,0,ato_rapid_drain_v2,1
702,PAYMENT,93.43,SYNTH_ATO_0000347,914.33,820.9,C2101578128,0.0,93.43,0,0,ato_rapid_drain_v2,1
705,TRANSFER,9298.11,SYNTH_ATO_0000347,13362.04,4063.94,SYNTH_ATOSINK_0000347,0.0,9298.11,1,0,ato_rapid_drain_v2,1
706,TRANSFER,1430.48,SYNTH_ATO_0000347,4063.94,2633.46,SYNTH_ATOSINK_0000347,0.0,1430.48,1,0,ato_rapid_drain_v2,1
707,TRANSFER,1184.74,SYNTH_ATO_0000347,2633.46,1448.71,SYNTH_ATOSINK_0000347,0.0,1184.74,1,0,ato_rapid_drain_v2,1
126,PAYMENT,200.18,SYNTH_ATO_0000348,1131.45,931.27,C1216342358,0.0,200.18,0,0,ato_rapid_drain_v2,1
127,TRANSFER,9015.48,SYNTH_ATO_0000348,19775.81,10760.33,SYNTH_ATOSINK_0000348,0.0,9015.48,1,0,ato_rapid_drain_v2,1
128,TRANSFER,5317.34,SYNTH_ATO_0000348,10760.33,5442.99,SYNTH_ATOSINK_0000348,0.0,5317.34,1,0,ato_rapid_drain_v2,1
129,TRANSFER,3916.24,SYNTH_ATO_0000348,5442.99,1526.75,SYNTH_ATOSINK_0000348,0.0,3916.24,1,0,ato_rapid_drain_v2,1
242,PAYMENT,249.95,SYNTH_ATO_0000349,2820.45,2570.5,C1288522159,0.0,249.95,0,0,ato_rapid_drain_v2,1
243,TRANSFER,5171.08,SYNTH_ATO_0000349,9702.07,4530.99,SYNTH_ATOSINK_0000349,0.0,5171.08,1,0,ato_rapid_drain_v2,1
244,TRANSFER,2795.16,SYNTH_ATO_0000349,4530.99,1735.82,SYNTH_ATOSINK_0000349,0.0,2795.16,1,0,ato_rapid_drain_v2,1
245,TRANSFER,898.47,SYNTH_ATO_0000349,1735.82,837.36,SYNTH_ATOSINK_0000349,0.0,898.47,1,0,ato_rapid_drain_v2,1
229,PAYMENT,207.05,SYNTH_ATO_0000350,1796.84,1589.79,C1321275850,0.0,207.05,0,0,ato_rapid_drain_v2,1
233,TRANSFER,8520.48,SYNTH_ATO_0000350,9544.14,1023.66,SYNTH_ATOSINK_0000350,0.0,8520.48,1,0,ato_rapid_drain_v2,1
234,TRANSFER,500.54,SYNTH_ATO_0000350,1023.66,523.12,SYNTH_ATOSINK_0000350,0.0,500.54,1,0,ato_rapid_drain_v2,1
84,PAYMENT,239.8,SYNTH_ATO_0000351,3133.37,2893.57,C175246600,0.0,239.8,0,0,ato_rapid_drain_v2,1
85,TRANSFER,6089.68,SYNTH_ATO_0000351,13561.45,7471.77,SYNTH_ATOSINK_0000351,0.0,6089.68,1,0,ato_rapid_drain_v2,1
86,TRANSFER,3696.58,SYNTH_ATO_0000351,7471.77,3775.19,SYNTH_ATOSINK_0000351,0.0,3696.58,1,0,ato_rapid_drain_v2,1
87,TRANSFER,2475.84,SYNTH_ATO_0000351,3775.19,1299.35,SYNTH_ATOSINK_0000351,0.0,2475.84,1,0,ato_rapid_drain_v2,1
157,PAYMENT,131.04,SYNTH_ATO_0000352,529.88,398.84,C999696251,0.0,131.04,0,0,ato_rapid_drain_v2,1
159,TRANSFER,29055.51,SYNTH_ATO_0000352,45640.64,16585.13,SYNTH_ATOSINK_0000352,0.0,29055.51,1,0,ato_rapid_drain_v2,1
160,TRANSFER,12547.33,SYNTH_ATO_0000352,16585.13,4037.81,SYNTH_ATOSINK_0000352,0.0,12547.33,1,0,ato_rapid_drain_v2,1
161,TRANSFER,1155.93,SYNTH_ATO_0000352,4037.81,2881.88,SYNTH_ATOSINK_0000352,0.0,1155.93,1,0,ato_rapid_drain_v2,1
184,PAYMENT,188.16,SYNTH_ATO_0000353,2442.78,2254.62,C1864145637,0.0,188.16,0,0,ato_rapid_drain_v2,1
188,TRANSFER,13711.83,SYNTH_ATO_0000353,21884.22,8172.38,SYNTH_ATOSINK_0000353,0.0,13711.83,1,0,ato_rapid_drain_v2,1
189,TRANSFER,5094.78,SYNTH_ATO_0000353,8172.38,3077.6,SYNTH_ATOSINK_0000353,0.0,5094.78,1,0,ato_rapid_drain_v2,1
298,PAYMENT,142.06,SYNTH_ATO_0000354,1813.97,1671.91,C671220764,0.0,142.06,0,0,ato_rapid_drain_v2,1
302,TRANSFER,7590.87,SYNTH_ATO_0000354,15942.98,8352.11,SYNTH_ATOSINK_0000354,0.0,7590.87,1,0,ato_rapid_drain_v2,1
303,TRANSFER,3378.05,SYNTH_ATO_0000354,8352.11,4974.06,SYNTH_ATOSINK_0000354,0.0,3378.05,1,0,ato_rapid_drain_v2,1
304,TRANSFER,2745.49,SYNTH_ATO_0000354,4974.06,2228.57,SYNTH_ATOSINK_0000354,0.0,2745.49,1,0,ato_rapid_drain_v2,1
56,PAYMENT,173.7,SYNTH_ATO_0000355,537.57,363.87,C776264044,0.0,173.7,0,0,ato_rapid_drain_v2,1
61,TRANSFER,13114.99,SYNTH_ATO_0000355,15086.23,1971.24,SYNTH_ATOSINK_0000355,0.0,13114.99,1,0,ato_rapid_drain_v2,1
62,TRANSFER,547.98,SYNTH_ATO_0000355,1971.24,1423.26,SYNTH_ATOSINK_0000355,0.0,547.98,1,0,ato_rapid_drain_v2,1
63,TRANSFER,475.48,SYNTH_ATO_0000355,1423.26,947.78,SYNTH_ATOSINK_0000355,0.0,475.48,1,0,ato_rapid_drain_v2,1
602,PAYMENT,189.79,SYNTH_ATO_0000356,2203.55,2013.76,C1514702813,0.0,189.79,0,0,ato_rapid_drain_v2,1
606,TRANSFER,13961.07,SYNTH_ATO_0000356,19812.09,5851.02,SYNTH_ATOSINK_0000356,0.0,13961.07,1,0,ato_rapid_drain_v2,1
607,TRANSFER,3088.57,SYNTH_ATO_0000356,5851.02,2762.44,SYNTH_ATOSINK_0000356,0.0,3088.57,1,0,ato_rapid_drain_v2,1
409,PAYMENT,30.0,SYNTH_ATO_0000357,267.84,237.84,C868726835,0.0,30.0,0,0,ato_rapid_drain_v2,1
413,TRANSFER,11455.14,SYNTH_ATO_0000357,19035.29,7580.15,SYNTH_ATOSINK_0000357,0.0,11455.14,1,0,ato_rapid_drain_v2,1
414,TRANSFER,5090.35,SYNTH_ATO_0000357,7580.15,2489.8,SYNTH_ATOSINK_0000357,0.0,5090.35,1,0,ato_rapid_drain_v2,1
415,TRANSFER,280.78,SYNTH_ATO_0000357,2489.8,2209.01,SYNTH_ATOSINK_0000357,0.0,280.78,1,0,ato_rapid_drain_v2,1
513,PAYMENT,52.56,SYNTH_ATO_0000358,649.65,597.09,C485509194,0.0,52.56,0,0,ato_rapid_drain_v2,1
515,TRANSFER,16547.34,SYNTH_ATO_0000358,24324.07,7776.73,SYNTH_ATOSINK_0000358,0.0,16547.34,1,0,ato_rapid_drain_v2,1
516,TRANSFER,7023.02,SYNTH_ATO_0000358,7776.73,753.71,SYNTH_ATOSINK_0000358,0.0,7023.02,1,0,ato_rapid_drain_v2,1
582,PAYMENT,67.07,SYNTH_ATO_0000359,798.56,731.49,C1766722669,0.0,67.07,0,0,ato_rapid_drain_v2,1
584,TRANSFER,34159.71,SYNTH_ATO_0000359,42447.25,8287.54,SYNTH_ATOSINK_0000359,0.0,34159.71,1,0,ato_rapid_drain_v2,1
585,TRANSFER,6033.77,SYNTH_ATO_0000359,8287.54,2253.77,SYNTH_ATOSINK_0000359,0.0,6033.77,1,0,ato_rapid_drain_v2,1
13,PAYMENT,114.29,SYNTH_ATO_0000360,1693.18,1578.89,C114343141,0.0,114.29,0,0,ato_rapid_drain_v2,1
16,TRANSFER,6693.02,SYNTH_ATO_0000360,15670.58,8977.56,SYNTH_ATOSINK_0000360,0.0,6693.02,1,0,ato_rapid_drain_v2,1
17,TRANSFER,4299.11,SYNTH_ATO_0000360,8977.56,4678.45,SYNTH_ATOSINK_0000360,0.0,4299.11,1,0,ato_rapid_drain_v2,1
18,TRANSFER,3870.52,SYNTH_ATO_0000360,4678.45,807.93,SYNTH_ATOSINK_0000360,0.0,3870.52,1,0,ato_rapid_drain_v2,1
491,PAYMENT,191.43,SYNTH_ATO_0000361,2516.15,2324.72,C1350007337,0.0,191.43,0,0,ato_rapid_drain_v2,1
493,TRANSFER,44530.59,SYNTH_ATO_0000361,54994.86,10464.26,SYNTH_ATOSINK_0000361,0.0,44530.59,1,0,ato_rapid_drain_v2,1
494,TRANSFER,3239.89,SYNTH_ATO_0000361,10464.26,7224.37,SYNTH_ATOSINK_0000361,0.0,3239.89,1,0,ato_rapid_drain_v2,1
128,PAYMENT,221.19,SYNTH_ATO_0000362,3079.74,2858.55,C1708255982,0.0,221.19,0,0,ato_rapid_drain_v2,1
131,TRANSFER,5201.77,SYNTH_ATO_0000362,7995.91,2794.14,SYNTH_ATOSINK_0000362,0.0,5201.77,1,0,ato_rapid_drain_v2,1
132,TRANSFER,2263.03,SYNTH_ATO_0000362,2794.14,531.11,SYNTH_ATOSINK_0000362,0.0,2263.03,1,0,ato_rapid_drain_v2,1
290,PAYMENT,133.77,SYNTH_ATO_0000363,1455.78,1322.01,C1944088158,0.0,133.77,0,0,ato_rapid_drain_v2,1
293,TRANSFER,9927.01,SYNTH_ATO_0000363,19784.99,9857.98,SYNTH_ATOSINK_0000363,0.0,9927.01,1,0,ato_rapid_drain_v2,1
294,TRANSFER,8270.93,SYNTH_ATO_0000363,9857.98,1587.05,SYNTH_ATOSINK_0000363,0.0,8270.93,1,0,ato_rapid_drain_v2,1
691,PAYMENT,16.86,SYNTH_ATO_0000364,118.55,101.69,C2106411788,0.0,16.86,0,0,ato_rapid_drain_v2,1
695,TRANSFER,9161.87,SYNTH_ATO_0000364,13245.65,4083.78,SYNTH_ATOSINK_0000364,0.0,9161.87,1,0,ato_rapid_drain_v2,1
696,TRANSFER,2135.42,SYNTH_ATO_0000364,4083.78,1948.37,SYNTH_ATOSINK_0000364,0.0,2135.42,1,0,ato_rapid_drain_v2,1
697,TRANSFER,133.14,SYNTH_ATO_0000364,1948.37,1815.23,SYNTH_ATOSINK_0000364,0.0,133.14,1,0,ato_rapid_drain_v2,1
578,PAYMENT,119.34,SYNTH_ATO_0000365,1576.29,1456.95,C493161375,0.0,119.34,0,0,ato_rapid_drain_v2,1
579,TRANSFER,19981.38,SYNTH_ATO_0000365,22472.86,2491.48,SYNTH_ATOSINK_0000365,0.0,19981.38,1,0,ato_rapid_drain_v2,1
580,TRANSFER,1221.03,SYNTH_ATO_0000365,2491.48,1270.44,SYNTH_ATOSINK_0000365,0.0,1221.03,1,0,ato_rapid_drain_v2,1
733,PAYMENT,28.01,SYNTH_ATO_0000366,191.66,163.65,C1687225945,0.0,28.01,0,0,ato_rapid_drain_v2,1
737,TRANSFER,4893.96,SYNTH_ATO_0000366,10243.88,5349.92,SYNTH_ATOSINK_0000366,0.0,4893.96,1,0,ato_rapid_drain_v2,1
738,TRANSFER,4399.61,SYNTH_ATO_0000366,5349.92,950.31,SYNTH_ATOSINK_0000366,0.0,4399.61,1,0,ato_rapid_drain_v2,1
739,TRANSFER,616.18,SYNTH_ATO_0000366,950.31,334.13,SYNTH_ATOSINK_0000366,0.0,616.18,1,0,ato_rapid_drain_v2,1
308,PAYMENT,90.62,SYNTH_ATO_0000367,647.94,557.32,C1190565776,0.0,90.62,0,0,ato_rapid_drain_v2,1
311,TRANSFER,5133.24,SYNTH_ATO_0000367,12704.92,7571.68,SYNTH_ATOSINK_0000367,0.0,5133.24,1,0,ato_rapid_drain_v2,1
312,TRANSFER,4794.18,SYNTH_ATO_0000367,7571.68,2777.5,SYNTH_ATOSINK_0000367,0.0,4794.18,1,0,ato_rapid_drain_v2,1
313,TRANSFER,1207.74,SYNTH_ATO_0000367,2777.5,1569.77,SYNTH_ATOSINK_0000367,0.0,1207.74,1,0,ato_rapid_drain_v2,1
446,PAYMENT,148.48,SYNTH_ATO_0000368,1314.34,1165.86,C224745203,0.0,148.48,0,0,ato_rapid_drain_v2,1
451,TRANSFER,8993.6,SYNTH_ATO_0000368,18262.63,9269.03,SYNTH_ATOSINK_0000368,0.0,8993.6,1,0,ato_rapid_drain_v2,1
452,TRANSFER,7738.63,SYNTH_ATO_0000368,9269.03,1530.4,SYNTH_ATOSINK_0000368,0.0,7738.63,1,0,ato_rapid_drain_v2,1
10,PAYMENT,150.39,SYNTH_ATO_0000369,845.65,695.26,C1346167316,0.0,150.39,0,0,ato_rapid_drain_v2,1
13,TRANSFER,4828.61,SYNTH_ATO_0000369,10103.28,5274.68,SYNTH_ATOSINK_0000369,0.0,4828.61,1,0,ato_rapid_drain_v2,1
14,TRANSFER,3201.46,SYNTH_ATO_0000369,5274.68,2073.22,SYNTH_ATOSINK_0000369,0.0,3201.46,1,0,ato_rapid_drain_v2,1
15,TRANSFER,1804.15,SYNTH_ATO_0000369,2073.22,269.06,SYNTH_ATOSINK_0000369,0.0,1804.15,1,0,ato_rapid_drain_v2,1
298,PAYMENT,203.62,SYNTH_ATO_0000370,805.4,601.78,C980492386,0.0,203.62,0,0,ato_rapid_drain_v2,1
299,TRANSFER,30803.19,SYNTH_ATO_0000370,67648.8,36845.61,SYNTH_ATOSINK_0000370,0.0,30803.19,1,0,ato_rapid_drain_v2,1
300,TRANSFER,26293.88,SYNTH_ATO_0000370,36845.61,10551.74,SYNTH_ATOSINK_0000370,0.0,26293.88,1,0,ato_rapid_drain_v2,1
301,TRANSFER,1886.46,SYNTH_ATO_0000370,10551.74,8665.27,SYNTH_ATOSINK_0000370,0.0,1886.46,1,0,ato_rapid_drain_v2,1
304,PAYMENT,72.83,SYNTH_ATO_0000371,280.62,207.79,C1096885942,0.0,72.83,0,0,ato_rapid_drain_v2,1
306,TRANSFER,22142.98,SYNTH_ATO_0000371,29460.57,7317.6,SYNTH_ATOSINK_0000371,0.0,22142.98,1,0,ato_rapid_drain_v2,1
307,TRANSFER,5355.32,SYNTH_ATO_0000371,7317.6,1962.27,SYNTH_ATOSINK_0000371,0.0,5355.32,1,0,ato_rapid_drain_v2,1
655,PAYMENT,247.75,SYNTH_ATO_0000372,2298.8,2051.05,C1173503023,0.0,247.75,0,0,ato_rapid_drain_v2,1
659,TRANSFER,15292.43,SYNTH_ATO_0000372,25535.82,10243.4,SYNTH_ATOSINK_0000372,0.0,15292.43,1,0,ato_rapid_drain_v2,1
660,TRANSFER,9525.81,SYNTH_ATO_0000372,10243.4,717.59,SYNTH_ATOSINK_0000372,0.0,9525.81,1,0,ato_rapid_drain_v2,1
85,PAYMENT,233.17,SYNTH_ATO_0000373,3289.53,3056.36,C1683718160,0.0,233.17,0,0,ato_rapid_drain_v2,1
90,TRANSFER,12865.07,SYNTH_ATO_0000373,21287.65,8422.58,SYNTH_ATOSINK_0000373,0.0,12865.07,1,0,ato_rapid_drain_v2,1
91,TRANSFER,5323.78,SYNTH_ATO_0000373,8422.58,3098.79,SYNTH_ATOSINK_0000373,0.0,5323.78,1,0,ato_rapid_drain_v2,1
92,TRANSFER,1058.72,SYNTH_ATO_0000373,3098.79,2040.07,SYNTH_ATOSINK_0000373,0.0,1058.72,1,0,ato_rapid_drain_v2,1
154,PAYMENT,15.18,SYNTH_ATO_0000374,160.2,145.02,C1780290664,0.0,15.18,0,0,ato_rapid_drain_v2,1
157,TRANSFER,20394.12,SYNTH_ATO_0000374,22329.97,1935.86,SYNTH_ATOSINK_0000374,0.0,20394.12,1,0,ato_rapid_drain_v2,1
158,TRANSFER,831.7,SYNTH_ATO_0000374,1935.86,1104.16,SYNTH_ATOSINK_0000374,0.0,831.7,1,0,ato_rapid_drain_v2,1
159,TRANSFER,650.58,SYNTH_ATO_0000374,1104.16,453.58,SYNTH_ATOSINK_0000374,0.0,650.58,1,0,ato_rapid_drain_v2,1
109,PAYMENT,90.78,SYNTH_ATO_0000375,1163.98,1073.2,C1039054716,0.0,90.78,0,0,ato_rapid_drain_v2,1
111,TRANSFER,10782.68,SYNTH_ATO_0000375,16956.06,6173.38,SYNTH_ATOSINK_0000375,0.0,10782.68,1,0,ato_rapid_drain_v2,1
112,TRANSFER,5665.78,SYNTH_ATO_0000375,6173.38,507.59,SYNTH_ATOSINK_0000375,0.0,5665.78,1,0,ato_rapid_drain_v2,1
309,PAYMENT,7.46,SYNTH_ATO_0000376,110.33,102.87,C1370475899,0.0,7.46,0,0,ato_rapid_drain_v2,1
314,TRANSFER,16567.12,SYNTH_ATO_0000376,20042.59,3475.46,SYNTH_ATOSINK_0000376,0.0,16567.12,1,0,ato_rapid_drain_v2,1
315,TRANSFER,1566.54,SYNTH_ATO_0000376,3475.46,1908.93,SYNTH_ATOSINK_0000376,0.0,1566.54,1,0,ato_rapid_drain_v2,1
316,TRANSFER,296.98,SYNTH_ATO_0000376,1908.93,1611.95,SYNTH_ATOSINK_0000376,0.0,296.98,1,0,ato_rapid_drain_v2,1
105,PAYMENT,171.67,SYNTH_ATO_0000377,598.02,426.35,C799762042,0.0,171.67,0,0,ato_rapid_drain_v2,1
110,TRANSFER,6093.55,SYNTH_ATO_0000377,16317.07,10223.53,SYNTH_ATOSINK_0000377,0.0,6093.55,1,0,ato_rapid_drain_v2,1
111,TRANSFER,5685.2,SYNTH_ATO_0000377,10223.53,4538.33,SYNTH_ATOSINK_0000377,0.0,5685.2,1,0,ato_rapid_drain_v2,1
112,TRANSFER,2317.64,SYNTH_ATO_0000377,4538.33,2220.69,SYNTH_ATOSINK_0000377,0.0,2317.64,1,0,ato_rapid_drain_v2,1
396,PAYMENT,175.22,SYNTH_ATO_0000378,1548.93,1373.71,C619069413,0.0,175.22,0,0,ato_rapid_drain_v2,1
397,TRANSFER,6709.92,SYNTH_ATO_0000378,11561.7,4851.78,SYNTH_ATOSINK_0000378,0.0,6709.92,1,0,ato_rapid_drain_v2,1
398,TRANSFER,3148.58,SYNTH_ATO_0000378,4851.78,1703.21,SYNTH_ATOSINK_0000378,0.0,3148.58,1,0,ato_rapid_drain_v2,1
399,TRANSFER,191.42,SYNTH_ATO_0000378,1703.21,1511.78,SYNTH_ATOSINK_0000378,0.0,191.42,1,0,ato_rapid_drain_v2,1
217,PAYMENT,140.03,SYNTH_ATO_0000379,818.34,678.31,C1779275260,0.0,140.03,0,0,ato_rapid_drain_v2,1
220,TRANSFER,15647.02,SYNTH_ATO_0000379,16658.02,1011.0,SYNTH_ATOSINK_0000379,0.0,15647.02,1,0,ato_rapid_drain_v2,1
221,TRANSFER,352.44,SYNTH_ATO_0000379,1011.0,658.55,SYNTH_ATOSINK_0000379,0.0,352.44,1,0,ato_rapid_drain_v2,1
380,PAYMENT,95.73,SYNTH_ATO_0000380,431.78,336.05,C410971208,0.0,95.73,0,0,ato_rapid_drain_v2,1
383,TRANSFER,22980.14,SYNTH_ATO_0000380,33301.79,10321.65,SYNTH_ATOSINK_0000380,0.0,22980.14,1,0,ato_rapid_drain_v2,1
384,TRANSFER,6846.38,SYNTH_ATO_0000380,10321.65,3475.28,SYNTH_ATOSINK_0000380,0.0,6846.38,1,0,ato_rapid_drain_v2,1
244,PAYMENT,102.5,SYNTH_ATO_0000381,1267.41,1164.91,C1684018766,0.0,102.5,0,0,ato_rapid_drain_v2,1
249,TRANSFER,10507.96,SYNTH_ATO_0000381,20716.2,10208.24,SYNTH_ATOSINK_0000381,0.0,10507.96,1,0,ato_rapid_drain_v2,1
250,TRANSFER,7305.68,SYNTH_ATO_0000381,10208.24,2902.55,SYNTH_ATOSINK_0000381,0.0,7305.68,1,0,ato_rapid_drain_v2,1
686,PAYMENT,62.1,SYNTH_ATO_0000382,446.81,384.71,C170219713,0.0,62.1,0,0,ato_rapid_drain_v2,1
691,TRANSFER,31712.24,SYNTH_ATO_0000382,35969.89,4257.65,SYNTH_ATOSINK_0000382,0.0,31712.24,1,0,ato_rapid_drain_v2,1
692,TRANSFER,2588.15,SYNTH_ATO_0000382,4257.65,1669.49,SYNTH_ATOSINK_0000382,0.0,2588.15,1,0,ato_rapid_drain_v2,1
424,PAYMENT,143.8,SYNTH_ATO_0000383,866.24,722.44,C1702648608,0.0,143.8,0,0,ato_rapid_drain_v2,1
428,TRANSFER,12315.14,SYNTH_ATO_0000383,27698.48,15383.34,SYNTH_ATOSINK_0000383,0.0,12315.14,1,0,ato_rapid_drain_v2,1
429,TRANSFER,11363.68,SYNTH_ATO_0000383,15383.34,4019.66,SYNTH_ATOSINK_0000383,0.0,11363.68,1,0,ato_rapid_drain_v2,1
282,PAYMENT,93.75,SYNTH_ATO_0000384,336.3,242.55,C1284556769,0.0,93.75,0,0,ato_rapid_drain_v2,1
283,TRANSFER,23715.96,SYNTH_ATO_0000384,47272.9,23556.94,SYNTH_ATOSINK_0000384,0.0,23715.96,1,0,ato_rapid_drain_v2,1
284,TRANSFER,17171.67,SYNTH_ATO_0000384,23556.94,6385.27,SYNTH_ATOSINK_0000384,0.0,17171.67,1,0,ato_rapid_drain_v2,1
689,PAYMENT,170.95,SYNTH_ATO_0000385,1540.37,1369.42,C1533183662,0.0,170.95,0,0,ato_rapid_drain_v2,1
693,TRANSFER,16342.02,SYNTH_ATO_0000385,19892.2,3550.18,SYNTH_ATOSINK_0000385,0.0,16342.02,1,0,ato_rapid_drain_v2,1
694,TRANSFER,1780.86,SYNTH_ATO_0000385,3550.18,1769.31,SYNTH_ATOSINK_0000385,0.0,1780.86,1,0,ato_rapid_drain_v2,1
695,TRANSFER,256.55,SYNTH_ATO_0000385,1769.31,1512.76,SYNTH_ATOSINK_0000385,0.0,256.55,1,0,ato_rapid_drain_v2,1
272,PAYMENT,192.98,SYNTH_ATO_0000386,638.05,445.07,C1234868955,0.0,192.98,0,0,ato_rapid_drain_v2,1
277,TRANSFER,8239.09,SYNTH_ATO_0000386,19432.23,11193.15,SYNTH_ATOSINK_0000386,0.0,8239.09,1,0,ato_rapid_drain_v2,1
278,TRANSFER,7739.02,SYNTH_ATO_0000386,11193.15,3454.13,SYNTH_ATOSINK_0000386,0.0,7739.02,1,0,ato_rapid_drain_v2,1
279,TRANSFER,1971.0,SYNTH_ATO_0000386,3454.13,1483.13,SYNTH_ATOSINK_0000386,0.0,1971.0,1,0,ato_rapid_drain_v2,1
430,PAYMENT,65.21,SYNTH_ATO_0000387,847.71,782.5,C1631117209,0.0,65.21,0,0,ato_rapid_drain_v2,1
433,TRANSFER,12969.07,SYNTH_ATO_0000387,15198.26,2229.19,SYNTH_ATOSINK_0000387,0.0,12969.07,1,0,ato_rapid_drain_v2,1
434,TRANSFER,1424.99,SYNTH_ATO_0000387,2229.19,804.19,SYNTH_ATOSINK_0000387,0.0,1424.99,1,0,ato_rapid_drain_v2,1
580,PAYMENT,198.63,SYNTH_ATO_0000388,621.22,422.59,C1434150847,0.0,198.63,0,0,ato_rapid_drain_v2,1
582,TRANSFER,19874.01,SYNTH_ATO_0000388,30325.6,10451.59,SYNTH_ATOSINK_0000388,0.0,19874.01,1,0,ato_rapid_drain_v2,1
583,TRANSFER,8679.58,SYNTH_ATO_0000388,10451.59,1772.01,SYNTH_ATOSINK_0000388,0.0,8679.58,1,0,ato_rapid_drain_v2,1
617,PAYMENT,225.84,SYNTH_ATO_0000389,3204.92,2979.08,C1683178987,0.0,225.84,0,0,ato_rapid_drain_v2,1
621,TRANSFER,9218.65,SYNTH_ATO_0000389,15120.26,5901.6,SYNTH_ATOSINK_0000389,0.0,9218.65,1,0,ato_rapid_drain_v2,1
622,TRANSFER,4360.1,SYNTH_ATO_0000389,5901.6,1541.51,SYNTH_ATOSINK_0000389,0.0,4360.1,1,0,ato_rapid_drain_v2,1
629,PAYMENT,70.25,SYNTH_ATO_0000390,915.41,845.16,C151818420,0.0,70.25,0,0,ato_rapid_drain_v2,1
630,TRANSFER,14040.63,SYNTH_ATO_0000390,23826.83,9786.2,SYNTH_ATOSINK_0000390,0.0,14040.63,1,0,ato_rapid_drain_v2,1
631,TRANSFER,6452.08,SYNTH_ATO_0000390,9786.2,3334.11,SYNTH_ATOSINK_0000390,0.0,6452.08,1,0,ato_rapid_drain_v2,1
632,TRANSFER,218.04,SYNTH_ATO_0000390,3334.11,3116.07,SYNTH_ATOSINK_0000390,0.0,218.04,1,0,ato_rapid_drain_v2,1
720,PAYMENT,9.25,SYNTH_ATO_0000391,60.51,51.26,C1679001396,0.0,9.25,0,0,ato_rapid_drain_v2,1
725,TRANSFER,4508.99,SYNTH_ATO_0000391,8807.31,4298.32,SYNTH_ATOSINK_0000391,0.0,4508.99,1,0,ato_rapid_drain_v2,1
726,TRANSFER,3863.11,SYNTH_ATO_0000391,4298.32,435.21,SYNTH_ATOSINK_0000391,0.0,3863.11,1,0,ato_rapid_drain_v2,1
112,PAYMENT,134.19,SYNTH_ATO_0000392,1038.44,904.25,C1803026883,0.0,134.19,0,0,ato_rapid_drain_v2,1
114,TRANSFER,13647.38,SYNTH_ATO_0000392,14886.58,1239.2,SYNTH_ATOSINK_0000392,0.0,13647.38,1,0,ato_rapid_drain_v2,1
115,TRANSFER,805.67,SYNTH_ATO_0000392,1239.2,433.53,SYNTH_ATOSINK_0000392,0.0,805.67,1,0,ato_rapid_drain_v2,1
387,PAYMENT,196.46,SYNTH_ATO_0000393,2684.0,2487.54,C1298456006,0.0,196.46,0,0,ato_rapid_drain_v2,1
389,TRANSFER,20920.98,SYNTH_ATO_0000393,33262.32,12341.34,SYNTH_ATOSINK_0000393,0.0,20920.98,1,0,ato_rapid_drain_v2,1
390,TRANSFER,11222.99,SYNTH_ATO_0000393,12341.34,1118.35,SYNTH_ATOSINK_0000393,0.0,11222.99,1,0,ato_rapid_drain_v2,1
391,TRANSFER,156.98,SYNTH_ATO_0000393,1118.35,961.37,SYNTH_ATOSINK_0000393,0.0,156.98,1,0,ato_rapid_drain_v2,1
589,PAYMENT,33.79,SYNTH_ATO_0000394,490.48,456.69,C172628374,0.0,33.79,0,0,ato_rapid_drain_v2,1
591,TRANSFER,9240.79,SYNTH_ATO_0000394,22580.5,13339.71,SYNTH_ATOSINK_0000394,0.0,9240.79,1,0,ato_rapid_drain_v2,1
592,TRANSFER,6396.42,SYNTH_ATO_0000394,13339.71,6943.29,SYNTH_ATOSINK_0000394,0.0,6396.42,1,0,ato_rapid_drain_v2,1
593,TRANSFER,3706.4,SYNTH_ATO_0000394,6943.29,3236.88,SYNTH_ATOSINK_0000394,0.0,3706.4,1,0,ato_rapid_drain_v2,1
82,PAYMENT,39.68,SYNTH_ATO_0000395,423.0,383.32,C1495618733,0.0,39.68,0,0,ato_rapid_drain_v2,1
84,TRANSFER,20506.49,SYNTH_ATO_0000395,32079.22,11572.73,SYNTH_ATOSINK_0000395,0.0,20506.49,1,0,ato_rapid_drain_v2,1
85,TRANSFER,9022.02,SYNTH_ATO_0000395,11572.73,2550.71,SYNTH_ATOSINK_0000395,0.0,9022.02,1,0,ato_rapid_drain_v2,1
86,TRANSFER,734.55,SYNTH_ATO_0000395,2550.71,1816.16,SYNTH_ATOSINK_0000395,0.0,734.55,1,0,ato_rapid_drain_v2,1
541,PAYMENT,70.75,SYNTH_ATO_0000396,698.78,628.03,C42543706,0.0,70.75,0,0,ato_rapid_drain_v2,1
543,TRANSFER,6203.86,SYNTH_ATO_0000396,14576.64,8372.78,SYNTH_ATOSINK_0000396,0.0,6203.86,1,0,ato_rapid_drain_v2,1
544,TRANSFER,4684.61,SYNTH_ATO_0000396,8372.78,3688.17,SYNTH_ATOSINK_0000396,0.0,4684.61,1,0,ato_rapid_drain_v2,1
545,TRANSFER,2197.81,SYNTH_ATO_0000396,3688.17,1490.37,SYNTH_ATOSINK_0000396,0.0,2197.81,1,0,ato_rapid_drain_v2,1
34,PAYMENT,40.56,SYNTH_ATO_0000397,382.86,342.3,C1026622483,0.0,40.56,0,0,ato_rapid_drain_v2,1
36,TRANSFER,8608.71,SYNTH_ATO_0000397,16489.88,7881.17,SYNTH_ATOSINK_0000397,0.0,8608.71,1,0,ato_rapid_drain_v2,1
37,TRANSFER,4010.78,SYNTH_ATO_0000397,7881.17,3870.4,SYNTH_ATOSINK_0000397,0.0,4010.78,1,0,ato_rapid_drain_v2,1
38,TRANSFER,2793.28,SYNTH_ATO_0000397,3870.4,1077.12,SYNTH_ATOSINK_0000397,0.0,2793.28,1,0,ato_rapid_drain_v2,1
584,PAYMENT,43.57,SYNTH_ATO_0000398,135.58,92.01,C1091790063,0.0,43.57,0,0,ato_rapid_drain_v2,1
589,TRANSFER,5641.37,SYNTH_ATO_0000398,8889.31,3247.94,SYNTH_ATOSINK_0000398,0.0,5641.37,1,0,ato_rapid_drain_v2,1
590,TRANSFER,1920.51,SYNTH_ATO_0000398,3247.94,1327.43,SYNTH_ATOSINK_0000398,0.0,1920.51,1,0,ato_rapid_drain_v2,1
591,TRANSFER,1067.24,SYNTH_ATO_0000398,1327.43,260.19,SYNTH_ATOSINK_0000398,0.0,1067.24,1,0,ato_rapid_drain_v2,1
624,PAYMENT,221.48,SYNTH_ATO_0000399,2892.14,2670.66,C1968266336,0.0,221.48,0,0,ato_rapid_drain_v2,1
626,TRANSFER,11449.04,SYNTH_ATO_0000399,18041.32,6592.27,SYNTH_ATOSINK_0000399,0.0,11449.04,1,0,ato_rapid_drain_v2,1
627,TRANSFER,5112.09,SYNTH_ATO_0000399,6592.27,1480.19,SYNTH_ATOSINK_0000399,0.0,5112.09,1,0,ato_rapid_drain_v2,1
643,PAYMENT,37.58,SYNTH_SMURF_0000000,498.68,461.1,C1822912945,0.0,37.58,0,0,structuring_smurfing_v2,1
644,TRANSFER,5510.86,SYNTH_SMURF_0000000,54521.93,49011.07,SYNTH_SMURFSINK_0000000,0.0,5510.86,1,0,structuring_smurfing_v2,1
104,TRANSFER,8268.22,SYNTH_SMURF_0000000,49011.07,40742.85,SYNTH_SMURFSINK_0000000,0.0,8268.22,1,0,structuring_smurfing_v2,1
651,TRANSFER,8418.28,SYNTH_SMURF_0000000,40742.85,32324.57,SYNTH_SMURFSINK_0000000,0.0,8418.28,1,0,structuring_smurfing_v2,1
136,TRANSFER,8079.65,SYNTH_SMURF_0000000,32324.57,24244.92,SYNTH_SMURFSINK_0000000,0.0,8079.65,1,0,structuring_smurfing_v2,1
592,TRANSFER,7048.04,SYNTH_SMURF_0000000,24244.92,17196.88,SYNTH_SMURFSINK_0000000,0.0,7048.04,1,0,structuring_smurfing_v2,1
632,TRANSFER,5661.57,SYNTH_SMURF_0000000,17196.88,11535.3,SYNTH_SMURFSINK_0000000,0.0,5661.57,1,0,structuring_smurfing_v2,1
115,PAYMENT,7.57,SYNTH_SMURF_0000001,84.3,76.73,C577299824,0.0,7.57,0,0,structuring_smurfing_v2,1
119,TRANSFER,8764.77,SYNTH_SMURF_0000001,56657.58,47892.81,SYNTH_SMURFSINK_0000001,0.0,8764.77,1,0,structuring_smurfing_v2,1
159,TRANSFER,7442.08,SYNTH_SMURF_0000001,47892.81,40450.73,SYNTH_SMURFSINK_0000001,0.0,7442.08,1,0,structuring_smurfing_v2,1
274,TRANSFER,5800.15,SYNTH_SMURF_0000001,40450.73,34650.58,SYNTH_SMURFSINK_0000001,0.0,5800.15,1,0,structuring_smurfing_v2,1
178,TRANSFER,7678.8,SYNTH_SMURF_0000001,34650.58,26971.78,SYNTH_SMURFSINK_0000001,0.0,7678.8,1,0,structuring_smurfing_v2,1
312,TRANSFER,9209.08,SYNTH_SMURF_0000001,26971.78,17762.71,SYNTH_SMURFSINK_0000001,0.0,9209.08,1,0,structuring_smurfing_v2,1
163,TRANSFER,8641.44,SYNTH_SMURF_0000001,17762.71,9121.26,SYNTH_SMURFSINK_0000001,0.0,8641.44,1,0,structuring_smurfing_v2,1
675,PAYMENT,242.74,SYNTH_SMURF_0000002,2032.42,1789.68,C201470635,0.0,242.74,0,0,structuring_smurfing_v2,1
679,TRANSFER,6285.79,SYNTH_SMURF_0000002,46387.79,40102.0,SYNTH_SMURFSINK_0000002,0.0,6285.79,1,0,structuring_smurfing_v2,1
398,TRANSFER,6898.76,SYNTH_SMURF_0000002,40102.0,33203.24,SYNTH_SMURFSINK_0000002,0.0,6898.76,1,0,structuring_smurfing_v2,1
219,TRANSFER,5537.22,SYNTH_SMURF_0000002,33203.24,27666.02,SYNTH_SMURFSINK_0000002,0.0,5537.22,1,0,structuring_smurfing_v2,1
382,TRANSFER,5175.6,SYNTH_SMURF_0000002,27666.02,22490.42,SYNTH_SMURFSINK_0000002,0.0,5175.6,1,0,structuring_smurfing_v2,1
324,TRANSFER,7894.21,SYNTH_SMURF_0000002,22490.42,14596.21,SYNTH_SMURFSINK_0000002,0.0,7894.21,1,0,structuring_smurfing_v2,1
363,TRANSFER,8321.25,SYNTH_SMURF_0000002,14596.21,6274.96,SYNTH_SMURFSINK_0000002,0.0,8321.25,1,0,structuring_smurfing_v2,1
629,PAYMENT,186.79,SYNTH_SMURF_0000003,2224.47,2037.68,C817116989,0.0,186.79,0,0,structuring_smurfing_v2,1
633,TRANSFER,8636.25,SYNTH_SMURF_0000003,49854.19,41217.94,SYNTH_SMURFSINK_0000003,0.0,8636.25,1,0,structuring_smurfing_v2,1
445,TRANSFER,4872.75,SYNTH_SMURF_0000003,41217.94,36345.19,SYNTH_SMURFSINK_0000003,0.0,4872.75,1,0,structuring_smurfing_v2,1
51,TRANSFER,5160.3,SYNTH_SMURF_0000003,36345.19,31184.89,SYNTH_SMURFSINK_0000003,0.0,5160.3,1,0,structuring_smurfing_v2,1
665,TRANSFER,8812.6,SYNTH_SMURF_0000003,31184.89,22372.29,SYNTH_SMURFSINK_0000003,0.0,8812.6,1,0,structuring_smurfing_v2,1
603,TRANSFER,4761.48,SYNTH_SMURF_0000003,22372.29,17610.81,SYNTH_SMURFSINK_0000003,0.0,4761.48,1,0,structuring_smurfing_v2,1
387,TRANSFER,7822.85,SYNTH_SMURF_0000003,17610.81,9787.96,SYNTH_SMURFSINK_0000003,0.0,7822.85,1,0,structuring_smurfing_v2,1
190,PAYMENT,85.14,SYNTH_SMURF_0000004,1202.24,1117.1,C424068583,0.0,85.14,0,0,structuring_smurfing_v2,1
191,TRANSFER,7298.09,SYNTH_SMURF_0000004,45548.18,38250.09,SYNTH_SMURFSINK_0000004,0.0,7298.09,1,0,structuring_smurfing_v2,1
531,TRANSFER,7938.61,SYNTH_SMURF_0000004,38250.09,30311.48,SYNTH_SMURFSINK_0000004,0.0,7938.61,1,0,structuring_smurfing_v2,1
553,TRANSFER,6082.44,SYNTH_SMURF_0000004,30311.48,24229.04,SYNTH_SMURFSINK_0000004,0.0,6082.44,1,0,structuring_smurfing_v2,1
91,TRANSFER,5123.77,SYNTH_SMURF_0000004,24229.04,19105.27,SYNTH_SMURFSINK_0000004,0.0,5123.77,1,0,structuring_smurfing_v2,1
600,TRANSFER,6899.89,SYNTH_SMURF_0000004,19105.27,12205.39,SYNTH_SMURFSINK_0000004,0.0,6899.89,1,0,structuring_smurfing_v2,1
286,TRANSFER,5654.97,SYNTH_SMURF_0000004,12205.39,6550.41,SYNTH_SMURFSINK_0000004,0.0,5654.97,1,0,structuring_smurfing_v2,1
521,PAYMENT,56.54,SYNTH_SMURF_0000005,660.64,604.1,C323797717,0.0,56.54,0,0,structuring_smurfing_v2,1
523,TRANSFER,4918.68,SYNTH_SMURF_0000005,46957.83,42039.15,SYNTH_SMURFSINK_0000005,0.0,4918.68,1,0,structuring_smurfing_v2,1
558,TRANSFER,5274.99,SYNTH_SMURF_0000005,42039.15,36764.16,SYNTH_SMURFSINK_0000005,0.0,5274.99,1,0,structuring_smurfing_v2,1
594,TRANSFER,8049.96,SYNTH_SMURF_0000005,36764.16,28714.2,SYNTH_SMURFSINK_0000005,0.0,8049.96,1,0,structuring_smurfing_v2,1
427,TRANSFER,6824.17,SYNTH_SMURF_0000005,28714.2,21890.03,SYNTH_SMURFSINK_0000005,0.0,6824.17,1,0,structuring_smurfing_v2,1
648,TRANSFER,6416.48,SYNTH_SMURF_0000005,21890.03,15473.55,SYNTH_SMURFSINK_0000005,0.0,6416.48,1,0,structuring_smurfing_v2,1
550,TRANSFER,9118.22,SYNTH_SMURF_0000005,15473.55,6355.32,SYNTH_SMURFSINK_0000005,0.0,9118.22,1,0,structuring_smurfing_v2,1
232,PAYMENT,204.31,SYNTH_SMURF_0000006,998.43,794.12,C175104576,0.0,204.31,0,0,structuring_smurfing_v2,1
233,TRANSFER,4033.24,SYNTH_SMURF_0000006,43371.37,39338.14,SYNTH_SMURFSINK_0000006,0.0,4033.24,1,0,structuring_smurfing_v2,1
401,TRANSFER,4879.72,SYNTH_SMURF_0000006,39338.14,34458.42,SYNTH_SMURFSINK_0000006,0.0,4879.72,1,0,structuring_smurfing_v2,1
347,TRANSFER,9129.35,SYNTH_SMURF_0000006,34458.42,25329.07,SYNTH_SMURFSINK_0000006,0.0,9129.35,1,0,structuring_smurfing_v2,1
333,TRANSFER,8387.25,SYNTH_SMURF_0000006,25329.07,16941.82,SYNTH_SMURFSINK_0000006,0.0,8387.25,1,0,structuring_smurfing_v2,1
481,TRANSFER,5384.25,SYNTH_SMURF_0000006,16941.82,11557.57,SYNTH_SMURFSINK_0000006,0.0,5384.25,1,0,structuring_smurfing_v2,1
302,TRANSFER,4294.58,SYNTH_SMURF_0000006,11557.57,7262.99,SYNTH_SMURFSINK_0000006,0.0,4294.58,1,0,structuring_smurfing_v2,1
218,PAYMENT,239.86,SYNTH_SMURF_0000007,2185.32,1945.46,C578689697,0.0,239.86,0,0,structuring_smurfing_v2,1
222,TRANSFER,4340.85,SYNTH_SMURF_0000007,46398.13,42057.28,SYNTH_SMURFSINK_0000007,0.0,4340.85,1,0,structuring_smurfing_v2,1
594,TRANSFER,9238.41,SYNTH_SMURF_0000007,42057.28,32818.87,SYNTH_SMURFSINK_0000007,0.0,9238.41,1,0,structuring_smurfing_v2,1
202,TRANSFER,8487.56,SYNTH_SMURF_0000007,32818.87,24331.31,SYNTH_SMURFSINK_0000007,0.0,8487.56,1,0,structuring_smurfing_v2,1
276,TRANSFER,8432.72,SYNTH_SMURF_0000007,24331.31,15898.59,SYNTH_SMURFSINK_0000007,0.0,8432.72,1,0,structuring_smurfing_v2,1
310,TRANSFER,7478.62,SYNTH_SMURF_0000007,15898.59,8419.97,SYNTH_SMURFSINK_0000007,0.0,7478.62,1,0,structuring_smurfing_v2,1
148,TRANSFER,5283.39,SYNTH_SMURF_0000007,8419.97,3136.58,SYNTH_SMURFSINK_0000007,0.0,5283.39,1,0,structuring_smurfing_v2,1
366,PAYMENT,129.37,SYNTH_SMURF_0000008,1929.54,1800.17,C1338660711,0.0,129.37,0,0,structuring_smurfing_v2,1
369,TRANSFER,4906.83,SYNTH_SMURF_0000008,41029.77,36122.94,SYNTH_SMURFSINK_0000008,0.0,4906.83,1,0,structuring_smurfing_v2,1
134,TRANSFER,4040.18,SYNTH_SMURF_0000008,36122.94,32082.76,SYNTH_SMURFSINK_0000008,0.0,4040.18,1,0,structuring_smurfing_v2,1
602,TRANSFER,5760.62,SYNTH_SMURF_0000008,32082.76,26322.14,SYNTH_SMURFSINK_0000008,0.0,5760.62,1,0,structuring_smurfing_v2,1
378,TRANSFER,6701.87,SYNTH_SMURF_0000008,26322.14,19620.27,SYNTH_SMURFSINK_0000008,0.0,6701.87,1,0,structuring_smurfing_v2,1
297,TRANSFER,6001.93,SYNTH_SMURF_0000008,19620.27,13618.34,SYNTH_SMURFSINK_0000008,0.0,6001.93,1,0,structuring_smurfing_v2,1
615,TRANSFER,8206.84,SYNTH_SMURF_0000008,13618.34,5411.5,SYNTH_SMURFSINK_0000008,0.0,8206.84,1,0,structuring_smurfing_v2,1
249,PAYMENT,162.36,SYNTH_SMURF_0000009,1069.92,907.56,C509423,0.0,162.36,0,0,structuring_smurfing_v2,1
253,TRANSFER,6146.51,SYNTH_SMURF_0000009,47745.36,41598.85,SYNTH_SMURFSINK_0000009,0.0,6146.51,1,0,structuring_smurfing_v2,1
199,TRANSFER,6137.18,SYNTH_SMURF_0000009,41598.85,35461.67,SYNTH_SMURFSINK_0000009,0.0,6137.18,1,0,structuring_smurfing_v2,1
696,TRANSFER,6159.67,SYNTH_SMURF_0000009,35461.67,29302.01,SYNTH_SMURFSINK_0000009,0.0,6159.67,1,0,structuring_smurfing_v2,1
42,TRANSFER,8075.34,SYNTH_SMURF_0000009,29302.01,21226.67,SYNTH_SMURFSINK_0000009,0.0,8075.34,1,0,structuring_smurfing_v2,1
288,TRANSFER,4348.4,SYNTH_SMURF_0000009,21226.67,16878.27,SYNTH_SMURFSINK_0000009,0.0,4348.4,1,0,structuring_smurfing_v2,1
696,TRANSFER,5978.48,SYNTH_SMURF_0000009,16878.27,10899.79,SYNTH_SMURFSINK_0000009,0.0,5978.48,1,0,structuring_smurfing_v2,1
17,PAYMENT,5.95,SYNTH_SMURF_0000010,23.74,17.79,C363503284,0.0,5.95,0,0,structuring_smurfing_v2,1
22,TRANSFER,5966.11,SYNTH_SMURF_0000010,46715.33,40749.22,SYNTH_SMURFSINK_0000010,0.0,5966.11,1,0,structuring_smurfing_v2,1
237,TRANSFER,6486.8,SYNTH_SMURF_0000010,40749.22,34262.42,SYNTH_SMURFSINK_0000010,0.0,6486.8,1,0,structuring_smurfing_v2,1
656,TRANSFER,6209.6,SYNTH_SMURF_0000010,34262.42,28052.82,SYNTH_SMURFSINK_0000010,0.0,6209.6,1,0,structuring_smurfing_v2,1
464,TRANSFER,8458.87,SYNTH_SMURF_0000010,28052.82,19593.95,SYNTH_SMURFSINK_0000010,0.0,8458.87,1,0,structuring_smurfing_v2,1
481,TRANSFER,8013.73,SYNTH_SMURF_0000010,19593.95,11580.22,SYNTH_SMURFSINK_0000010,0.0,8013.73,1,0,structuring_smurfing_v2,1
638,TRANSFER,7213.08,SYNTH_SMURF_0000010,11580.22,4367.14,SYNTH_SMURFSINK_0000010,0.0,7213.08,1,0,structuring_smurfing_v2,1
404,PAYMENT,149.17,SYNTH_SMURF_0000011,2221.05,2071.88,C1621091423,0.0,149.17,0,0,structuring_smurfing_v2,1
408,TRANSFER,8525.59,SYNTH_SMURF_0000011,53643.29,45117.7,SYNTH_SMURFSINK_0000011,0.0,8525.59,1,0,structuring_smurfing_v2,1
487,TRANSFER,9647.44,SYNTH_SMURF_0000011,45117.7,35470.26,SYNTH_SMURFSINK_0000011,0.0,9647.44,1,0,structuring_smurfing_v2,1
380,TRANSFER,9060.97,SYNTH_SMURF_0000011,35470.26,26409.29,SYNTH_SMURFSINK_0000011,0.0,9060.97,1,0,structuring_smurfing_v2,1
516,TRANSFER,7529.98,SYNTH_SMURF_0000011,26409.29,18879.3,SYNTH_SMURFSINK_0000011,0.0,7529.98,1,0,structuring_smurfing_v2,1
300,TRANSFER,7516.09,SYNTH_SMURF_0000011,18879.3,11363.21,SYNTH_SMURFSINK_0000011,0.0,7516.09,1,0,structuring_smurfing_v2,1
360,TRANSFER,5324.97,SYNTH_SMURF_0000011,11363.21,6038.25,SYNTH_SMURFSINK_0000011,0.0,5324.97,1,0,structuring_smurfing_v2,1
467,PAYMENT,147.41,SYNTH_SMURF_0000012,1981.26,1833.85,C1679012035,0.0,147.41,0,0,structuring_smurfing_v2,1
471,TRANSFER,6087.08,SYNTH_SMURF_0000012,57934.11,51847.03,SYNTH_SMURFSINK_0000012,0.0,6087.08,1,0,structuring_smurfing_v2,1
186,TRANSFER,7747.94,SYNTH_SMURF_0000012,51847.03,44099.09,SYNTH_SMURFSINK_0000012,0.0,7747.94,1,0,structuring_smurfing_v2,1
547,TRANSFER,4378.56,SYNTH_SMURF_0000012,44099.09,39720.52,SYNTH_SMURFSINK_0000012,0.0,4378.56,1,0,structuring_smurfing_v2,1
236,TRANSFER,7609.65,SYNTH_SMURF_0000012,39720.52,32110.87,SYNTH_SMURFSINK_0000012,0.0,7609.65,1,0,structuring_smurfing_v2,1
272,TRANSFER,9422.9,SYNTH_SMURF_0000012,32110.87,22687.97,SYNTH_SMURFSINK_0000012,0.0,9422.9,1,0,structuring_smurfing_v2,1
511,TRANSFER,9459.58,SYNTH_SMURF_0000012,22687.97,13228.39,SYNTH_SMURFSINK_0000012,0.0,9459.58,1,0,structuring_smurfing_v2,1
184,PAYMENT,248.12,SYNTH_SMURF_0000013,3435.66,3187.54,C1522045250,0.0,248.12,0,0,structuring_smurfing_v2,1
185,TRANSFER,7384.64,SYNTH_SMURF_0000013,48920.69,41536.05,SYNTH_SMURFSINK_0000013,0.0,7384.64,1,0,structuring_smurfing_v2,1
557,TRANSFER,7024.6,SYNTH_SMURF_0000013,41536.05,34511.44,SYNTH_SMURFSINK_0000013,0.0,7024.6,1,0,structuring_smurfing_v2,1
640,TRANSFER,8793.63,SYNTH_SMURF_0000013,34511.44,25717.82,SYNTH_SMURFSINK_0000013,0.0,8793.63,1,0,structuring_smurfing_v2,1
199,TRANSFER,4978.03,SYNTH_SMURF_0000013,25717.82,20739.78,SYNTH_SMURFSINK_0000013,0.0,4978.03,1,0,structuring_smurfing_v2,1
43,TRANSFER,7402.63,SYNTH_SMURF_0000013,20739.78,13337.15,SYNTH_SMURFSINK_0000013,0.0,7402.63,1,0,structuring_smurfing_v2,1
352,TRANSFER,5120.03,SYNTH_SMURF_0000013,13337.15,8217.12,SYNTH_SMURFSINK_0000013,0.0,5120.03,1,0,structuring_smurfing_v2,1
524,PAYMENT,152.79,SYNTH_SMURF_0000014,1442.09,1289.3,C1694240903,0.0,152.79,0,0,structuring_smurfing_v2,1
527,TRANSFER,6053.34,SYNTH_SMURF_0000014,50639.33,44586.0,SYNTH_SMURFSINK_0000014,0.0,6053.34,1,0,structuring_smurfing_v2,1
418,TRANSFER,7750.85,SYNTH_SMURF_0000014,44586.0,36835.14,SYNTH_SMURFSINK_0000014,0.0,7750.85,1,0,structuring_smurfing_v2,1
555,TRANSFER,4511.04,SYNTH_SMURF_0000014,36835.14,32324.1,SYNTH_SMURFSINK_0000014,0.0,4511.04,1,0,structuring_smurfing_v2,1
72,TRANSFER,7628.14,SYNTH_SMURF_0000014,32324.1,24695.96,SYNTH_SMURFSINK_0000014,0.0,7628.14,1,0,structuring_smurfing_v2,1
463,TRANSFER,7347.42,SYNTH_SMURF_0000014,24695.96,17348.54,SYNTH_SMURFSINK_0000014,0.0,7347.42,1,0,structuring_smurfing_v2,1
266,TRANSFER,7295.15,SYNTH_SMURF_0000014,17348.54,10053.39,SYNTH_SMURFSINK_0000014,0.0,7295.15,1,0,structuring_smurfing_v2,1
134,PAYMENT,245.15,SYNTH_SMURF_0000015,1932.47,1687.32,C775048763,0.0,245.15,0,0,structuring_smurfing_v2,1
138,TRANSFER,5956.41,SYNTH_SMURF_0000015,46838.52,40882.11,SYNTH_SMURFSINK_0000015,0.0,5956.41,1,0,structuring_smurfing_v2,1
458,TRANSFER,6404.45,SYNTH_SMURF_0000015,40882.11,34477.66,SYNTH_SMURFSINK_0000015,0.0,6404.45,1,0,structuring_smurfing_v2,1
371,TRANSFER,9189.4,SYNTH_SMURF_0000015,34477.66,25288.26,SYNTH_SMURFSINK_0000015,0.0,9189.4,1,0,structuring_smurfing_v2,1
112,TRANSFER,6852.77,SYNTH_SMURF_0000015,25288.26,18435.49,SYNTH_SMURFSINK_0000015,0.0,6852.77,1,0,structuring_smurfing_v2,1
257,TRANSFER,7671.21,SYNTH_SMURF_0000015,18435.49,10764.28,SYNTH_SMURFSINK_0000015,0.0,7671.21,1,0,structuring_smurfing_v2,1
306,TRANSFER,6990.48,SYNTH_SMURF_0000015,10764.28,3773.8,SYNTH_SMURFSINK_0000015,0.0,6990.48,1,0,structuring_smurfing_v2,1
405,PAYMENT,248.34,SYNTH_SMURF_0000016,2273.21,2024.87,C835791693,0.0,248.34,0,0,structuring_smurfing_v2,1
408,TRANSFER,7847.42,SYNTH_SMURF_0000016,64132.31,56284.89,SYNTH_SMURFSINK_0000016,0.0,7847.42,1,0,structuring_smurfing_v2,1
361,TRANSFER,9651.09,SYNTH_SMURF_0000016,56284.89,46633.8,SYNTH_SMURFSINK_0000016,0.0,9651.09,1,0,structuring_smurfing_v2,1
290,TRANSFER,9697.46,SYNTH_SMURF_0000016,46633.8,36936.34,SYNTH_SMURFSINK_0000016,0.0,9697.46,1,0,structuring_smurfing_v2,1
643,TRANSFER,7657.14,SYNTH_SMURF_0000016,36936.34,29279.2,SYNTH_SMURFSINK_0000016,0.0,7657.14,1,0,structuring_smurfing_v2,1
494,TRANSFER,7911.48,SYNTH_SMURF_0000016,29279.2,21367.72,SYNTH_SMURFSINK_0000016,0.0,7911.48,1,0,structuring_smurfing_v2,1
545,TRANSFER,7465.36,SYNTH_SMURF_0000016,21367.72,13902.36,SYNTH_SMURFSINK_0000016,0.0,7465.36,1,0,structuring_smurfing_v2,1
628,PAYMENT,119.4,SYNTH_SMURF_0000017,1019.6,900.2,C272814278,0.0,119.4,0,0,structuring_smurfing_v2,1
633,TRANSFER,5019.32,SYNTH_SMURF_0000017,39364.19,34344.87,SYNTH_SMURFSINK_0000017,0.0,5019.32,1,0,structuring_smurfing_v2,1
347,TRANSFER,5291.35,SYNTH_SMURF_0000017,34344.87,29053.52,SYNTH_SMURFSINK_0000017,0.0,5291.35,1,0,structuring_smurfing_v2,1
431,TRANSFER,4235.4,SYNTH_SMURF_0000017,29053.52,24818.13,SYNTH_SMURFSINK_0000017,0.0,4235.4,1,0,structuring_smurfing_v2,1
670,TRANSFER,9161.37,SYNTH_SMURF_0000017,24818.13,15656.76,SYNTH_SMURFSINK_0000017,0.0,9161.37,1,0,structuring_smurfing_v2,1
464,TRANSFER,4084.51,SYNTH_SMURF_0000017,15656.76,11572.24,SYNTH_SMURFSINK_0000017,0.0,4084.51,1,0,structuring_smurfing_v2,1
688,TRANSFER,5122.15,SYNTH_SMURF_0000017,11572.24,6450.09,SYNTH_SMURFSINK_0000017,0.0,5122.15,1,0,structuring_smurfing_v2,1
258,PAYMENT,241.03,SYNTH_SMURF_0000018,1157.62,916.59,C1450498070,0.0,241.03,0,0,structuring_smurfing_v2,1
262,TRANSFER,9569.86,SYNTH_SMURF_0000018,46604.39,37034.53,SYNTH_SMURFSINK_0000018,0.0,9569.86,1,0,structuring_smurfing_v2,1
364,TRANSFER,7103.82,SYNTH_SMURF_0000018,37034.53,29930.71,SYNTH_SMURFSINK_0000018,0.0,7103.82,1,0,structuring_smurfing_v2,1
105,TRANSFER,7644.44,SYNTH_SMURF_0000018,29930.71,22286.27,SYNTH_SMURFSINK_0000018,0.0,7644.44,1,0,structuring_smurfing_v2,1
342,TRANSFER,6165.06,SYNTH_SMURF_0000018,22286.27,16121.21,SYNTH_SMURFSINK_0000018,0.0,6165.06,1,0,structuring_smurfing_v2,1
308,TRANSFER,6868.83,SYNTH_SMURF_0000018,16121.21,9252.38,SYNTH_SMURFSINK_0000018,0.0,6868.83,1,0,structuring_smurfing_v2,1
600,TRANSFER,5540.8,SYNTH_SMURF_0000018,9252.38,3711.58,SYNTH_SMURFSINK_0000018,0.0,5540.8,1,0,structuring_smurfing_v2,1
246,PAYMENT,246.07,SYNTH_SMURF_0000019,2160.52,1914.45,C513344698,0.0,246.07,0,0,structuring_smurfing_v2,1
251,TRANSFER,9078.85,SYNTH_SMURF_0000019,56287.96,47209.11,SYNTH_SMURFSINK_0000019,0.0,9078.85,1,0,structuring_smurfing_v2,1
54,TRANSFER,9408.13,SYNTH_SMURF_0000019,47209.11,37800.99,SYNTH_SMURFSINK_0000019,0.0,9408.13,1,0,structuring_smurfing_v2,1
141,TRANSFER,8270.21,SYNTH_SMURF_0000019,37800.99,29530.78,SYNTH_SMURFSINK_0000019,0.0,8270.21,1,0,structuring_smurfing_v2,1
183,TRANSFER,8146.05,SYNTH_SMURF_0000019,29530.78,21384.73,SYNTH_SMURFSINK_0000019,0.0,8146.05,1,0,structuring_smurfing_v2,1
703,TRANSFER,7857.97,SYNTH_SMURF_0000019,21384.73,13526.76,SYNTH_SMURFSINK_0000019,0.0,7857.97,1,0,structuring_smurfing_v2,1
542,TRANSFER,9514.58,SYNTH_SMURF_0000019,13526.76,4012.18,SYNTH_SMURFSINK_0000019,0.0,9514.58,1,0,structuring_smurfing_v2,1
341,PAYMENT,90.22,SYNTH_SMURF_0000020,979.87,889.65,C414325905,0.0,90.22,0,0,structuring_smurfing_v2,1
346,TRANSFER,9400.25,SYNTH_SMURF_0000020,62552.88,53152.63,SYNTH_SMURFSINK_0000020,0.0,9400.25,1,0,structuring_smurfing_v2,1
432,TRANSFER,9344.78,SYNTH_SMURF_0000020,53152.63,43807.86,SYNTH_SMURFSINK_0000020,0.0,9344.78,1,0,structuring_smurfing_v2,1
238,TRANSFER,9025.01,SYNTH_SMURF_0000020,43807.86,34782.85,SYNTH_SMURFSINK_0000020,0.0,9025.01,1,0,structuring_smurfing_v2,1
276,TRANSFER,6466.19,SYNTH_SMURF_0000020,34782.85,28316.66,SYNTH_SMURFSINK_0000020,0.0,6466.19,1,0,structuring_smurfing_v2,1
459,TRANSFER,8842.14,SYNTH_SMURF_0000020,28316.66,19474.51,SYNTH_SMURFSINK_0000020,0.0,8842.14,1,0,structuring_smurfing_v2,1
157,TRANSFER,7511.85,SYNTH_SMURF_0000020,19474.51,11962.67,SYNTH_SMURFSINK_0000020,0.0,7511.85,1,0,structuring_smurfing_v2,1
507,PAYMENT,34.56,SYNTH_SMURF_0000021,226.76,192.2,C2101697354,0.0,34.56,0,0,structuring_smurfing_v2,1
512,TRANSFER,4422.18,SYNTH_SMURF_0000021,49100.31,44678.14,SYNTH_SMURFSINK_0000021,0.0,4422.18,1,0,structuring_smurfing_v2,1
493,TRANSFER,9631.28,SYNTH_SMURF_0000021,44678.14,35046.86,SYNTH_SMURFSINK_0000021,0.0,9631.28,1,0,structuring_smurfing_v2,1
551,TRANSFER,9138.48,SYNTH_SMURF_0000021,35046.86,25908.38,SYNTH_SMURFSINK_0000021,0.0,9138.48,1,0,structuring_smurfing_v2,1
387,TRANSFER,5931.05,SYNTH_SMURF_0000021,25908.38,19977.33,SYNTH_SMURFSINK_0000021,0.0,5931.05,1,0,structuring_smurfing_v2,1
508,TRANSFER,4873.8,SYNTH_SMURF_0000021,19977.33,15103.53,SYNTH_SMURFSINK_0000021,0.0,4873.8,1,0,structuring_smurfing_v2,1
189,TRANSFER,8459.22,SYNTH_SMURF_0000021,15103.53,6644.31,SYNTH_SMURFSINK_0000021,0.0,8459.22,1,0,structuring_smurfing_v2,1
258,PAYMENT,130.23,SYNTH_SMURF_0000022,1501.97,1371.74,C1278776301,0.0,130.23,0,0,structuring_smurfing_v2,1
263,TRANSFER,4958.87,SYNTH_SMURF_0000022,53371.89,48413.02,SYNTH_SMURFSINK_0000022,0.0,4958.87,1,0,structuring_smurfing_v2,1
122,TRANSFER,7909.45,SYNTH_SMURF_0000022,48413.02,40503.57,SYNTH_SMURFSINK_0000022,0.0,7909.45,1,0,structuring_smurfing_v2,1
535,TRANSFER,6142.07,SYNTH_SMURF_0000022,40503.57,34361.5,SYNTH_SMURFSINK_0000022,0.0,6142.07,1,0,structuring_smurfing_v2,1
702,TRANSFER,8740.59,SYNTH_SMURF_0000022,34361.5,25620.91,SYNTH_SMURFSINK_0000022,0.0,8740.59,1,0,structuring_smurfing_v2,1
277,TRANSFER,9229.16,SYNTH_SMURF_0000022,25620.91,16391.75,SYNTH_SMURFSINK_0000022,0.0,9229.16,1,0,structuring_smurfing_v2,1
285,TRANSFER,6601.34,SYNTH_SMURF_0000022,16391.75,9790.41,SYNTH_SMURFSINK_0000022,0.0,6601.34,1,0,structuring_smurfing_v2,1
664,PAYMENT,209.04,SYNTH_SMURF_0000023,1134.96,925.92,C1118513928,0.0,209.04,0,0,structuring_smurfing_v2,1
668,TRANSFER,5647.21,SYNTH_SMURF_0000023,43100.94,37453.73,SYNTH_SMURFSINK_0000023,0.0,5647.21,1,0,structuring_smurfing_v2,1
300,TRANSFER,9556.46,SYNTH_SMURF_0000023,37453.73,27897.27,SYNTH_SMURFSINK_0000023,0.0,9556.46,1,0,structuring_smurfing_v2,1
528,TRANSFER,4319.77,SYNTH_SMURF_0000023,27897.27,23577.5,SYNTH_SMURFSINK_0000023,0.0,4319.77,1,0,structuring_smurfing_v2,1
525,TRANSFER,5301.16,SYNTH_SMURF_0000023,23577.5,18276.34,SYNTH_SMURFSINK_0000023,0.0,5301.16,1,0,structuring_smurfing_v2,1
676,TRANSFER,6813.11,SYNTH_SMURF_0000023,18276.34,11463.23,SYNTH_SMURFSINK_0000023,0.0,6813.11,1,0,structuring_smurfing_v2,1
475,TRANSFER,7834.69,SYNTH_SMURF_0000023,11463.23,3628.54,SYNTH_SMURFSINK_0000023,0.0,7834.69,1,0,structuring_smurfing_v2,1
249,PAYMENT,174.86,SYNTH_SMURF_0000024,2237.33,2062.47,C1745018424,0.0,174.86,0,0,structuring_smurfing_v2,1
253,TRANSFER,6204.68,SYNTH_SMURF_0000024,48161.66,41956.98,SYNTH_SMURFSINK_0000024,0.0,6204.68,1,0,structuring_smurfing_v2,1
94,TRANSFER,6971.59,SYNTH_SMURF_0000024,41956.98,34985.38,SYNTH_SMURFSINK_0000024,0.0,6971.59,1,0,structuring_smurfing_v2,1
200,TRANSFER,6831.26,SYNTH_SMURF_0000024,34985.38,28154.12,SYNTH_SMURFSINK_0000024,0.0,6831.26,1,0,structuring_smurfing_v2,1
13,TRANSFER,6707.29,SYNTH_SMURF_0000024,28154.12,21446.83,SYNTH_SMURFSINK_0000024,0.0,6707.29,1,0,structuring_smurfing_v2,1
251,TRANSFER,8750.09,SYNTH_SMURF_0000024,21446.83,12696.73,SYNTH_SMURFSINK_0000024,0.0,8750.09,1,0,structuring_smurfing_v2,1
372,TRANSFER,8706.82,SYNTH_SMURF_0000024,12696.73,3989.92,SYNTH_SMURFSINK_0000024,0.0,8706.82,1,0,structuring_smurfing_v2,1
568,PAYMENT,111.85,SYNTH_SMURF_0000025,1469.42,1357.57,C876263273,0.0,111.85,0,0,structuring_smurfing_v2,1
571,TRANSFER,8752.08,SYNTH_SMURF_0000025,52823.72,44071.63,SYNTH_SMURFSINK_0000025,0.0,8752.08,1,0,structuring_smurfing_v2,1
371,TRANSFER,8010.33,SYNTH_SMURF_0000025,44071.63,36061.3,SYNTH_SMURFSINK_0000025,0.0,8010.33,1,0,structuring_smurfing_v2,1
530,TRANSFER,9137.02,SYNTH_SMURF_0000025,36061.3,26924.28,SYNTH_SMURFSINK_0000025,0.0,9137.02,1,0,structuring_smurfing_v2,1
651,TRANSFER,5042.93,SYNTH_SMURF_0000025,26924.28,21881.36,SYNTH_SMURFSINK_0000025,0.0,5042.93,1,0,structuring_smurfing_v2,1
399,TRANSFER,7490.2,SYNTH_SMURF_0000025,21881.36,14391.16,SYNTH_SMURFSINK_0000025,0.0,7490.2,1,0,structuring_smurfing_v2,1
149,TRANSFER,6157.01,SYNTH_SMURF_0000025,14391.16,8234.15,SYNTH_SMURFSINK_0000025,0.0,6157.01,1,0,structuring_smurfing_v2,1
142,PAYMENT,141.81,SYNTH_SMURF_0000026,1955.09,1813.28,C1091821995,0.0,141.81,0,0,structuring_smurfing_v2,1
143,TRANSFER,9210.16,SYNTH_SMURF_0000026,52776.91,43566.75,SYNTH_SMURFSINK_0000026,0.0,9210.16,1,0,structuring_smurfing_v2,1
450,TRANSFER,6650.2,SYNTH_SMURF_0000026,43566.75,36916.55,SYNTH_SMURFSINK_0000026,0.0,6650.2,1,0,structuring_smurfing_v2,1
142,TRANSFER,8906.74,SYNTH_SMURF_0000026,36916.55,28009.82,SYNTH_SMURFSINK_0000026,0.0,8906.74,1,0,structuring_smurfing_v2,1
12,TRANSFER,8792.94,SYNTH_SMURF_0000026,28009.82,19216.87,SYNTH_SMURFSINK_0000026,0.0,8792.94,1,0,structuring_smurfing_v2,1
449,TRANSFER,6166.27,SYNTH_SMURF_0000026,19216.87,13050.6,SYNTH_SMURFSINK_0000026,0.0,6166.27,1,0,structuring_smurfing_v2,1
358,TRANSFER,8934.92,SYNTH_SMURF_0000026,13050.6,4115.68,SYNTH_SMURFSINK_0000026,0.0,8934.92,1,0,structuring_smurfing_v2,1
262,PAYMENT,171.72,SYNTH_SMURF_0000027,1504.87,1333.15,C1082726071,0.0,171.72,0,0,structuring_smurfing_v2,1
264,TRANSFER,7062.65,SYNTH_SMURF_0000027,44029.64,36966.99,SYNTH_SMURFSINK_0000027,0.0,7062.65,1,0,structuring_smurfing_v2,1
234,TRANSFER,6699.81,SYNTH_SMURF_0000027,36966.99,30267.19,SYNTH_SMURFSINK_0000027,0.0,6699.81,1,0,structuring_smurfing_v2,1
479,TRANSFER,4396.72,SYNTH_SMURF_0000027,30267.19,25870.46,SYNTH_SMURFSINK_0000027,0.0,4396.72,1,0,structuring_smurfing_v2,1
254,TRANSFER,7758.72,SYNTH_SMURF_0000027,25870.46,18111.74,SYNTH_SMURFSINK_0000027,0.0,7758.72,1,0,structuring_smurfing_v2,1
710,TRANSFER,7256.14,SYNTH_SMURF_0000027,18111.74,10855.6,SYNTH_SMURFSINK_0000027,0.0,7256.14,1,0,structuring_smurfing_v2,1
354,TRANSFER,8057.45,SYNTH_SMURF_0000027,10855.6,2798.15,SYNTH_SMURFSINK_0000027,0.0,8057.45,1,0,structuring_smurfing_v2,1
113,PAYMENT,63.67,SYNTH_SMURF_0000028,556.43,492.76,C799815694,0.0,63.67,0,0,structuring_smurfing_v2,1
114,TRANSFER,7289.13,SYNTH_SMURF_0000028,40861.99,33572.86,SYNTH_SMURFSINK_0000028,0.0,7289.13,1,0,structuring_smurfing_v2,1
186,TRANSFER,7184.99,SYNTH_SMURF_0000028,33572.86,26387.87,SYNTH_SMURFSINK_0000028,0.0,7184.99,1,0,structuring_smurfing_v2,1
151,TRANSFER,7051.24,SYNTH_SMURF_0000028,26387.87,19336.63,SYNTH_SMURFSINK_0000028,0.0,7051.24,1,0,structuring_smurfing_v2,1
679,TRANSFER,5310.0,SYNTH_SMURF_0000028,19336.63,14026.63,SYNTH_SMURFSINK_0000028,0.0,5310.0,1,0,structuring_smurfing_v2,1
565,TRANSFER,4130.57,SYNTH_SMURF_0000028,14026.63,9896.06,SYNTH_SMURFSINK_0000028,0.0,4130.57,1,0,structuring_smurfing_v2,1
508,TRANSFER,4588.38,SYNTH_SMURF_0000028,9896.06,5307.69,SYNTH_SMURFSINK_0000028,0.0,4588.38,1,0,structuring_smurfing_v2,1
625,PAYMENT,183.55,SYNTH_SMURF_0000029,724.44,540.89,C326021016,0.0,183.55,0,0,structuring_smurfing_v2,1
629,TRANSFER,4645.53,SYNTH_SMURF_0000029,41269.47,36623.94,SYNTH_SMURFSINK_0000029,0.0,4645.53,1,0,structuring_smurfing_v2,1
626,TRANSFER,7778.4,SYNTH_SMURF_0000029,36623.94,28845.54,SYNTH_SMURFSINK_0000029,0.0,7778.4,1,0,structuring_smurfing_v2,1
643,TRANSFER,4773.26,SYNTH_SMURF_0000029,28845.54,24072.28,SYNTH_SMURFSINK_0000029,0.0,4773.26,1,0,structuring_smurfing_v2,1
248,TRANSFER,5214.32,SYNTH_SMURF_0000029,24072.28,18857.97,SYNTH_SMURFSINK_0000029,0.0,5214.32,1,0,structuring_smurfing_v2,1
258,TRANSFER,5851.21,SYNTH_SMURF_0000029,18857.97,13006.76,SYNTH_SMURFSINK_0000029,0.0,5851.21,1,0,structuring_smurfing_v2,1
229,TRANSFER,5507.8,SYNTH_SMURF_0000029,13006.76,7498.95,SYNTH_SMURFSINK_0000029,0.0,5507.8,1,0,structuring_smurfing_v2,1
150,PAYMENT,129.48,SYNTH_SMURF_0000030,1457.1,1327.62,C794484732,0.0,129.48,0,0,structuring_smurfing_v2,1
155,TRANSFER,7087.68,SYNTH_SMURF_0000030,55796.98,48709.3,SYNTH_SMURFSINK_0000030,0.0,7087.68,1,0,structuring_smurfing_v2,1
556,TRANSFER,8144.41,SYNTH_SMURF_0000030,48709.3,40564.89,SYNTH_SMURFSINK_0000030,0.0,8144.41,1,0,structuring_smurfing_v2,1
27,TRANSFER,8139.56,SYNTH_SMURF_0000030,40564.89,32425.33,SYNTH_SMURFSINK_0000030,0.0,8139.56,1,0,structuring_smurfing_v2,1
473,TRANSFER,6665.99,SYNTH_SMURF_0000030,32425.33,25759.34,SYNTH_SMURFSINK_0000030,0.0,6665.99,1,0,structuring_smurfing_v2,1
132,TRANSFER,8678.72,SYNTH_SMURF_0000030,25759.34,17080.62,SYNTH_SMURFSINK_0000030,0.0,8678.72,1,0,structuring_smurfing_v2,1
350,TRANSFER,4693.47,SYNTH_SMURF_0000030,17080.62,12387.15,SYNTH_SMURFSINK_0000030,0.0,4693.47,1,0,structuring_smurfing_v2,1
411,PAYMENT,133.34,SYNTH_SMURF_0000031,972.79,839.45,C1585948155,0.0,133.34,0,0,structuring_smurfing_v2,1
416,TRANSFER,9225.1,SYNTH_SMURF_0000031,51502.9,42277.79,SYNTH_SMURFSINK_0000031,0.0,9225.1,1,0,structuring_smurfing_v2,1
33,TRANSFER,7682.51,SYNTH_SMURF_0000031,42277.79,34595.29,SYNTH_SMURFSINK_0000031,0.0,7682.51,1,0,structuring_smurfing_v2,1
639,TRANSFER,8660.38,SYNTH_SMURF_0000031,34595.29,25934.91,SYNTH_SMURFSINK_0000031,0.0,8660.38,1,0,structuring_smurfing_v2,1
262,TRANSFER,6741.5,SYNTH_SMURF_0000031,25934.91,19193.41,SYNTH_SMURFSINK_0000031,0.0,6741.5,1,0,structuring_smurfing_v2,1
711,TRANSFER,6994.44,SYNTH_SMURF_0000031,19193.41,12198.97,SYNTH_SMURFSINK_0000031,0.0,6994.44,1,0,structuring_smurfing_v2,1
343,TRANSFER,9352.78,SYNTH_SMURF_0000031,12198.97,2846.19,SYNTH_SMURFSINK_0000031,0.0,9352.78,1,0,structuring_smurfing_v2,1
380,PAYMENT,31.46,SYNTH_SMURF_0000032,257.97,226.51,C208380707,0.0,31.46,0,0,structuring_smurfing_v2,1
384,TRANSFER,9459.43,SYNTH_SMURF_0000032,59794.76,50335.34,SYNTH_SMURFSINK_0000032,0.0,9459.43,1,0,structuring_smurfing_v2,1
571,TRANSFER,9490.52,SYNTH_SMURF_0000032,50335.34,40844.82,SYNTH_SMURFSINK_0000032,0.0,9490.52,1,0,structuring_smurfing_v2,1
400,TRANSFER,4114.21,SYNTH_SMURF_0000032,40844.82,36730.61,SYNTH_SMURFSINK_0000032,0.0,4114.21,1,0,structuring_smurfing_v2,1
57,TRANSFER,6712.4,SYNTH_SMURF_0000032,36730.61,30018.22,SYNTH_SMURFSINK_0000032,0.0,6712.4,1,0,structuring_smurfing_v2,1
313,TRANSFER,9201.03,SYNTH_SMURF_0000032,30018.22,20817.19,SYNTH_SMURFSINK_0000032,0.0,9201.03,1,0,structuring_smurfing_v2,1
346,TRANSFER,9636.53,SYNTH_SMURF_0000032,20817.19,11180.66,SYNTH_SMURFSINK_0000032,0.0,9636.53,1,0,structuring_smurfing_v2,1
404,PAYMENT,8.64,SYNTH_SMURF_0000033,120.73,112.09,C587143640,0.0,8.64,0,0,structuring_smurfing_v2,1
409,TRANSFER,9204.49,SYNTH_SMURF_0000033,52124.28,42919.79,SYNTH_SMURFSINK_0000033,0.0,9204.49,1,0,structuring_smurfing_v2,1
604,TRANSFER,7624.84,SYNTH_SMURF_0000033,42919.79,35294.95,SYNTH_SMURFSINK_0000033,0.0,7624.84,1,0,structuring_smurfing_v2,1
513,TRANSFER,5646.04,SYNTH_SMURF_0000033,35294.95,29648.91,SYNTH_SMURFSINK_0000033,0.0,5646.04,1,0,structuring_smurfing_v2,1
476,TRANSFER,6959.53,SYNTH_SMURF_0000033,29648.91,22689.38,SYNTH_SMURFSINK_0000033,0.0,6959.53,1,0,structuring_smurfing_v2,1
221,TRANSFER,6606.27,SYNTH_SMURF_0000033,22689.38,16083.11,SYNTH_SMURFSINK_0000033,0.0,6606.27,1,0,structuring_smurfing_v2,1
141,TRANSFER,4144.85,SYNTH_SMURF_0000033,16083.11,11938.27,SYNTH_SMURFSINK_0000033,0.0,4144.85,1,0,structuring_smurfing_v2,1
107,PAYMENT,166.87,SYNTH_SMURF_0000034,2399.69,2232.82,C2108604771,0.0,166.87,0,0,structuring_smurfing_v2,1
109,TRANSFER,8498.78,SYNTH_SMURF_0000034,39433.55,30934.77,SYNTH_SMURFSINK_0000034,0.0,8498.78,1,0,structuring_smurfing_v2,1
577,TRANSFER,4001.82,SYNTH_SMURF_0000034,30934.77,26932.95,SYNTH_SMURFSINK_0000034,0.0,4001.82,1,0,structuring_smurfing_v2,1
207,TRANSFER,4446.76,SYNTH_SMURF_0000034,26932.95,22486.19,SYNTH_SMURFSINK_0000034,0.0,4446.76,1,0,structuring_smurfing_v2,1
420,TRANSFER,6442.9,SYNTH_SMURF_0000034,22486.19,16043.29,SYNTH_SMURFSINK_0000034,0.0,6442.9,1,0,structuring_smurfing_v2,1
162,TRANSFER,8239.97,SYNTH_SMURF_0000034,16043.29,7803.32,SYNTH_SMURFSINK_0000034,0.0,8239.97,1,0,structuring_smurfing_v2,1
525,TRANSFER,5276.22,SYNTH_SMURF_0000034,7803.32,2527.1,SYNTH_SMURFSINK_0000034,0.0,5276.22,1,0,structuring_smurfing_v2,1
296,PAYMENT,32.65,SYNTH_SMURF_0000035,417.94,385.29,C743493399,0.0,32.65,0,0,structuring_smurfing_v2,1
300,TRANSFER,4453.76,SYNTH_SMURF_0000035,50422.01,45968.25,SYNTH_SMURFSINK_0000035,0.0,4453.76,1,0,structuring_smurfing_v2,1
126,TRANSFER,7918.46,SYNTH_SMURF_0000035,45968.25,38049.79,SYNTH_SMURFSINK_0000035,0.0,7918.46,1,0,structuring_smurfing_v2,1
258,TRANSFER,8716.33,SYNTH_SMURF_0000035,38049.79,29333.46,SYNTH_SMURFSINK_0000035,0.0,8716.33,1,0,structuring_smurfing_v2,1
212,TRANSFER,5019.33,SYNTH_SMURF_0000035,29333.46,24314.13,SYNTH_SMURFSINK_0000035,0.0,5019.33,1,0,structuring_smurfing_v2,1
484,TRANSFER,9600.68,SYNTH_SMURF_0000035,24314.13,14713.45,SYNTH_SMURFSINK_0000035,0.0,9600.68,1,0,structuring_smurfing_v2,1
245,TRANSFER,9605.62,SYNTH_SMURF_0000035,14713.45,5107.83,SYNTH_SMURFSINK_0000035,0.0,9605.62,1,0,structuring_smurfing_v2,1
90,PAYMENT,137.37,SYNTH_SMURF_0000036,412.68,275.31,C126487116,0.0,137.37,0,0,structuring_smurfing_v2,1
95,TRANSFER,6970.9,SYNTH_SMURF_0000036,54353.47,47382.57,SYNTH_SMURFSINK_0000036,0.0,6970.9,1,0,structuring_smurfing_v2,1
73,TRANSFER,8319.24,SYNTH_SMURF_0000036,47382.57,39063.32,SYNTH_SMURFSINK_0000036,0.0,8319.24,1,0,structuring_smurfing_v2,1
615,TRANSFER,8398.1,SYNTH_SMURF_0000036,39063.32,30665.22,SYNTH_SMURFSINK_0000036,0.0,8398.1,1,0,structuring_smurfing_v2,1
350,TRANSFER,5698.51,SYNTH_SMURF_0000036,30665.22,24966.71,SYNTH_SMURFSINK_0000036,0.0,5698.51,1,0,structuring_smurfing_v2,1
94,TRANSFER,5088.3,SYNTH_SMURF_0000036,24966.71,19878.41,SYNTH_SMURFSINK_0000036,0.0,5088.3,1,0,structuring_smurfing_v2,1
146,TRANSFER,7503.68,SYNTH_SMURF_0000036,19878.41,12374.73,SYNTH_SMURFSINK_0000036,0.0,7503.68,1,0,structuring_smurfing_v2,1
326,PAYMENT,237.06,SYNTH_SMURF_0000037,1341.98,1104.92,C495317584,0.0,237.06,0,0,structuring_smurfing_v2,1
328,TRANSFER,8955.79,SYNTH_SMURF_0000037,49491.7,40535.91,SYNTH_SMURFSINK_0000037,0.0,8955.79,1,0,structuring_smurfing_v2,1
227,TRANSFER,8303.58,SYNTH_SMURF_0000037,40535.91,32232.33,SYNTH_SMURFSINK_0000037,0.0,8303.58,1,0,structuring_smurfing_v2,1
506,TRANSFER,6611.8,SYNTH_SMURF_0000037,32232.33,25620.53,SYNTH_SMURFSINK_0000037,0.0,6611.8,1,0,structuring_smurfing_v2,1
471,TRANSFER,5271.84,SYNTH_SMURF_0000037,25620.53,20348.7,SYNTH_SMURFSINK_0000037,0.0,5271.84,1,0,structuring_smurfing_v2,1
350,TRANSFER,4478.5,SYNTH_SMURF_0000037,20348.7,15870.2,SYNTH_SMURFSINK_0000037,0.0,4478.5,1,0,structuring_smurfing_v2,1
659,TRANSFER,8606.7,SYNTH_SMURF_0000037,15870.2,7263.5,SYNTH_SMURFSINK_0000037,0.0,8606.7,1,0,structuring_smurfing_v2,1
432,PAYMENT,125.06,SYNTH_SMURF_0000038,1291.93,1166.87,C825279131,0.0,125.06,0,0,structuring_smurfing_v2,1
433,TRANSFER,5214.82,SYNTH_SMURF_0000038,55357.02,50142.2,SYNTH_SMURFSINK_0000038,0.0,5214.82,1,0,structuring_smurfing_v2,1
545,TRANSFER,7445.6,SYNTH_SMURF_0000038,50142.2,42696.6,SYNTH_SMURFSINK_0000038,0.0,7445.6,1,0,structuring_smurfing_v2,1
62,TRANSFER,8288.51,SYNTH_SMURF_0000038,42696.6,34408.1,SYNTH_SMURFSINK_0000038,0.0,8288.51,1,0,structuring_smurfing_v2,1
232,TRANSFER,7779.79,SYNTH_SMURF_0000038,34408.1,26628.3,SYNTH_SMURFSINK_0000038,0.0,7779.79,1,0,structuring_smurfing_v2,1
302,TRANSFER,6287.58,SYNTH_SMURF_0000038,26628.3,20340.73,SYNTH_SMURFSINK_0000038,0.0,6287.58,1,0,structuring_smurfing_v2,1
618,TRANSFER,7678.6,SYNTH_SMURF_0000038,20340.73,12662.13,SYNTH_SMURFSINK_0000038,0.0,7678.6,1,0,structuring_smurfing_v2,1
607,PAYMENT,245.98,SYNTH_SMURF_0000039,3130.39,2884.41,C640192611,0.0,245.98,0,0,structuring_smurfing_v2,1
609,TRANSFER,5340.81,SYNTH_SMURF_0000039,40351.41,35010.59,SYNTH_SMURFSINK_0000039,0.0,5340.81,1,0,structuring_smurfing_v2,1
522,TRANSFER,4104.33,SYNTH_SMURF_0000039,35010.59,30906.27,SYNTH_SMURFSINK_0000039,0.0,4104.33,1,0,structuring_smurfing_v2,1
560,TRANSFER,9180.95,SYNTH_SMURF_0000039,30906.27,21725.32,SYNTH_SMURFSINK_0000039,0.0,9180.95,1,0,structuring_smurfing_v2,1
576,TRANSFER,4743.17,SYNTH_SMURF_0000039,21725.32,16982.15,SYNTH_SMURFSINK_0000039,0.0,4743.17,1,0,structuring_smurfing_v2,1
483,TRANSFER,6747.38,SYNTH_SMURF_0000039,16982.15,10234.77,SYNTH_SMURFSINK_0000039,0.0,6747.38,1,0,structuring_smurfing_v2,1
467,TRANSFER,5028.77,SYNTH_SMURF_0000039,10234.77,5206.01,SYNTH_SMURFSINK_0000039,0.0,5028.77,1,0,structuring_smurfing_v2,1
659,PAYMENT,34.63,SYNTH_SMURF_0000040,407.73,373.1,C1134573461,0.0,34.63,0,0,structuring_smurfing_v2,1
662,TRANSFER,7220.26,SYNTH_SMURF_0000040,51420.24,44199.98,SYNTH_SMURFSINK_0000040,0.0,7220.26,1,0,structuring_smurfing_v2,1
45,TRANSFER,4409.13,SYNTH_SMURF_0000040,44199.98,39790.85,SYNTH_SMURFSINK_0000040,0.0,4409.13,1,0,structuring_smurfing_v2,1
202,TRANSFER,7699.52,SYNTH_SMURF_0000040,39790.85,32091.33,SYNTH_SMURFSINK_0000040,0.0,7699.52,1,0,structuring_smurfing_v2,1
320,TRANSFER,7995.79,SYNTH_SMURF_0000040,32091.33,24095.55,SYNTH_SMURFSINK_0000040,0.0,7995.79,1,0,structuring_smurfing_v2,1
661,TRANSFER,7520.99,SYNTH_SMURF_0000040,24095.55,16574.56,SYNTH_SMURFSINK_0000040,0.0,7520.99,1,0,structuring_smurfing_v2,1
129,TRANSFER,7632.97,SYNTH_SMURF_0000040,16574.56,8941.59,SYNTH_SMURFSINK_0000040,0.0,7632.97,1,0,structuring_smurfing_v2,1
115,PAYMENT,143.29,SYNTH_SMURF_0000041,636.78,493.49,C825500719,0.0,143.29,0,0,structuring_smurfing_v2,1
117,TRANSFER,9361.46,SYNTH_SMURF_0000041,46920.08,37558.62,SYNTH_SMURFSINK_0000041,0.0,9361.46,1,0,structuring_smurfing_v2,1
423,TRANSFER,8028.34,SYNTH_SMURF_0000041,37558.62,29530.28,SYNTH_SMURFSINK_0000041,0.0,8028.34,1,0,structuring_smurfing_v2,1
644,TRANSFER,4810.12,SYNTH_SMURF_0000041,29530.28,24720.16,SYNTH_SMURFSINK_0000041,0.0,4810.12,1,0,structuring_smurfing_v2,1
457,TRANSFER,4212.18,SYNTH_SMURF_0000041,24720.16,20507.99,SYNTH_SMURFSINK_0000041,0.0,4212.18,1,0,structuring_smurfing_v2,1
547,TRANSFER,4903.27,SYNTH_SMURF_0000041,20507.99,15604.71,SYNTH_SMURFSINK_0000041,0.0,4903.27,1,0,structuring_smurfing_v2,1
625,TRANSFER,5991.53,SYNTH_SMURF_0000041,15604.71,9613.19,SYNTH_SMURFSINK_0000041,0.0,5991.53,1,0,structuring_smurfing_v2,1
520,PAYMENT,91.07,SYNTH_SMURF_0000042,772.03,680.96,C42618955,0.0,91.07,0,0,structuring_smurfing_v2,1
525,TRANSFER,8890.26,SYNTH_SMURF_0000042,54005.7,45115.44,SYNTH_SMURFSINK_0000042,0.0,8890.26,1,0,structuring_smurfing_v2,1
180,TRANSFER,9683.54,SYNTH_SMURF_0000042,45115.44,35431.9,SYNTH_SMURFSINK_0000042,0.0,9683.54,1,0,structuring_smurfing_v2,1
203,TRANSFER,7714.28,SYNTH_SMURF_0000042,35431.9,27717.62,SYNTH_SMURFSINK_0000042,0.0,7714.28,1,0,structuring_smurfing_v2,1
118,TRANSFER,6595.17,SYNTH_SMURF_0000042,27717.62,21122.45,SYNTH_SMURFSINK_0000042,0.0,6595.17,1,0,structuring_smurfing_v2,1
633,TRANSFER,5760.98,SYNTH_SMURF_0000042,21122.45,15361.47,SYNTH_SMURFSINK_0000042,0.0,5760.98,1,0,structuring_smurfing_v2,1
209,TRANSFER,7792.31,SYNTH_SMURF_0000042,15361.47,7569.15,SYNTH_SMURFSINK_0000042,0.0,7792.31,1,0,structuring_smurfing_v2,1
301,PAYMENT,149.97,SYNTH_SMURF_0000043,2239.81,2089.84,C420927138,0.0,149.97,0,0,structuring_smurfing_v2,1
306,TRANSFER,4468.46,SYNTH_SMURF_0000043,47204.98,42736.52,SYNTH_SMURFSINK_0000043,0.0,4468.46,1,0,structuring_smurfing_v2,1
650,TRANSFER,6786.23,SYNTH_SMURF_0000043,42736.52,35950.29,SYNTH_SMURFSINK_0000043,0.0,6786.23,1,0,structuring_smurfing_v2,1
371,TRANSFER,8107.23,SYNTH_SMURF_0000043,35950.29,27843.06,SYNTH_SMURFSINK_0000043,0.0,8107.23,1,0,structuring_smurfing_v2,1
189,TRANSFER,6704.72,SYNTH_SMURF_0000043,27843.06,21138.34,SYNTH_SMURFSINK_0000043,0.0,6704.72,1,0,structuring_smurfing_v2,1
657,TRANSFER,5074.17,SYNTH_SMURF_0000043,21138.34,16064.18,SYNTH_SMURFSINK_0000043,0.0,5074.17,1,0,structuring_smurfing_v2,1
97,TRANSFER,7381.79,SYNTH_SMURF_0000043,16064.18,8682.38,SYNTH_SMURFSINK_0000043,0.0,7381.79,1,0,structuring_smurfing_v2,1
317,PAYMENT,143.55,SYNTH_SMURF_0000044,1340.53,1196.98,C1297445055,0.0,143.55,0,0,structuring_smurfing_v2,1
319,TRANSFER,9315.48,SYNTH_SMURF_0000044,48144.58,38829.09,SYNTH_SMURFSINK_0000044,0.0,9315.48,1,0,structuring_smurfing_v2,1
275,TRANSFER,7904.82,SYNTH_SMURF_0000044,38829.09,30924.27,SYNTH_SMURFSINK_0000044,0.0,7904.82,1,0,structuring_smurfing_v2,1
590,TRANSFER,4255.58,SYNTH_SMURF_0000044,30924.27,26668.7,SYNTH_SMURFSINK_0000044,0.0,4255.58,1,0,structuring_smurfing_v2,1
319,TRANSFER,7209.04,SYNTH_SMURF_0000044,26668.7,19459.66,SYNTH_SMURFSINK_0000044,0.0,7209.04,1,0,structuring_smurfing_v2,1
216,TRANSFER,9137.47,SYNTH_SMURF_0000044,19459.66,10322.19,SYNTH_SMURFSINK_0000044,0.0,9137.47,1,0,structuring_smurfing_v2,1
708,TRANSFER,5100.45,SYNTH_SMURF_0000044,10322.19,5221.73,SYNTH_SMURFSINK_0000044,0.0,5100.45,1,0,structuring_smurfing_v2,1
432,PAYMENT,212.74,SYNTH_SMURF_0000045,1188.48,975.74,C2136308500,0.0,212.74,0,0,structuring_smurfing_v2,1
435,TRANSFER,8400.87,SYNTH_SMURF_0000045,50257.66,41856.79,SYNTH_SMURFSINK_0000045,0.0,8400.87,1,0,structuring_smurfing_v2,1
377,TRANSFER,5829.55,SYNTH_SMURF_0000045,41856.79,36027.24,SYNTH_SMURFSINK_0000045,0.0,5829.55,1,0,structuring_smurfing_v2,1
191,TRANSFER,9332.1,SYNTH_SMURF_0000045,36027.24,26695.14,SYNTH_SMURFSINK_0000045,0.0,9332.1,1,0,structuring_smurfing_v2,1
296,TRANSFER,7620.24,SYNTH_SMURF_0000045,26695.14,19074.9,SYNTH_SMURFSINK_0000045,0.0,7620.24,1,0,structuring_smurfing_v2,1
292,TRANSFER,4283.94,SYNTH_SMURF_0000045,19074.9,14790.96,SYNTH_SMURFSINK_0000045,0.0,4283.94,1,0,structuring_smurfing_v2,1
481,TRANSFER,5418.28,SYNTH_SMURF_0000045,14790.96,9372.68,SYNTH_SMURFSINK_0000045,0.0,5418.28,1,0,structuring_smurfing_v2,1
410,PAYMENT,127.27,SYNTH_SMURF_0000046,783.76,656.49,C1485653674,0.0,127.27,0,0,structuring_smurfing_v2,1
414,TRANSFER,4567.96,SYNTH_SMURF_0000046,45141.57,40573.61,SYNTH_SMURFSINK_0000046,0.0,4567.96,1,0,structuring_smurfing_v2,1
432,TRANSFER,8667.95,SYNTH_SMURF_0000046,40573.61,31905.66,SYNTH_SMURFSINK_0000046,0.0,8667.95,1,0,structuring_smurfing_v2,1
591,TRANSFER,5332.52,SYNTH_SMURF_0000046,31905.66,26573.14,SYNTH_SMURFSINK_0000046,0.0,5332.52,1,0,structuring_smurfing_v2,1
125,TRANSFER,5763.02,SYNTH_SMURF_0000046,26573.14,20810.12,SYNTH_SMURFSINK_0000046,0.0,5763.02,1,0,structuring_smurfing_v2,1
364,TRANSFER,7126.08,SYNTH_SMURF_0000046,20810.12,13684.04,SYNTH_SMURFSINK_0000046,0.0,7126.08,1,0,structuring_smurfing_v2,1
17,TRANSFER,5351.06,SYNTH_SMURF_0000046,13684.04,8332.98,SYNTH_SMURFSINK_0000046,0.0,5351.06,1,0,structuring_smurfing_v2,1
551,PAYMENT,147.0,SYNTH_SMURF_0000047,874.12,727.12,C91391019,0.0,147.0,0,0,structuring_smurfing_v2,1
552,TRANSFER,5423.73,SYNTH_SMURF_0000047,41252.17,35828.44,SYNTH_SMURFSINK_0000047,0.0,5423.73,1,0,structuring_smurfing_v2,1
337,TRANSFER,4397.75,SYNTH_SMURF_0000047,35828.44,31430.69,SYNTH_SMURFSINK_0000047,0.0,4397.75,1,0,structuring_smurfing_v2,1
118,TRANSFER,7752.21,SYNTH_SMURF_0000047,31430.69,23678.48,SYNTH_SMURFSINK_0000047,0.0,7752.21,1,0,structuring_smurfing_v2,1
111,TRANSFER,5662.41,SYNTH_SMURF_0000047,23678.48,18016.07,SYNTH_SMURFSINK_0000047,0.0,5662.41,1,0,structuring_smurfing_v2,1
430,TRANSFER,4589.41,SYNTH_SMURF_0000047,18016.07,13426.66,SYNTH_SMURFSINK_0000047,0.0,4589.41,1,0,structuring_smurfing_v2,1
314,TRANSFER,4918.43,SYNTH_SMURF_0000047,13426.66,8508.23,SYNTH_SMURFSINK_0000047,0.0,4918.43,1,0,structuring_smurfing_v2,1
532,PAYMENT,110.8,SYNTH_SMURF_0000048,391.61,280.81,C324911,0.0,110.8,0,0,structuring_smurfing_v2,1
537,TRANSFER,9466.48,SYNTH_SMURF_0000048,45074.59,35608.1,SYNTH_SMURFSINK_0000048,0.0,9466.48,1,0,structuring_smurfing_v2,1
172,TRANSFER,4106.78,SYNTH_SMURF_0000048,35608.1,31501.32,SYNTH_SMURFSINK_0000048,0.0,4106.78,1,0,structuring_smurfing_v2,1
71,TRANSFER,8085.81,SYNTH_SMURF_0000048,31501.32,23415.51,SYNTH_SMURFSINK_0000048,0.0,8085.81,1,0,structuring_smurfing_v2,1
591,TRANSFER,7360.17,SYNTH_SMURF_0000048,23415.51,16055.34,SYNTH_SMURFSINK_0000048,0.0,7360.17,1,0,structuring_smurfing_v2,1
155,TRANSFER,5173.71,SYNTH_SMURF_0000048,16055.34,10881.63,SYNTH_SMURFSINK_0000048,0.0,5173.71,1,0,structuring_smurfing_v2,1
295,TRANSFER,5331.73,SYNTH_SMURF_0000048,10881.63,5549.9,SYNTH_SMURFSINK_0000048,0.0,5331.73,1,0,structuring_smurfing_v2,1
459,PAYMENT,202.14,SYNTH_SMURF_0000049,1462.72,1260.58,C2127450632,0.0,202.14,0,0,structuring_smurfing_v2,1
461,TRANSFER,8361.48,SYNTH_SMURF_0000049,44374.11,36012.64,SYNTH_SMURFSINK_0000049,0.0,8361.48,1,0,structuring_smurfing_v2,1
219,TRANSFER,8135.23,SYNTH_SMURF_0000049,36012.64,27877.4,SYNTH_SMURFSINK_0000049,0.0,8135.23,1,0,structuring_smurfing_v2,1
583,TRANSFER,7254.84,SYNTH_SMURF_0000049,27877.4,20622.56,SYNTH_SMURFSINK_0000049,0.0,7254.84,1,0,structuring_smurfing_v2,1
677,TRANSFER,7305.99,SYNTH_SMURF_0000049,20622.56,13316.57,SYNTH_SMURFSINK_0000049,0.0,7305.99,1,0,structuring_smurfing_v2,1
591,TRANSFER,5557.32,SYNTH_SMURF_0000049,13316.57,7759.25,SYNTH_SMURFSINK_0000049,0.0,5557.32,1,0,structuring_smurfing_v2,1
593,TRANSFER,4180.58,SYNTH_SMURF_0000049,7759.25,3578.68,SYNTH_SMURFSINK_0000049,0.0,4180.58,1,0,structuring_smurfing_v2,1
489,PAYMENT,15.08,SYNTH_SMURF_0000050,136.26,121.18,C468994834,0.0,15.08,0,0,structuring_smurfing_v2,1
490,TRANSFER,5489.35,SYNTH_SMURF_0000050,52630.28,47140.93,SYNTH_SMURFSINK_0000050,0.0,5489.35,1,0,structuring_smurfing_v2,1
556,TRANSFER,8067.03,SYNTH_SMURF_0000050,47140.93,39073.9,SYNTH_SMURFSINK_0000050,0.0,8067.03,1,0,structuring_smurfing_v2,1
607,TRANSFER,6199.77,SYNTH_SMURF_0000050,39073.9,32874.13,SYNTH_SMURFSINK_0000050,0.0,6199.77,1,0,structuring_smurfing_v2,1
506,TRANSFER,9339.45,SYNTH_SMURF_0000050,32874.13,23534.68,SYNTH_SMURFSINK_0000050,0.0,9339.45,1,0,structuring_smurfing_v2,1
696,TRANSFER,7731.95,SYNTH_SMURF_0000050,23534.68,15802.73,SYNTH_SMURFSINK_0000050,0.0,7731.95,1,0,structuring_smurfing_v2,1
538,TRANSFER,8663.32,SYNTH_SMURF_0000050,15802.73,7139.41,SYNTH_SMURFSINK_0000050,0.0,8663.32,1,0,structuring_smurfing_v2,1
491,PAYMENT,8.54,SYNTH_SMURF_0000051,89.69,81.15,C1950257089,0.0,8.54,0,0,structuring_smurfing_v2,1
493,TRANSFER,8794.53,SYNTH_SMURF_0000051,47237.65,38443.11,SYNTH_SMURFSINK_0000051,0.0,8794.53,1,0,structuring_smurfing_v2,1
399,TRANSFER,6221.35,SYNTH_SMURF_0000051,38443.11,32221.76,SYNTH_SMURFSINK_0000051,0.0,6221.35,1,0,structuring_smurfing_v2,1
235,TRANSFER,6888.66,SYNTH_SMURF_0000051,32221.76,25333.1,SYNTH_SMURFSINK_0000051,0.0,6888.66,1,0,structuring_smurfing_v2,1
245,TRANSFER,8831.43,SYNTH_SMURF_0000051,25333.1,16501.67,SYNTH_SMURFSINK_0000051,0.0,8831.43,1,0,structuring_smurfing_v2,1
238,TRANSFER,4826.66,SYNTH_SMURF_0000051,16501.67,11675.01,SYNTH_SMURFSINK_0000051,0.0,4826.66,1,0,structuring_smurfing_v2,1
437,TRANSFER,7821.91,SYNTH_SMURF_0000051,11675.01,3853.1,SYNTH_SMURFSINK_0000051,0.0,7821.91,1,0,structuring_smurfing_v2,1
352,PAYMENT,171.52,SYNTH_SMURF_0000052,1870.92,1699.4,C501599446,0.0,171.52,0,0,structuring_smurfing_v2,1
357,TRANSFER,5100.22,SYNTH_SMURF_0000052,36654.12,31553.9,SYNTH_SMURFSINK_0000052,0.0,5100.22,1,0,structuring_smurfing_v2,1
203,TRANSFER,4364.65,SYNTH_SMURF_0000052,31553.9,27189.25,SYNTH_SMURFSINK_0000052,0.0,4364.65,1,0,structuring_smurfing_v2,1
284,TRANSFER,4033.0,SYNTH_SMURF_0000052,27189.25,23156.26,SYNTH_SMURFSINK_0000052,0.0,4033.0,1,0,structuring_smurfing_v2,1
593,TRANSFER,7851.04,SYNTH_SMURF_0000052,23156.26,15305.21,SYNTH_SMURFSINK_0000052,0.0,7851.04,1,0,structuring_smurfing_v2,1
349,TRANSFER,8131.19,SYNTH_SMURF_0000052,15305.21,7174.03,SYNTH_SMURFSINK_0000052,0.0,8131.19,1,0,structuring_smurfing_v2,1
456,TRANSFER,4476.57,SYNTH_SMURF_0000052,7174.03,2697.45,SYNTH_SMURFSINK_0000052,0.0,4476.57,1,0,structuring_smurfing_v2,1
514,PAYMENT,45.25,SYNTH_SMURF_0000053,554.25,509.0,C261732088,0.0,45.25,0,0,structuring_smurfing_v2,1
518,TRANSFER,6838.68,SYNTH_SMURF_0000053,49339.36,42500.67,SYNTH_SMURFSINK_0000053,0.0,6838.68,1,0,structuring_smurfing_v2,1
551,TRANSFER,5999.1,SYNTH_SMURF_0000053,42500.67,36501.57,SYNTH_SMURFSINK_0000053,0.0,5999.1,1,0,structuring_smurfing_v2,1
345,TRANSFER,7776.69,SYNTH_SMURF_0000053,36501.57,28724.88,SYNTH_SMURFSINK_0000053,0.0,7776.69,1,0,structuring_smurfing_v2,1
255,TRANSFER,8915.84,SYNTH_SMURF_0000053,28724.88,19809.03,SYNTH_SMURFSINK_0000053,0.0,8915.84,1,0,structuring_smurfing_v2,1
326,TRANSFER,8236.61,SYNTH_SMURF_0000053,19809.03,11572.43,SYNTH_SMURFSINK_0000053,0.0,8236.61,1,0,structuring_smurfing_v2,1
341,TRANSFER,7957.19,SYNTH_SMURF_0000053,11572.43,3615.24,SYNTH_SMURFSINK_0000053,0.0,7957.19,1,0,structuring_smurfing_v2,1
640,PAYMENT,111.88,SYNTH_SMURF_0000054,908.68,796.8,C802984688,0.0,111.88,0,0,structuring_smurfing_v2,1
644,TRANSFER,7417.75,SYNTH_SMURF_0000054,55715.0,48297.25,SYNTH_SMURFSINK_0000054,0.0,7417.75,1,0,structuring_smurfing_v2,1
637,TRANSFER,9480.52,SYNTH_SMURF_0000054,48297.25,38816.73,SYNTH_SMURFSINK_0000054,0.0,9480.52,1,0,structuring_smurfing_v2,1
80,TRANSFER,8842.97,SYNTH_SMURF_0000054,38816.73,29973.76,SYNTH_SMURFSINK_0000054,0.0,8842.97,1,0,structuring_smurfing_v2,1
451,TRANSFER,5432.89,SYNTH_SMURF_0000054,29973.76,24540.87,SYNTH_SMURFSINK_0000054,0.0,5432.89,1,0,structuring_smurfing_v2,1
373,TRANSFER,4425.71,SYNTH_SMURF_0000054,24540.87,20115.16,SYNTH_SMURFSINK_0000054,0.0,4425.71,1,0,structuring_smurfing_v2,1
71,TRANSFER,9399.17,SYNTH_SMURF_0000054,20115.16,10715.98,SYNTH_SMURFSINK_0000054,0.0,9399.17,1,0,structuring_smurfing_v2,1
26,PAYMENT,64.35,SYNTH_SMURF_0000055,815.26,750.91,C1017701823,0.0,64.35,0,0,structuring_smurfing_v2,1
28,TRANSFER,7070.82,SYNTH_SMURF_0000055,48012.91,40942.1,SYNTH_SMURFSINK_0000055,0.0,7070.82,1,0,structuring_smurfing_v2,1
170,TRANSFER,6908.84,SYNTH_SMURF_0000055,40942.1,34033.26,SYNTH_SMURFSINK_0000055,0.0,6908.84,1,0,structuring_smurfing_v2,1
334,TRANSFER,5430.31,SYNTH_SMURF_0000055,34033.26,28602.95,SYNTH_SMURFSINK_0000055,0.0,5430.31,1,0,structuring_smurfing_v2,1
79,TRANSFER,9558.94,SYNTH_SMURF_0000055,28602.95,19044.01,SYNTH_SMURFSINK_0000055,0.0,9558.94,1,0,structuring_smurfing_v2,1
508,TRANSFER,4197.06,SYNTH_SMURF_0000055,19044.01,14846.95,SYNTH_SMURFSINK_0000055,0.0,4197.06,1,0,structuring_smurfing_v2,1
97,TRANSFER,9456.43,SYNTH_SMURF_0000055,14846.95,5390.52,SYNTH_SMURFSINK_0000055,0.0,9456.43,1,0,structuring_smurfing_v2,1
227,PAYMENT,15.77,SYNTH_SMURF_0000056,154.73,138.96,C1087195893,0.0,15.77,0,0,structuring_smurfing_v2,1
232,TRANSFER,5109.73,SYNTH_SMURF_0000056,46029.39,40919.66,SYNTH_SMURFSINK_0000056,0.0,5109.73,1,0,structuring_smurfing_v2,1
469,TRANSFER,9230.39,SYNTH_SMURF_0000056,40919.66,31689.27,SYNTH_SMURFSINK_0000056,0.0,9230.39,1,0,structuring_smurfing_v2,1
415,TRANSFER,6814.42,SYNTH_SMURF_0000056,31689.27,24874.84,SYNTH_SMURFSINK_0000056,0.0,6814.42,1,0,structuring_smurfing_v2,1
244,TRANSFER,7246.0,SYNTH_SMURF_0000056,24874.84,17628.84,SYNTH_SMURFSINK_0000056,0.0,7246.0,1,0,structuring_smurfing_v2,1
712,TRANSFER,8771.56,SYNTH_SMURF_0000056,17628.84,8857.28,SYNTH_SMURFSINK_0000056,0.0,8771.56,1,0,structuring_smurfing_v2,1
264,TRANSFER,4839.81,SYNTH_SMURF_0000056,8857.28,4017.47,SYNTH_SMURFSINK_0000056,0.0,4839.81,1,0,structuring_smurfing_v2,1
5,PAYMENT,214.04,SYNTH_SMURF_0000057,648.61,434.57,C208684742,0.0,214.04,0,0,structuring_smurfing_v2,1
6,TRANSFER,7594.03,SYNTH_SMURF_0000057,46107.55,38513.52,SYNTH_SMURFSINK_0000057,0.0,7594.03,1,0,structuring_smurfing_v2,1
286,TRANSFER,4291.4,SYNTH_SMURF_0000057,38513.52,34222.13,SYNTH_SMURFSINK_0000057,0.0,4291.4,1,0,structuring_smurfing_v2,1
651,TRANSFER,7602.7,SYNTH_SMURF_0000057,34222.13,26619.43,SYNTH_SMURFSINK_0000057,0.0,7602.7,1,0,structuring_smurfing_v2,1
647,TRANSFER,5662.56,SYNTH_SMURF_0000057,26619.43,20956.87,SYNTH_SMURFSINK_0000057,0.0,5662.56,1,0,structuring_smurfing_v2,1
156,TRANSFER,7088.62,SYNTH_SMURF_0000057,20956.87,13868.25,SYNTH_SMURFSINK_0000057,0.0,7088.62,1,0,structuring_smurfing_v2,1
435,TRANSFER,7041.7,SYNTH_SMURF_0000057,13868.25,6826.55,SYNTH_SMURFSINK_0000057,0.0,7041.7,1,0,structuring_smurfing_v2,1
348,PAYMENT,106.02,SYNTH_SMURF_0000058,1081.21,975.19,C1059057365,0.0,106.02,0,0,structuring_smurfing_v2,1
352,TRANSFER,8329.8,SYNTH_SMURF_0000058,51275.76,42945.96,SYNTH_SMURFSINK_0000058,0.0,8329.8,1,0,structuring_smurfing_v2,1
632,TRANSFER,7973.2,SYNTH_SMURF_0000058,42945.96,34972.76,SYNTH_SMURFSINK_0000058,0.0,7973.2,1,0,structuring_smurfing_v2,1
126,TRANSFER,9501.94,SYNTH_SMURF_0000058,34972.76,25470.82,SYNTH_SMURFSINK_0000058,0.0,9501.94,1,0,structuring_smurfing_v2,1
312,TRANSFER,6707.25,SYNTH_SMURF_0000058,25470.82,18763.57,SYNTH_SMURFSINK_0000058,0.0,6707.25,1,0,structuring_smurfing_v2,1
676,TRANSFER,8127.29,SYNTH_SMURF_0000058,18763.57,10636.28,SYNTH_SMURFSINK_0000058,0.0,8127.29,1,0,structuring_smurfing_v2,1
528,TRANSFER,6952.2,SYNTH_SMURF_0000058,10636.28,3684.09,SYNTH_SMURFSINK_0000058,0.0,6952.2,1,0,structuring_smurfing_v2,1
233,PAYMENT,143.43,SYNTH_SMURF_0000059,2091.3,1947.87,C1677761246,0.0,143.43,0,0,structuring_smurfing_v2,1
237,TRANSFER,4269.3,SYNTH_SMURF_0000059,39966.67,35697.37,SYNTH_SMURFSINK_0000059,0.0,4269.3,1,0,structuring_smurfing_v2,1
146,TRANSFER,8127.23,SYNTH_SMURF_0000059,35697.37,27570.13,SYNTH_SMURFSINK_0000059,0.0,8127.23,1,0,structuring_smurfing_v2,1
489,TRANSFER,5048.31,SYNTH_SMURF_0000059,27570.13,22521.83,SYNTH_SMURFSINK_0000059,0.0,5048.31,1,0,structuring_smurfing_v2,1
468,TRANSFER,7666.47,SYNTH_SMURF_0000059,22521.83,14855.36,SYNTH_SMURFSINK_0000059,0.0,7666.47,1,0,structuring_smurfing_v2,1
725,TRANSFER,7177.44,SYNTH_SMURF_0000059,14855.36,7677.92,SYNTH_SMURFSINK_0000059,0.0,7177.44,1,0,structuring_smurfing_v2,1
518,TRANSFER,5571.34,SYNTH_SMURF_0000059,7677.92,2106.58,SYNTH_SMURFSINK_0000059,0.0,5571.34,1,0,structuring_smurfing_v2,1
303,PAYMENT,189.73,SYNTH_SMURF_0000060,1705.07,1515.34,C1605014930,0.0,189.73,0,0,structuring_smurfing_v2,1
308,TRANSFER,9629.72,SYNTH_SMURF_0000060,44416.8,34787.08,SYNTH_SMURFSINK_0000060,0.0,9629.72,1,0,structuring_smurfing_v2,1
372,TRANSFER,4617.26,SYNTH_SMURF_0000060,34787.08,30169.82,SYNTH_SMURFSINK_0000060,0.0,4617.26,1,0,structuring_smurfing_v2,1
150,TRANSFER,5841.5,SYNTH_SMURF_0000060,30169.82,24328.32,SYNTH_SMURFSINK_0000060,0.0,5841.5,1,0,structuring_smurfing_v2,1
383,TRANSFER,7367.32,SYNTH_SMURF_0000060,24328.32,16961.0,SYNTH_SMURFSINK_0000060,0.0,7367.32,1,0,structuring_smurfing_v2,1
431,TRANSFER,6090.43,SYNTH_SMURF_0000060,16961.0,10870.57,SYNTH_SMURFSINK_0000060,0.0,6090.43,1,0,structuring_smurfing_v2,1
717,TRANSFER,5175.04,SYNTH_SMURF_0000060,10870.57,5695.53,SYNTH_SMURFSINK_0000060,0.0,5175.04,1,0,structuring_smurfing_v2,1
269,PAYMENT,131.97,SYNTH_SMURF_0000061,1297.86,1165.89,C1905464099,0.0,131.97,0,0,structuring_smurfing_v2,1
270,TRANSFER,6243.77,SYNTH_SMURF_0000061,58531.74,52287.96,SYNTH_SMURFSINK_0000061,0.0,6243.77,1,0,structuring_smurfing_v2,1
281,TRANSFER,6659.62,SYNTH_SMURF_0000061,52287.96,45628.35,SYNTH_SMURFSINK_0000061,0.0,6659.62,1,0,structuring_smurfing_v2,1
402,TRANSFER,9380.42,SYNTH_SMURF_0000061,45628.35,36247.92,SYNTH_SMURFSINK_0000061,0.0,9380.42,1,0,structuring_smurfing_v2,1
15,TRANSFER,9571.43,SYNTH_SMURF_0000061,36247.92,26676.5,SYNTH_SMURFSINK_0000061,0.0,9571.43,1,0,structuring_smurfing_v2,1
212,TRANSFER,6661.38,SYNTH_SMURF_0000061,26676.5,20015.12,SYNTH_SMURFSINK_0000061,0.0,6661.38,1,0,structuring_smurfing_v2,1
279,TRANSFER,7325.39,SYNTH_SMURF_0000061,20015.12,12689.72,SYNTH_SMURFSINK_0000061,0.0,7325.39,1,0,structuring_smurfing_v2,1
443,PAYMENT,7.87,SYNTH_SMURF_0000062,29.61,21.74,C376542792,0.0,7.87,0,0,structuring_smurfing_v2,1
447,TRANSFER,7945.9,SYNTH_SMURF_0000062,50748.83,42802.93,SYNTH_SMURFSINK_0000062,0.0,7945.9,1,0,structuring_smurfing_v2,1
403,TRANSFER,8911.16,SYNTH_SMURF_0000062,42802.93,33891.77,SYNTH_SMURFSINK_0000062,0.0,8911.16,1,0,structuring_smurfing_v2,1
700,TRANSFER,7851.1,SYNTH_SMURF_0000062,33891.77,26040.67,SYNTH_SMURFSINK_0000062,0.0,7851.1,1,0,structuring_smurfing_v2,1
584,TRANSFER,5731.61,SYNTH_SMURF_0000062,26040.67,20309.06,SYNTH_SMURFSINK_0000062,0.0,5731.61,1,0,structuring_smurfing_v2,1
529,TRANSFER,7244.45,SYNTH_SMURF_0000062,20309.06,13064.61,SYNTH_SMURFSINK_0000062,0.0,7244.45,1,0,structuring_smurfing_v2,1
660,TRANSFER,4630.16,SYNTH_SMURF_0000062,13064.61,8434.45,SYNTH_SMURFSINK_0000062,0.0,4630.16,1,0,structuring_smurfing_v2,1
479,PAYMENT,5.03,SYNTH_SMURF_0000063,32.46,27.43,C611993748,0.0,5.03,0,0,structuring_smurfing_v2,1
483,TRANSFER,5456.1,SYNTH_SMURF_0000063,49164.52,43708.43,SYNTH_SMURFSINK_0000063,0.0,5456.1,1,0,structuring_smurfing_v2,1
615,TRANSFER,6103.59,SYNTH_SMURF_0000063,43708.43,37604.83,SYNTH_SMURFSINK_0000063,0.0,6103.59,1,0,structuring_smurfing_v2,1
139,TRANSFER,6777.47,SYNTH_SMURF_0000063,37604.83,30827.37,SYNTH_SMURFSINK_0000063,0.0,6777.47,1,0,structuring_smurfing_v2,1
359,TRANSFER,8725.08,SYNTH_SMURF_0000063,30827.37,22102.29,SYNTH_SMURFSINK_0000063,0.0,8725.08,1,0,structuring_smurfing_v2,1
685,TRANSFER,6081.21,SYNTH_SMURF_0000063,22102.29,16021.08,SYNTH_SMURFSINK_0000063,0.0,6081.21,1,0,structuring_smurfing_v2,1
686,TRANSFER,9560.58,SYNTH_SMURF_0000063,16021.08,6460.49,SYNTH_SMURFSINK_0000063,0.0,9560.58,1,0,structuring_smurfing_v2,1
260,PAYMENT,234.03,SYNTH_SMURF_0000064,2134.79,1900.76,C1148551149,0.0,234.03,0,0,structuring_smurfing_v2,1
263,TRANSFER,5660.99,SYNTH_SMURF_0000064,48763.58,43102.59,SYNTH_SMURFSINK_0000064,0.0,5660.99,1,0,structuring_smurfing_v2,1
607,TRANSFER,7615.46,SYNTH_SMURF_0000064,43102.59,35487.13,SYNTH_SMURFSINK_0000064,0.0,7615.46,1,0,structuring_smurfing_v2,1
454,TRANSFER,8246.54,SYNTH_SMURF_0000064,35487.13,27240.59,SYNTH_SMURFSINK_0000064,0.0,8246.54,1,0,structuring_smurfing_v2,1
134,TRANSFER,4774.87,SYNTH_SMURF_0000064,27240.59,22465.72,SYNTH_SMURFSINK_0000064,0.0,4774.87,1,0,structuring_smurfing_v2,1
325,TRANSFER,8086.97,SYNTH_SMURF_0000064,22465.72,14378.75,SYNTH_SMURFSINK_0000064,0.0,8086.97,1,0,structuring_smurfing_v2,1
686,TRANSFER,9618.15,SYNTH_SMURF_0000064,14378.75,4760.6,SYNTH_SMURFSINK_0000064,0.0,9618.15,1,0,structuring_smurfing_v2,1
194,PAYMENT,82.88,SYNTH_SMURF_0000065,491.5,408.62,C1721109092,0.0,82.88,0,0,structuring_smurfing_v2,1
198,TRANSFER,6349.34,SYNTH_SMURF_0000065,55920.96,49571.62,SYNTH_SMURFSINK_0000065,0.0,6349.34,1,0,structuring_smurfing_v2,1
414,TRANSFER,9319.74,SYNTH_SMURF_0000065,49571.62,40251.88,SYNTH_SMURFSINK_0000065,0.0,9319.74,1,0,structuring_smurfing_v2,1
212,TRANSFER,8090.54,SYNTH_SMURF_0000065,40251.88,32161.34,SYNTH_SMURFSINK_0000065,0.0,8090.54,1,0,structuring_smurfing_v2,1
231,TRANSFER,4796.9,SYNTH_SMURF_0000065,32161.34,27364.44,SYNTH_SMURFSINK_0000065,0.0,4796.9,1,0,structuring_smurfing_v2,1
482,TRANSFER,8947.53,SYNTH_SMURF_0000065,27364.44,18416.91,SYNTH_SMURFSINK_0000065,0.0,8947.53,1,0,structuring_smurfing_v2,1
240,TRANSFER,5604.87,SYNTH_SMURF_0000065,18416.91,12812.03,SYNTH_SMURFSINK_0000065,0.0,5604.87,1,0,structuring_smurfing_v2,1
621,PAYMENT,155.37,SYNTH_SMURF_0000066,1880.78,1725.41,C468973731,0.0,155.37,0,0,structuring_smurfing_v2,1
625,TRANSFER,7157.48,SYNTH_SMURF_0000066,62496.55,55339.07,SYNTH_SMURFSINK_0000066,0.0,7157.48,1,0,structuring_smurfing_v2,1
114,TRANSFER,8829.83,SYNTH_SMURF_0000066,55339.07,46509.24,SYNTH_SMURFSINK_0000066,0.0,8829.83,1,0,structuring_smurfing_v2,1
527,TRANSFER,9145.01,SYNTH_SMURF_0000066,46509.24,37364.23,SYNTH_SMURFSINK_0000066,0.0,9145.01,1,0,structuring_smurfing_v2,1
353,TRANSFER,5438.51,SYNTH_SMURF_0000066,37364.23,31925.72,SYNTH_SMURFSINK_0000066,0.0,5438.51,1,0,structuring_smurfing_v2,1
561,TRANSFER,8561.45,SYNTH_SMURF_0000066,31925.72,23364.27,SYNTH_SMURFSINK_0000066,0.0,8561.45,1,0,structuring_smurfing_v2,1
591,TRANSFER,9306.35,SYNTH_SMURF_0000066,23364.27,14057.93,SYNTH_SMURFSINK_0000066,0.0,9306.35,1,0,structuring_smurfing_v2,1
50,PAYMENT,20.13,SYNTH_SMURF_0000067,185.66,165.53,C1473151481,0.0,20.13,0,0,structuring_smurfing_v2,1
55,TRANSFER,5941.43,SYNTH_SMURF_0000067,44258.72,38317.29,SYNTH_SMURFSINK_0000067,0.0,5941.43,1,0,structuring_smurfing_v2,1
57,TRANSFER,5791.6,SYNTH_SMURF_0000067,38317.29,32525.69,SYNTH_SMURFSINK_0000067,0.0,5791.6,1,0,structuring_smurfing_v2,1
443,TRANSFER,7528.75,SYNTH_SMURF_0000067,32525.69,24996.94,SYNTH_SMURFSINK_0000067,0.0,7528.75,1,0,structuring_smurfing_v2,1
461,TRANSFER,5307.47,SYNTH_SMURF_0000067,24996.94,19689.48,SYNTH_SMURFSINK_0000067,0.0,5307.47,1,0,structuring_smurfing_v2,1
457,TRANSFER,4399.01,SYNTH_SMURF_0000067,19689.48,15290.46,SYNTH_SMURFSINK_0000067,0.0,4399.01,1,0,structuring_smurfing_v2,1
631,TRANSFER,8577.78,SYNTH_SMURF_0000067,15290.46,6712.68,SYNTH_SMURFSINK_0000067,0.0,8577.78,1,0,structuring_smurfing_v2,1
481,PAYMENT,247.24,SYNTH_SMURF_0000068,2902.9,2655.66,C319990808,0.0,247.24,0,0,structuring_smurfing_v2,1
486,TRANSFER,4150.76,SYNTH_SMURF_0000068,44883.69,40732.92,SYNTH_SMURFSINK_0000068,0.0,4150.76,1,0,structuring_smurfing_v2,1
487,TRANSFER,4067.17,SYNTH_SMURF_0000068,40732.92,36665.76,SYNTH_SMURFSINK_0000068,0.0,4067.17,1,0,structuring_smurfing_v2,1
191,TRANSFER,8850.85,SYNTH_SMURF_0000068,36665.76,27814.91,SYNTH_SMURFSINK_0000068,0.0,8850.85,1,0,structuring_smurfing_v2,1
488,TRANSFER,9381.95,SYNTH_SMURF_0000068,27814.91,18432.96,SYNTH_SMURFSINK_0000068,0.0,9381.95,1,0,structuring_smurfing_v2,1
257,TRANSFER,5680.52,SYNTH_SMURF_0000068,18432.96,12752.43,SYNTH_SMURFSINK_0000068,0.0,5680.52,1,0,structuring_smurfing_v2,1
180,TRANSFER,5717.26,SYNTH_SMURF_0000068,12752.43,7035.17,SYNTH_SMURFSINK_0000068,0.0,5717.26,1,0,structuring_smurfing_v2,1
46,PAYMENT,56.0,SYNTH_SMURF_0000069,801.04,745.04,C638072592,0.0,56.0,0,0,structuring_smurfing_v2,1
50,TRANSFER,9391.33,SYNTH_SMURF_0000069,48233.87,38842.54,SYNTH_SMURFSINK_0000069,0.0,9391.33,1,0,structuring_smurfing_v2,1
468,TRANSFER,4941.86,SYNTH_SMURF_0000069,38842.54,33900.68,SYNTH_SMURFSINK_0000069,0.0,4941.86,1,0,structuring_smurfing_v2,1
369,TRANSFER,4647.82,SYNTH_SMURF_0000069,33900.68,29252.86,SYNTH_SMURFSINK_0000069,0.0,4647.82,1,0,structuring_smurfing_v2,1
449,TRANSFER,8585.31,SYNTH_SMURF_0000069,29252.86,20667.55,SYNTH_SMURFSINK_0000069,0.0,8585.31,1,0,structuring_smurfing_v2,1
416,TRANSFER,5275.75,SYNTH_SMURF_0000069,20667.55,15391.8,SYNTH_SMURFSINK_0000069,0.0,5275.75,1,0,structuring_smurfing_v2,1
594,TRANSFER,7333.81,SYNTH_SMURF_0000069,15391.8,8058.0,SYNTH_SMURFSINK_0000069,0.0,7333.81,1,0,structuring_smurfing_v2,1
599,PAYMENT,166.58,SYNTH_SMURF_0000070,2051.76,1885.18,C1262001687,0.0,166.58,0,0,structuring_smurfing_v2,1
604,TRANSFER,5930.02,SYNTH_SMURF_0000070,48419.04,42489.03,SYNTH_SMURFSINK_0000070,0.0,5930.02,1,0,structuring_smurfing_v2,1
344,TRANSFER,9032.11,SYNTH_SMURF_0000070,42489.03,33456.91,SYNTH_SMURFSINK_0000070,0.0,9032.11,1,0,structuring_smurfing_v2,1
231,TRANSFER,8341.13,SYNTH_SMURF_0000070,33456.91,25115.79,SYNTH_SMURFSINK_0000070,0.0,8341.13,1,0,structuring_smurfing_v2,1
341,TRANSFER,4085.01,SYNTH_SMURF_0000070,25115.79,21030.77,SYNTH_SMURFSINK_0000070,0.0,4085.01,1,0,structuring_smurfing_v2,1
480,TRANSFER,7150.35,SYNTH_SMURF_0000070,21030.77,13880.43,SYNTH_SMURFSINK_0000070,0.0,7150.35,1,0,structuring_smurfing_v2,1
285,TRANSFER,4787.5,SYNTH_SMURF_0000070,13880.43,9092.92,SYNTH_SMURFSINK_0000070,0.0,4787.5,1,0,structuring_smurfing_v2,1
502,PAYMENT,108.64,SYNTH_SMURF_0000071,455.34,346.7,C821455730,0.0,108.64,0,0,structuring_smurfing_v2,1
506,TRANSFER,6864.83,SYNTH_SMURF_0000071,57030.56,50165.73,SYNTH_SMURFSINK_0000071,0.0,6864.83,1,0,structuring_smurfing_v2,1
289,TRANSFER,8162.75,SYNTH_SMURF_0000071,50165.73,42002.98,SYNTH_SMURFSINK_0000071,0.0,8162.75,1,0,structuring_smurfing_v2,1
505,TRANSFER,6277.03,SYNTH_SMURF_0000071,42002.98,35725.95,SYNTH_SMURFSINK_0000071,0.0,6277.03,1,0,structuring_smurfing_v2,1
167,TRANSFER,8564.07,SYNTH_SMURF_0000071,35725.95,27161.88,SYNTH_SMURFSINK_0000071,0.0,8564.07,1,0,structuring_smurfing_v2,1
688,TRANSFER,9320.17,SYNTH_SMURF_0000071,27161.88,17841.7,SYNTH_SMURFSINK_0000071,0.0,9320.17,1,0,structuring_smurfing_v2,1
610,TRANSFER,5609.78,SYNTH_SMURF_0000071,17841.7,12231.93,SYNTH_SMURFSINK_0000071,0.0,5609.78,1,0,structuring_smurfing_v2,1
105,PAYMENT,198.27,SYNTH_SMURF_0000072,2043.19,1844.92,C39511052,0.0,198.27,0,0,structuring_smurfing_v2,1
109,TRANSFER,6670.22,SYNTH_SMURF_0000072,37852.11,31181.89,SYNTH_SMURFSINK_0000072,0.0,6670.22,1,0,structuring_smurfing_v2,1
517,TRANSFER,8462.94,SYNTH_SMURF_0000072,31181.89,22718.95,SYNTH_SMURFSINK_0000072,0.0,8462.94,1,0,structuring_smurfing_v2,1
353,TRANSFER,4575.59,SYNTH_SMURF_0000072,22718.95,18143.36,SYNTH_SMURFSINK_0000072,0.0,4575.59,1,0,structuring_smurfing_v2,1
89,TRANSFER,5077.63,SYNTH_SMURF_0000072,18143.36,13065.72,SYNTH_SMURFSINK_0000072,0.0,5077.63,1,0,structuring_smurfing_v2,1
674,TRANSFER,4905.71,SYNTH_SMURF_0000072,13065.72,8160.01,SYNTH_SMURFSINK_0000072,0.0,4905.71,1,0,structuring_smurfing_v2,1
158,TRANSFER,4968.57,SYNTH_SMURF_0000072,8160.01,3191.44,SYNTH_SMURFSINK_0000072,0.0,4968.57,1,0,structuring_smurfing_v2,1
442,PAYMENT,69.68,SYNTH_SMURF_0000073,994.23,924.55,C1997751517,0.0,69.68,0,0,structuring_smurfing_v2,1
447,TRANSFER,4891.82,SYNTH_SMURF_0000073,46168.52,41276.7,SYNTH_SMURFSINK_0000073,0.0,4891.82,1,0,structuring_smurfing_v2,1
22,TRANSFER,4814.96,SYNTH_SMURF_0000073,41276.7,36461.74,SYNTH_SMURFSINK_0000073,0.0,4814.96,1,0,structuring_smurfing_v2,1
520,TRANSFER,4679.12,SYNTH_SMURF_0000073,36461.74,31782.61,SYNTH_SMURFSINK_0000073,0.0,4679.12,1,0,structuring_smurfing_v2,1
209,TRANSFER,8161.65,SYNTH_SMURF_0000073,31782.61,23620.96,SYNTH_SMURFSINK_0000073,0.0,8161.65,1,0,structuring_smurfing_v2,1
460,TRANSFER,8665.45,SYNTH_SMURF_0000073,23620.96,14955.51,SYNTH_SMURFSINK_0000073,0.0,8665.45,1,0,structuring_smurfing_v2,1
674,TRANSFER,6596.54,SYNTH_SMURF_0000073,14955.51,8358.97,SYNTH_SMURFSINK_0000073,0.0,6596.54,1,0,structuring_smurfing_v2,1
362,PAYMENT,42.83,SYNTH_SMURF_0000074,145.67,102.84,C689849136,0.0,42.83,0,0,structuring_smurfing_v2,1
365,TRANSFER,8287.21,SYNTH_SMURF_0000074,46338.0,38050.79,SYNTH_SMURFSINK_0000074,0.0,8287.21,1,0,structuring_smurfing_v2,1
332,TRANSFER,4734.1,SYNTH_SMURF_0000074,38050.79,33316.7,SYNTH_SMURFSINK_0000074,0.0,4734.1,1,0,structuring_smurfing_v2,1
556,TRANSFER,8794.1,SYNTH_SMURF_0000074,33316.7,24522.59,SYNTH_SMURFSINK_0000074,0.0,8794.1,1,0,structuring_smurfing_v2,1
444,TRANSFER,4095.01,SYNTH_SMURF_0000074,24522.59,20427.58,SYNTH_SMURFSINK_0000074,0.0,4095.01,1,0,structuring_smurfing_v2,1
558,TRANSFER,8435.19,SYNTH_SMURF_0000074,20427.58,11992.39,SYNTH_SMURFSINK_0000074,0.0,8435.19,1,0,structuring_smurfing_v2,1
25,TRANSFER,6835.06,SYNTH_SMURF_0000074,11992.39,5157.33,SYNTH_SMURFSINK_0000074,0.0,6835.06,1,0,structuring_smurfing_v2,1
440,PAYMENT,207.12,SYNTH_SMURF_0000075,950.5,743.38,C1787663951,0.0,207.12,0,0,structuring_smurfing_v2,1
445,TRANSFER,6628.44,SYNTH_SMURF_0000075,46023.46,39395.02,SYNTH_SMURFSINK_0000075,0.0,6628.44,1,0,structuring_smurfing_v2,1
468,TRANSFER,4916.86,SYNTH_SMURF_0000075,39395.02,34478.16,SYNTH_SMURFSINK_0000075,0.0,4916.86,1,0,structuring_smurfing_v2,1
443,TRANSFER,8662.21,SYNTH_SMURF_0000075,34478.16,25815.96,SYNTH_SMURFSINK_0000075,0.0,8662.21,1,0,structuring_smurfing_v2,1
189,TRANSFER,7752.34,SYNTH_SMURF_0000075,25815.96,18063.61,SYNTH_SMURFSINK_0000075,0.0,7752.34,1,0,structuring_smurfing_v2,1
69,TRANSFER,4941.88,SYNTH_SMURF_0000075,18063.61,13121.73,SYNTH_SMURFSINK_0000075,0.0,4941.88,1,0,structuring_smurfing_v2,1
524,TRANSFER,5085.39,SYNTH_SMURF_0000075,13121.73,8036.34,SYNTH_SMURFSINK_0000075,0.0,5085.39,1,0,structuring_smurfing_v2,1
548,PAYMENT,164.92,SYNTH_SMURF_0000076,2162.23,1997.31,C907230119,0.0,164.92,0,0,structuring_smurfing_v2,1
550,TRANSFER,5237.5,SYNTH_SMURF_0000076,39990.44,34752.94,SYNTH_SMURFSINK_0000076,0.0,5237.5,1,0,structuring_smurfing_v2,1
471,TRANSFER,4270.36,SYNTH_SMURF_0000076,34752.94,30482.58,SYNTH_SMURFSINK_0000076,0.0,4270.36,1,0,structuring_smurfing_v2,1
445,TRANSFER,5846.15,SYNTH_SMURF_0000076,30482.58,24636.43,SYNTH_SMURFSINK_0000076,0.0,5846.15,1,0,structuring_smurfing_v2,1
56,TRANSFER,5533.87,SYNTH_SMURF_0000076,24636.43,19102.56,SYNTH_SMURFSINK_0000076,0.0,5533.87,1,0,structuring_smurfing_v2,1
362,TRANSFER,4891.06,SYNTH_SMURF_0000076,19102.56,14211.5,SYNTH_SMURFSINK_0000076,0.0,4891.06,1,0,structuring_smurfing_v2,1
557,TRANSFER,7697.98,SYNTH_SMURF_0000076,14211.5,6513.51,SYNTH_SMURFSINK_0000076,0.0,7697.98,1,0,structuring_smurfing_v2,1
259,PAYMENT,183.96,SYNTH_SMURF_0000077,763.72,579.76,C2013299034,0.0,183.96,0,0,structuring_smurfing_v2,1
261,TRANSFER,7949.91,SYNTH_SMURF_0000077,40477.79,32527.88,SYNTH_SMURFSINK_0000077,0.0,7949.91,1,0,structuring_smurfing_v2,1
651,TRANSFER,5205.71,SYNTH_SMURF_0000077,32527.88,27322.17,SYNTH_SMURFSINK_0000077,0.0,5205.71,1,0,structuring_smurfing_v2,1
338,TRANSFER,5525.66,SYNTH_SMURF_0000077,27322.17,21796.51,SYNTH_SMURFSINK_0000077,0.0,5525.66,1,0,structuring_smurfing_v2,1
82,TRANSFER,5238.43,SYNTH_SMURF_0000077,21796.51,16558.08,SYNTH_SMURFSINK_0000077,0.0,5238.43,1,0,structuring_smurfing_v2,1
482,TRANSFER,4579.31,SYNTH_SMURF_0000077,16558.08,11978.77,SYNTH_SMURFSINK_0000077,0.0,4579.31,1,0,structuring_smurfing_v2,1
255,TRANSFER,6651.47,SYNTH_SMURF_0000077,11978.77,5327.3,SYNTH_SMURFSINK_0000077,0.0,6651.47,1,0,structuring_smurfing_v2,1
96,PAYMENT,125.04,SYNTH_SMURF_0000078,1003.15,878.11,C1823061194,0.0,125.04,0,0,structuring_smurfing_v2,1
100,TRANSFER,8723.08,SYNTH_SMURF_0000078,61266.02,52542.94,SYNTH_SMURFSINK_0000078,0.0,8723.08,1,0,structuring_smurfing_v2,1
176,TRANSFER,5990.55,SYNTH_SMURF_0000078,52542.94,46552.39,SYNTH_SMURFSINK_0000078,0.0,5990.55,1,0,structuring_smurfing_v2,1
548,TRANSFER,8855.49,SYNTH_SMURF_0000078,46552.39,37696.9,SYNTH_SMURFSINK_0000078,0.0,8855.49,1,0,structuring_smurfing_v2,1
189,TRANSFER,8952.38,SYNTH_SMURF_0000078,37696.9,28744.52,SYNTH_SMURFSINK_0000078,0.0,8952.38,1,0,structuring_smurfing_v2,1
500,TRANSFER,6428.12,SYNTH_SMURF_0000078,28744.52,22316.39,SYNTH_SMURFSINK_0000078,0.0,6428.12,1,0,structuring_smurfing_v2,1
115,TRANSFER,9156.25,SYNTH_SMURF_0000078,22316.39,13160.14,SYNTH_SMURFSINK_0000078,0.0,9156.25,1,0,structuring_smurfing_v2,1
129,PAYMENT,217.11,SYNTH_SMURF_0000079,2048.82,1831.71,C963559921,0.0,217.11,0,0,structuring_smurfing_v2,1
130,TRANSFER,8738.52,SYNTH_SMURF_0000079,43258.1,34519.58,SYNTH_SMURFSINK_0000079,0.0,8738.52,1,0,structuring_smurfing_v2,1
39,TRANSFER,8837.85,SYNTH_SMURF_0000079,34519.58,25681.72,SYNTH_SMURFSINK_0000079,0.0,8837.85,1,0,structuring_smurfing_v2,1
443,TRANSFER,5500.78,SYNTH_SMURF_0000079,25681.72,20180.95,SYNTH_SMURFSINK_0000079,0.0,5500.78,1,0,structuring_smurfing_v2,1
597,TRANSFER,4572.8,SYNTH_SMURF_0000079,20180.95,15608.15,SYNTH_SMURFSINK_0000079,0.0,4572.8,1,0,structuring_smurfing_v2,1
72,TRANSFER,6934.85,SYNTH_SMURF_0000079,15608.15,8673.3,SYNTH_SMURFSINK_0000079,0.0,6934.85,1,0,structuring_smurfing_v2,1
696,TRANSFER,4439.41,SYNTH_SMURF_0000079,8673.3,4233.89,SYNTH_SMURFSINK_0000079,0.0,4439.41,1,0,structuring_smurfing_v2,1
58,PAYMENT,16.3,SYNTH_SMURF_0000080,212.4,196.1,C2117316409,0.0,16.3,0,0,structuring_smurfing_v2,1
60,TRANSFER,6474.78,SYNTH_SMURF_0000080,53111.45,46636.66,SYNTH_SMURFSINK_0000080,0.0,6474.78,1,0,structuring_smurfing_v2,1
103,TRANSFER,8627.31,SYNTH_SMURF_0000080,46636.66,38009.35,SYNTH_SMURFSINK_0000080,0.0,8627.31,1,0,structuring_smurfing_v2,1
479,TRANSFER,8530.6,SYNTH_SMURF_0000080,38009.35,29478.75,SYNTH_SMURFSINK_0000080,0.0,8530.6,1,0,structuring_smurfing_v2,1
626,TRANSFER,6827.09,SYNTH_SMURF_0000080,29478.75,22651.66,SYNTH_SMURFSINK_0000080,0.0,6827.09,1,0,structuring_smurfing_v2,1
413,TRANSFER,8984.13,SYNTH_SMURF_0000080,22651.66,13667.54,SYNTH_SMURFSINK_0000080,0.0,8984.13,1,0,structuring_smurfing_v2,1
616,TRANSFER,8004.31,SYNTH_SMURF_0000080,13667.54,5663.23,SYNTH_SMURFSINK_0000080,0.0,8004.31,1,0,structuring_smurfing_v2,1
141,PAYMENT,162.66,SYNTH_SMURF_0000081,1017.95,855.29,C1155678278,0.0,162.66,0,0,structuring_smurfing_v2,1
146,TRANSFER,8789.35,SYNTH_SMURF_0000081,50396.5,41607.15,SYNTH_SMURFSINK_0000081,0.0,8789.35,1,0,structuring_smurfing_v2,1
54,TRANSFER,6071.07,SYNTH_SMURF_0000081,41607.15,35536.08,SYNTH_SMURFSINK_0000081,0.0,6071.07,1,0,structuring_smurfing_v2,1
17,TRANSFER,9507.02,SYNTH_SMURF_0000081,35536.08,26029.06,SYNTH_SMURFSINK_0000081,0.0,9507.02,1,0,structuring_smurfing_v2,1
82,TRANSFER,4730.06,SYNTH_SMURF_0000081,26029.06,21299.0,SYNTH_SMURFSINK_0000081,0.0,4730.06,1,0,structuring_smurfing_v2,1
451,TRANSFER,7965.49,SYNTH_SMURF_0000081,21299.0,13333.51,SYNTH_SMURFSINK_0000081,0.0,7965.49,1,0,structuring_smurfing_v2,1
32,TRANSFER,4251.3,SYNTH_SMURF_0000081,13333.51,9082.21,SYNTH_SMURFSINK_0000081,0.0,4251.3,1,0,structuring_smurfing_v2,1
344,PAYMENT,125.2,SYNTH_SMURF_0000082,449.1,323.9,C1082847040,0.0,125.2,0,0,structuring_smurfing_v2,1
349,TRANSFER,9655.61,SYNTH_SMURF_0000082,55313.51,45657.9,SYNTH_SMURFSINK_0000082,0.0,9655.61,1,0,structuring_smurfing_v2,1
126,TRANSFER,4051.26,SYNTH_SMURF_0000082,45657.9,41606.64,SYNTH_SMURFSINK_0000082,0.0,4051.26,1,0,structuring_smurfing_v2,1
46,TRANSFER,8108.88,SYNTH_SMURF_0000082,41606.64,33497.76,SYNTH_SMURFSINK_0000082,0.0,8108.88,1,0,structuring_smurfing_v2,1
60,TRANSFER,9212.99,SYNTH_SMURF_0000082,33497.76,24284.77,SYNTH_SMURFSINK_0000082,0.0,9212.99,1,0,structuring_smurfing_v2,1
252,TRANSFER,8330.28,SYNTH_SMURF_0000082,24284.77,15954.49,SYNTH_SMURFSINK_0000082,0.0,8330.28,1,0,structuring_smurfing_v2,1
619,TRANSFER,6112.27,SYNTH_SMURF_0000082,15954.49,9842.22,SYNTH_SMURFSINK_0000082,0.0,6112.27,1,0,structuring_smurfing_v2,1
445,PAYMENT,96.66,SYNTH_SMURF_0000083,445.19,348.53,C1325079639,0.0,96.66,0,0,structuring_smurfing_v2,1
448,TRANSFER,9109.93,SYNTH_SMURF_0000083,49932.94,40823.01,SYNTH_SMURFSINK_0000083,0.0,9109.93,1,0,structuring_smurfing_v2,1
209,TRANSFER,4293.91,SYNTH_SMURF_0000083,40823.01,36529.1,SYNTH_SMURFSINK_0000083,0.0,4293.91,1,0,structuring_smurfing_v2,1
500,TRANSFER,6262.14,SYNTH_SMURF_0000083,36529.1,30266.96,SYNTH_SMURFSINK_0000083,0.0,6262.14,1,0,structuring_smurfing_v2,1
284,TRANSFER,7395.28,SYNTH_SMURF_0000083,30266.96,22871.69,SYNTH_SMURFSINK_0000083,0.0,7395.28,1,0,structuring_smurfing_v2,1
133,TRANSFER,6133.9,SYNTH_SMURF_0000083,22871.69,16737.79,SYNTH_SMURFSINK_0000083,0.0,6133.9,1,0,structuring_smurfing_v2,1
654,TRANSFER,8078.81,SYNTH_SMURF_0000083,16737.79,8658.98,SYNTH_SMURFSINK_0000083,0.0,8078.81,1,0,structuring_smurfing_v2,1
413,PAYMENT,224.01,SYNTH_SMURF_0000084,1282.9,1058.89,C19886810,0.0,224.01,0,0,structuring_smurfing_v2,1
417,TRANSFER,7482.45,SYNTH_SMURF_0000084,52267.65,44785.21,SYNTH_SMURFSINK_0000084,0.0,7482.45,1,0,structuring_smurfing_v2,1
338,TRANSFER,7832.02,SYNTH_SMURF_0000084,44785.21,36953.19,SYNTH_SMURFSINK_0000084,0.0,7832.02,1,0,structuring_smurfing_v2,1
429,TRANSFER,9607.87,SYNTH_SMURF_0000084,36953.19,27345.32,SYNTH_SMURFSINK_0000084,0.0,9607.87,1,0,structuring_smurfing_v2,1
561,TRANSFER,8968.48,SYNTH_SMURF_0000084,27345.32,18376.84,SYNTH_SMURFSINK_0000084,0.0,8968.48,1,0,structuring_smurfing_v2,1
343,TRANSFER,5444.04,SYNTH_SMURF_0000084,18376.84,12932.8,SYNTH_SMURFSINK_0000084,0.0,5444.04,1,0,structuring_smurfing_v2,1
262,TRANSFER,9535.45,SYNTH_SMURF_0000084,12932.8,3397.35,SYNTH_SMURFSINK_0000084,0.0,9535.45,1,0,structuring_smurfing_v2,1
151,PAYMENT,122.33,SYNTH_SMURF_0000085,565.02,442.69,C434984817,0.0,122.33,0,0,structuring_smurfing_v2,1
154,TRANSFER,5634.15,SYNTH_SMURF_0000085,45464.76,39830.61,SYNTH_SMURFSINK_0000085,0.0,5634.15,1,0,structuring_smurfing_v2,1
356,TRANSFER,8018.26,SYNTH_SMURF_0000085,39830.61,31812.35,SYNTH_SMURFSINK_0000085,0.0,8018.26,1,0,structuring_smurfing_v2,1
448,TRANSFER,8959.07,SYNTH_SMURF_0000085,31812.35,22853.28,SYNTH_SMURFSINK_0000085,0.0,8959.07,1,0,structuring_smurfing_v2,1
640,TRANSFER,5358.3,SYNTH_SMURF_0000085,22853.28,17494.98,SYNTH_SMURFSINK_0000085,0.0,5358.3,1,0,structuring_smurfing_v2,1
312,TRANSFER,6735.16,SYNTH_SMURF_0000085,17494.98,10759.81,SYNTH_SMURFSINK_0000085,0.0,6735.16,1,0,structuring_smurfing_v2,1
648,TRANSFER,8084.72,SYNTH_SMURF_0000085,10759.81,2675.09,SYNTH_SMURFSINK_0000085,0.0,8084.72,1,0,structuring_smurfing_v2,1
236,PAYMENT,123.27,SYNTH_SMURF_0000086,1719.26,1595.99,C1932494879,0.0,123.27,0,0,structuring_smurfing_v2,1
241,TRANSFER,4113.31,SYNTH_SMURF_0000086,51787.73,47674.42,SYNTH_SMURFSINK_0000086,0.0,4113.31,1,0,structuring_smurfing_v2,1
498,TRANSFER,6217.43,SYNTH_SMURF_0000086,47674.42,41457.0,SYNTH_SMURFSINK_0000086,0.0,6217.43,1,0,structuring_smurfing_v2,1
720,TRANSFER,8430.27,SYNTH_SMURF_0000086,41457.0,33026.72,SYNTH_SMURFSINK_0000086,0.0,8430.27,1,0,structuring_smurfing_v2,1
163,TRANSFER,8325.31,SYNTH_SMURF_0000086,33026.72,24701.41,SYNTH_SMURFSINK_0000086,0.0,8325.31,1,0,structuring_smurfing_v2,1
220,TRANSFER,8824.41,SYNTH_SMURF_0000086,24701.41,15877.0,SYNTH_SMURFSINK_0000086,0.0,8824.41,1,0,structuring_smurfing_v2,1
311,TRANSFER,6983.43,SYNTH_SMURF_0000086,15877.0,8893.57,SYNTH_SMURFSINK_0000086,0.0,6983.43,1,0,structuring_smurfing_v2,1
582,PAYMENT,59.63,SYNTH_SMURF_0000087,275.45,215.82,C215520864,0.0,59.63,0,0,structuring_smurfing_v2,1
586,TRANSFER,6872.02,SYNTH_SMURF_0000087,54579.46,47707.43,SYNTH_SMURFSINK_0000087,0.0,6872.02,1,0,structuring_smurfing_v2,1
433,TRANSFER,6642.44,SYNTH_SMURF_0000087,47707.43,41064.99,SYNTH_SMURFSINK_0000087,0.0,6642.44,1,0,structuring_smurfing_v2,1
98,TRANSFER,6191.2,SYNTH_SMURF_0000087,41064.99,34873.79,SYNTH_SMURFSINK_0000087,0.0,6191.2,1,0,structuring_smurfing_v2,1
173,TRANSFER,8698.83,SYNTH_SMURF_0000087,34873.79,26174.96,SYNTH_SMURFSINK_0000087,0.0,8698.83,1,0,structuring_smurfing_v2,1
647,TRANSFER,7569.68,SYNTH_SMURF_0000087,26174.96,18605.28,SYNTH_SMURFSINK_0000087,0.0,7569.68,1,0,structuring_smurfing_v2,1
109,TRANSFER,8524.09,SYNTH_SMURF_0000087,18605.28,10081.19,SYNTH_SMURFSINK_0000087,0.0,8524.09,1,0,structuring_smurfing_v2,1
428,PAYMENT,222.62,SYNTH_SMURF_0000088,1965.7,1743.08,C1292964434,0.0,222.62,0,0,structuring_smurfing_v2,1
429,TRANSFER,4417.8,SYNTH_SMURF_0000088,38674.64,34256.85,SYNTH_SMURFSINK_0000088,0.0,4417.8,1,0,structuring_smurfing_v2,1
224,TRANSFER,6253.54,SYNTH_SMURF_0000088,34256.85,28003.3,SYNTH_SMURFSINK_0000088,0.0,6253.54,1,0,structuring_smurfing_v2,1
479,TRANSFER,5857.53,SYNTH_SMURF_0000088,28003.3,22145.77,SYNTH_SMURFSINK_0000088,0.0,5857.53,1,0,structuring_smurfing_v2,1
425,TRANSFER,8687.51,SYNTH_SMURF_0000088,22145.77,13458.27,SYNTH_SMURFSINK_0000088,0.0,8687.51,1,0,structuring_smurfing_v2,1
149,TRANSFER,4524.7,SYNTH_SMURF_0000088,13458.27,8933.57,SYNTH_SMURFSINK_0000088,0.0,4524.7,1,0,structuring_smurfing_v2,1
267,TRANSFER,6872.3,SYNTH_SMURF_0000088,8933.57,2061.27,SYNTH_SMURFSINK_0000088,0.0,6872.3,1,0,structuring_smurfing_v2,1
699,PAYMENT,105.75,SYNTH_SMURF_0000089,1280.63,1174.88,C1772445222,0.0,105.75,0,0,structuring_smurfing_v2,1
704,TRANSFER,5692.56,SYNTH_SMURF_0000089,50859.69,45167.13,SYNTH_SMURFSINK_0000089,0.0,5692.56,1,0,structuring_smurfing_v2,1
380,TRANSFER,4458.93,SYNTH_SMURF_0000089,45167.13,40708.2,SYNTH_SMURFSINK_0000089,0.0,4458.93,1,0,structuring_smurfing_v2,1
542,TRANSFER,7699.11,SYNTH_SMURF_0000089,40708.2,33009.1,SYNTH_SMURFSINK_0000089,0.0,7699.11,1,0,structuring_smurfing_v2,1
479,TRANSFER,7172.18,SYNTH_SMURF_0000089,33009.1,25836.92,SYNTH_SMURFSINK_0000089,0.0,7172.18,1,0,structuring_smurfing_v2,1
261,TRANSFER,6701.61,SYNTH_SMURF_0000089,25836.92,19135.31,SYNTH_SMURFSINK_0000089,0.0,6701.61,1,0,structuring_smurfing_v2,1
237,TRANSFER,9097.7,SYNTH_SMURF_0000089,19135.31,10037.61,SYNTH_SMURFSINK_0000089,0.0,9097.7,1,0,structuring_smurfing_v2,1
290,PAYMENT,96.52,SYNTH_SMURF_0000090,427.64,331.12,C149252987,0.0,96.52,0,0,structuring_smurfing_v2,1
294,TRANSFER,6301.75,SYNTH_SMURF_0000090,50769.55,44467.8,SYNTH_SMURFSINK_0000090,0.0,6301.75,1,0,structuring_smurfing_v2,1
185,TRANSFER,6632.94,SYNTH_SMURF_0000090,44467.8,37834.86,SYNTH_SMURFSINK_0000090,0.0,6632.94,1,0,structuring_smurfing_v2,1
437,TRANSFER,9402.2,SYNTH_SMURF_0000090,37834.86,28432.66,SYNTH_SMURFSINK_0000090,0.0,9402.2,1,0,structuring_smurfing_v2,1
377,TRANSFER,7736.73,SYNTH_SMURF_0000090,28432.66,20695.93,SYNTH_SMURFSINK_0000090,0.0,7736.73,1,0,structuring_smurfing_v2,1
102,TRANSFER,7187.61,SYNTH_SMURF_0000090,20695.93,13508.32,SYNTH_SMURFSINK_0000090,0.0,7187.61,1,0,structuring_smurfing_v2,1
211,TRANSFER,4317.28,SYNTH_SMURF_0000090,13508.32,9191.03,SYNTH_SMURFSINK_0000090,0.0,4317.28,1,0,structuring_smurfing_v2,1
593,PAYMENT,186.31,SYNTH_SMURF_0000091,887.18,700.87,C712377737,0.0,186.31,0,0,structuring_smurfing_v2,1
596,TRANSFER,7878.48,SYNTH_SMURF_0000091,59582.24,51703.76,SYNTH_SMURFSINK_0000091,0.0,7878.48,1,0,structuring_smurfing_v2,1
507,TRANSFER,5284.54,SYNTH_SMURF_0000091,51703.76,46419.23,SYNTH_SMURFSINK_0000091,0.0,5284.54,1,0,structuring_smurfing_v2,1
101,TRANSFER,9029.01,SYNTH_SMURF_0000091,46419.23,37390.22,SYNTH_SMURFSINK_0000091,0.0,9029.01,1,0,structuring_smurfing_v2,1
222,TRANSFER,9316.13,SYNTH_SMURF_0000091,37390.22,28074.08,SYNTH_SMURFSINK_0000091,0.0,9316.13,1,0,structuring_smurfing_v2,1
303,TRANSFER,9306.73,SYNTH_SMURF_0000091,28074.08,18767.36,SYNTH_SMURFSINK_0000091,0.0,9306.73,1,0,structuring_smurfing_v2,1
299,TRANSFER,6882.76,SYNTH_SMURF_0000091,18767.36,11884.6,SYNTH_SMURFSINK_0000091,0.0,6882.76,1,0,structuring_smurfing_v2,1
301,PAYMENT,70.66,SYNTH_SMURF_0000092,708.54,637.88,C1054106863,0.0,70.66,0,0,structuring_smurfing_v2,1
305,TRANSFER,6088.19,SYNTH_SMURF_0000092,55845.36,49757.17,SYNTH_SMURFSINK_0000092,0.0,6088.19,1,0,structuring_smurfing_v2,1
349,TRANSFER,9619.93,SYNTH_SMURF_0000092,49757.17,40137.24,SYNTH_SMURFSINK_0000092,0.0,9619.93,1,0,structuring_smurfing_v2,1
202,TRANSFER,8541.18,SYNTH_SMURF_0000092,40137.24,31596.06,SYNTH_SMURFSINK_0000092,0.0,8541.18,1,0,structuring_smurfing_v2,1
477,TRANSFER,7635.51,SYNTH_SMURF_0000092,31596.06,23960.55,SYNTH_SMURFSINK_0000092,0.0,7635.51,1,0,structuring_smurfing_v2,1
609,TRANSFER,6820.15,SYNTH_SMURF_0000092,23960.55,17140.4,SYNTH_SMURFSINK_0000092,0.0,6820.15,1,0,structuring_smurfing_v2,1
527,TRANSFER,7985.97,SYNTH_SMURF_0000092,17140.4,9154.43,SYNTH_SMURFSINK_0000092,0.0,7985.97,1,0,structuring_smurfing_v2,1
236,PAYMENT,78.6,SYNTH_SMURF_0000093,1177.18,1098.58,C1140881652,0.0,78.6,0,0,structuring_smurfing_v2,1
241,TRANSFER,4147.33,SYNTH_SMURF_0000093,42610.48,38463.15,SYNTH_SMURFSINK_0000093,0.0,4147.33,1,0,structuring_smurfing_v2,1
506,TRANSFER,8867.61,SYNTH_SMURF_0000093,38463.15,29595.54,SYNTH_SMURFSINK_0000093,0.0,8867.61,1,0,structuring_smurfing_v2,1
405,TRANSFER,6614.43,SYNTH_SMURF_0000093,29595.54,22981.1,SYNTH_SMURFSINK_0000093,0.0,6614.43,1,0,structuring_smurfing_v2,1
602,TRANSFER,7640.58,SYNTH_SMURF_0000093,22981.1,15340.52,SYNTH_SMURFSINK_0000093,0.0,7640.58,1,0,structuring_smurfing_v2,1
153,TRANSFER,5399.85,SYNTH_SMURF_0000093,15340.52,9940.67,SYNTH_SMURFSINK_0000093,0.0,5399.85,1,0,structuring_smurfing_v2,1
120,TRANSFER,5537.33,SYNTH_SMURF_0000093,9940.67,4403.34,SYNTH_SMURFSINK_0000093,0.0,5537.33,1,0,structuring_smurfing_v2,1
659,PAYMENT,129.06,SYNTH_SMURF_0000094,820.03,690.97,C1055440847,0.0,129.06,0,0,structuring_smurfing_v2,1
664,TRANSFER,9547.61,SYNTH_SMURF_0000094,59231.98,49684.37,SYNTH_SMURFSINK_0000094,0.0,9547.61,1,0,structuring_smurfing_v2,1
487,TRANSFER,9547.03,SYNTH_SMURF_0000094,49684.37,40137.34,SYNTH_SMURFSINK_0000094,0.0,9547.03,1,0,structuring_smurfing_v2,1
125,TRANSFER,5616.2,SYNTH_SMURF_0000094,40137.34,34521.15,SYNTH_SMURFSINK_0000094,0.0,5616.2,1,0,structuring_smurfing_v2,1
446,TRANSFER,8546.23,SYNTH_SMURF_0000094,34521.15,25974.91,SYNTH_SMURFSINK_0000094,0.0,8546.23,1,0,structuring_smurfing_v2,1
637,TRANSFER,6417.93,SYNTH_SMURF_0000094,25974.91,19556.98,SYNTH_SMURFSINK_0000094,0.0,6417.93,1,0,structuring_smurfing_v2,1
454,TRANSFER,9395.3,SYNTH_SMURF_0000094,19556.98,10161.68,SYNTH_SMURFSINK_0000094,0.0,9395.3,1,0,structuring_smurfing_v2,1
535,PAYMENT,53.57,SYNTH_SMURF_0000095,590.38,536.81,C1661641350,0.0,53.57,0,0,structuring_smurfing_v2,1
538,TRANSFER,7474.62,SYNTH_SMURF_0000095,57170.46,49695.84,SYNTH_SMURFSINK_0000095,0.0,7474.62,1,0,structuring_smurfing_v2,1
455,TRANSFER,7599.19,SYNTH_SMURF_0000095,49695.84,42096.65,SYNTH_SMURFSINK_0000095,0.0,7599.19,1,0,structuring_smurfing_v2,1
635,TRANSFER,8603.55,SYNTH_SMURF_0000095,42096.65,33493.1,SYNTH_SMURFSINK_0000095,0.0,8603.55,1,0,structuring_smurfing_v2,1
316,TRANSFER,6414.02,SYNTH_SMURF_0000095,33493.1,27079.09,SYNTH_SMURFSINK_0000095,0.0,6414.02,1,0,structuring_smurfing_v2,1
279,TRANSFER,9555.43,SYNTH_SMURF_0000095,27079.09,17523.66,SYNTH_SMURFSINK_0000095,0.0,9555.43,1,0,structuring_smurfing_v2,1
256,TRANSFER,7306.93,SYNTH_SMURF_0000095,17523.66,10216.73,SYNTH_SMURFSINK_0000095,0.0,7306.93,1,0,structuring_smurfing_v2,1
97,PAYMENT,104.89,SYNTH_SMURF_0000096,478.03,373.14,C450656403,0.0,104.89,0,0,structuring_smurfing_v2,1
101,TRANSFER,4325.4,SYNTH_SMURF_0000096,45664.0,41338.6,SYNTH_SMURFSINK_0000096,0.0,4325.4,1,0,structuring_smurfing_v2,1
437,TRANSFER,8491.14,SYNTH_SMURF_0000096,41338.6,32847.46,SYNTH_SMURFSINK_0000096,0.0,8491.14,1,0,structuring_smurfing_v2,1
526,TRANSFER,5640.46,SYNTH_SMURF_0000096,32847.46,27207.01,SYNTH_SMURFSINK_0000096,0.0,5640.46,1,0,structuring_smurfing_v2,1
490,TRANSFER,9553.54,SYNTH_SMURF_0000096,27207.01,17653.46,SYNTH_SMURFSINK_0000096,0.0,9553.54,1,0,structuring_smurfing_v2,1
87,TRANSFER,9686.48,SYNTH_SMURF_0000096,17653.46,7966.98,SYNTH_SMURFSINK_0000096,0.0,9686.48,1,0,structuring_smurfing_v2,1
126,TRANSFER,4081.82,SYNTH_SMURF_0000096,7966.98,3885.16,SYNTH_SMURFSINK_0000096,0.0,4081.82,1,0,structuring_smurfing_v2,1
81,PAYMENT,84.35,SYNTH_SMURF_0000097,939.9,855.55,C1906353801,0.0,84.35,0,0,structuring_smurfing_v2,1
86,TRANSFER,9103.98,SYNTH_SMURF_0000097,56890.28,47786.29,SYNTH_SMURFSINK_0000097,0.0,9103.98,1,0,structuring_smurfing_v2,1
575,TRANSFER,8806.48,SYNTH_SMURF_0000097,47786.29,38979.82,SYNTH_SMURFSINK_0000097,0.0,8806.48,1,0,structuring_smurfing_v2,1
92,TRANSFER,4299.25,SYNTH_SMURF_0000097,38979.82,34680.56,SYNTH_SMURFSINK_0000097,0.0,4299.25,1,0,structuring_smurfing_v2,1
270,TRANSFER,9124.34,SYNTH_SMURF_0000097,34680.56,25556.22,SYNTH_SMURFSINK_0000097,0.0,9124.34,1,0,structuring_smurfing_v2,1
496,TRANSFER,4095.34,SYNTH_SMURF_0000097,25556.22,21460.88,SYNTH_SMURFSINK_0000097,0.0,4095.34,1,0,structuring_smurfing_v2,1
478,TRANSFER,8969.91,SYNTH_SMURF_0000097,21460.88,12490.97,SYNTH_SMURFSINK_0000097,0.0,8969.91,1,0,structuring_smurfing_v2,1
410,PAYMENT,162.23,SYNTH_SMURF_0000098,2357.56,2195.33,C1515135552,0.0,162.23,0,0,structuring_smurfing_v2,1
411,TRANSFER,9011.19,SYNTH_SMURF_0000098,42783.7,33772.51,SYNTH_SMURFSINK_0000098,0.0,9011.19,1,0,structuring_smurfing_v2,1
380,TRANSFER,8614.2,SYNTH_SMURF_0000098,33772.51,25158.31,SYNTH_SMURFSINK_0000098,0.0,8614.2,1,0,structuring_smurfing_v2,1
591,TRANSFER,5580.44,SYNTH_SMURF_0000098,25158.31,19577.87,SYNTH_SMURFSINK_0000098,0.0,5580.44,1,0,structuring_smurfing_v2,1
435,TRANSFER,5165.8,SYNTH_SMURF_0000098,19577.87,14412.06,SYNTH_SMURFSINK_0000098,0.0,5165.8,1,0,structuring_smurfing_v2,1
395,TRANSFER,6085.47,SYNTH_SMURF_0000098,14412.06,8326.59,SYNTH_SMURFSINK_0000098,0.0,6085.47,1,0,structuring_smurfing_v2,1
470,TRANSFER,5476.9,SYNTH_SMURF_0000098,8326.59,2849.69,SYNTH_SMURFSINK_0000098,0.0,5476.9,1,0,structuring_smurfing_v2,1
524,PAYMENT,98.55,SYNTH_SMURF_0000099,913.83,815.28,C2090843725,0.0,98.55,0,0,structuring_smurfing_v2,1
528,TRANSFER,7986.12,SYNTH_SMURF_0000099,56225.9,48239.79,SYNTH_SMURFSINK_0000099,0.0,7986.12,1,0,structuring_smurfing_v2,1
663,TRANSFER,4837.09,SYNTH_SMURF_0000099,48239.79,43402.69,SYNTH_SMURFSINK_0000099,0.0,4837.09,1,0,structuring_smurfing_v2,1
124,TRANSFER,9499.14,SYNTH_SMURF_0000099,43402.69,33903.56,SYNTH_SMURFSINK_0000099,0.0,9499.14,1,0,structuring_smurfing_v2,1
98,TRANSFER,4221.95,SYNTH_SMURF_0000099,33903.56,29681.6,SYNTH_SMURFSINK_0000099,0.0,4221.95,1,0,structuring_smurfing_v2,1
263,TRANSFER,7272.09,SYNTH_SMURF_0000099,29681.6,22409.52,SYNTH_SMURFSINK_0000099,0.0,7272.09,1,0,structuring_smurfing_v2,1
374,TRANSFER,9688.23,SYNTH_SMURF_0000099,22409.52,12721.29,SYNTH_SMURFSINK_0000099,0.0,9688.23,1,0,structuring_smurfing_v2,1
258,PAYMENT,141.53,SYNTH_MULE0_0000000,2108.94,1967.41,C1110547697,0.0,141.53,0,0,mule_network_layering_v2,1
259,PAYMENT,229.88,SYNTH_MULE0_0000001,3308.54,3078.66,C96000734,0.0,229.88,0,0,mule_network_layering_v2,1
256,PAYMENT,220.83,SYNTH_MULE0_0000002,923.15,702.32,C529011565,0.0,220.83,0,0,mule_network_layering_v2,1
258,PAYMENT,5.55,SYNTH_MULE0_0000003,29.33,23.78,C1050137234,0.0,5.55,0,0,mule_network_layering_v2,1
259,PAYMENT,111.69,SYNTH_MULE0_0000004,1255.01,1143.32,C2122824525,0.0,111.69,0,0,mule_network_layering_v2,1
256,PAYMENT,108.27,SYNTH_MULE0_0000005,1276.63,1168.36,C771285318,0.0,108.27,0,0,mule_network_layering_v2,1
260,PAYMENT,172.47,SYNTH_MULE0_0000006,654.14,481.67,C1883573901,0.0,172.47,0,0,mule_network_layering_v2,1
257,PAYMENT,110.08,SYNTH_MULE0_0000007,1042.3,932.22,C40572944,0.0,110.08,0,0,mule_network_layering_v2,1
257,PAYMENT,64.76,SYNTH_MULE0_0000008,963.88,899.12,C1291669535,0.0,64.76,0,0,mule_network_layering_v2,1
258,PAYMENT,138.99,SYNTH_MULE0_0000009,1653.75,1514.76,C243148571,0.0,138.99,0,0,mule_network_layering_v2,1
256,PAYMENT,114.67,SYNTH_MULE0_0000010,473.13,358.46,C1131317311,0.0,114.67,0,0,mule_network_layering_v2,1
259,PAYMENT,42.79,SYNTH_MULE0_0000011,234.99,192.2,C718599598,0.0,42.79,0,0,mule_network_layering_v2,1
257,PAYMENT,59.73,SYNTH_MULESINK0_0000000,341.2,281.47,C332108764,0.0,59.73,0,0,mule_network_layering_v2,1
261,TRANSFER,11147.48,SYNTH_MULE0_0000000,11147.48,0.0,SYNTH_MULE0_0000001,0.0,10880.45,1,0,mule_network_layering_v2,1
262,TRANSFER,10880.45,SYNTH_MULE0_0000001,10880.45,0.0,SYNTH_MULE0_0000002,0.0,10570.37,1,0,mule_network_layering_v2,1
263,TRANSFER,10570.37,SYNTH_MULE0_0000002,10570.37,0.0,SYNTH_MULE0_0000003,0.0,9923.16,1,0,mule_network_layering_v2,1
264,TRANSFER,9923.16,SYNTH_MULE0_0000003,9923.16,0.0,SYNTH_MULE0_0000004,0.0,9470.22,1,0,mule_network_layering_v2,1
265,CASH_OUT,9470.22,SYNTH_MULESINK0_0000000,9470.22,0.0,SYNTH_MERCHANT0_0000000,0.0,9470.22,1,0,mule_network_layering_v2,1
514,PAYMENT,13.38,SYNTH_MULE1_0000000,193.21,179.83,C1471084539,0.0,13.38,0,0,mule_network_layering_v2,1
516,PAYMENT,196.9,SYNTH_MULE1_0000001,2313.63,2116.73,C1007561031,0.0,196.9,0,0,mule_network_layering_v2,1
515,PAYMENT,197.19,SYNTH_MULE1_0000002,1935.33,1738.14,C474666500,0.0,197.19,0,0,mule_network_layering_v2,1
517,PAYMENT,152.77,SYNTH_MULE1_0000003,1514.17,1361.4,C1080128758,0.0,152.77,0,0,mule_network_layering_v2,1
514,PAYMENT,20.51,SYNTH_MULE1_0000004,249.92,229.41,C1028383273,0.0,20.51,0,0,mule_network_layering_v2,1
513,PAYMENT,214.34,SYNTH_MULE1_0000005,2390.08,2175.74,C1589733512,0.0,214.34,0,0,mule_network_layering_v2,1
514,PAYMENT,211.88,SYNTH_MULE1_0000006,2776.86,2564.98,C1731081060,0.0,211.88,0,0,mule_network_layering_v2,1
517,PAYMENT,110.45,SYNTH_MULE1_0000007,804.8,694.35,C1715746958,0.0,110.45,0,0,mule_network_layering_v2,1
513,PAYMENT,149.06,SYNTH_MULE1_0000008,882.1,733.04,C1412641327,0.0,149.06,0,0,mule_network_layering_v2,1
514,PAYMENT,63.48,SYNTH_MULE1_0000009,531.09,467.61,C584205754,0.0,63.48,0,0,mule_network_layering_v2,1
513,PAYMENT,75.99,SYNTH_MULE1_0000010,1011.91,935.92,C1555066385,0.0,75.99,0,0,mule_network_layering_v2,1
516,PAYMENT,5.85,SYNTH_MULE1_0000011,67.63,61.78,C2033242264,0.0,5.85,0,0,mule_network_layering_v2,1
513,PAYMENT,200.61,SYNTH_MULESINK1_0000000,2185.32,1984.71,C248148681,0.0,200.61,0,0,mule_network_layering_v2,1
518,TRANSFER,3143.61,SYNTH_MULE1_0000000,3143.61,0.0,SYNTH_MULE1_0000001,0.0,3013.36,1,0,mule_network_layering_v2,1
519,TRANSFER,3013.36,SYNTH_MULE1_0000001,3013.36,0.0,SYNTH_MULE1_0000002,0.0,2828.56,1,0,mule_network_layering_v2,1
520,TRANSFER,2828.56,SYNTH_MULE1_0000002,2828.56,0.0,SYNTH_MULE1_0000003,0.0,2659.69,1,0,mule_network_layering_v2,1
521,TRANSFER,2659.69,SYNTH_MULE1_0000003,2659.69,0.0,SYNTH_MULE1_0000004,0.0,2544.42,1,0,mule_network_layering_v2,1
522,CASH_OUT,2544.42,SYNTH_MULESINK1_0000000,2544.42,0.0,SYNTH_MERCHANT1_0000000,0.0,2544.42,1,0,mule_network_layering_v2,1
387,PAYMENT,137.73,SYNTH_MULE2_0000000,1142.21,1004.48,C626855028,0.0,137.73,0,0,mule_network_layering_v2,1
386,PAYMENT,227.44,SYNTH_MULE2_0000001,1308.9,1081.46,C1837142500,0.0,227.44,0,0,mule_network_layering_v2,1
384,PAYMENT,23.66,SYNTH_MULE2_0000002,260.73,237.07,C1928831967,0.0,23.66,0,0,mule_network_layering_v2,1
385,PAYMENT,194.57,SYNTH_MULE2_0000003,2736.8,2542.23,C1649905079,0.0,194.57,0,0,mule_network_layering_v2,1
386,PAYMENT,98.27,SYNTH_MULE2_0000004,1361.63,1263.36,C414190756,0.0,98.27,0,0,mule_network_layering_v2,1
387,PAYMENT,92.65,SYNTH_MULE2_0000005,711.39,618.74,C1776741157,0.0,92.65,0,0,mule_network_layering_v2,1
383,PAYMENT,125.73,SYNTH_MULE2_0000006,385.53,259.8,C262783856,0.0,125.73,0,0,mule_network_layering_v2,1
384,PAYMENT,13.37,SYNTH_MULE2_0000007,48.01,34.64,C2027956622,0.0,13.37,0,0,mule_network_layering_v2,1
386,PAYMENT,12.26,SYNTH_MULE2_0000008,175.48,163.22,C1158856600,0.0,12.26,0,0,mule_network_layering_v2,1
383,PAYMENT,214.39,SYNTH_MULE2_0000009,965.02,750.63,C1477572009,0.0,214.39,0,0,mule_network_layering_v2,1
383,PAYMENT,188.13,SYNTH_MULE2_0000010,1175.23,987.1,C71617201,0.0,188.13,0,0,mule_network_layering_v2,1
383,PAYMENT,181.11,SYNTH_MULE2_0000011,2322.57,2141.46,C920822631,0.0,181.11,0,0,mule_network_layering_v2,1
383,PAYMENT,89.0,SYNTH_MULESINK2_0000000,321.28,232.28,C1586086080,0.0,89.0,0,0,mule_network_layering_v2,1
388,TRANSFER,2295.54,SYNTH_MULE2_0000000,2295.54,0.0,SYNTH_MULE2_0000001,0.0,2134.49,1,0,mule_network_layering_v2,1
389,TRANSFER,2134.49,SYNTH_MULE2_0000001,2134.49,0.0,SYNTH_MULE2_0000002,0.0,2088.15,1,0,mule_network_layering_v2,1
390,TRANSFER,2088.15,SYNTH_MULE2_0000002,2088.15,0.0,SYNTH_MULE2_0000003,0.0,1960.98,1,0,mule_network_layering_v2,1
391,TRANSFER,1960.98,SYNTH_MULE2_0000003,1960.98,0.0,SYNTH_MULE2_0000004,0.0,1913.68,1,0,mule_network_layering_v2,1
392,CASH_OUT,1913.68,SYNTH_MULESINK2_0000000,1913.68,0.0,SYNTH_MERCHANT2_0000000,0.0,1913.68,1,0,mule_network_layering_v2,1
175,PAYMENT,89.06,SYNTH_MULE3_0000000,538.16,449.1,C861079063,0.0,89.06,0,0,mule_network_layering_v2,1
175,PAYMENT,138.71,SYNTH_MULE3_0000001,488.58,349.87,C590018903,0.0,138.71,0,0,mule_network_layering_v2,1
173,PAYMENT,193.47,SYNTH_MULE3_0000002,1683.6,1490.13,C152667537,0.0,193.47,0,0,mule_network_layering_v2,1
174,PAYMENT,150.98,SYNTH_MULE3_0000003,2098.0,1947.02,C1048392802,0.0,150.98,0,0,mule_network_layering_v2,1
172,PAYMENT,165.72,SYNTH_MULE3_0000004,870.44,704.72,C1931921426,0.0,165.72,0,0,mule_network_layering_v2,1
176,PAYMENT,115.33,SYNTH_MULE3_0000005,715.64,600.31,C2061501029,0.0,115.33,0,0,mule_network_layering_v2,1
176,PAYMENT,156.48,SYNTH_MULE3_0000006,2050.41,1893.93,C1014077827,0.0,156.48,0,0,mule_network_layering_v2,1
175,PAYMENT,65.67,SYNTH_MULE3_0000007,432.04,366.37,C1660339379,0.0,65.67,0,0,mule_network_layering_v2,1
175,PAYMENT,213.68,SYNTH_MULE3_0000008,718.08,504.4,C1588947040,0.0,213.68,0,0,mule_network_layering_v2,1
174,PAYMENT,6.24,SYNTH_MULE3_0000009,38.69,32.45,C986095044,0.0,6.24,0,0,mule_network_layering_v2,1
173,PAYMENT,40.46,SYNTH_MULE3_0000010,423.82,383.36,C1958023122,0.0,40.46,0,0,mule_network_layering_v2,1
176,PAYMENT,241.77,SYNTH_MULE3_0000011,1856.42,1614.65,C400738676,0.0,241.77,0,0,mule_network_layering_v2,1
174,PAYMENT,20.32,SYNTH_MULESINK3_0000000,136.89,116.57,C601898047,0.0,20.32,0,0,mule_network_layering_v2,1
177,TRANSFER,4860.1,SYNTH_MULE3_0000000,4860.1,0.0,SYNTH_MULE3_0000001,0.0,4511.25,1,0,mule_network_layering_v2,1
178,TRANSFER,4511.25,SYNTH_MULE3_0000001,4511.25,0.0,SYNTH_MULE3_0000002,0.0,4410.57,1,0,mule_network_layering_v2,1
179,TRANSFER,4410.57,SYNTH_MULE3_0000002,4410.57,0.0,SYNTH_MULE3_0000003,0.0,4228.9,1,0,mule_network_layering_v2,1
180,TRANSFER,4228.9,SYNTH_MULE3_0000003,4228.9,0.0,SYNTH_MULE3_0000004,0.0,4126.86,1,0,mule_network_layering_v2,1
181,CASH_OUT,4126.86,SYNTH_MULESINK3_0000000,4126.86,0.0,SYNTH_MERCHANT3_0000000,0.0,4126.86,1,0,mule_network_layering_v2,1
205,PAYMENT,103.88,SYNTH_MULE4_0000000,437.87,333.99,C208860740,0.0,103.88,0,0,mule_network_layering_v2,1
205,PAYMENT,77.65,SYNTH_MULE4_0000001,1152.96,1075.31,C6145988,0.0,77.65,0,0,mule_network_layering_v2,1
208,PAYMENT,84.49,SYNTH_MULE4_0000002,1223.64,1139.15,C518990661,0.0,84.49,0,0,mule_network_layering_v2,1
206,PAYMENT,36.0,SYNTH_MULE4_0000003,401.21,365.21,C754341494,0.0,36.0,0,0,mule_network_layering_v2,1
204,PAYMENT,114.56,SYNTH_MULE4_0000004,959.8,845.24,C905893342,0.0,114.56,0,0,mule_network_layering_v2,1
205,PAYMENT,56.75,SYNTH_MULE4_0000005,212.98,156.23,C2100940748,0.0,56.75,0,0,mule_network_layering_v2,1
206,PAYMENT,36.58,SYNTH_MULE4_0000006,294.58,258.0,C1673544501,0.0,36.58,0,0,mule_network_layering_v2,1
208,PAYMENT,68.56,SYNTH_MULE4_0000007,487.31,418.75,C2098457727,0.0,68.56,0,0,mule_network_layering_v2,1
208,PAYMENT,203.67,SYNTH_MULE4_0000008,691.21,487.54,C742014043,0.0,203.67,0,0,mule_network_layering_v2,1
208,PAYMENT,36.62,SYNTH_MULE4_0000009,194.2,157.58,C852873546,0.0,36.62,0,0,mule_network_layering_v2,1
207,PAYMENT,243.18,SYNTH_MULE4_0000010,2722.24,2479.06,C252255328,0.0,243.18,0,0,mule_network_layering_v2,1
205,PAYMENT,120.71,SYNTH_MULE4_0000011,1196.77,1076.06,C929950007,0.0,120.71,0,0,mule_network_layering_v2,1
208,PAYMENT,35.82,SYNTH_MULESINK4_0000000,158.0,122.18,C1188035841,0.0,35.82,0,0,mule_network_layering_v2,1
209,TRANSFER,4057.34,SYNTH_MULE4_0000000,4057.34,0.0,SYNTH_MULE4_0000001,0.0,3839.19,1,0,mule_network_layering_v2,1
210,TRANSFER,3839.19,SYNTH_MULE4_0000001,3839.19,0.0,SYNTH_MULE4_0000002,0.0,3539.01,1,0,mule_network_layering_v2,1
211,TRANSFER,3539.01,SYNTH_MULE4_0000002,3539.01,0.0,SYNTH_MULE4_0000003,0.0,3347.89,1,0,mule_network_layering_v2,1
212,TRANSFER,3347.89,SYNTH_MULE4_0000003,3347.89,0.0,SYNTH_MULE4_0000004,0.0,3267.83,1,0,mule_network_layering_v2,1
213,CASH_OUT,3267.83,SYNTH_MULESINK4_0000000,3267.83,0.0,SYNTH_MERCHANT4_0000000,0.0,3267.83,1,0,mule_network_layering_v2,1
219,PAYMENT,149.85,SYNTH_MULE5_0000000,1962.63,1812.78,C598567147,0.0,149.85,0,0,mule_network_layering_v2,1
216,PAYMENT,32.05,SYNTH_MULE5_0000001,237.85,205.8,C1520792969,0.0,32.05,0,0,mule_network_layering_v2,1
219,PAYMENT,67.65,SYNTH_MULE5_0000002,789.74,722.09,C1009395437,0.0,67.65,0,0,mule_network_layering_v2,1
216,PAYMENT,227.26,SYNTH_MULE5_0000003,852.91,625.65,C1967308008,0.0,227.26,0,0,mule_network_layering_v2,1
219,PAYMENT,209.46,SYNTH_MULE5_0000004,1371.33,1161.87,C1825959145,0.0,209.46,0,0,mule_network_layering_v2,1
219,PAYMENT,71.83,SYNTH_MULE5_0000005,273.65,201.82,C316966419,0.0,71.83,0,0,mule_network_layering_v2,1
220,PAYMENT,30.21,SYNTH_MULE5_0000006,188.39,158.18,C1850523117,0.0,30.21,0,0,mule_network_layering_v2,1
220,PAYMENT,96.16,SYNTH_MULE5_0000007,784.47,688.31,C1023125457,0.0,96.16,0,0,mule_network_layering_v2,1
218,PAYMENT,234.3,SYNTH_MULE5_0000008,1235.64,1001.34,C1231345886,0.0,234.3,0,0,mule_network_layering_v2,1
217,PAYMENT,66.53,SYNTH_MULE5_0000009,239.61,173.08,C1572675379,0.0,66.53,0,0,mule_network_layering_v2,1
220,PAYMENT,114.53,SYNTH_MULE5_0000010,1519.44,1404.91,C372068401,0.0,114.53,0,0,mule_network_layering_v2,1
218,PAYMENT,29.1,SYNTH_MULE5_0000011,141.07,111.97,C77373931,0.0,29.1,0,0,mule_network_layering_v2,1
218,PAYMENT,183.86,SYNTH_MULESINK5_0000000,695.31,511.45,C96593026,0.0,183.86,0,0,mule_network_layering_v2,1
221,TRANSFER,2855.43,SYNTH_MULE5_0000000,2855.43,0.0,SYNTH_MULE5_0000001,0.0,2763.78,1,0,mule_network_layering_v2,1
222,TRANSFER,2763.78,SYNTH_MULE5_0000001,2763.78,0.0,SYNTH_MULE5_0000002,0.0,2609.15,1,0,mule_network_layering_v2,1
223,TRANSFER,2609.15,SYNTH_MULE5_0000002,2609.15,0.0,SYNTH_MULE5_0000003,0.0,2461.05,1,0,mule_network_layering_v2,1
224,TRANSFER,2461.05,SYNTH_MULE5_0000003,2461.05,0.0,SYNTH_MULE5_0000004,0.0,2293.81,1,0,mule_network_layering_v2,1
225,CASH_OUT,2293.81,SYNTH_MULESINK5_0000000,2293.81,0.0,SYNTH_MERCHANT5_0000000,0.0,2293.81,1,0,mule_network_layering_v2,1
341,PAYMENT,122.2,SYNTH_MULE6_0000000,646.04,523.84,C297921100,0.0,122.2,0,0,mule_network_layering_v2,1
342,PAYMENT,217.95,SYNTH_MULE6_0000001,2119.02,1901.07,C686863008,0.0,217.95,0,0,mule_network_layering_v2,1
343,PAYMENT,191.56,SYNTH_MULE6_0000002,2765.32,2573.76,C1637501261,0.0,191.56,0,0,mule_network_layering_v2,1
340,PAYMENT,171.26,SYNTH_MULE6_0000003,813.79,642.53,C536361950,0.0,171.26,0,0,mule_network_layering_v2,1
342,PAYMENT,37.12,SYNTH_MULE6_0000004,387.87,350.75,C775415036,0.0,37.12,0,0,mule_network_layering_v2,1
341,PAYMENT,127.31,SYNTH_MULE6_0000005,1194.04,1066.73,C2098034377,0.0,127.31,0,0,mule_network_layering_v2,1
340,PAYMENT,91.15,SYNTH_MULE6_0000006,1043.59,952.44,C1041551176,0.0,91.15,0,0,mule_network_layering_v2,1
344,PAYMENT,199.97,SYNTH_MULE6_0000007,1213.92,1013.95,C197002998,0.0,199.97,0,0,mule_network_layering_v2,1
344,PAYMENT,27.51,SYNTH_MULE6_0000008,101.7,74.19,C101450589,0.0,27.51,0,0,mule_network_layering_v2,1
342,PAYMENT,140.17,SYNTH_MULE6_0000009,513.48,373.31,C1113301127,0.0,140.17,0,0,mule_network_layering_v2,1
340,PAYMENT,58.06,SYNTH_MULE6_0000010,744.36,686.3,C1868985576,0.0,58.06,0,0,mule_network_layering_v2,1
343,PAYMENT,56.86,SYNTH_MULE6_0000011,730.94,674.08,C118341862,0.0,56.86,0,0,mule_network_layering_v2,1
340,PAYMENT,90.36,SYNTH_MULESINK6_0000000,720.95,630.59,C1960960109,0.0,90.36,0,0,mule_network_layering_v2,1
345,TRANSFER,2615.26,SYNTH_MULE6_0000000,2615.26,0.0,SYNTH_MULE6_0000001,0.0,2484.75,1,0,mule_network_layering_v2,1
346,TRANSFER,2484.75,SYNTH_MULE6_0000001,2484.75,0.0,SYNTH_MULE6_0000002,0.0,2340.14,1,0,mule_network_layering_v2,1
347,TRANSFER,2340.14,SYNTH_MULE6_0000002,2340.14,0.0,SYNTH_MULE6_0000003,0.0,2267.38,1,0,mule_network_layering_v2,1
348,TRANSFER,2267.38,SYNTH_MULE6_0000003,2267.38,0.0,SYNTH_MULE6_0000004,0.0,2217.02,1,0,mule_network_layering_v2,1
349,CASH_OUT,2217.02,SYNTH_MULESINK6_0000000,2217.02,0.0,SYNTH_MERCHANT6_0000000,0.0,2217.02,1,0,mule_network_layering_v2,1
522,PAYMENT,168.76,SYNTH_MULE7_0000000,2068.54,1899.78,C589034578,0.0,168.76,0,0,mule_network_layering_v2,1
521,PAYMENT,210.73,SYNTH_MULE7_0000001,1480.75,1270.02,C1203334274,0.0,210.73,0,0,mule_network_layering_v2,1
519,PAYMENT,14.7,SYNTH_MULE7_0000002,170.04,155.34,C1318703941,0.0,14.7,0,0,mule_network_layering_v2,1
519,PAYMENT,129.8,SYNTH_MULE7_0000003,1060.12,930.32,C650904587,0.0,129.8,0,0,mule_network_layering_v2,1
521,PAYMENT,89.98,SYNTH_MULE7_0000004,1287.23,1197.25,C1231633939,0.0,89.98,0,0,mule_network_layering_v2,1
523,PAYMENT,125.72,SYNTH_MULE7_0000005,1182.88,1057.16,C1404530512,0.0,125.72,0,0,mule_network_layering_v2,1
519,PAYMENT,119.31,SYNTH_MULE7_0000006,1528.83,1409.52,C356222668,0.0,119.31,0,0,mule_network_layering_v2,1
521,PAYMENT,202.98,SYNTH_MULE7_0000007,2782.31,2579.33,C1650598601,0.0,202.98,0,0,mule_network_layering_v2,1
521,PAYMENT,33.56,SYNTH_MULE7_0000008,310.17,276.61,C217593365,0.0,33.56,0,0,mule_network_layering_v2,1
520,PAYMENT,104.18,SYNTH_MULE7_0000009,507.04,402.86,C539833736,0.0,104.18,0,0,mule_network_layering_v2,1
519,PAYMENT,133.98,SYNTH_MULE7_0000010,1874.53,1740.55,C1934514334,0.0,133.98,0,0,mule_network_layering_v2,1
520,PAYMENT,234.77,SYNTH_MULE7_0000011,917.17,682.4,C1539859924,0.0,234.77,0,0,mule_network_layering_v2,1
520,PAYMENT,27.89,SYNTH_MULESINK7_0000000,120.23,92.34,C552030859,0.0,27.89,0,0,mule_network_layering_v2,1
524,TRANSFER,2592.04,SYNTH_MULE7_0000000,2592.04,0.0,SYNTH_MULE7_0000001,0.0,2520.33,1,0,mule_network_layering_v2,1
525,TRANSFER,2520.33,SYNTH_MULE7_0000001,2520.33,0.0,SYNTH_MULE7_0000002,0.0,2363.23,1,0,mule_network_layering_v2,1
526,TRANSFER,2363.23,SYNTH_MULE7_0000002,2363.23,0.0,SYNTH_MULE7_0000003,0.0,2197.9,1,0,mule_network_layering_v2,1
527,TRANSFER,2197.9,SYNTH_MULE7_0000003,2197.9,0.0,SYNTH_MULE7_0000004,0.0,2056.51,1,0,mule_network_layering_v2,1
528,CASH_OUT,2056.51,SYNTH_MULESINK7_0000000,2056.51,0.0,SYNTH_MERCHANT7_0000000,0.0,2056.51,1,0,mule_network_layering_v2,1
31,PAYMENT,119.61,SYNTH_MULE8_0000000,668.85,549.24,C1659783688,0.0,119.61,0,0,mule_network_layering_v2,1
30,PAYMENT,90.19,SYNTH_MULE8_0000001,580.97,490.78,C229277089,0.0,90.19,0,0,mule_network_layering_v2,1
31,PAYMENT,196.52,SYNTH_MULE8_0000002,1835.59,1639.07,C249125140,0.0,196.52,0,0,mule_network_layering_v2,1
29,PAYMENT,19.11,SYNTH_MULE8_0000003,83.0,63.89,C1178778270,0.0,19.11,0,0,mule_network_layering_v2,1
28,PAYMENT,224.55,SYNTH_MULE8_0000004,3232.12,3007.57,C1092764030,0.0,224.55,0,0,mule_network_layering_v2,1
27,PAYMENT,52.91,SYNTH_MULE8_0000005,252.76,199.85,C148683905,0.0,52.91,0,0,mule_network_layering_v2,1
27,PAYMENT,180.26,SYNTH_MULE8_0000006,616.11,435.85,C2088650170,0.0,180.26,0,0,mule_network_layering_v2,1
31,PAYMENT,116.77,SYNTH_MULE8_0000007,382.38,265.61,C1454100650,0.0,116.77,0,0,mule_network_layering_v2,1
31,PAYMENT,74.06,SYNTH_MULE8_0000008,752.22,678.16,C1206241205,0.0,74.06,0,0,mule_network_layering_v2,1
29,PAYMENT,127.88,SYNTH_MULE8_0000009,1167.16,1039.28,C868478440,0.0,127.88,0,0,mule_network_layering_v2,1
28,PAYMENT,112.22,SYNTH_MULE8_0000010,1423.71,1311.49,C1158528732,0.0,112.22,0,0,mule_network_layering_v2,1
29,PAYMENT,96.03,SYNTH_MULE8_0000011,1422.51,1326.48,C932242289,0.0,96.03,0,0,mule_network_layering_v2,1
28,PAYMENT,37.23,SYNTH_MULESINK8_0000000,521.96,484.73,C586218559,0.0,37.23,0,0,mule_network_layering_v2,1
32,TRANSFER,4372.91,SYNTH_MULE8_0000000,4372.91,0.0,SYNTH_MULE8_0000001,0.0,4123.25,1,0,mule_network_layering_v2,1
33,TRANSFER,4123.25,SYNTH_MULE8_0000001,4123.25,0.0,SYNTH_MULE8_0000002,0.0,3993.84,1,0,mule_network_layering_v2,1
34,TRANSFER,3993.84,SYNTH_MULE8_0000002,3993.84,0.0,SYNTH_MULE8_0000003,0.0,3688.99,1,0,mule_network_layering_v2,1
35,TRANSFER,3688.99,SYNTH_MULE8_0000003,3688.99,0.0,SYNTH_MULE8_0000004,0.0,3498.48,1,0,mule_network_layering_v2,1
36,CASH_OUT,3498.48,SYNTH_MULESINK8_0000000,3498.48,0.0,SYNTH_MERCHANT8_0000000,0.0,3498.48,1,0,mule_network_layering_v2,1
320,PAYMENT,206.47,SYNTH_MULE9_0000000,3073.62,2867.15,C1445494819,0.0,206.47,0,0,mule_network_layering_v2,1
318,PAYMENT,35.33,SYNTH_MULE9_0000001,487.1,451.77,C209022425,0.0,35.33,0,0,mule_network_layering_v2,1
321,PAYMENT,70.61,SYNTH_MULE9_0000002,315.45,244.84,C1011829657,0.0,70.61,0,0,mule_network_layering_v2,1
319,PAYMENT,54.32,SYNTH_MULE9_0000003,600.28,545.96,C924779518,0.0,54.32,0,0,mule_network_layering_v2,1
319,PAYMENT,85.21,SYNTH_MULE9_0000004,1148.15,1062.94,C1789070057,0.0,85.21,0,0,mule_network_layering_v2,1
318,PAYMENT,48.8,SYNTH_MULE9_0000005,213.67,164.87,C2058803929,0.0,48.8,0,0,mule_network_layering_v2,1
319,PAYMENT,90.39,SYNTH_MULE9_0000006,765.81,675.42,C655231120,0.0,90.39,0,0,mule_network_layering_v2,1
318,PAYMENT,64.62,SYNTH_MULE9_0000007,498.19,433.57,C264944000,0.0,64.62,0,0,mule_network_layering_v2,1
320,PAYMENT,79.59,SYNTH_MULE9_0000008,819.82,740.23,C1537434160,0.0,79.59,0,0,mule_network_layering_v2,1
321,PAYMENT,153.96,SYNTH_MULE9_0000009,2020.45,1866.49,C1796683160,0.0,153.96,0,0,mule_network_layering_v2,1
318,PAYMENT,62.88,SYNTH_MULE9_0000010,373.76,310.88,C133589267,0.0,62.88,0,0,mule_network_layering_v2,1
320,PAYMENT,16.47,SYNTH_MULE9_0000011,166.44,149.97,C2004532414,0.0,16.47,0,0,mule_network_layering_v2,1
320,PAYMENT,94.88,SYNTH_MULESINK9_0000000,536.22,441.34,C2007510092,0.0,94.88,0,0,mule_network_layering_v2,1
323,TRANSFER,3454.81,SYNTH_MULE9_0000000,3454.81,0.0,SYNTH_MULE9_0000001,0.0,3316.24,1,0,mule_network_layering_v2,1
324,TRANSFER,3316.24,SYNTH_MULE9_0000001,3316.24,0.0,SYNTH_MULE9_0000002,0.0,3140.75,1,0,mule_network_layering_v2,1
325,TRANSFER,3140.75,SYNTH_MULE9_0000002,3140.75,0.0,SYNTH_MULE9_0000003,0.0,3028.11,1,0,mule_network_layering_v2,1
326,TRANSFER,3028.11,SYNTH_MULE9_0000003,3028.11,0.0,SYNTH_MULE9_0000004,0.0,2837.06,1,0,mule_network_layering_v2,1
327,CASH_OUT,2837.06,SYNTH_MULESINK9_0000000,2837.06,0.0,SYNTH_MERCHANT9_0000000,0.0,2837.06,1,0,mule_network_layering_v2,1
520,PAYMENT,194.69,SYNTH_MULE10_0000000,723.22,528.53,C1467805976,0.0,194.69,0,0,mule_network_layering_v2,1
519,PAYMENT,85.11,SYNTH_MULE10_0000001,433.83,348.72,C1228615751,0.0,85.11,0,0,mule_network_layering_v2,1
517,PAYMENT,197.19,SYNTH_MULE10_0000002,1140.95,943.76,C515619175,0.0,197.19,0,0,mule_network_layering_v2,1
519,PAYMENT,141.11,SYNTH_MULE10_0000003,2030.01,1888.9,C538817267,0.0,141.11,0,0,mule_network_layering_v2,1
516,PAYMENT,172.92,SYNTH_MULE10_0000004,1409.45,1236.53,C715227377,0.0,172.92,0,0,mule_network_layering_v2,1
518,PAYMENT,109.31,SYNTH_MULE10_0000005,971.6,862.29,C1190069850,0.0,109.31,0,0,mule_network_layering_v2,1
516,PAYMENT,171.16,SYNTH_MULE10_0000006,975.86,804.7,C924118159,0.0,171.16,0,0,mule_network_layering_v2,1
518,PAYMENT,212.06,SYNTH_MULE10_0000007,1023.68,811.62,C1848921757,0.0,212.06,0,0,mule_network_layering_v2,1
520,PAYMENT,207.37,SYNTH_MULE10_0000008,1649.43,1442.06,C1015995317,0.0,207.37,0,0,mule_network_layering_v2,1
518,PAYMENT,207.36,SYNTH_MULE10_0000009,1311.06,1103.7,C1312411816,0.0,207.36,0,0,mule_network_layering_v2,1
519,PAYMENT,124.29,SYNTH_MULE10_0000010,1300.49,1176.2,C1228508374,0.0,124.29,0,0,mule_network_layering_v2,1
517,PAYMENT,200.83,SYNTH_MULE10_0000011,1518.71,1317.88,C689966630,0.0,200.83,0,0,mule_network_layering_v2,1
517,PAYMENT,184.14,SYNTH_MULESINK10_0000000,1239.12,1054.98,C1813920705,0.0,184.14,0,0,mule_network_layering_v2,1
521,TRANSFER,4185.52,SYNTH_MULE10_0000000,4185.52,0.0,SYNTH_MULE10_0000001,0.0,3901.55,1,0,mule_network_layering_v2,1
522,TRANSFER,3901.55,SYNTH_MULE10_0000001,3901.55,0.0,SYNTH_MULE10_0000002,0.0,3714.99,1,0,mule_network_layering_v2,1
523,TRANSFER,3714.99,SYNTH_MULE10_0000002,3714.99,0.0,SYNTH_MULE10_0000003,0.0,3627.21,1,0,mule_network_layering_v2,1
524,TRANSFER,3627.21,SYNTH_MULE10_0000003,3627.21,0.0,SYNTH_MULE10_0000004,0.0,3480.58,1,0,mule_network_layering_v2,1
525,CASH_OUT,3480.58,SYNTH_MULESINK10_0000000,3480.58,0.0,SYNTH_MERCHANT10_0000000,0.0,3480.58,1,0,mule_network_layering_v2,1
442,PAYMENT,50.56,SYNTH_MULE11_0000000,530.09,479.53,C1509225821,0.0,50.56,0,0,mule_network_layering_v2,1
441,PAYMENT,188.26,SYNTH_MULE11_0000001,2421.83,2233.57,C209983344,0.0,188.26,0,0,mule_network_layering_v2,1
440,PAYMENT,86.07,SYNTH_MULE11_0000002,445.3,359.23,C1058278013,0.0,86.07,0,0,mule_network_layering_v2,1
441,PAYMENT,216.78,SYNTH_MULE11_0000003,2023.83,1807.05,C534814290,0.0,216.78,0,0,mule_network_layering_v2,1
443,PAYMENT,71.61,SYNTH_MULE11_0000004,973.74,902.13,C1756517109,0.0,71.61,0,0,mule_network_layering_v2,1
440,PAYMENT,216.0,SYNTH_MULE11_0000005,3146.34,2930.34,C173988156,0.0,216.0,0,0,mule_network_layering_v2,1
442,PAYMENT,107.87,SYNTH_MULE11_0000006,564.97,457.1,C2038478996,0.0,107.87,0,0,mule_network_layering_v2,1
440,PAYMENT,139.42,SYNTH_MULE11_0000007,607.07,467.65,C478867671,0.0,139.42,0,0,mule_network_layering_v2,1
441,PAYMENT,83.19,SYNTH_MULE11_0000008,848.36,765.17,C938863858,0.0,83.19,0,0,mule_network_layering_v2,1
440,PAYMENT,20.51,SYNTH_MULE11_0000009,160.5,139.99,C1942900743,0.0,20.51,0,0,mule_network_layering_v2,1
440,PAYMENT,51.34,SYNTH_MULE11_0000010,335.35,284.01,C1675420239,0.0,51.34,0,0,mule_network_layering_v2,1
444,PAYMENT,57.17,SYNTH_MULE11_0000011,614.93,557.76,C235759079,0.0,57.17,0,0,mule_network_layering_v2,1
440,PAYMENT,204.55,SYNTH_MULESINK11_0000000,975.61,771.06,C9233481,0.0,204.55,0,0,mule_network_layering_v2,1
445,TRANSFER,2779.85,SYNTH_MULE11_0000000,2779.85,0.0,SYNTH_MULE11_0000001,0.0,2669.75,1,0,mule_network_layering_v2,1
446,TRANSFER,2669.75,SYNTH_MULE11_0000001,2669.75,0.0,SYNTH_MULE11_0000002,0.0,2578.67,1,0,mule_network_layering_v2,1
447,TRANSFER,2578.67,SYNTH_MULE11_0000002,2578.67,0.0,SYNTH_MULE11_0000003,0.0,2450.03,1,0,mule_network_layering_v2,1
448,TRANSFER,2450.03,SYNTH_MULE11_0000003,2450.03,0.0,SYNTH_MULE11_0000004,0.0,2285.65,1,0,mule_network_layering_v2,1
449,CASH_OUT,2285.65,SYNTH_MULESINK11_0000000,2285.65,0.0,SYNTH_MERCHANT11_0000000,0.0,2285.65,1,0,mule_network_layering_v2,1
356,PAYMENT,228.91,SYNTH_MULE12_0000000,1346.48,1117.57,C62409425,0.0,228.91,0,0,mule_network_layering_v2,1
352,PAYMENT,226.02,SYNTH_MULE12_0000001,3150.24,2924.22,C1046808202,0.0,226.02,0,0,mule_network_layering_v2,1
356,PAYMENT,208.4,SYNTH_MULE12_0000002,768.41,560.01,C66178915,0.0,208.4,0,0,mule_network_layering_v2,1
355,PAYMENT,92.57,SYNTH_MULE12_0000003,1123.74,1031.17,C933118764,0.0,92.57,0,0,mule_network_layering_v2,1
356,PAYMENT,173.31,SYNTH_MULE12_0000004,2560.04,2386.73,C1127816284,0.0,173.31,0,0,mule_network_layering_v2,1
354,PAYMENT,87.89,SYNTH_MULE12_0000005,1020.51,932.62,C159718672,0.0,87.89,0,0,mule_network_layering_v2,1
355,PAYMENT,171.65,SYNTH_MULE12_0000006,1356.58,1184.93,C89747981,0.0,171.65,0,0,mule_network_layering_v2,1
354,PAYMENT,168.25,SYNTH_MULE12_0000007,1572.42,1404.17,C1403400033,0.0,168.25,0,0,mule_network_layering_v2,1
355,PAYMENT,27.12,SYNTH_MULE12_0000008,368.54,341.42,C1172534299,0.0,27.12,0,0,mule_network_layering_v2,1
353,PAYMENT,16.21,SYNTH_MULE12_0000009,237.0,220.79,C940706184,0.0,16.21,0,0,mule_network_layering_v2,1
356,PAYMENT,152.11,SYNTH_MULE12_0000010,1828.97,1676.86,C1310330263,0.0,152.11,0,0,mule_network_layering_v2,1
353,PAYMENT,236.69,SYNTH_MULE12_0000011,2897.32,2660.63,C1023125457,0.0,236.69,0,0,mule_network_layering_v2,1
354,PAYMENT,186.64,SYNTH_MULESINK12_0000000,1790.27,1603.63,C182577557,0.0,186.64,0,0,mule_network_layering_v2,1
357,TRANSFER,2003.44,SYNTH_MULE12_0000000,2003.44,0.0,SYNTH_MULE12_0000001,0.0,1908.55,1,0,mule_network_layering_v2,1
358,TRANSFER,1908.55,SYNTH_MULE12_0000001,1908.55,0.0,SYNTH_MULE12_0000002,0.0,1855.5,1,0,mule_network_layering_v2,1
359,TRANSFER,1855.5,SYNTH_MULE12_0000002,1855.5,0.0,SYNTH_MULE12_0000003,0.0,1727.76,1,0,mule_network_layering_v2,1
360,TRANSFER,1727.76,SYNTH_MULE12_0000003,1727.76,0.0,SYNTH_MULE12_0000004,0.0,1622.96,1,0,mule_network_layering_v2,1
361,CASH_OUT,1622.96,SYNTH_MULESINK12_0000000,1622.96,0.0,SYNTH_MERCHANT12_0000000,0.0,1622.96,1,0,mule_network_layering_v2,1
541,PAYMENT,60.15,SYNTH_MULE13_0000000,255.77,195.62,C201156859,0.0,60.15,0,0,mule_network_layering_v2,1
540,PAYMENT,179.97,SYNTH_MULE13_0000001,691.14,511.17,C403032207,0.0,179.97,0,0,mule_network_layering_v2,1
540,PAYMENT,176.99,SYNTH_MULE13_0000002,933.72,756.73,C2055082061,0.0,176.99,0,0,mule_network_layering_v2,1
540,PAYMENT,72.48,SYNTH_MULE13_0000003,513.76,441.28,C1028977280,0.0,72.48,0,0,mule_network_layering_v2,1
541,PAYMENT,95.46,SYNTH_MULE13_0000004,1099.21,1003.75,C1743809144,0.0,95.46,0,0,mule_network_layering_v2,1
540,PAYMENT,180.73,SYNTH_MULE13_0000005,1124.68,943.95,C680688278,0.0,180.73,0,0,mule_network_layering_v2,1
541,PAYMENT,19.63,SYNTH_MULE13_0000006,252.83,233.2,C643674888,0.0,19.63,0,0,mule_network_layering_v2,1
543,PAYMENT,75.96,SYNTH_MULE13_0000007,775.91,699.95,C1653611925,0.0,75.96,0,0,mule_network_layering_v2,1
544,PAYMENT,242.17,SYNTH_MULE13_0000008,2054.98,1812.81,C583881727,0.0,242.17,0,0,mule_network_layering_v2,1
542,PAYMENT,91.72,SYNTH_MULE13_0000009,417.13,325.41,C708550762,0.0,91.72,0,0,mule_network_layering_v2,1
541,PAYMENT,165.67,SYNTH_MULE13_0000010,1498.85,1333.18,C1711437095,0.0,165.67,0,0,mule_network_layering_v2,1
540,PAYMENT,210.61,SYNTH_MULE13_0000011,1162.25,951.64,C152564679,0.0,210.61,0,0,mule_network_layering_v2,1
542,PAYMENT,248.96,SYNTH_MULESINK13_0000000,3576.27,3327.31,C874692268,0.0,248.96,0,0,mule_network_layering_v2,1
545,TRANSFER,3957.04,SYNTH_MULE13_0000000,3957.04,0.0,SYNTH_MULE13_0000001,0.0,3650.7,1,0,mule_network_layering_v2,1
546,TRANSFER,3650.7,SYNTH_MULE13_0000001,3650.7,0.0,SYNTH_MULE13_0000002,0.0,3425.35,1,0,mule_network_layering_v2,1
547,TRANSFER,3425.35,SYNTH_MULE13_0000002,3425.35,0.0,SYNTH_MULE13_0000003,0.0,3183.22,1,0,mule_network_layering_v2,1
548,TRANSFER,3183.22,SYNTH_MULE13_0000003,3183.22,0.0,SYNTH_MULE13_0000004,0.0,2960.0,1,0,mule_network_layering_v2,1
549,CASH_OUT,2960.0,SYNTH_MULESINK13_0000000,2960.0,0.0,SYNTH_MERCHANT13_0000000,0.0,2960.0,1,0,mule_network_layering_v2,1
169,PAYMENT,28.18,SYNTH_MULE14_0000000,241.12,212.94,C1736289080,0.0,28.18,0,0,mule_network_layering_v2,1
171,PAYMENT,114.99,SYNTH_MULE14_0000001,1623.71,1508.72,C1847266830,0.0,114.99,0,0,mule_network_layering_v2,1
170,PAYMENT,51.58,SYNTH_MULE14_0000002,286.06,234.48,C1248109448,0.0,51.58,0,0,mule_network_layering_v2,1
173,PAYMENT,71.72,SYNTH_MULE14_0000003,744.53,672.81,C628655795,0.0,71.72,0,0,mule_network_layering_v2,1
172,PAYMENT,97.39,SYNTH_MULE14_0000004,421.81,324.42,C1497872899,0.0,97.39,0,0,mule_network_layering_v2,1
170,PAYMENT,194.97,SYNTH_MULE14_0000005,2410.16,2215.19,C1198969819,0.0,194.97,0,0,mule_network_layering_v2,1
173,PAYMENT,149.94,SYNTH_MULE14_0000006,961.3,811.36,C468051073,0.0,149.94,0,0,mule_network_layering_v2,1
171,PAYMENT,76.74,SYNTH_MULE14_0000007,1110.09,1033.35,C1541980889,0.0,76.74,0,0,mule_network_layering_v2,1
169,PAYMENT,147.6,SYNTH_MULE14_0000008,1220.48,1072.88,C123977956,0.0,147.6,0,0,mule_network_layering_v2,1
169,PAYMENT,51.42,SYNTH_MULE14_0000009,407.58,356.16,C1847106207,0.0,51.42,0,0,mule_network_layering_v2,1
170,PAYMENT,8.08,SYNTH_MULE14_0000010,51.74,43.66,C2119421009,0.0,8.08,0,0,mule_network_layering_v2,1
171,PAYMENT,59.72,SYNTH_MULE14_0000011,667.02,607.3,C2129488812,0.0,59.72,0,0,mule_network_layering_v2,1
169,PAYMENT,17.51,SYNTH_MULESINK14_0000000,200.11,182.6,C48157098,0.0,17.51,0,0,mule_network_layering_v2,1
174,TRANSFER,4227.21,SYNTH_MULE14_0000000,4227.21,0.0,SYNTH_MULE14_0000001,0.0,3965.83,1,0,mule_network_layering_v2,1
175,TRANSFER,3965.83,SYNTH_MULE14_0000001,3965.83,0.0,SYNTH_MULE14_0000002,0.0,3774.59,1,0,mule_network_layering_v2,1
176,TRANSFER,3774.59,SYNTH_MULE14_0000002,3774.59,0.0,SYNTH_MULE14_0000003,0.0,3495.71,1,0,mule_network_layering_v2,1
177,TRANSFER,3495.71,SYNTH_MULE14_0000003,3495.71,0.0,SYNTH_MULE14_0000004,0.0,3379.56,1,0,mule_network_layering_v2,1
178,CASH_OUT,3379.56,SYNTH_MULESINK14_0000000,3379.56,0.0,SYNTH_MERCHANT14_0000000,0.0,3379.56,1,0,mule_network_layering_v2,1
400,PAYMENT,60.82,SYNTH_MULE15_0000000,434.21,373.39,C953109428,0.0,60.82,0,0,mule_network_layering_v2,1
399,PAYMENT,91.4,SYNTH_MULE15_0000001,1051.06,959.66,C114445106,0.0,91.4,0,0,mule_network_layering_v2,1
398,PAYMENT,54.96,SYNTH_MULE15_0000002,635.44,580.48,C25224826,0.0,54.96,0,0,mule_network_layering_v2,1
400,PAYMENT,69.74,SYNTH_MULE15_0000003,467.4,397.66,C970870871,0.0,69.74,0,0,mule_network_layering_v2,1
399,PAYMENT,108.93,SYNTH_MULE15_0000004,1627.58,1518.65,C327633116,0.0,108.93,0,0,mule_network_layering_v2,1
398,PAYMENT,102.6,SYNTH_MULE15_0000005,671.98,569.38,C1012391746,0.0,102.6,0,0,mule_network_layering_v2,1
396,PAYMENT,30.85,SYNTH_MULE15_0000006,248.08,217.23,C232338278,0.0,30.85,0,0,mule_network_layering_v2,1
396,PAYMENT,168.92,SYNTH_MULE15_0000007,2076.09,1907.17,C156304720,0.0,168.92,0,0,mule_network_layering_v2,1
398,PAYMENT,183.9,SYNTH_MULE15_0000008,1767.79,1583.89,C1050987568,0.0,183.9,0,0,mule_network_layering_v2,1
399,PAYMENT,50.23,SYNTH_MULE15_0000009,322.9,272.67,C1065772107,0.0,50.23,0,0,mule_network_layering_v2,1
397,PAYMENT,46.03,SYNTH_MULE15_0000010,286.33,240.3,C1983675478,0.0,46.03,0,0,mule_network_layering_v2,1
399,PAYMENT,113.65,SYNTH_MULE15_0000011,1038.29,924.64,C1169078700,0.0,113.65,0,0,mule_network_layering_v2,1
396,PAYMENT,55.69,SYNTH_MULESINK15_0000000,337.28,281.59,C880381417,0.0,55.69,0,0,mule_network_layering_v2,1
401,TRANSFER,7337.35,SYNTH_MULE15_0000000,7337.35,0.0,SYNTH_MULE15_0000001,0.0,6830.12,1,0,mule_network_layering_v2,1
402,TRANSFER,6830.12,SYNTH_MULE15_0000001,6830.12,0.0,SYNTH_MULE15_0000002,0.0,6598.25,1,0,mule_network_layering_v2,1
403,TRANSFER,6598.25,SYNTH_MULE15_0000002,6598.25,0.0,SYNTH_MULE15_0000003,0.0,6243.38,1,0,mule_network_layering_v2,1
404,TRANSFER,6243.38,SYNTH_MULE15_0000003,6243.38,0.0,SYNTH_MULE15_0000004,0.0,6050.97,1,0,mule_network_layering_v2,1
405,CASH_OUT,6050.97,SYNTH_MULESINK15_0000000,6050.97,0.0,SYNTH_MERCHANT15_0000000,0.0,6050.97,1,0,mule_network_layering_v2,1
659,PAYMENT,56.31,SYNTH_MULE16_0000000,384.53,328.22,C111150428,0.0,56.31,0,0,mule_network_layering_v2,1
657,PAYMENT,164.49,SYNTH_MULE16_0000001,575.12,410.63,C1908568680,0.0,164.49,0,0,mule_network_layering_v2,1
658,PAYMENT,74.8,SYNTH_MULE16_0000002,812.52,737.72,C368107183,0.0,74.8,0,0,mule_network_layering_v2,1
660,PAYMENT,133.74,SYNTH_MULE16_0000003,607.48,473.74,C814664760,0.0,133.74,0,0,mule_network_layering_v2,1
657,PAYMENT,243.62,SYNTH_MULE16_0000004,2075.12,1831.5,C509669796,0.0,243.62,0,0,mule_network_layering_v2,1
661,PAYMENT,186.2,SYNTH_MULE16_0000005,2105.02,1918.82,C1241799022,0.0,186.2,0,0,mule_network_layering_v2,1
660,PAYMENT,29.33,SYNTH_MULE16_0000006,333.28,303.95,C625916519,0.0,29.33,0,0,mule_network_layering_v2,1
660,PAYMENT,146.49,SYNTH_MULE16_0000007,2035.27,1888.78,C1414237190,0.0,146.49,0,0,mule_network_layering_v2,1
657,PAYMENT,49.17,SYNTH_MULE16_0000008,712.8,663.63,C1479478117,0.0,49.17,0,0,mule_network_layering_v2,1
661,PAYMENT,249.41,SYNTH_MULE16_0000009,869.13,619.72,C829593746,0.0,249.41,0,0,mule_network_layering_v2,1
661,PAYMENT,26.82,SYNTH_MULE16_0000010,358.93,332.11,C39040112,0.0,26.82,0,0,mule_network_layering_v2,1
658,PAYMENT,89.66,SYNTH_MULE16_0000011,981.95,892.29,C1297952154,0.0,89.66,0,0,mule_network_layering_v2,1
658,PAYMENT,82.42,SYNTH_MULESINK16_0000000,617.57,535.15,C1555738557,0.0,82.42,0,0,mule_network_layering_v2,1
662,TRANSFER,11732.46,SYNTH_MULE16_0000000,11732.46,0.0,SYNTH_MULE16_0000001,0.0,11225.94,1,0,mule_network_layering_v2,1
663,TRANSFER,11225.94,SYNTH_MULE16_0000001,11225.94,0.0,SYNTH_MULE16_0000002,0.0,10996.04,1,0,mule_network_layering_v2,1
664,TRANSFER,10996.04,SYNTH_MULE16_0000002,10996.04,0.0,SYNTH_MULE16_0000003,0.0,10370.18,1,0,mule_network_layering_v2,1
665,TRANSFER,10370.18,SYNTH_MULE16_0000003,10370.18,0.0,SYNTH_MULE16_0000004,0.0,9549.17,1,0,mule_network_layering_v2,1
666,CASH_OUT,9549.17,SYNTH_MULESINK16_0000000,9549.17,0.0,SYNTH_MERCHANT16_0000000,0.0,9549.17,1,0,mule_network_layering_v2,1
188,PAYMENT,152.18,SYNTH_MULE17_0000000,1179.27,1027.09,C1010260365,0.0,152.18,0,0,mule_network_layering_v2,1
187,PAYMENT,8.85,SYNTH_MULE17_0000001,62.56,53.71,C1868426988,0.0,8.85,0,0,mule_network_layering_v2,1
188,PAYMENT,207.66,SYNTH_MULE17_0000002,1391.75,1184.09,C264524738,0.0,207.66,0,0,mule_network_layering_v2,1
189,PAYMENT,98.53,SYNTH_MULE17_0000003,330.16,231.63,C1167939637,0.0,98.53,0,0,mule_network_layering_v2,1
187,PAYMENT,163.98,SYNTH_MULE17_0000004,854.96,690.98,C1450188256,0.0,163.98,0,0,mule_network_layering_v2,1
187,PAYMENT,36.62,SYNTH_MULE17_0000005,503.65,467.03,C1984452522,0.0,36.62,0,0,mule_network_layering_v2,1
185,PAYMENT,163.69,SYNTH_MULE17_0000006,1430.97,1267.28,C1130860595,0.0,163.69,0,0,mule_network_layering_v2,1
187,PAYMENT,162.44,SYNTH_MULE17_0000007,2207.59,2045.15,C360064934,0.0,162.44,0,0,mule_network_layering_v2,1
188,PAYMENT,181.49,SYNTH_MULE17_0000008,1951.56,1770.07,C1783902409,0.0,181.49,0,0,mule_network_layering_v2,1
187,PAYMENT,23.08,SYNTH_MULE17_0000009,176.9,153.82,C1564374277,0.0,23.08,0,0,mule_network_layering_v2,1
187,PAYMENT,239.54,SYNTH_MULE17_0000010,1970.82,1731.28,C552157616,0.0,239.54,0,0,mule_network_layering_v2,1
185,PAYMENT,230.38,SYNTH_MULE17_0000011,1809.46,1579.08,C295719335,0.0,230.38,0,0,mule_network_layering_v2,1
189,PAYMENT,248.5,SYNTH_MULESINK17_0000000,3239.49,2990.99,C1952279536,0.0,248.5,0,0,mule_network_layering_v2,1
190,TRANSFER,6647.0,SYNTH_MULE17_0000000,6647.0,0.0,SYNTH_MULE17_0000001,0.0,6359.94,1,0,mule_network_layering_v2,1
191,TRANSFER,6359.94,SYNTH_MULE17_0000001,6359.94,0.0,SYNTH_MULE17_0000002,0.0,6176.28,1,0,mule_network_layering_v2,1
192,TRANSFER,6176.28,SYNTH_MULE17_0000002,6176.28,0.0,SYNTH_MULE17_0000003,0.0,5912.26,1,0,mule_network_layering_v2,1
193,TRANSFER,5912.26,SYNTH_MULE17_0000003,5912.26,0.0,SYNTH_MULE17_0000004,0.0,5629.73,1,0,mule_network_layering_v2,1
194,CASH_OUT,5629.73,SYNTH_MULESINK17_0000000,5629.73,0.0,SYNTH_MERCHANT17_0000000,0.0,5629.73,1,0,mule_network_layering_v2,1
93,PAYMENT,16.89,SYNTH_MULE18_0000000,204.87,187.98,C476765387,0.0,16.89,0,0,mule_network_layering_v2,1
94,PAYMENT,21.15,SYNTH_MULE18_0000001,147.69,126.54,C226693991,0.0,21.15,0,0,mule_network_layering_v2,1
93,PAYMENT,139.77,SYNTH_MULE18_0000002,739.34,599.57,C671317761,0.0,139.77,0,0,mule_network_layering_v2,1
91,PAYMENT,202.74,SYNTH_MULE18_0000003,2583.9,2381.16,C322127755,0.0,202.74,0,0,mule_network_layering_v2,1
90,PAYMENT,125.35,SYNTH_MULE18_0000004,1177.42,1052.07,C427500821,0.0,125.35,0,0,mule_network_layering_v2,1
94,PAYMENT,82.88,SYNTH_MULE18_0000005,576.01,493.13,C1303890980,0.0,82.88,0,0,mule_network_layering_v2,1
90,PAYMENT,100.1,SYNTH_MULE18_0000006,1047.53,947.43,C1947761599,0.0,100.1,0,0,mule_network_layering_v2,1
92,PAYMENT,193.32,SYNTH_MULE18_0000007,662.9,469.58,C1782199393,0.0,193.32,0,0,mule_network_layering_v2,1
94,PAYMENT,168.99,SYNTH_MULE18_0000008,2154.3,1985.31,C593381826,0.0,168.99,0,0,mule_network_layering_v2,1
92,PAYMENT,179.83,SYNTH_MULE18_0000009,772.42,592.59,C1243850358,0.0,179.83,0,0,mule_network_layering_v2,1
91,PAYMENT,31.09,SYNTH_MULE18_0000010,437.23,406.14,C2137539755,0.0,31.09,0,0,mule_network_layering_v2,1
94,PAYMENT,129.3,SYNTH_MULE18_0000011,981.07,851.77,C1310838540,0.0,129.3,0,0,mule_network_layering_v2,1
91,PAYMENT,112.71,SYNTH_MULESINK18_0000000,1100.24,987.53,C1513578873,0.0,112.71,0,0,mule_network_layering_v2,1
95,TRANSFER,3413.61,SYNTH_MULE18_0000000,3413.61,0.0,SYNTH_MULE18_0000001,0.0,3204.82,1,0,mule_network_layering_v2,1
96,TRANSFER,3204.82,SYNTH_MULE18_0000001,3204.82,0.0,SYNTH_MULE18_0000002,0.0,3074.49,1,0,mule_network_layering_v2,1
97,TRANSFER,3074.49,SYNTH_MULE18_0000002,3074.49,0.0,SYNTH_MULE18_0000003,0.0,2982.71,1,0,mule_network_layering_v2,1
98,TRANSFER,2982.71,SYNTH_MULE18_0000003,2982.71,0.0,SYNTH_MULE18_0000004,0.0,2841.73,1,0,mule_network_layering_v2,1
99,CASH_OUT,2841.73,SYNTH_MULESINK18_0000000,2841.73,0.0,SYNTH_MERCHANT18_0000000,0.0,2841.73,1,0,mule_network_layering_v2,1
275,PAYMENT,26.6,SYNTH_MULE19_0000000,269.69,243.09,C1373833406,0.0,26.6,0,0,mule_network_layering_v2,1
276,PAYMENT,203.04,SYNTH_MULE19_0000001,2067.01,1863.97,C849819941,0.0,203.04,0,0,mule_network_layering_v2,1
278,PAYMENT,84.73,SYNTH_MULE19_0000002,280.03,195.3,C1198025944,0.0,84.73,0,0,mule_network_layering_v2,1
278,PAYMENT,240.82,SYNTH_MULE19_0000003,948.81,707.99,C1367596573,0.0,240.82,0,0,mule_network_layering_v2,1
274,PAYMENT,43.84,SYNTH_MULE19_0000004,548.73,504.89,C945597387,0.0,43.84,0,0,mule_network_layering_v2,1
277,PAYMENT,189.94,SYNTH_MULE19_0000005,2819.67,2629.73,C1812587358,0.0,189.94,0,0,mule_network_layering_v2,1
278,PAYMENT,116.01,SYNTH_MULE19_0000006,1308.82,1192.81,C1030428135,0.0,116.01,0,0,mule_network_layering_v2,1
274,PAYMENT,48.79,SYNTH_MULE19_0000007,595.66,546.87,C1139649004,0.0,48.79,0,0,mule_network_layering_v2,1
278,PAYMENT,47.54,SYNTH_MULE19_0000008,555.25,507.71,C951140830,0.0,47.54,0,0,mule_network_layering_v2,1
276,PAYMENT,185.02,SYNTH_MULE19_0000009,2594.62,2409.6,C1955584080,0.0,185.02,0,0,mule_network_layering_v2,1
274,PAYMENT,52.01,SYNTH_MULE19_0000010,597.82,545.81,C1473489793,0.0,52.01,0,0,mule_network_layering_v2,1
276,PAYMENT,158.61,SYNTH_MULE19_0000011,863.35,704.74,C818604135,0.0,158.61,0,0,mule_network_layering_v2,1
274,PAYMENT,86.2,SYNTH_MULESINK19_0000000,388.57,302.37,C443409980,0.0,86.2,0,0,mule_network_layering_v2,1
279,TRANSFER,2696.68,SYNTH_MULE19_0000000,2696.68,0.0,SYNTH_MULE19_0000001,0.0,2527.48,1,0,mule_network_layering_v2,1
280,TRANSFER,2527.48,SYNTH_MULE19_0000001,2527.48,0.0,SYNTH_MULE19_0000002,0.0,2334.87,1,0,mule_network_layering_v2,1
281,TRANSFER,2334.87,SYNTH_MULE19_0000002,2334.87,0.0,SYNTH_MULE19_0000003,0.0,2180.02,1,0,mule_network_layering_v2,1
282,TRANSFER,2180.02,SYNTH_MULE19_0000003,2180.02,0.0,SYNTH_MULE19_0000004,0.0,2077.24,1,0,mule_network_layering_v2,1
283,CASH_OUT,2077.24,SYNTH_MULESINK19_0000000,2077.24,0.0,SYNTH_MERCHANT19_0000000,0.0,2077.24,1,0,mule_network_layering_v2,1
270,PAYMENT,17.08,SYNTH_CARDTEST_0000000,108.9,91.82,C1588751940,0.0,17.08,0,0,card_testing_burst_v2,1
288,PAYMENT,2.03,SYNTH_CARDTEST_0000000,6044.55,6042.53,SYNTH_MERCH0_0000000,0.0,2.03,1,0,card_testing_burst_v2,1
295,PAYMENT,2.66,SYNTH_CARDTEST_0000000,6042.53,6039.87,SYNTH_MERCH0_0000001,0.0,2.66,1,0,card_testing_burst_v2,1
287,PAYMENT,1.85,SYNTH_CARDTEST_0000000,6039.87,6038.02,SYNTH_MERCH0_0000002,0.0,1.85,1,0,card_testing_burst_v2,1
293,PAYMENT,1.76,SYNTH_CARDTEST_0000000,6038.02,6036.26,SYNTH_MERCH0_0000003,0.0,1.76,1,0,card_testing_burst_v2,1
287,PAYMENT,3.21,SYNTH_CARDTEST_0000000,6036.26,6033.05,SYNTH_MERCH0_0000004,0.0,3.21,1,0,card_testing_burst_v2,1
531,PAYMENT,56.46,SYNTH_CARDTEST_0000001,791.99,735.53,C297530057,0.0,56.46,0,0,card_testing_burst_v2,1
544,PAYMENT,2.99,SYNTH_CARDTEST_0000001,13335.97,13332.98,SYNTH_MERCH1_0000000,0.0,2.99,1,0,card_testing_burst_v2,1
547,PAYMENT,4.49,SYNTH_CARDTEST_0000001,13332.98,13328.49,SYNTH_MERCH1_0000001,0.0,4.49,1,0,card_testing_burst_v2,1
540,PAYMENT,1.36,SYNTH_CARDTEST_0000001,13328.49,13327.13,SYNTH_MERCH1_0000002,0.0,1.36,1,0,card_testing_burst_v2,1
546,PAYMENT,1.49,SYNTH_CARDTEST_0000001,13327.13,13325.64,SYNTH_MERCH1_0000003,0.0,1.49,1,0,card_testing_burst_v2,1
557,PAYMENT,1.02,SYNTH_CARDTEST_0000001,13325.64,13324.63,SYNTH_MERCH1_0000004,0.0,1.02,1,0,card_testing_burst_v2,1
246,PAYMENT,10.04,SYNTH_CARDTEST_0000002,80.36,70.32,C755581677,0.0,10.04,0,0,card_testing_burst_v2,1
263,PAYMENT,4.89,SYNTH_CARDTEST_0000002,18747.52,18742.63,SYNTH_MERCH2_0000000,0.0,4.89,1,0,card_testing_burst_v2,1
261,PAYMENT,4.34,SYNTH_CARDTEST_0000002,18742.63,18738.28,SYNTH_MERCH2_0000001,0.0,4.34,1,0,card_testing_burst_v2,1
269,PAYMENT,2.12,SYNTH_CARDTEST_0000002,18738.28,18736.16,SYNTH_MERCH2_0000002,0.0,2.12,1,0,card_testing_burst_v2,1
270,PAYMENT,1.99,SYNTH_CARDTEST_0000002,18736.16,18734.17,SYNTH_MERCH2_0000003,0.0,1.99,1,0,card_testing_burst_v2,1
258,PAYMENT,1.03,SYNTH_CARDTEST_0000002,18734.17,18733.15,SYNTH_MERCH2_0000004,0.0,1.03,1,0,card_testing_burst_v2,1
351,PAYMENT,180.17,SYNTH_CARDTEST_0000003,2457.55,2277.38,C99857623,0.0,180.17,0,0,card_testing_burst_v2,1
372,PAYMENT,3.55,SYNTH_CARDTEST_0000003,942.62,939.06,SYNTH_MERCH3_0000000,0.0,3.55,1,0,card_testing_burst_v2,1
372,PAYMENT,4.56,SYNTH_CARDTEST_0000003,939.06,934.5,SYNTH_MERCH3_0000001,0.0,4.56,1,0,card_testing_burst_v2,1
367,PAYMENT,1.76,SYNTH_CARDTEST_0000003,934.5,932.75,SYNTH_MERCH3_0000002,0.0,1.76,1,0,card_testing_burst_v2,1
364,PAYMENT,2.43,SYNTH_CARDTEST_0000003,932.75,930.32,SYNTH_MERCH3_0000003,0.0,2.43,1,0,card_testing_burst_v2,1
358,PAYMENT,2.2,SYNTH_CARDTEST_0000003,930.32,928.12,SYNTH_MERCH3_0000004,0.0,2.2,1,0,card_testing_burst_v2,1
283,PAYMENT,136.05,SYNTH_CARDTEST_0000004,1885.01,1748.96,C1366651739,0.0,136.05,0,0,card_testing_burst_v2,1
293,PAYMENT,4.35,SYNTH_CARDTEST_0000004,1477.5,1473.15,SYNTH_MERCH4_0000000,0.0,4.35,1,0,card_testing_burst_v2,1
308,PAYMENT,1.36,SYNTH_CARDTEST_0000004,1473.15,1471.79,SYNTH_MERCH4_0000001,0.0,1.36,1,0,card_testing_burst_v2,1
301,PAYMENT,2.85,SYNTH_CARDTEST_0000004,1471.79,1468.95,SYNTH_MERCH4_0000002,0.0,2.85,1,0,card_testing_burst_v2,1
301,PAYMENT,1.61,SYNTH_CARDTEST_0000004,1468.95,1467.33,SYNTH_MERCH4_0000003,0.0,1.61,1,0,card_testing_burst_v2,1
295,PAYMENT,1.04,SYNTH_CARDTEST_0000004,1467.33,1466.3,SYNTH_MERCH4_0000004,0.0,1.04,1,0,card_testing_burst_v2,1
689,PAYMENT,77.72,SYNTH_CARDTEST_0000005,665.52,587.8,C278960674,0.0,77.72,0,0,card_testing_burst_v2,1
707,PAYMENT,3.07,SYNTH_CARDTEST_0000005,10247.48,10244.41,SYNTH_MERCH5_0000000,0.0,3.07,1,0,card_testing_burst_v2,1
699,PAYMENT,1.97,SYNTH_CARDTEST_0000005,10244.41,10242.45,SYNTH_MERCH5_0000001,0.0,1.97,1,0,card_testing_burst_v2,1
703,PAYMENT,4.55,SYNTH_CARDTEST_0000005,10242.45,10237.9,SYNTH_MERCH5_0000002,0.0,4.55,1,0,card_testing_burst_v2,1
711,PAYMENT,2.67,SYNTH_CARDTEST_0000005,10237.9,10235.23,SYNTH_MERCH5_0000003,0.0,2.67,1,0,card_testing_burst_v2,1
711,PAYMENT,4.07,SYNTH_CARDTEST_0000005,10235.23,10231.16,SYNTH_MERCH5_0000004,0.0,4.07,1,0,card_testing_burst_v2,1
695,PAYMENT,193.17,SYNTH_CARDTEST_0000006,1924.17,1731.0,C1747826774,0.0,193.17,0,0,card_testing_burst_v2,1
717,PAYMENT,2.71,SYNTH_CARDTEST_0000006,3363.79,3361.08,SYNTH_MERCH6_0000000,0.0,2.71,1,0,card_testing_burst_v2,1
700,PAYMENT,1.26,SYNTH_CARDTEST_0000006,3361.08,3359.83,SYNTH_MERCH6_0000001,0.0,1.26,1,0,card_testing_burst_v2,1
705,PAYMENT,4.15,SYNTH_CARDTEST_0000006,3359.83,3355.67,SYNTH_MERCH6_0000002,0.0,4.15,1,0,card_testing_burst_v2,1
696,PAYMENT,3.21,SYNTH_CARDTEST_0000006,3355.67,3352.47,SYNTH_MERCH6_0000003,0.0,3.21,1,0,card_testing_burst_v2,1
718,PAYMENT,4.26,SYNTH_CARDTEST_0000006,3352.47,3348.21,SYNTH_MERCH6_0000004,0.0,4.26,1,0,card_testing_burst_v2,1
491,PAYMENT,182.1,SYNTH_CARDTEST_0000007,2533.26,2351.16,C1545112901,0.0,182.1,0,0,card_testing_burst_v2,1
507,PAYMENT,2.05,SYNTH_CARDTEST_0000007,3997.15,3995.09,SYNTH_MERCH7_0000000,0.0,2.05,1,0,card_testing_burst_v2,1
496,PAYMENT,4.75,SYNTH_CARDTEST_0000007,3995.09,3990.34,SYNTH_MERCH7_0000001,0.0,4.75,1,0,card_testing_burst_v2,1
516,PAYMENT,3.46,SYNTH_CARDTEST_0000007,3990.34,3986.88,SYNTH_MERCH7_0000002,0.0,3.46,1,0,card_testing_burst_v2,1
501,PAYMENT,1.69,SYNTH_CARDTEST_0000007,3986.88,3985.19,SYNTH_MERCH7_0000003,0.0,1.69,1,0,card_testing_burst_v2,1
497,PAYMENT,4.15,SYNTH_CARDTEST_0000007,3985.19,3981.04,SYNTH_MERCH7_0000004,0.0,4.15,1,0,card_testing_burst_v2,1
215,PAYMENT,212.56,SYNTH_CARDTEST_0000008,1382.47,1169.91,C1060768061,0.0,212.56,0,0,card_testing_burst_v2,1
223,PAYMENT,1.22,SYNTH_CARDTEST_0000008,8419.57,8418.35,SYNTH_MERCH8_0000000,0.0,1.22,1,0,card_testing_burst_v2,1
234,PAYMENT,3.46,SYNTH_CARDTEST_0000008,8418.35,8414.89,SYNTH_MERCH8_0000001,0.0,3.46,1,0,card_testing_burst_v2,1
233,PAYMENT,4.96,SYNTH_CARDTEST_0000008,8414.89,8409.93,SYNTH_MERCH8_0000002,0.0,4.96,1,0,card_testing_burst_v2,1
230,PAYMENT,3.85,SYNTH_CARDTEST_0000008,8409.93,8406.08,SYNTH_MERCH8_0000003,0.0,3.85,1,0,card_testing_burst_v2,1
227,PAYMENT,2.73,SYNTH_CARDTEST_0000008,8406.08,8403.35,SYNTH_MERCH8_0000004,0.0,2.73,1,0,card_testing_burst_v2,1
382,PAYMENT,231.04,SYNTH_CARDTEST_0000009,3127.7,2896.66,C454170568,0.0,231.04,0,0,card_testing_burst_v2,1
408,PAYMENT,4.64,SYNTH_CARDTEST_0000009,2080.27,2075.62,SYNTH_MERCH9_0000000,0.0,4.64,1,0,card_testing_burst_v2,1
402,PAYMENT,1.9,SYNTH_CARDTEST_0000009,2075.62,2073.72,SYNTH_MERCH9_0000001,0.0,1.9,1,0,card_testing_burst_v2,1
407,PAYMENT,4.09,SYNTH_CARDTEST_0000009,2073.72,2069.63,SYNTH_MERCH9_0000002,0.0,4.09,1,0,card_testing_burst_v2,1
401,PAYMENT,3.55,SYNTH_CARDTEST_0000009,2069.63,2066.08,SYNTH_MERCH9_0000003,0.0,3.55,1,0,card_testing_burst_v2,1
403,PAYMENT,4.2,SYNTH_CARDTEST_0000009,2066.08,2061.88,SYNTH_MERCH9_0000004,0.0,4.2,1,0,card_testing_burst_v2,1
44,PAYMENT,141.13,SYNTH_CARDTEST_0000010,1285.95,1144.82,C1044927720,0.0,141.13,0,0,card_testing_burst_v2,1
57,PAYMENT,3.3,SYNTH_CARDTEST_0000010,1528.06,1524.76,SYNTH_MERCH10_0000000,0.0,3.3,1,0,card_testing_burst_v2,1
61,PAYMENT,5.0,SYNTH_CARDTEST_0000010,1524.76,1519.77,SYNTH_MERCH10_0000001,0.0,5.0,1,0,card_testing_burst_v2,1
61,PAYMENT,1.77,SYNTH_CARDTEST_0000010,1519.77,1517.99,SYNTH_MERCH10_0000002,0.0,1.77,1,0,card_testing_burst_v2,1
51,PAYMENT,4.34,SYNTH_CARDTEST_0000010,1517.99,1513.65,SYNTH_MERCH10_0000003,0.0,4.34,1,0,card_testing_burst_v2,1
70,PAYMENT,4.03,SYNTH_CARDTEST_0000010,1513.65,1509.62,SYNTH_MERCH10_0000004,0.0,4.03,1,0,card_testing_burst_v2,1
270,PAYMENT,49.32,SYNTH_CARDTEST_0000011,284.39,235.07,C450640086,0.0,49.32,0,0,card_testing_burst_v2,1
277,PAYMENT,2.55,SYNTH_CARDTEST_0000011,2038.51,2035.95,SYNTH_MERCH11_0000000,0.0,2.55,1,0,card_testing_burst_v2,1
287,PAYMENT,3.78,SYNTH_CARDTEST_0000011,2035.95,2032.18,SYNTH_MERCH11_0000001,0.0,3.78,1,0,card_testing_burst_v2,1
286,PAYMENT,1.79,SYNTH_CARDTEST_0000011,2032.18,2030.39,SYNTH_MERCH11_0000002,0.0,1.79,1,0,card_testing_burst_v2,1
284,PAYMENT,2.75,SYNTH_CARDTEST_0000011,2030.39,2027.63,SYNTH_MERCH11_0000003,0.0,2.75,1,0,card_testing_burst_v2,1
280,PAYMENT,2.38,SYNTH_CARDTEST_0000011,2027.63,2025.25,SYNTH_MERCH11_0000004,0.0,2.38,1,0,card_testing_burst_v2,1
420,PAYMENT,21.7,SYNTH_CARDTEST_0000012,70.02,48.32,C302084450,0.0,21.7,0,0,card_testing_burst_v2,1
436,PAYMENT,3.3,SYNTH_CARDTEST_0000012,5079.32,5076.02,SYNTH_MERCH12_0000000,0.0,3.3,1,0,card_testing_burst_v2,1
435,PAYMENT,2.19,SYNTH_CARDTEST_0000012,5076.02,5073.83,SYNTH_MERCH12_0000001,0.0,2.19,1,0,card_testing_burst_v2,1
437,PAYMENT,3.85,SYNTH_CARDTEST_0000012,5073.83,5069.98,SYNTH_MERCH12_0000002,0.0,3.85,1,0,card_testing_burst_v2,1
426,PAYMENT,2.65,SYNTH_CARDTEST_0000012,5069.98,5067.33,SYNTH_MERCH12_0000003,0.0,2.65,1,0,card_testing_burst_v2,1
441,PAYMENT,3.27,SYNTH_CARDTEST_0000012,5067.33,5064.06,SYNTH_MERCH12_0000004,0.0,3.27,1,0,card_testing_burst_v2,1
645,PAYMENT,174.73,SYNTH_CARDTEST_0000013,2176.44,2001.71,C959020632,0.0,174.73,0,0,card_testing_burst_v2,1
670,PAYMENT,2.78,SYNTH_CARDTEST_0000013,3962.6,3959.82,SYNTH_MERCH13_0000000,0.0,2.78,1,0,card_testing_burst_v2,1
652,PAYMENT,2.87,SYNTH_CARDTEST_0000013,3959.82,3956.95,SYNTH_MERCH13_0000001,0.0,2.87,1,0,card_testing_burst_v2,1
659,PAYMENT,3.86,SYNTH_CARDTEST_0000013,3956.95,3953.09,SYNTH_MERCH13_0000002,0.0,3.86,1,0,card_testing_burst_v2,1
654,PAYMENT,2.97,SYNTH_CARDTEST_0000013,3953.09,3950.12,SYNTH_MERCH13_0000003,0.0,2.97,1,0,card_testing_burst_v2,1
662,PAYMENT,1.2,SYNTH_CARDTEST_0000013,3950.12,3948.92,SYNTH_MERCH13_0000004,0.0,1.2,1,0,card_testing_burst_v2,1
202,PAYMENT,229.52,SYNTH_CARDTEST_0000014,3298.05,3068.53,C1200004121,0.0,229.52,0,0,card_testing_burst_v2,1
212,PAYMENT,3.25,SYNTH_CARDTEST_0000014,153650.16,153646.9,SYNTH_MERCH14_0000000,0.0,3.25,1,0,card_testing_burst_v2,1
209,PAYMENT,2.58,SYNTH_CARDTEST_0000014,153646.9,153644.33,SYNTH_MERCH14_0000001,0.0,2.58,1,0,card_testing_burst_v2,1
226,PAYMENT,4.68,SYNTH_CARDTEST_0000014,153644.33,153639.64,SYNTH_MERCH14_0000002,0.0,4.68,1,0,card_testing_burst_v2,1
215,PAYMENT,1.15,SYNTH_CARDTEST_0000014,153639.64,153638.49,SYNTH_MERCH14_0000003,0.0,1.15,1,0,card_testing_burst_v2,1
226,PAYMENT,1.74,SYNTH_CARDTEST_0000014,153638.49,153636.75,SYNTH_MERCH14_0000004,0.0,1.74,1,0,card_testing_burst_v2,1
620,PAYMENT,175.68,SYNTH_CARDTEST_0000015,1100.21,924.53,C1021160196,0.0,175.68,0,0,card_testing_burst_v2,1
629,PAYMENT,3.56,SYNTH_CARDTEST_0000015,943.26,939.7,SYNTH_MERCH15_0000000,0.0,3.56,1,0,card_testing_burst_v2,1
634,PAYMENT,3.26,SYNTH_CARDTEST_0000015,939.7,936.44,SYNTH_MERCH15_0000001,0.0,3.26,1,0,card_testing_burst_v2,1
634,PAYMENT,4.09,SYNTH_CARDTEST_0000015,936.44,932.35,SYNTH_MERCH15_0000002,0.0,4.09,1,0,card_testing_burst_v2,1
630,PAYMENT,1.77,SYNTH_CARDTEST_0000015,932.35,930.58,SYNTH_MERCH15_0000003,0.0,1.77,1,0,card_testing_burst_v2,1
638,PAYMENT,2.27,SYNTH_CARDTEST_0000015,930.58,928.31,SYNTH_MERCH15_0000004,0.0,2.27,1,0,card_testing_burst_v2,1
525,PAYMENT,149.62,SYNTH_CARDTEST_0000016,1756.19,1606.57,C1048960469,0.0,149.62,0,0,card_testing_burst_v2,1
538,PAYMENT,5.0,SYNTH_CARDTEST_0000016,1239.8,1234.8,SYNTH_MERCH16_0000000,0.0,5.0,1,0,card_testing_burst_v2,1
543,PAYMENT,4.53,SYNTH_CARDTEST_0000016,1234.8,1230.27,SYNTH_MERCH16_0000001,0.0,4.53,1,0,card_testing_burst_v2,1
528,PAYMENT,4.27,SYNTH_CARDTEST_0000016,1230.27,1226.0,SYNTH_MERCH16_0000002,0.0,4.27,1,0,card_testing_burst_v2,1
535,PAYMENT,1.78,SYNTH_CARDTEST_0000016,1226.0,1224.21,SYNTH_MERCH16_0000003,0.0,1.78,1,0,card_testing_burst_v2,1
534,PAYMENT,1.81,SYNTH_CARDTEST_0000016,1224.21,1222.4,SYNTH_MERCH16_0000004,0.0,1.81,1,0,card_testing_burst_v2,1
244,PAYMENT,236.27,SYNTH_CARDTEST_0000017,2026.54,1790.27,C377243552,0.0,236.27,0,0,card_testing_burst_v2,1
249,PAYMENT,1.37,SYNTH_CARDTEST_0000017,3044.62,3043.25,SYNTH_MERCH17_0000000,0.0,1.37,1,0,card_testing_burst_v2,1
251,PAYMENT,1.34,SYNTH_CARDTEST_0000017,3043.25,3041.9,SYNTH_MERCH17_0000001,0.0,1.34,1,0,card_testing_burst_v2,1
263,PAYMENT,3.15,SYNTH_CARDTEST_0000017,3041.9,3038.76,SYNTH_MERCH17_0000002,0.0,3.15,1,0,card_testing_burst_v2,1
253,PAYMENT,4.95,SYNTH_CARDTEST_0000017,3038.76,3033.81,SYNTH_MERCH17_0000003,0.0,4.95,1,0,card_testing_burst_v2,1
266,PAYMENT,1.34,SYNTH_CARDTEST_0000017,3033.81,3032.47,SYNTH_MERCH17_0000004,0.0,1.34,1,0,card_testing_burst_v2,1
369,PAYMENT,59.29,SYNTH_CARDTEST_0000018,239.85,180.56,C670873108,0.0,59.29,0,0,card_testing_burst_v2,1
385,PAYMENT,1.91,SYNTH_CARDTEST_0000018,11263.37,11261.46,SYNTH_MERCH18_0000000,0.0,1.91,1,0,card_testing_burst_v2,1
378,PAYMENT,3.08,SYNTH_CARDTEST_0000018,11261.46,11258.39,SYNTH_MERCH18_0000001,0.0,3.08,1,0,card_testing_burst_v2,1
374,PAYMENT,2.47,SYNTH_CARDTEST_0000018,11258.39,11255.91,SYNTH_MERCH18_0000002,0.0,2.47,1,0,card_testing_burst_v2,1
381,PAYMENT,3.16,SYNTH_CARDTEST_0000018,11255.91,11252.75,SYNTH_MERCH18_0000003,0.0,3.16,1,0,card_testing_burst_v2,1
392,PAYMENT,3.95,SYNTH_CARDTEST_0000018,11252.75,11248.8,SYNTH_MERCH18_0000004,0.0,3.95,1,0,card_testing_burst_v2,1
415,PAYMENT,73.21,SYNTH_CARDTEST_0000019,266.28,193.07,C421875803,0.0,73.21,0,0,card_testing_burst_v2,1
436,PAYMENT,1.5,SYNTH_CARDTEST_0000019,18956.9,18955.4,SYNTH_MERCH19_0000000,0.0,1.5,1,0,card_testing_burst_v2,1
428,PAYMENT,1.17,SYNTH_CARDTEST_0000019,18955.4,18954.23,SYNTH_MERCH19_0000001,0.0,1.17,1,0,card_testing_burst_v2,1
429,PAYMENT,2.3,SYNTH_CARDTEST_0000019,18954.23,18951.93,SYNTH_MERCH19_0000002,0.0,2.3,1,0,card_testing_burst_v2,1
432,PAYMENT,1.78,SYNTH_CARDTEST_0000019,18951.93,18950.16,SYNTH_MERCH19_0000003,0.0,1.78,1,0,card_testing_burst_v2,1
441,PAYMENT,3.69,SYNTH_CARDTEST_0000019,18950.16,18946.47,SYNTH_MERCH19_0000004,0.0,3.69,1,0,card_testing_burst_v2,1
531,PAYMENT,194.47,SYNTH_CARDTEST_0000020,1884.15,1689.68,C186972081,0.0,194.47,0,0,card_testing_burst_v2,1
557,PAYMENT,1.1,SYNTH_CARDTEST_0000020,8100.89,8099.79,SYNTH_MERCH20_0000000,0.0,1.1,1,0,card_testing_burst_v2,1
554,PAYMENT,4.1,SYNTH_CARDTEST_0000020,8099.79,8095.69,SYNTH_MERCH20_0000001,0.0,4.1,1,0,card_testing_burst_v2,1
537,PAYMENT,2.48,SYNTH_CARDTEST_0000020,8095.69,8093.21,SYNTH_MERCH20_0000002,0.0,2.48,1,0,card_testing_burst_v2,1
536,PAYMENT,2.01,SYNTH_CARDTEST_0000020,8093.21,8091.21,SYNTH_MERCH20_0000003,0.0,2.01,1,0,card_testing_burst_v2,1
539,PAYMENT,4.17,SYNTH_CARDTEST_0000020,8091.21,8087.04,SYNTH_MERCH20_0000004,0.0,4.17,1,0,card_testing_burst_v2,1
670,PAYMENT,210.74,SYNTH_CARDTEST_0000021,1945.18,1734.44,C912482865,0.0,210.74,0,0,card_testing_burst_v2,1
691,PAYMENT,1.43,SYNTH_CARDTEST_0000021,9314.65,9313.22,SYNTH_MERCH21_0000000,0.0,1.43,1,0,card_testing_burst_v2,1
674,PAYMENT,2.89,SYNTH_CARDTEST_0000021,9313.22,9310.33,SYNTH_MERCH21_0000001,0.0,2.89,1,0,card_testing_burst_v2,1
688,PAYMENT,3.64,SYNTH_CARDTEST_0000021,9310.33,9306.69,SYNTH_MERCH21_0000002,0.0,3.64,1,0,card_testing_burst_v2,1
681,PAYMENT,2.62,SYNTH_CARDTEST_0000021,9306.69,9304.08,SYNTH_MERCH21_0000003,0.0,2.62,1,0,card_testing_burst_v2,1
695,PAYMENT,3.34,SYNTH_CARDTEST_0000021,9304.08,9300.73,SYNTH_MERCH21_0000004,0.0,3.34,1,0,card_testing_burst_v2,1
97,PAYMENT,230.15,SYNTH_CARDTEST_0000022,2117.06,1886.91,C1196463409,0.0,230.15,0,0,card_testing_burst_v2,1
121,PAYMENT,3.69,SYNTH_CARDTEST_0000022,2996.2,2992.52,SYNTH_MERCH22_0000000,0.0,3.69,1,0,card_testing_burst_v2,1
114,PAYMENT,3.43,SYNTH_CARDTEST_0000022,2992.52,2989.09,SYNTH_MERCH22_0000001,0.0,3.43,1,0,card_testing_burst_v2,1
102,PAYMENT,4.45,SYNTH_CARDTEST_0000022,2989.09,2984.64,SYNTH_MERCH22_0000002,0.0,4.45,1,0,card_testing_burst_v2,1
106,PAYMENT,3.46,SYNTH_CARDTEST_0000022,2984.64,2981.18,SYNTH_MERCH22_0000003,0.0,3.46,1,0,card_testing_burst_v2,1
106,PAYMENT,3.15,SYNTH_CARDTEST_0000022,2981.18,2978.03,SYNTH_MERCH22_0000004,0.0,3.15,1,0,card_testing_burst_v2,1
114,PAYMENT,193.53,SYNTH_CARDTEST_0000023,2274.59,2081.06,C777345885,0.0,193.53,0,0,card_testing_burst_v2,1
118,PAYMENT,4.12,SYNTH_CARDTEST_0000023,17827.1,17822.98,SYNTH_MERCH23_0000000,0.0,4.12,1,0,card_testing_burst_v2,1
137,PAYMENT,4.83,SYNTH_CARDTEST_0000023,17822.98,17818.15,SYNTH_MERCH23_0000001,0.0,4.83,1,0,card_testing_burst_v2,1
138,PAYMENT,3.1,SYNTH_CARDTEST_0000023,17818.15,17815.05,SYNTH_MERCH23_0000002,0.0,3.1,1,0,card_testing_burst_v2,1
131,PAYMENT,2.85,SYNTH_CARDTEST_0000023,17815.05,17812.2,SYNTH_MERCH23_0000003,0.0,2.85,1,0,card_testing_burst_v2,1
138,PAYMENT,1.58,SYNTH_CARDTEST_0000023,17812.2,17810.61,SYNTH_MERCH23_0000004,0.0,1.58,1,0,card_testing_burst_v2,1
421,PAYMENT,86.16,SYNTH_CARDTEST_0000024,499.14,412.98,C462803805,0.0,86.16,0,0,card_testing_burst_v2,1
447,PAYMENT,4.42,SYNTH_CARDTEST_0000024,2209.15,2204.73,SYNTH_MERCH24_0000000,0.0,4.42,1,0,card_testing_burst_v2,1
435,PAYMENT,2.99,SYNTH_CARDTEST_0000024,2204.73,2201.74,SYNTH_MERCH24_0000001,0.0,2.99,1,0,card_testing_burst_v2,1
445,PAYMENT,4.13,SYNTH_CARDTEST_0000024,2201.74,2197.61,SYNTH_MERCH24_0000002,0.0,4.13,1,0,card_testing_burst_v2,1
434,PAYMENT,2.51,SYNTH_CARDTEST_0000024,2197.61,2195.1,SYNTH_MERCH24_0000003,0.0,2.51,1,0,card_testing_burst_v2,1
438,PAYMENT,2.57,SYNTH_CARDTEST_0000024,2195.1,2192.53,SYNTH_MERCH24_0000004,0.0,2.57,1,0,card_testing_burst_v2,1
667,PAYMENT,89.12,SYNTH_CARDTEST_0000025,539.36,450.24,C1315767925,0.0,89.12,0,0,card_testing_burst_v2,1
691,PAYMENT,1.8,SYNTH_CARDTEST_0000025,15051.54,15049.74,SYNTH_MERCH25_0000000,0.0,1.8,1,0,card_testing_burst_v2,1
688,PAYMENT,4.63,SYNTH_CARDTEST_0000025,15049.74,15045.11,SYNTH_MERCH25_0000001,0.0,4.63,1,0,card_testing_burst_v2,1
672,PAYMENT,4.0,SYNTH_CARDTEST_0000025,15045.11,15041.11,SYNTH_MERCH25_0000002,0.0,4.0,1,0,card_testing_burst_v2,1
673,PAYMENT,1.53,SYNTH_CARDTEST_0000025,15041.11,15039.58,SYNTH_MERCH25_0000003,0.0,1.53,1,0,card_testing_burst_v2,1
676,PAYMENT,3.17,SYNTH_CARDTEST_0000025,15039.58,15036.41,SYNTH_MERCH25_0000004,0.0,3.17,1,0,card_testing_burst_v2,1
208,PAYMENT,89.5,SYNTH_CARDTEST_0000026,1315.27,1225.77,C1578469838,0.0,89.5,0,0,card_testing_burst_v2,1
220,PAYMENT,3.99,SYNTH_CARDTEST_0000026,1085.72,1081.73,SYNTH_MERCH26_0000000,0.0,3.99,1,0,card_testing_burst_v2,1
210,PAYMENT,1.13,SYNTH_CARDTEST_0000026,1081.73,1080.6,SYNTH_MERCH26_0000001,0.0,1.13,1,0,card_testing_burst_v2,1
218,PAYMENT,1.35,SYNTH_CARDTEST_0000026,1080.6,1079.25,SYNTH_MERCH26_0000002,0.0,1.35,1,0,card_testing_burst_v2,1
229,PAYMENT,4.92,SYNTH_CARDTEST_0000026,1079.25,1074.33,SYNTH_MERCH26_0000003,0.0,4.92,1,0,card_testing_burst_v2,1
211,PAYMENT,3.12,SYNTH_CARDTEST_0000026,1074.33,1071.2,SYNTH_MERCH26_0000004,0.0,3.12,1,0,card_testing_burst_v2,1
649,PAYMENT,187.2,SYNTH_CARDTEST_0000027,1461.54,1274.34,C130451694,0.0,187.2,0,0,card_testing_burst_v2,1
664,PAYMENT,3.4,SYNTH_CARDTEST_0000027,101795.36,101791.96,SYNTH_MERCH27_0000000,0.0,3.4,1,0,card_testing_burst_v2,1
659,PAYMENT,1.59,SYNTH_CARDTEST_0000027,101791.96,101790.37,SYNTH_MERCH27_0000001,0.0,1.59,1,0,card_testing_burst_v2,1
661,PAYMENT,4.8,SYNTH_CARDTEST_0000027,101790.37,101785.57,SYNTH_MERCH27_0000002,0.0,4.8,1,0,card_testing_burst_v2,1
665,PAYMENT,4.49,SYNTH_CARDTEST_0000027,101785.57,101781.07,SYNTH_MERCH27_0000003,0.0,4.49,1,0,card_testing_burst_v2,1
659,PAYMENT,1.52,SYNTH_CARDTEST_0000027,101781.07,101779.56,SYNTH_MERCH27_0000004,0.0,1.52,1,0,card_testing_burst_v2,1
650,PAYMENT,186.25,SYNTH_CARDTEST_0000028,620.29,434.04,C284085294,0.0,186.25,0,0,card_testing_burst_v2,1
653,PAYMENT,1.9,SYNTH_CARDTEST_0000028,9140.58,9138.68,SYNTH_MERCH28_0000000,0.0,1.9,1,0,card_testing_burst_v2,1
672,PAYMENT,3.28,SYNTH_CARDTEST_0000028,9138.68,9135.4,SYNTH_MERCH28_0000001,0.0,3.28,1,0,card_testing_burst_v2,1
665,PAYMENT,2.63,SYNTH_CARDTEST_0000028,9135.4,9132.77,SYNTH_MERCH28_0000002,0.0,2.63,1,0,card_testing_burst_v2,1
662,PAYMENT,4.29,SYNTH_CARDTEST_0000028,9132.77,9128.48,SYNTH_MERCH28_0000003,0.0,4.29,1,0,card_testing_burst_v2,1
653,PAYMENT,1.04,SYNTH_CARDTEST_0000028,9128.48,9127.44,SYNTH_MERCH28_0000004,0.0,1.04,1,0,card_testing_burst_v2,1
109,PAYMENT,150.6,SYNTH_CARDTEST_0000029,554.56,403.96,C1622248026,0.0,150.6,0,0,card_testing_burst_v2,1
134,PAYMENT,1.85,SYNTH_CARDTEST_0000029,1862.14,1860.28,SYNTH_MERCH29_0000000,0.0,1.85,1,0,card_testing_burst_v2,1
132,PAYMENT,4.1,SYNTH_CARDTEST_0000029,1860.28,1856.18,SYNTH_MERCH29_0000001,0.0,4.1,1,0,card_testing_burst_v2,1
129,PAYMENT,1.62,SYNTH_CARDTEST_0000029,1856.18,1854.56,SYNTH_MERCH29_0000002,0.0,1.62,1,0,card_testing_burst_v2,1
115,PAYMENT,1.4,SYNTH_CARDTEST_0000029,1854.56,1853.16,SYNTH_MERCH29_0000003,0.0,1.4,1,0,card_testing_burst_v2,1
118,PAYMENT,4.58,SYNTH_CARDTEST_0000029,1853.16,1848.58,SYNTH_MERCH29_0000004,0.0,4.58,1,0,card_testing_burst_v2,1
408,PAYMENT,28.93,SYNTH_CARDTEST_0000030,124.49,95.56,C606294800,0.0,28.93,0,0,card_testing_burst_v2,1
413,PAYMENT,1.81,SYNTH_CARDTEST_0000030,3085.96,3084.14,SYNTH_MERCH30_0000000,0.0,1.81,1,0,card_testing_burst_v2,1
410,PAYMENT,2.99,SYNTH_CARDTEST_0000030,3084.14,3081.15,SYNTH_MERCH30_0000001,0.0,2.99,1,0,card_testing_burst_v2,1
423,PAYMENT,2.67,SYNTH_CARDTEST_0000030,3081.15,3078.49,SYNTH_MERCH30_0000002,0.0,2.67,1,0,card_testing_burst_v2,1
422,PAYMENT,2.51,SYNTH_CARDTEST_0000030,3078.49,3075.98,SYNTH_MERCH30_0000003,0.0,2.51,1,0,card_testing_burst_v2,1
425,PAYMENT,1.79,SYNTH_CARDTEST_0000030,3075.98,3074.19,SYNTH_MERCH30_0000004,0.0,1.79,1,0,card_testing_burst_v2,1
72,PAYMENT,103.92,SYNTH_CARDTEST_0000031,332.78,228.86,C1669667561,0.0,103.92,0,0,card_testing_burst_v2,1
91,PAYMENT,3.88,SYNTH_CARDTEST_0000031,3721.3,3717.42,SYNTH_MERCH31_0000000,0.0,3.88,1,0,card_testing_burst_v2,1
82,PAYMENT,4.73,SYNTH_CARDTEST_0000031,3717.42,3712.69,SYNTH_MERCH31_0000001,0.0,4.73,1,0,card_testing_burst_v2,1
90,PAYMENT,4.76,SYNTH_CARDTEST_0000031,3712.69,3707.93,SYNTH_MERCH31_0000002,0.0,4.76,1,0,card_testing_burst_v2,1
87,PAYMENT,2.28,SYNTH_CARDTEST_0000031,3707.93,3705.65,SYNTH_MERCH31_0000003,0.0,2.28,1,0,card_testing_burst_v2,1
75,PAYMENT,4.44,SYNTH_CARDTEST_0000031,3705.65,3701.21,SYNTH_MERCH31_0000004,0.0,4.44,1,0,card_testing_burst_v2,1
252,PAYMENT,107.66,SYNTH_CARDTEST_0000032,462.26,354.6,C448219921,0.0,107.66,0,0,card_testing_burst_v2,1
274,PAYMENT,2.74,SYNTH_CARDTEST_0000032,645.89,643.16,SYNTH_MERCH32_0000000,0.0,2.74,1,0,card_testing_burst_v2,1
265,PAYMENT,3.76,SYNTH_CARDTEST_0000032,643.16,639.4,SYNTH_MERCH32_0000001,0.0,3.76,1,0,card_testing_burst_v2,1
272,PAYMENT,1.49,SYNTH_CARDTEST_0000032,639.4,637.91,SYNTH_MERCH32_0000002,0.0,1.49,1,0,card_testing_burst_v2,1
254,PAYMENT,2.06,SYNTH_CARDTEST_0000032,637.91,635.85,SYNTH_MERCH32_0000003,0.0,2.06,1,0,card_testing_burst_v2,1
257,PAYMENT,1.64,SYNTH_CARDTEST_0000032,635.85,634.21,SYNTH_MERCH32_0000004,0.0,1.64,1,0,card_testing_burst_v2,1
259,PAYMENT,174.87,SYNTH_CARDTEST_0000033,2351.74,2176.87,C2074117396,0.0,174.87,0,0,card_testing_burst_v2,1
285,PAYMENT,4.45,SYNTH_CARDTEST_0000033,27042.25,27037.8,SYNTH_MERCH33_0000000,0.0,4.45,1,0,card_testing_burst_v2,1
273,PAYMENT,1.9,SYNTH_CARDTEST_0000033,27037.8,27035.89,SYNTH_MERCH33_0000001,0.0,1.9,1,0,card_testing_burst_v2,1
265,PAYMENT,3.35,SYNTH_CARDTEST_0000033,27035.89,27032.54,SYNTH_MERCH33_0000002,0.0,3.35,1,0,card_testing_burst_v2,1
266,PAYMENT,3.89,SYNTH_CARDTEST_0000033,27032.54,27028.65,SYNTH_MERCH33_0000003,0.0,3.89,1,0,card_testing_burst_v2,1
264,PAYMENT,1.13,SYNTH_CARDTEST_0000033,27028.65,27027.53,SYNTH_MERCH33_0000004,0.0,1.13,1,0,card_testing_burst_v2,1
164,PAYMENT,71.17,SYNTH_CARDTEST_0000034,549.72,478.55,C859140677,0.0,71.17,0,0,card_testing_burst_v2,1
179,PAYMENT,1.86,SYNTH_CARDTEST_0000034,968.38,966.52,SYNTH_MERCH34_0000000,0.0,1.86,1,0,card_testing_burst_v2,1
180,PAYMENT,1.74,SYNTH_CARDTEST_0000034,966.52,964.78,SYNTH_MERCH34_0000001,0.0,1.74,1,0,card_testing_burst_v2,1
180,PAYMENT,2.51,SYNTH_CARDTEST_0000034,964.78,962.28,SYNTH_MERCH34_0000002,0.0,2.51,1,0,card_testing_burst_v2,1
169,PAYMENT,4.31,SYNTH_CARDTEST_0000034,962.28,957.97,SYNTH_MERCH34_0000003,0.0,4.31,1,0,card_testing_burst_v2,1
186,PAYMENT,1.74,SYNTH_CARDTEST_0000034,957.97,956.23,SYNTH_MERCH34_0000004,0.0,1.74,1,0,card_testing_burst_v2,1
582,PAYMENT,237.82,SYNTH_CARDTEST_0000035,1724.74,1486.92,C1131317311,0.0,237.82,0,0,card_testing_burst_v2,1
597,PAYMENT,4.08,SYNTH_CARDTEST_0000035,2991.01,2986.93,SYNTH_MERCH35_0000000,0.0,4.08,1,0,card_testing_burst_v2,1
606,PAYMENT,1.05,SYNTH_CARDTEST_0000035,2986.93,2985.88,SYNTH_MERCH35_0000001,0.0,1.05,1,0,card_testing_burst_v2,1
603,PAYMENT,2.29,SYNTH_CARDTEST_0000035,2985.88,2983.59,SYNTH_MERCH35_0000002,0.0,2.29,1,0,card_testing_burst_v2,1
598,PAYMENT,3.28,SYNTH_CARDTEST_0000035,2983.59,2980.31,SYNTH_MERCH35_0000003,0.0,3.28,1,0,card_testing_burst_v2,1
597,PAYMENT,2.89,SYNTH_CARDTEST_0000035,2980.31,2977.42,SYNTH_MERCH35_0000004,0.0,2.89,1,0,card_testing_burst_v2,1
345,PAYMENT,174.56,SYNTH_CARDTEST_0000036,1016.36,841.8,C1454727764,0.0,174.56,0,0,card_testing_burst_v2,1
369,PAYMENT,1.08,SYNTH_CARDTEST_0000036,4546.47,4545.39,SYNTH_MERCH36_0000000,0.0,1.08,1,0,card_testing_burst_v2,1
355,PAYMENT,1.3,SYNTH_CARDTEST_0000036,4545.39,4544.1,SYNTH_MERCH36_0000001,0.0,1.3,1,0,card_testing_burst_v2,1
354,PAYMENT,1.84,SYNTH_CARDTEST_0000036,4544.1,4542.25,SYNTH_MERCH36_0000002,0.0,1.84,1,0,card_testing_burst_v2,1
363,PAYMENT,3.93,SYNTH_CARDTEST_0000036,4542.25,4538.32,SYNTH_MERCH36_0000003,0.0,3.93,1,0,card_testing_burst_v2,1
363,PAYMENT,4.1,SYNTH_CARDTEST_0000036,4538.32,4534.22,SYNTH_MERCH36_0000004,0.0,4.1,1,0,card_testing_burst_v2,1
130,PAYMENT,52.43,SYNTH_CARDTEST_0000037,214.84,162.41,C2140607025,0.0,52.43,0,0,card_testing_burst_v2,1
140,PAYMENT,2.78,SYNTH_CARDTEST_0000037,2147.21,2144.43,SYNTH_MERCH37_0000000,0.0,2.78,1,0,card_testing_burst_v2,1
134,PAYMENT,3.34,SYNTH_CARDTEST_0000037,2144.43,2141.09,SYNTH_MERCH37_0000001,0.0,3.34,1,0,card_testing_burst_v2,1
139,PAYMENT,4.78,SYNTH_CARDTEST_0000037,2141.09,2136.31,SYNTH_MERCH37_0000002,0.0,4.78,1,0,card_testing_burst_v2,1
152,PAYMENT,3.11,SYNTH_CARDTEST_0000037,2136.31,2133.19,SYNTH_MERCH37_0000003,0.0,3.11,1,0,card_testing_burst_v2,1
146,PAYMENT,2.89,SYNTH_CARDTEST_0000037,2133.19,2130.3,SYNTH_MERCH37_0000004,0.0,2.89,1,0,card_testing_burst_v2,1
394,PAYMENT,165.98,SYNTH_CARDTEST_0000038,2251.24,2085.26,C1321390625,0.0,165.98,0,0,card_testing_burst_v2,1
404,PAYMENT,1.14,SYNTH_CARDTEST_0000038,1801.46,1800.32,SYNTH_MERCH38_0000000,0.0,1.14,1,0,card_testing_burst_v2,1
417,PAYMENT,2.46,SYNTH_CARDTEST_0000038,1800.32,1797.86,SYNTH_MERCH38_0000001,0.0,2.46,1,0,card_testing_burst_v2,1
418,PAYMENT,2.51,SYNTH_CARDTEST_0000038,1797.86,1795.35,SYNTH_MERCH38_0000002,0.0,2.51,1,0,card_testing_burst_v2,1
398,PAYMENT,4.0,SYNTH_CARDTEST_0000038,1795.35,1791.35,SYNTH_MERCH38_0000003,0.0,4.0,1,0,card_testing_burst_v2,1
419,PAYMENT,1.83,SYNTH_CARDTEST_0000038,1791.35,1789.52,SYNTH_MERCH38_0000004,0.0,1.83,1,0,card_testing_burst_v2,1
649,PAYMENT,55.68,SYNTH_CARDTEST_0000039,730.77,675.09,C254763767,0.0,55.68,0,0,card_testing_burst_v2,1
666,PAYMENT,1.51,SYNTH_CARDTEST_0000039,4960.0,4958.49,SYNTH_MERCH39_0000000,0.0,1.51,1,0,card_testing_burst_v2,1
669,PAYMENT,1.38,SYNTH_CARDTEST_0000039,4958.49,4957.11,SYNTH_MERCH39_0000001,0.0,1.38,1,0,card_testing_burst_v2,1
675,PAYMENT,4.16,SYNTH_CARDTEST_0000039,4957.11,4952.95,SYNTH_MERCH39_0000002,0.0,4.16,1,0,card_testing_burst_v2,1
658,PAYMENT,1.28,SYNTH_CARDTEST_0000039,4952.95,4951.67,SYNTH_MERCH39_0000003,0.0,1.28,1,0,card_testing_burst_v2,1
661,PAYMENT,1.32,SYNTH_CARDTEST_0000039,4951.67,4950.35,SYNTH_MERCH39_0000004,0.0,1.32,1,0,card_testing_burst_v2,1
199,PAYMENT,221.76,SYNTH_CARDTEST_0000040,1528.6,1306.84,C1735648169,0.0,221.76,0,0,card_testing_burst_v2,1
209,PAYMENT,3.02,SYNTH_CARDTEST_0000040,105704.39,105701.37,SYNTH_MERCH40_0000000,0.0,3.02,1,0,card_testing_burst_v2,1
222,PAYMENT,2.05,SYNTH_CARDTEST_0000040,105701.37,105699.32,SYNTH_MERCH40_0000001,0.0,2.05,1,0,card_testing_burst_v2,1
212,PAYMENT,4.01,SYNTH_CARDTEST_0000040,105699.32,105695.31,SYNTH_MERCH40_0000002,0.0,4.01,1,0,card_testing_burst_v2,1
223,PAYMENT,3.38,SYNTH_CARDTEST_0000040,105695.31,105691.94,SYNTH_MERCH40_0000003,0.0,3.38,1,0,card_testing_burst_v2,1
207,PAYMENT,4.76,SYNTH_CARDTEST_0000040,105691.94,105687.18,SYNTH_MERCH40_0000004,0.0,4.76,1,0,card_testing_burst_v2,1
419,PAYMENT,242.7,SYNTH_CARDTEST_0000041,1971.39,1728.69,C339633701,0.0,242.7,0,0,card_testing_burst_v2,1
439,PAYMENT,3.29,SYNTH_CARDTEST_0000041,5200.33,5197.04,SYNTH_MERCH41_0000000,0.0,3.29,1,0,card_testing_burst_v2,1
427,PAYMENT,2.18,SYNTH_CARDTEST_0000041,5197.04,5194.85,SYNTH_MERCH41_0000001,0.0,2.18,1,0,card_testing_burst_v2,1
421,PAYMENT,2.69,SYNTH_CARDTEST_0000041,5194.85,5192.16,SYNTH_MERCH41_0000002,0.0,2.69,1,0,card_testing_burst_v2,1
426,PAYMENT,3.08,SYNTH_CARDTEST_0000041,5192.16,5189.08,SYNTH_MERCH41_0000003,0.0,3.08,1,0,card_testing_burst_v2,1
433,PAYMENT,3.78,SYNTH_CARDTEST_0000041,5189.08,5185.3,SYNTH_MERCH41_0000004,0.0,3.78,1,0,card_testing_burst_v2,1
660,PAYMENT,102.03,SYNTH_CARDTEST_0000042,767.45,665.42,C275959975,0.0,102.03,0,0,card_testing_burst_v2,1
672,PAYMENT,2.14,SYNTH_CARDTEST_0000042,5579.53,5577.39,SYNTH_MERCH42_0000000,0.0,2.14,1,0,card_testing_burst_v2,1
682,PAYMENT,1.77,SYNTH_CARDTEST_0000042,5577.39,5575.62,SYNTH_MERCH42_0000001,0.0,1.77,1,0,card_testing_burst_v2,1
661,PAYMENT,1.03,SYNTH_CARDTEST_0000042,5575.62,5574.59,SYNTH_MERCH42_0000002,0.0,1.03,1,0,card_testing_burst_v2,1
678,PAYMENT,2.11,SYNTH_CARDTEST_0000042,5574.59,5572.48,SYNTH_MERCH42_0000003,0.0,2.11,1,0,card_testing_burst_v2,1
680,PAYMENT,1.81,SYNTH_CARDTEST_0000042,5572.48,5570.67,SYNTH_MERCH42_0000004,0.0,1.81,1,0,card_testing_burst_v2,1
70,PAYMENT,178.86,SYNTH_CARDTEST_0000043,2400.36,2221.5,C569142110,0.0,178.86,0,0,card_testing_burst_v2,1
84,PAYMENT,3.2,SYNTH_CARDTEST_0000043,7530.76,7527.56,SYNTH_MERCH43_0000000,0.0,3.2,1,0,card_testing_burst_v2,1
96,PAYMENT,1.23,SYNTH_CARDTEST_0000043,7527.56,7526.34,SYNTH_MERCH43_0000001,0.0,1.23,1,0,card_testing_burst_v2,1
79,PAYMENT,3.01,SYNTH_CARDTEST_0000043,7526.34,7523.32,SYNTH_MERCH43_0000002,0.0,3.01,1,0,card_testing_burst_v2,1
82,PAYMENT,2.8,SYNTH_CARDTEST_0000043,7523.32,7520.53,SYNTH_MERCH43_0000003,0.0,2.8,1,0,card_testing_burst_v2,1
79,PAYMENT,2.35,SYNTH_CARDTEST_0000043,7520.53,7518.17,SYNTH_MERCH43_0000004,0.0,2.35,1,0,card_testing_burst_v2,1
711,PAYMENT,69.58,SYNTH_CARDTEST_0000044,266.59,197.01,C373865356,0.0,69.58,0,0,card_testing_burst_v2,1
732,PAYMENT,4.87,SYNTH_CARDTEST_0000044,11466.35,11461.48,SYNTH_MERCH44_0000000,0.0,4.87,1,0,card_testing_burst_v2,1
737,PAYMENT,2.03,SYNTH_CARDTEST_0000044,11461.48,11459.45,SYNTH_MERCH44_0000001,0.0,2.03,1,0,card_testing_burst_v2,1
718,PAYMENT,2.13,SYNTH_CARDTEST_0000044,11459.45,11457.32,SYNTH_MERCH44_0000002,0.0,2.13,1,0,card_testing_burst_v2,1
723,PAYMENT,1.38,SYNTH_CARDTEST_0000044,11457.32,11455.94,SYNTH_MERCH44_0000003,0.0,1.38,1,0,card_testing_burst_v2,1
721,PAYMENT,4.68,SYNTH_CARDTEST_0000044,11455.94,11451.25,SYNTH_MERCH44_0000004,0.0,4.68,1,0,card_testing_burst_v2,1
118,PAYMENT,50.28,SYNTH_CARDTEST_0000045,634.24,583.96,C59907811,0.0,50.28,0,0,card_testing_burst_v2,1
126,PAYMENT,1.7,SYNTH_CARDTEST_0000045,4984.31,4982.61,SYNTH_MERCH45_0000000,0.0,1.7,1,0,card_testing_burst_v2,1
123,PAYMENT,1.93,SYNTH_CARDTEST_0000045,4982.61,4980.68,SYNTH_MERCH45_0000001,0.0,1.93,1,0,card_testing_burst_v2,1
134,PAYMENT,2.2,SYNTH_CARDTEST_0000045,4980.68,4978.48,SYNTH_MERCH45_0000002,0.0,2.2,1,0,card_testing_burst_v2,1
132,PAYMENT,4.3,SYNTH_CARDTEST_0000045,4978.48,4974.18,SYNTH_MERCH45_0000003,0.0,4.3,1,0,card_testing_burst_v2,1
124,PAYMENT,2.72,SYNTH_CARDTEST_0000045,4974.18,4971.46,SYNTH_MERCH45_0000004,0.0,2.72,1,0,card_testing_burst_v2,1
75,PAYMENT,11.36,SYNTH_CARDTEST_0000046,54.02,42.66,C77931678,0.0,11.36,0,0,card_testing_burst_v2,1
77,PAYMENT,1.59,SYNTH_CARDTEST_0000046,30581.59,30580.01,SYNTH_MERCH46_0000000,0.0,1.59,1,0,card_testing_burst_v2,1
78,PAYMENT,4.18,SYNTH_CARDTEST_0000046,30580.01,30575.83,SYNTH_MERCH46_0000001,0.0,4.18,1,0,card_testing_burst_v2,1
88,PAYMENT,3.0,SYNTH_CARDTEST_0000046,30575.83,30572.83,SYNTH_MERCH46_0000002,0.0,3.0,1,0,card_testing_burst_v2,1
87,PAYMENT,2.63,SYNTH_CARDTEST_0000046,30572.83,30570.2,SYNTH_MERCH46_0000003,0.0,2.63,1,0,card_testing_burst_v2,1
77,PAYMENT,2.36,SYNTH_CARDTEST_0000046,30570.2,30567.85,SYNTH_MERCH46_0000004,0.0,2.36,1,0,card_testing_burst_v2,1
473,PAYMENT,221.28,SYNTH_CARDTEST_0000047,2681.19,2459.91,C806800306,0.0,221.28,0,0,card_testing_burst_v2,1
489,PAYMENT,1.89,SYNTH_CARDTEST_0000047,2222.83,2220.94,SYNTH_MERCH47_0000000,0.0,1.89,1,0,card_testing_burst_v2,1
497,PAYMENT,2.6,SYNTH_CARDTEST_0000047,2220.94,2218.35,SYNTH_MERCH47_0000001,0.0,2.6,1,0,card_testing_burst_v2,1
492,PAYMENT,2.79,SYNTH_CARDTEST_0000047,2218.35,2215.56,SYNTH_MERCH47_0000002,0.0,2.79,1,0,card_testing_burst_v2,1
495,PAYMENT,1.98,SYNTH_CARDTEST_0000047,2215.56,2213.58,SYNTH_MERCH47_0000003,0.0,1.98,1,0,card_testing_burst_v2,1
494,PAYMENT,4.31,SYNTH_CARDTEST_0000047,2213.58,2209.27,SYNTH_MERCH47_0000004,0.0,4.31,1,0,card_testing_burst_v2,1
300,PAYMENT,234.82,SYNTH_CARDTEST_0000048,3303.29,3068.47,C1468954325,0.0,234.82,0,0,card_testing_burst_v2,1
311,PAYMENT,2.33,SYNTH_CARDTEST_0000048,19496.86,19494.53,SYNTH_MERCH48_0000000,0.0,2.33,1,0,card_testing_burst_v2,1
307,PAYMENT,2.1,SYNTH_CARDTEST_0000048,19494.53,19492.43,SYNTH_MERCH48_0000001,0.0,2.1,1,0,card_testing_burst_v2,1
308,PAYMENT,4.72,SYNTH_CARDTEST_0000048,19492.43,19487.71,SYNTH_MERCH48_0000002,0.0,4.72,1,0,card_testing_burst_v2,1
316,PAYMENT,1.63,SYNTH_CARDTEST_0000048,19487.71,19486.08,SYNTH_MERCH48_0000003,0.0,1.63,1,0,card_testing_burst_v2,1
315,PAYMENT,4.14,SYNTH_CARDTEST_0000048,19486.08,19481.94,SYNTH_MERCH48_0000004,0.0,4.14,1,0,card_testing_burst_v2,1
638,PAYMENT,243.46,SYNTH_CARDTEST_0000049,3137.62,2894.16,C1225932842,0.0,243.46,0,0,card_testing_burst_v2,1
648,PAYMENT,3.63,SYNTH_CARDTEST_0000049,4023.22,4019.59,SYNTH_MERCH49_0000000,0.0,3.63,1,0,card_testing_burst_v2,1
642,PAYMENT,2.81,SYNTH_CARDTEST_0000049,4019.59,4016.78,SYNTH_MERCH49_0000001,0.0,2.81,1,0,card_testing_burst_v2,1
643,PAYMENT,3.05,SYNTH_CARDTEST_0000049,4016.78,4013.73,SYNTH_MERCH49_0000002,0.0,3.05,1,0,card_testing_burst_v2,1
653,PAYMENT,2.39,SYNTH_CARDTEST_0000049,4013.73,4011.34,SYNTH_MERCH49_0000003,0.0,2.39,1,0,card_testing_burst_v2,1
647,PAYMENT,4.04,SYNTH_CARDTEST_0000049,4011.34,4007.3,SYNTH_MERCH49_0000004,0.0,4.04,1,0,card_testing_burst_v2,1
478,PAYMENT,132.31,SYNTH_CARDTEST_0000050,1320.5,1188.19,C1217535941,0.0,132.31,0,0,card_testing_burst_v2,1
504,PAYMENT,1.85,SYNTH_CARDTEST_0000050,2498.67,2496.82,SYNTH_MERCH50_0000000,0.0,1.85,1,0,card_testing_burst_v2,1
483,PAYMENT,4.91,SYNTH_CARDTEST_0000050,2496.82,2491.91,SYNTH_MERCH50_0000001,0.0,4.91,1,0,card_testing_burst_v2,1
503,PAYMENT,4.15,SYNTH_CARDTEST_0000050,2491.91,2487.76,SYNTH_MERCH50_0000002,0.0,4.15,1,0,card_testing_burst_v2,1
488,PAYMENT,2.96,SYNTH_CARDTEST_0000050,2487.76,2484.8,SYNTH_MERCH50_0000003,0.0,2.96,1,0,card_testing_burst_v2,1
500,PAYMENT,3.02,SYNTH_CARDTEST_0000050,2484.8,2481.78,SYNTH_MERCH50_0000004,0.0,3.02,1,0,card_testing_burst_v2,1
152,PAYMENT,228.07,SYNTH_CARDTEST_0000051,3336.04,3107.97,C768869824,0.0,228.07,0,0,card_testing_burst_v2,1
178,PAYMENT,3.89,SYNTH_CARDTEST_0000051,3753.77,3749.88,SYNTH_MERCH51_0000000,0.0,3.89,1,0,card_testing_burst_v2,1
168,PAYMENT,4.36,SYNTH_CARDTEST_0000051,3749.88,3745.52,SYNTH_MERCH51_0000001,0.0,4.36,1,0,card_testing_burst_v2,1
173,PAYMENT,1.68,SYNTH_CARDTEST_0000051,3745.52,3743.84,SYNTH_MERCH51_0000002,0.0,1.68,1,0,card_testing_burst_v2,1
171,PAYMENT,3.4,SYNTH_CARDTEST_0000051,3743.84,3740.45,SYNTH_MERCH51_0000003,0.0,3.4,1,0,card_testing_burst_v2,1
169,PAYMENT,4.12,SYNTH_CARDTEST_0000051,3740.45,3736.33,SYNTH_MERCH51_0000004,0.0,4.12,1,0,card_testing_burst_v2,1
231,PAYMENT,55.17,SYNTH_CARDTEST_0000052,248.22,193.05,C1136161329,0.0,55.17,0,0,card_testing_burst_v2,1
251,PAYMENT,3.39,SYNTH_CARDTEST_0000052,2124.91,2121.52,SYNTH_MERCH52_0000000,0.0,3.39,1,0,card_testing_burst_v2,1
240,PAYMENT,3.78,SYNTH_CARDTEST_0000052,2121.52,2117.74,SYNTH_MERCH52_0000001,0.0,3.78,1,0,card_testing_burst_v2,1
241,PAYMENT,2.8,SYNTH_CARDTEST_0000052,2117.74,2114.94,SYNTH_MERCH52_0000002,0.0,2.8,1,0,card_testing_burst_v2,1
252,PAYMENT,3.62,SYNTH_CARDTEST_0000052,2114.94,2111.32,SYNTH_MERCH52_0000003,0.0,3.62,1,0,card_testing_burst_v2,1
237,PAYMENT,4.99,SYNTH_CARDTEST_0000052,2111.32,2106.34,SYNTH_MERCH52_0000004,0.0,4.99,1,0,card_testing_burst_v2,1
107,PAYMENT,155.29,SYNTH_CARDTEST_0000053,1669.48,1514.19,C285654823,0.0,155.29,0,0,card_testing_burst_v2,1
111,PAYMENT,1.2,SYNTH_CARDTEST_0000053,60821.5,60820.31,SYNTH_MERCH53_0000000,0.0,1.2,1,0,card_testing_burst_v2,1
119,PAYMENT,4.91,SYNTH_CARDTEST_0000053,60820.31,60815.39,SYNTH_MERCH53_0000001,0.0,4.91,1,0,card_testing_burst_v2,1
111,PAYMENT,2.56,SYNTH_CARDTEST_0000053,60815.39,60812.83,SYNTH_MERCH53_0000002,0.0,2.56,1,0,card_testing_burst_v2,1
117,PAYMENT,2.02,SYNTH_CARDTEST_0000053,60812.83,60810.81,SYNTH_MERCH53_0000003,0.0,2.02,1,0,card_testing_burst_v2,1
117,PAYMENT,3.47,SYNTH_CARDTEST_0000053,60810.81,60807.34,SYNTH_MERCH53_0000004,0.0,3.47,1,0,card_testing_burst_v2,1
345,PAYMENT,171.69,SYNTH_CARDTEST_0000054,1688.65,1516.96,C832464388,0.0,171.69,0,0,card_testing_burst_v2,1
350,PAYMENT,1.83,SYNTH_CARDTEST_0000054,4409.5,4407.67,SYNTH_MERCH54_0000000,0.0,1.83,1,0,card_testing_burst_v2,1
365,PAYMENT,4.59,SYNTH_CARDTEST_0000054,4407.67,4403.08,SYNTH_MERCH54_0000001,0.0,4.59,1,0,card_testing_burst_v2,1
349,PAYMENT,3.58,SYNTH_CARDTEST_0000054,4403.08,4399.5,SYNTH_MERCH54_0000002,0.0,3.58,1,0,card_testing_burst_v2,1
362,PAYMENT,1.93,SYNTH_CARDTEST_0000054,4399.5,4397.57,SYNTH_MERCH54_0000003,0.0,1.93,1,0,card_testing_burst_v2,1
364,PAYMENT,4.26,SYNTH_CARDTEST_0000054,4397.57,4393.31,SYNTH_MERCH54_0000004,0.0,4.26,1,0,card_testing_burst_v2,1
325,PAYMENT,148.57,SYNTH_CARDTEST_0000055,2006.78,1858.21,C1066920203,0.0,148.57,0,0,card_testing_burst_v2,1
352,PAYMENT,4.29,SYNTH_CARDTEST_0000055,34544.0,34539.71,SYNTH_MERCH55_0000000,0.0,4.29,1,0,card_testing_burst_v2,1
331,PAYMENT,1.7,SYNTH_CARDTEST_0000055,34539.71,34538.01,SYNTH_MERCH55_0000001,0.0,1.7,1,0,card_testing_burst_v2,1
338,PAYMENT,2.79,SYNTH_CARDTEST_0000055,34538.01,34535.22,SYNTH_MERCH55_0000002,0.0,2.79,1,0,card_testing_burst_v2,1
329,PAYMENT,3.02,SYNTH_CARDTEST_0000055,34535.22,34532.2,SYNTH_MERCH55_0000003,0.0,3.02,1,0,card_testing_burst_v2,1
342,PAYMENT,1.14,SYNTH_CARDTEST_0000055,34532.2,34531.05,SYNTH_MERCH55_0000004,0.0,1.14,1,0,card_testing_burst_v2,1
79,PAYMENT,157.93,SYNTH_CARDTEST_0000056,1724.64,1566.71,C464957753,0.0,157.93,0,0,card_testing_burst_v2,1
88,PAYMENT,4.42,SYNTH_CARDTEST_0000056,7588.44,7584.02,SYNTH_MERCH56_0000000,0.0,4.42,1,0,card_testing_burst_v2,1
100,PAYMENT,3.02,SYNTH_CARDTEST_0000056,7584.02,7581.0,SYNTH_MERCH56_0000001,0.0,3.02,1,0,card_testing_burst_v2,1
90,PAYMENT,4.59,SYNTH_CARDTEST_0000056,7581.0,7576.41,SYNTH_MERCH56_0000002,0.0,4.59,1,0,card_testing_burst_v2,1
84,PAYMENT,1.61,SYNTH_CARDTEST_0000056,7576.41,7574.8,SYNTH_MERCH56_0000003,0.0,1.61,1,0,card_testing_burst_v2,1
91,PAYMENT,4.22,SYNTH_CARDTEST_0000056,7574.8,7570.58,SYNTH_MERCH56_0000004,0.0,4.22,1,0,card_testing_burst_v2,1
445,PAYMENT,191.75,SYNTH_CARDTEST_0000057,1271.26,1079.51,C6216127,0.0,191.75,0,0,card_testing_burst_v2,1
470,PAYMENT,3.61,SYNTH_CARDTEST_0000057,543.38,539.76,SYNTH_MERCH57_0000000,0.0,3.61,1,0,card_testing_burst_v2,1
451,PAYMENT,1.72,SYNTH_CARDTEST_0000057,539.76,538.04,SYNTH_MERCH57_0000001,0.0,1.72,1,0,card_testing_burst_v2,1
454,PAYMENT,2.32,SYNTH_CARDTEST_0000057,538.04,535.73,SYNTH_MERCH57_0000002,0.0,2.32,1,0,card_testing_burst_v2,1
473,PAYMENT,3.58,SYNTH_CARDTEST_0000057,535.73,532.14,SYNTH_MERCH57_0000003,0.0,3.58,1,0,card_testing_burst_v2,1
458,PAYMENT,4.72,SYNTH_CARDTEST_0000057,532.14,527.42,SYNTH_MERCH57_0000004,0.0,4.72,1,0,card_testing_burst_v2,1
415,PAYMENT,233.16,SYNTH_CARDTEST_0000058,1739.94,1506.78,C1274009826,0.0,233.16,0,0,card_testing_burst_v2,1
439,PAYMENT,2.84,SYNTH_CARDTEST_0000058,5036.37,5033.53,SYNTH_MERCH58_0000000,0.0,2.84,1,0,card_testing_burst_v2,1
427,PAYMENT,1.03,SYNTH_CARDTEST_0000058,5033.53,5032.5,SYNTH_MERCH58_0000001,0.0,1.03,1,0,card_testing_burst_v2,1
428,PAYMENT,3.18,SYNTH_CARDTEST_0000058,5032.5,5029.33,SYNTH_MERCH58_0000002,0.0,3.18,1,0,card_testing_burst_v2,1
438,PAYMENT,3.2,SYNTH_CARDTEST_0000058,5029.33,5026.13,SYNTH_MERCH58_0000003,0.0,3.2,1,0,card_testing_burst_v2,1
440,PAYMENT,3.32,SYNTH_CARDTEST_0000058,5026.13,5022.81,SYNTH_MERCH58_0000004,0.0,3.32,1,0,card_testing_burst_v2,1
203,PAYMENT,215.52,SYNTH_CARDTEST_0000059,2305.83,2090.31,C890373614,0.0,215.52,0,0,card_testing_burst_v2,1
220,PAYMENT,3.41,SYNTH_CARDTEST_0000059,4344.24,4340.83,SYNTH_MERCH59_0000000,0.0,3.41,1,0,card_testing_burst_v2,1
230,PAYMENT,3.93,SYNTH_CARDTEST_0000059,4340.83,4336.9,SYNTH_MERCH59_0000001,0.0,3.93,1,0,card_testing_burst_v2,1
213,PAYMENT,2.85,SYNTH_CARDTEST_0000059,4336.9,4334.05,SYNTH_MERCH59_0000002,0.0,2.85,1,0,card_testing_burst_v2,1
223,PAYMENT,4.59,SYNTH_CARDTEST_0000059,4334.05,4329.46,SYNTH_MERCH59_0000003,0.0,4.59,1,0,card_testing_burst_v2,1
220,PAYMENT,1.31,SYNTH_CARDTEST_0000059,4329.46,4328.15,SYNTH_MERCH59_0000004,0.0,1.31,1,0,card_testing_burst_v2,1
159,PAYMENT,239.04,SYNTH_CARDTEST_0000060,3305.61,3066.57,C392953052,0.0,239.04,0,0,card_testing_burst_v2,1
172,PAYMENT,1.01,SYNTH_CARDTEST_0000060,2349.74,2348.73,SYNTH_MERCH60_0000000,0.0,1.01,1,0,card_testing_burst_v2,1
174,PAYMENT,1.67,SYNTH_CARDTEST_0000060,2348.73,2347.06,SYNTH_MERCH60_0000001,0.0,1.67,1,0,card_testing_burst_v2,1
182,PAYMENT,3.38,SYNTH_CARDTEST_0000060,2347.06,2343.68,SYNTH_MERCH60_0000002,0.0,3.38,1,0,card_testing_burst_v2,1
177,PAYMENT,1.9,SYNTH_CARDTEST_0000060,2343.68,2341.78,SYNTH_MERCH60_0000003,0.0,1.9,1,0,card_testing_burst_v2,1
165,PAYMENT,4.24,SYNTH_CARDTEST_0000060,2341.78,2337.54,SYNTH_MERCH60_0000004,0.0,4.24,1,0,card_testing_burst_v2,1
476,PAYMENT,73.48,SYNTH_CARDTEST_0000061,651.05,577.57,C1258544118,0.0,73.48,0,0,card_testing_burst_v2,1
478,PAYMENT,1.23,SYNTH_CARDTEST_0000061,5937.15,5935.91,SYNTH_MERCH61_0000000,0.0,1.23,1,0,card_testing_burst_v2,1
487,PAYMENT,1.78,SYNTH_CARDTEST_0000061,5935.91,5934.13,SYNTH_MERCH61_0000001,0.0,1.78,1,0,card_testing_burst_v2,1
495,PAYMENT,3.12,SYNTH_CARDTEST_0000061,5934.13,5931.01,SYNTH_MERCH61_0000002,0.0,3.12,1,0,card_testing_burst_v2,1
490,PAYMENT,3.14,SYNTH_CARDTEST_0000061,5931.01,5927.87,SYNTH_MERCH61_0000003,0.0,3.14,1,0,card_testing_burst_v2,1
483,PAYMENT,5.0,SYNTH_CARDTEST_0000061,5927.87,5922.87,SYNTH_MERCH61_0000004,0.0,5.0,1,0,card_testing_burst_v2,1
59,PAYMENT,238.33,SYNTH_CARDTEST_0000062,2052.99,1814.66,C1086374721,0.0,238.33,0,0,card_testing_burst_v2,1
82,PAYMENT,1.47,SYNTH_CARDTEST_0000062,106375.6,106374.13,SYNTH_MERCH62_0000000,0.0,1.47,1,0,card_testing_burst_v2,1
64,PAYMENT,3.31,SYNTH_CARDTEST_0000062,106374.13,106370.82,SYNTH_MERCH62_0000001,0.0,3.31,1,0,card_testing_burst_v2,1
65,PAYMENT,1.48,SYNTH_CARDTEST_0000062,106370.82,106369.33,SYNTH_MERCH62_0000002,0.0,1.48,1,0,card_testing_burst_v2,1
70,PAYMENT,4.72,SYNTH_CARDTEST_0000062,106369.33,106364.61,SYNTH_MERCH62_0000003,0.0,4.72,1,0,card_testing_burst_v2,1
72,PAYMENT,3.7,SYNTH_CARDTEST_0000062,106364.61,106360.91,SYNTH_MERCH62_0000004,0.0,3.7,1,0,card_testing_burst_v2,1
533,PAYMENT,162.75,SYNTH_CARDTEST_0000063,2235.41,2072.66,C399637132,0.0,162.75,0,0,card_testing_burst_v2,1
554,PAYMENT,1.69,SYNTH_CARDTEST_0000063,97581.46,97579.77,SYNTH_MERCH63_0000000,0.0,1.69,1,0,card_testing_burst_v2,1
535,PAYMENT,3.88,SYNTH_CARDTEST_0000063,97579.77,97575.89,SYNTH_MERCH63_0000001,0.0,3.88,1,0,card_testing_burst_v2,1
558,PAYMENT,2.92,SYNTH_CARDTEST_0000063,97575.89,97572.97,SYNTH_MERCH63_0000002,0.0,2.92,1,0,card_testing_burst_v2,1
544,PAYMENT,3.53,SYNTH_CARDTEST_0000063,97572.97,97569.44,SYNTH_MERCH63_0000003,0.0,3.53,1,0,card_testing_burst_v2,1
557,PAYMENT,3.49,SYNTH_CARDTEST_0000063,97569.44,97565.94,SYNTH_MERCH63_0000004,0.0,3.49,1,0,card_testing_burst_v2,1
49,PAYMENT,27.36,SYNTH_CARDTEST_0000064,177.0,149.64,C1741469785,0.0,27.36,0,0,card_testing_burst_v2,1
74,PAYMENT,1.65,SYNTH_CARDTEST_0000064,2312.72,2311.07,SYNTH_MERCH64_0000000,0.0,1.65,1,0,card_testing_burst_v2,1
62,PAYMENT,3.99,SYNTH_CARDTEST_0000064,2311.07,2307.08,SYNTH_MERCH64_0000001,0.0,3.99,1,0,card_testing_burst_v2,1
73,PAYMENT,2.92,SYNTH_CARDTEST_0000064,2307.08,2304.16,SYNTH_MERCH64_0000002,0.0,2.92,1,0,card_testing_burst_v2,1
70,PAYMENT,2.88,SYNTH_CARDTEST_0000064,2304.16,2301.28,SYNTH_MERCH64_0000003,0.0,2.88,1,0,card_testing_burst_v2,1
69,PAYMENT,3.74,SYNTH_CARDTEST_0000064,2301.28,2297.54,SYNTH_MERCH64_0000004,0.0,3.74,1,0,card_testing_burst_v2,1
451,PAYMENT,235.23,SYNTH_CARDTEST_0000065,2857.55,2622.32,C1640748125,0.0,235.23,0,0,card_testing_burst_v2,1
476,PAYMENT,3.84,SYNTH_CARDTEST_0000065,2443.35,2439.51,SYNTH_MERCH65_0000000,0.0,3.84,1,0,card_testing_burst_v2,1
475,PAYMENT,3.52,SYNTH_CARDTEST_0000065,2439.51,2435.99,SYNTH_MERCH65_0000001,0.0,3.52,1,0,card_testing_burst_v2,1
466,PAYMENT,2.29,SYNTH_CARDTEST_0000065,2435.99,2433.71,SYNTH_MERCH65_0000002,0.0,2.29,1,0,card_testing_burst_v2,1
474,PAYMENT,4.2,SYNTH_CARDTEST_0000065,2433.71,2429.51,SYNTH_MERCH65_0000003,0.0,4.2,1,0,card_testing_burst_v2,1
459,PAYMENT,4.08,SYNTH_CARDTEST_0000065,2429.51,2425.43,SYNTH_MERCH65_0000004,0.0,4.08,1,0,card_testing_burst_v2,1
166,PAYMENT,54.27,SYNTH_CARDTEST_0000066,610.15,555.88,C828633550,0.0,54.27,0,0,card_testing_burst_v2,1
177,PAYMENT,1.48,SYNTH_CARDTEST_0000066,276.05,274.57,SYNTH_MERCH66_0000000,0.0,1.48,1,0,card_testing_burst_v2,1
187,PAYMENT,3.14,SYNTH_CARDTEST_0000066,274.57,271.43,SYNTH_MERCH66_0000001,0.0,3.14,1,0,card_testing_burst_v2,1
192,PAYMENT,3.82,SYNTH_CARDTEST_0000066,271.43,267.62,SYNTH_MERCH66_0000002,0.0,3.82,1,0,card_testing_burst_v2,1
178,PAYMENT,4.62,SYNTH_CARDTEST_0000066,267.62,263.0,SYNTH_MERCH66_0000003,0.0,4.62,1,0,card_testing_burst_v2,1
181,PAYMENT,4.42,SYNTH_CARDTEST_0000066,263.0,258.58,SYNTH_MERCH66_0000004,0.0,4.42,1,0,card_testing_burst_v2,1
411,PAYMENT,185.94,SYNTH_CARDTEST_0000067,2353.9,2167.96,C588293624,0.0,185.94,0,0,card_testing_burst_v2,1
436,PAYMENT,2.62,SYNTH_CARDTEST_0000067,2301.8,2299.18,SYNTH_MERCH67_0000000,0.0,2.62,1,0,card_testing_burst_v2,1
439,PAYMENT,2.49,SYNTH_CARDTEST_0000067,2299.18,2296.69,SYNTH_MERCH67_0000001,0.0,2.49,1,0,card_testing_burst_v2,1
422,PAYMENT,3.36,SYNTH_CARDTEST_0000067,2296.69,2293.33,SYNTH_MERCH67_0000002,0.0,3.36,1,0,card_testing_burst_v2,1
424,PAYMENT,1.42,SYNTH_CARDTEST_0000067,2293.33,2291.91,SYNTH_MERCH67_0000003,0.0,1.42,1,0,card_testing_burst_v2,1
424,PAYMENT,4.82,SYNTH_CARDTEST_0000067,2291.91,2287.09,SYNTH_MERCH67_0000004,0.0,4.82,1,0,card_testing_burst_v2,1
428,PAYMENT,127.64,SYNTH_CARDTEST_0000068,629.21,501.57,C1714806,0.0,127.64,0,0,card_testing_burst_v2,1
453,PAYMENT,4.53,SYNTH_CARDTEST_0000068,4063.05,4058.52,SYNTH_MERCH68_0000000,0.0,4.53,1,0,card_testing_burst_v2,1
447,PAYMENT,2.93,SYNTH_CARDTEST_0000068,4058.52,4055.59,SYNTH_MERCH68_0000001,0.0,2.93,1,0,card_testing_burst_v2,1
447,PAYMENT,3.68,SYNTH_CARDTEST_0000068,4055.59,4051.91,SYNTH_MERCH68_0000002,0.0,3.68,1,0,card_testing_burst_v2,1
437,PAYMENT,3.66,SYNTH_CARDTEST_0000068,4051.91,4048.25,SYNTH_MERCH68_0000003,0.0,3.66,1,0,card_testing_burst_v2,1
449,PAYMENT,2.05,SYNTH_CARDTEST_0000068,4048.25,4046.2,SYNTH_MERCH68_0000004,0.0,2.05,1,0,card_testing_burst_v2,1
348,PAYMENT,229.54,SYNTH_CARDTEST_0000069,1822.95,1593.41,C1770566758,0.0,229.54,0,0,card_testing_burst_v2,1
368,PAYMENT,4.93,SYNTH_CARDTEST_0000069,51948.83,51943.9,SYNTH_MERCH69_0000000,0.0,4.93,1,0,card_testing_burst_v2,1
352,PAYMENT,2.92,SYNTH_CARDTEST_0000069,51943.9,51940.98,SYNTH_MERCH69_0000001,0.0,2.92,1,0,card_testing_burst_v2,1
362,PAYMENT,2.49,SYNTH_CARDTEST_0000069,51940.98,51938.5,SYNTH_MERCH69_0000002,0.0,2.49,1,0,card_testing_burst_v2,1
357,PAYMENT,1.34,SYNTH_CARDTEST_0000069,51938.5,51937.15,SYNTH_MERCH69_0000003,0.0,1.34,1,0,card_testing_burst_v2,1
356,PAYMENT,3.87,SYNTH_CARDTEST_0000069,51937.15,51933.28,SYNTH_MERCH69_0000004,0.0,3.87,1,0,card_testing_burst_v2,1
603,PAYMENT,52.48,SYNTH_CARDTEST_0000070,725.94,673.46,C1445410260,0.0,52.48,0,0,card_testing_burst_v2,1
625,PAYMENT,4.74,SYNTH_CARDTEST_0000070,13884.34,13879.6,SYNTH_MERCH70_0000000,0.0,4.74,1,0,card_testing_burst_v2,1
613,PAYMENT,1.49,SYNTH_CARDTEST_0000070,13879.6,13878.11,SYNTH_MERCH70_0000001,0.0,1.49,1,0,card_testing_burst_v2,1
627,PAYMENT,3.03,SYNTH_CARDTEST_0000070,13878.11,13875.08,SYNTH_MERCH70_0000002,0.0,3.03,1,0,card_testing_burst_v2,1
626,PAYMENT,1.03,SYNTH_CARDTEST_0000070,13875.08,13874.05,SYNTH_MERCH70_0000003,0.0,1.03,1,0,card_testing_burst_v2,1
610,PAYMENT,1.5,SYNTH_CARDTEST_0000070,13874.05,13872.55,SYNTH_MERCH70_0000004,0.0,1.5,1,0,card_testing_burst_v2,1
200,PAYMENT,189.05,SYNTH_CARDTEST_0000071,1205.86,1016.81,C1313999980,0.0,189.05,0,0,card_testing_burst_v2,1
207,PAYMENT,3.99,SYNTH_CARDTEST_0000071,12397.28,12393.29,SYNTH_MERCH71_0000000,0.0,3.99,1,0,card_testing_burst_v2,1
214,PAYMENT,1.86,SYNTH_CARDTEST_0000071,12393.29,12391.43,SYNTH_MERCH71_0000001,0.0,1.86,1,0,card_testing_burst_v2,1
203,PAYMENT,1.31,SYNTH_CARDTEST_0000071,12391.43,12390.12,SYNTH_MERCH71_0000002,0.0,1.31,1,0,card_testing_burst_v2,1
213,PAYMENT,3.32,SYNTH_CARDTEST_0000071,12390.12,12386.79,SYNTH_MERCH71_0000003,0.0,3.32,1,0,card_testing_burst_v2,1
211,PAYMENT,2.08,SYNTH_CARDTEST_0000071,12386.79,12384.71,SYNTH_MERCH71_0000004,0.0,2.08,1,0,card_testing_burst_v2,1
137,PAYMENT,231.11,SYNTH_CARDTEST_0000072,2235.62,2004.51,C446491951,0.0,231.11,0,0,card_testing_burst_v2,1
156,PAYMENT,4.13,SYNTH_CARDTEST_0000072,1514.1,1509.97,SYNTH_MERCH72_0000000,0.0,4.13,1,0,card_testing_burst_v2,1
146,PAYMENT,1.37,SYNTH_CARDTEST_0000072,1509.97,1508.6,SYNTH_MERCH72_0000001,0.0,1.37,1,0,card_testing_burst_v2,1
159,PAYMENT,2.76,SYNTH_CARDTEST_0000072,1508.6,1505.83,SYNTH_MERCH72_0000002,0.0,2.76,1,0,card_testing_burst_v2,1
154,PAYMENT,1.81,SYNTH_CARDTEST_0000072,1505.83,1504.02,SYNTH_MERCH72_0000003,0.0,1.81,1,0,card_testing_burst_v2,1
163,PAYMENT,4.21,SYNTH_CARDTEST_0000072,1504.02,1499.81,SYNTH_MERCH72_0000004,0.0,4.21,1,0,card_testing_burst_v2,1
194,PAYMENT,66.27,SYNTH_CARDTEST_0000073,797.64,731.37,C1996499457,0.0,66.27,0,0,card_testing_burst_v2,1
211,PAYMENT,3.4,SYNTH_CARDTEST_0000073,11375.67,11372.27,SYNTH_MERCH73_0000000,0.0,3.4,1,0,card_testing_burst_v2,1
197,PAYMENT,2.48,SYNTH_CARDTEST_0000073,11372.27,11369.79,SYNTH_MERCH73_0000001,0.0,2.48,1,0,card_testing_burst_v2,1
203,PAYMENT,2.69,SYNTH_CARDTEST_0000073,11369.79,11367.1,SYNTH_MERCH73_0000002,0.0,2.69,1,0,card_testing_burst_v2,1
200,PAYMENT,3.26,SYNTH_CARDTEST_0000073,11367.1,11363.84,SYNTH_MERCH73_0000003,0.0,3.26,1,0,card_testing_burst_v2,1
196,PAYMENT,2.96,SYNTH_CARDTEST_0000073,11363.84,11360.88,SYNTH_MERCH73_0000004,0.0,2.96,1,0,card_testing_burst_v2,1
526,PAYMENT,29.0,SYNTH_CARDTEST_0000074,299.91,270.91,C1334658439,0.0,29.0,0,0,card_testing_burst_v2,1
541,PAYMENT,2.8,SYNTH_CARDTEST_0000074,612.47,609.66,SYNTH_MERCH74_0000000,0.0,2.8,1,0,card_testing_burst_v2,1
538,PAYMENT,4.1,SYNTH_CARDTEST_0000074,609.66,605.57,SYNTH_MERCH74_0000001,0.0,4.1,1,0,card_testing_burst_v2,1
545,PAYMENT,1.25,SYNTH_CARDTEST_0000074,605.57,604.31,SYNTH_MERCH74_0000002,0.0,1.25,1,0,card_testing_burst_v2,1
554,PAYMENT,4.8,SYNTH_CARDTEST_0000074,604.31,599.52,SYNTH_MERCH74_0000003,0.0,4.8,1,0,card_testing_burst_v2,1
541,PAYMENT,2.99,SYNTH_CARDTEST_0000074,599.52,596.52,SYNTH_MERCH74_0000004,0.0,2.99,1,0,card_testing_burst_v2,1
421,PAYMENT,199.38,SYNTH_CARDTEST_0000075,1636.01,1436.63,C1209474702,0.0,199.38,0,0,card_testing_burst_v2,1
441,PAYMENT,3.07,SYNTH_CARDTEST_0000075,8459.51,8456.44,SYNTH_MERCH75_0000000,0.0,3.07,1,0,card_testing_burst_v2,1
432,PAYMENT,3.58,SYNTH_CARDTEST_0000075,8456.44,8452.85,SYNTH_MERCH75_0000001,0.0,3.58,1,0,card_testing_burst_v2,1
446,PAYMENT,2.11,SYNTH_CARDTEST_0000075,8452.85,8450.74,SYNTH_MERCH75_0000002,0.0,2.11,1,0,card_testing_burst_v2,1
427,PAYMENT,2.71,SYNTH_CARDTEST_0000075,8450.74,8448.03,SYNTH_MERCH75_0000003,0.0,2.71,1,0,card_testing_burst_v2,1
445,PAYMENT,2.85,SYNTH_CARDTEST_0000075,8448.03,8445.18,SYNTH_MERCH75_0000004,0.0,2.85,1,0,card_testing_burst_v2,1
500,PAYMENT,37.45,SYNTH_CARDTEST_0000076,547.47,510.02,C1572745057,0.0,37.45,0,0,card_testing_burst_v2,1
512,PAYMENT,3.88,SYNTH_CARDTEST_0000076,20018.75,20014.87,SYNTH_MERCH76_0000000,0.0,3.88,1,0,card_testing_burst_v2,1
518,PAYMENT,1.03,SYNTH_CARDTEST_0000076,20014.87,20013.84,SYNTH_MERCH76_0000001,0.0,1.03,1,0,card_testing_burst_v2,1
525,PAYMENT,2.04,SYNTH_CARDTEST_0000076,20013.84,20011.8,SYNTH_MERCH76_0000002,0.0,2.04,1,0,card_testing_burst_v2,1
511,PAYMENT,2.18,SYNTH_CARDTEST_0000076,20011.8,20009.62,SYNTH_MERCH76_0000003,0.0,2.18,1,0,card_testing_burst_v2,1
524,PAYMENT,4.77,SYNTH_CARDTEST_0000076,20009.62,20004.85,SYNTH_MERCH76_0000004,0.0,4.77,1,0,card_testing_burst_v2,1
416,PAYMENT,49.02,SYNTH_CARDTEST_0000077,380.05,331.03,C1770548856,0.0,49.02,0,0,card_testing_burst_v2,1
440,PAYMENT,4.26,SYNTH_CARDTEST_0000077,9725.71,9721.45,SYNTH_MERCH77_0000000,0.0,4.26,1,0,card_testing_burst_v2,1
430,PAYMENT,2.03,SYNTH_CARDTEST_0000077,9721.45,9719.42,SYNTH_MERCH77_0000001,0.0,2.03,1,0,card_testing_burst_v2,1
419,PAYMENT,2.74,SYNTH_CARDTEST_0000077,9719.42,9716.68,SYNTH_MERCH77_0000002,0.0,2.74,1,0,card_testing_burst_v2,1
424,PAYMENT,1.82,SYNTH_CARDTEST_0000077,9716.68,9714.86,SYNTH_MERCH77_0000003,0.0,1.82,1,0,card_testing_burst_v2,1
417,PAYMENT,1.08,SYNTH_CARDTEST_0000077,9714.86,9713.78,SYNTH_MERCH77_0000004,0.0,1.08,1,0,card_testing_burst_v2,1
584,PAYMENT,49.85,SYNTH_CARDTEST_0000078,432.25,382.4,C287175472,0.0,49.85,0,0,card_testing_burst_v2,1
594,PAYMENT,1.24,SYNTH_CARDTEST_0000078,2406.71,2405.47,SYNTH_MERCH78_0000000,0.0,1.24,1,0,card_testing_burst_v2,1
596,PAYMENT,3.23,SYNTH_CARDTEST_0000078,2405.47,2402.24,SYNTH_MERCH78_0000001,0.0,3.23,1,0,card_testing_burst_v2,1
586,PAYMENT,3.25,SYNTH_CARDTEST_0000078,2402.24,2398.98,SYNTH_MERCH78_0000002,0.0,3.25,1,0,card_testing_burst_v2,1
590,PAYMENT,2.4,SYNTH_CARDTEST_0000078,2398.98,2396.58,SYNTH_MERCH78_0000003,0.0,2.4,1,0,card_testing_burst_v2,1
593,PAYMENT,3.31,SYNTH_CARDTEST_0000078,2396.58,2393.28,SYNTH_MERCH78_0000004,0.0,3.31,1,0,card_testing_burst_v2,1
111,PAYMENT,76.13,SYNTH_CARDTEST_0000079,393.33,317.2,C1284779583,0.0,76.13,0,0,card_testing_burst_v2,1
116,PAYMENT,2.62,SYNTH_CARDTEST_0000079,4792.08,4789.45,SYNTH_MERCH79_0000000,0.0,2.62,1,0,card_testing_burst_v2,1
129,PAYMENT,3.64,SYNTH_CARDTEST_0000079,4789.45,4785.81,SYNTH_MERCH79_0000001,0.0,3.64,1,0,card_testing_burst_v2,1
130,PAYMENT,1.04,SYNTH_CARDTEST_0000079,4785.81,4784.78,SYNTH_MERCH79_0000002,0.0,1.04,1,0,card_testing_burst_v2,1
127,PAYMENT,3.18,SYNTH_CARDTEST_0000079,4784.78,4781.6,SYNTH_MERCH79_0000003,0.0,3.18,1,0,card_testing_burst_v2,1
126,PAYMENT,4.77,SYNTH_CARDTEST_0000079,4781.6,4776.83,SYNTH_MERCH79_0000004,0.0,4.77,1,0,card_testing_burst_v2,1
712,PAYMENT,155.1,SYNTH_CARDTEST_0000080,1692.76,1537.66,C1998660808,0.0,155.1,0,0,card_testing_burst_v2,1
727,PAYMENT,4.91,SYNTH_CARDTEST_0000080,5115.54,5110.63,SYNTH_MERCH80_0000000,0.0,4.91,1,0,card_testing_burst_v2,1
733,PAYMENT,1.87,SYNTH_CARDTEST_0000080,5110.63,5108.76,SYNTH_MERCH80_0000001,0.0,1.87,1,0,card_testing_burst_v2,1
714,PAYMENT,3.61,SYNTH_CARDTEST_0000080,5108.76,5105.15,SYNTH_MERCH80_0000002,0.0,3.61,1,0,card_testing_burst_v2,1
728,PAYMENT,1.15,SYNTH_CARDTEST_0000080,5105.15,5104.0,SYNTH_MERCH80_0000003,0.0,1.15,1,0,card_testing_burst_v2,1
724,PAYMENT,1.44,SYNTH_CARDTEST_0000080,5104.0,5102.56,SYNTH_MERCH80_0000004,0.0,1.44,1,0,card_testing_burst_v2,1
302,PAYMENT,133.07,SYNTH_CARDTEST_0000081,425.0,291.93,C1823460310,0.0,133.07,0,0,card_testing_burst_v2,1
324,PAYMENT,3.32,SYNTH_CARDTEST_0000081,15741.83,15738.51,SYNTH_MERCH81_0000000,0.0,3.32,1,0,card_testing_burst_v2,1
321,PAYMENT,1.02,SYNTH_CARDTEST_0000081,15738.51,15737.49,SYNTH_MERCH81_0000001,0.0,1.02,1,0,card_testing_burst_v2,1
326,PAYMENT,2.61,SYNTH_CARDTEST_0000081,15737.49,15734.88,SYNTH_MERCH81_0000002,0.0,2.61,1,0,card_testing_burst_v2,1
325,PAYMENT,1.15,SYNTH_CARDTEST_0000081,15734.88,15733.73,SYNTH_MERCH81_0000003,0.0,1.15,1,0,card_testing_burst_v2,1
305,PAYMENT,3.44,SYNTH_CARDTEST_0000081,15733.73,15730.29,SYNTH_MERCH81_0000004,0.0,3.44,1,0,card_testing_burst_v2,1
536,PAYMENT,152.22,SYNTH_CARDTEST_0000082,1496.76,1344.54,C1406137680,0.0,152.22,0,0,card_testing_burst_v2,1
561,PAYMENT,4.16,SYNTH_CARDTEST_0000082,1136.57,1132.41,SYNTH_MERCH82_0000000,0.0,4.16,1,0,card_testing_burst_v2,1
548,PAYMENT,2.63,SYNTH_CARDTEST_0000082,1132.41,1129.78,SYNTH_MERCH82_0000001,0.0,2.63,1,0,card_testing_burst_v2,1
551,PAYMENT,2.47,SYNTH_CARDTEST_0000082,1129.78,1127.3,SYNTH_MERCH82_0000002,0.0,2.47,1,0,card_testing_burst_v2,1
545,PAYMENT,4.35,SYNTH_CARDTEST_0000082,1127.3,1122.95,SYNTH_MERCH82_0000003,0.0,4.35,1,0,card_testing_burst_v2,1
543,PAYMENT,4.39,SYNTH_CARDTEST_0000082,1122.95,1118.57,SYNTH_MERCH82_0000004,0.0,4.39,1,0,card_testing_burst_v2,1
392,PAYMENT,87.6,SYNTH_CARDTEST_0000083,479.32,391.72,C813892977,0.0,87.6,0,0,card_testing_burst_v2,1
398,PAYMENT,3.48,SYNTH_CARDTEST_0000083,2297.2,2293.71,SYNTH_MERCH83_0000000,0.0,3.48,1,0,card_testing_burst_v2,1
401,PAYMENT,1.92,SYNTH_CARDTEST_0000083,2293.71,2291.79,SYNTH_MERCH83_0000001,0.0,1.92,1,0,card_testing_burst_v2,1
401,PAYMENT,4.74,SYNTH_CARDTEST_0000083,2291.79,2287.05,SYNTH_MERCH83_0000002,0.0,4.74,1,0,card_testing_burst_v2,1
420,PAYMENT,4.13,SYNTH_CARDTEST_0000083,2287.05,2282.92,SYNTH_MERCH83_0000003,0.0,4.13,1,0,card_testing_burst_v2,1
410,PAYMENT,3.93,SYNTH_CARDTEST_0000083,2282.92,2278.99,SYNTH_MERCH83_0000004,0.0,3.93,1,0,card_testing_burst_v2,1
667,PAYMENT,96.99,SYNTH_CARDTEST_0000084,1234.71,1137.72,C675941952,0.0,96.99,0,0,card_testing_burst_v2,1
668,PAYMENT,2.48,SYNTH_CARDTEST_0000084,56158.83,56156.36,SYNTH_MERCH84_0000000,0.0,2.48,1,0,card_testing_burst_v2,1
675,PAYMENT,1.78,SYNTH_CARDTEST_0000084,56156.36,56154.58,SYNTH_MERCH84_0000001,0.0,1.78,1,0,card_testing_burst_v2,1
677,PAYMENT,3.9,SYNTH_CARDTEST_0000084,56154.58,56150.68,SYNTH_MERCH84_0000002,0.0,3.9,1,0,card_testing_burst_v2,1
684,PAYMENT,2.81,SYNTH_CARDTEST_0000084,56150.68,56147.86,SYNTH_MERCH84_0000003,0.0,2.81,1,0,card_testing_burst_v2,1
688,PAYMENT,4.42,SYNTH_CARDTEST_0000084,56147.86,56143.45,SYNTH_MERCH84_0000004,0.0,4.42,1,0,card_testing_burst_v2,1
170,PAYMENT,163.71,SYNTH_CARDTEST_0000085,1855.16,1691.45,C1087429031,0.0,163.71,0,0,card_testing_burst_v2,1
182,PAYMENT,3.43,SYNTH_CARDTEST_0000085,2504.83,2501.4,SYNTH_MERCH85_0000000,0.0,3.43,1,0,card_testing_burst_v2,1
172,PAYMENT,2.46,SYNTH_CARDTEST_0000085,2501.4,2498.94,SYNTH_MERCH85_0000001,0.0,2.46,1,0,card_testing_burst_v2,1
185,PAYMENT,1.25,SYNTH_CARDTEST_0000085,2498.94,2497.69,SYNTH_MERCH85_0000002,0.0,1.25,1,0,card_testing_burst_v2,1
175,PAYMENT,3.48,SYNTH_CARDTEST_0000085,2497.69,2494.21,SYNTH_MERCH85_0000003,0.0,3.48,1,0,card_testing_burst_v2,1
184,PAYMENT,3.5,SYNTH_CARDTEST_0000085,2494.21,2490.71,SYNTH_MERCH85_0000004,0.0,3.5,1,0,card_testing_burst_v2,1
201,PAYMENT,218.33,SYNTH_CARDTEST_0000086,3241.03,3022.7,C1457561475,0.0,218.33,0,0,card_testing_burst_v2,1
222,PAYMENT,4.71,SYNTH_CARDTEST_0000086,5478.21,5473.49,SYNTH_MERCH86_0000000,0.0,4.71,1,0,card_testing_burst_v2,1
205,PAYMENT,4.47,SYNTH_CARDTEST_0000086,5473.49,5469.02,SYNTH_MERCH86_0000001,0.0,4.47,1,0,card_testing_burst_v2,1
224,PAYMENT,3.89,SYNTH_CARDTEST_0000086,5469.02,5465.13,SYNTH_MERCH86_0000002,0.0,3.89,1,0,card_testing_burst_v2,1
207,PAYMENT,2.38,SYNTH_CARDTEST_0000086,5465.13,5462.75,SYNTH_MERCH86_0000003,0.0,2.38,1,0,card_testing_burst_v2,1
215,PAYMENT,4.76,SYNTH_CARDTEST_0000086,5462.75,5458.0,SYNTH_MERCH86_0000004,0.0,4.76,1,0,card_testing_burst_v2,1
520,PAYMENT,69.41,SYNTH_CARDTEST_0000087,494.8,425.39,C2047815302,0.0,69.41,0,0,card_testing_burst_v2,1
534,PAYMENT,4.85,SYNTH_CARDTEST_0000087,1702.42,1697.57,SYNTH_MERCH87_0000000,0.0,4.85,1,0,card_testing_burst_v2,1
536,PAYMENT,2.41,SYNTH_CARDTEST_0000087,1697.57,1695.15,SYNTH_MERCH87_0000001,0.0,2.41,1,0,card_testing_burst_v2,1
545,PAYMENT,4.96,SYNTH_CARDTEST_0000087,1695.15,1690.19,SYNTH_MERCH87_0000002,0.0,4.96,1,0,card_testing_burst_v2,1
535,PAYMENT,1.09,SYNTH_CARDTEST_0000087,1690.19,1689.1,SYNTH_MERCH87_0000003,0.0,1.09,1,0,card_testing_burst_v2,1
527,PAYMENT,3.54,SYNTH_CARDTEST_0000087,1689.1,1685.56,SYNTH_MERCH87_0000004,0.0,3.54,1,0,card_testing_burst_v2,1
557,PAYMENT,128.52,SYNTH_CARDTEST_0000088,647.81,519.29,C27824740,0.0,128.52,0,0,card_testing_burst_v2,1
576,PAYMENT,3.6,SYNTH_CARDTEST_0000088,384.88,381.28,SYNTH_MERCH88_0000000,0.0,3.6,1,0,card_testing_burst_v2,1
579,PAYMENT,4.29,SYNTH_CARDTEST_0000088,381.28,376.99,SYNTH_MERCH88_0000001,0.0,4.29,1,0,card_testing_burst_v2,1
577,PAYMENT,4.99,SYNTH_CARDTEST_0000088,376.99,372.0,SYNTH_MERCH88_0000002,0.0,4.99,1,0,card_testing_burst_v2,1
575,PAYMENT,3.77,SYNTH_CARDTEST_0000088,372.0,368.23,SYNTH_MERCH88_0000003,0.0,3.77,1,0,card_testing_burst_v2,1
565,PAYMENT,1.14,SYNTH_CARDTEST_0000088,368.23,367.09,SYNTH_MERCH88_0000004,0.0,1.14,1,0,card_testing_burst_v2,1
657,PAYMENT,102.83,SYNTH_CARDTEST_0000089,416.93,314.1,C487810809,0.0,102.83,0,0,card_testing_burst_v2,1
671,PAYMENT,1.83,SYNTH_CARDTEST_0000089,9816.7,9814.87,SYNTH_MERCH89_0000000,0.0,1.83,1,0,card_testing_burst_v2,1
671,PAYMENT,1.6,SYNTH_CARDTEST_0000089,9814.87,9813.27,SYNTH_MERCH89_0000001,0.0,1.6,1,0,card_testing_burst_v2,1
660,PAYMENT,2.56,SYNTH_CARDTEST_0000089,9813.27,9810.71,SYNTH_MERCH89_0000002,0.0,2.56,1,0,card_testing_burst_v2,1
680,PAYMENT,3.92,SYNTH_CARDTEST_0000089,9810.71,9806.79,SYNTH_MERCH89_0000003,0.0,3.92,1,0,card_testing_burst_v2,1
662,PAYMENT,3.37,SYNTH_CARDTEST_0000089,9806.79,9803.42,SYNTH_MERCH89_0000004,0.0,3.37,1,0,card_testing_burst_v2,1
479,PAYMENT,82.03,SYNTH_CARDTEST_0000090,1001.88,919.85,C399793609,0.0,82.03,0,0,card_testing_burst_v2,1
484,PAYMENT,1.37,SYNTH_CARDTEST_0000090,1251.59,1250.22,SYNTH_MERCH90_0000000,0.0,1.37,1,0,card_testing_burst_v2,1
501,PAYMENT,2.81,SYNTH_CARDTEST_0000090,1250.22,1247.4,SYNTH_MERCH90_0000001,0.0,2.81,1,0,card_testing_burst_v2,1
483,PAYMENT,4.83,SYNTH_CARDTEST_0000090,1247.4,1242.57,SYNTH_MERCH90_0000002,0.0,4.83,1,0,card_testing_burst_v2,1
497,PAYMENT,3.76,SYNTH_CARDTEST_0000090,1242.57,1238.82,SYNTH_MERCH90_0000003,0.0,3.76,1,0,card_testing_burst_v2,1
484,PAYMENT,1.39,SYNTH_CARDTEST_0000090,1238.82,1237.43,SYNTH_MERCH90_0000004,0.0,1.39,1,0,card_testing_burst_v2,1
519,PAYMENT,248.4,SYNTH_CARDTEST_0000091,3203.45,2955.05,C776680898,0.0,248.4,0,0,card_testing_burst_v2,1
531,PAYMENT,1.36,SYNTH_CARDTEST_0000091,7179.88,7178.52,SYNTH_MERCH91_0000000,0.0,1.36,1,0,card_testing_burst_v2,1
536,PAYMENT,2.55,SYNTH_CARDTEST_0000091,7178.52,7175.97,SYNTH_MERCH91_0000001,0.0,2.55,1,0,card_testing_burst_v2,1
542,PAYMENT,3.57,SYNTH_CARDTEST_0000091,7175.97,7172.4,SYNTH_MERCH91_0000002,0.0,3.57,1,0,card_testing_burst_v2,1
539,PAYMENT,2.34,SYNTH_CARDTEST_0000091,7172.4,7170.06,SYNTH_MERCH91_0000003,0.0,2.34,1,0,card_testing_burst_v2,1
525,PAYMENT,4.98,SYNTH_CARDTEST_0000091,7170.06,7165.08,SYNTH_MERCH91_0000004,0.0,4.98,1,0,card_testing_burst_v2,1
169,PAYMENT,76.67,SYNTH_CARDTEST_0000092,1113.71,1037.04,C1729926252,0.0,76.67,0,0,card_testing_burst_v2,1
176,PAYMENT,3.85,SYNTH_CARDTEST_0000092,10366.8,10362.95,SYNTH_MERCH92_0000000,0.0,3.85,1,0,card_testing_burst_v2,1
190,PAYMENT,1.54,SYNTH_CARDTEST_0000092,10362.95,10361.41,SYNTH_MERCH92_0000001,0.0,1.54,1,0,card_testing_burst_v2,1
176,PAYMENT,1.05,SYNTH_CARDTEST_0000092,10361.41,10360.36,SYNTH_MERCH92_0000002,0.0,1.05,1,0,card_testing_burst_v2,1
183,PAYMENT,4.2,SYNTH_CARDTEST_0000092,10360.36,10356.16,SYNTH_MERCH92_0000003,0.0,4.2,1,0,card_testing_burst_v2,1
176,PAYMENT,1.78,SYNTH_CARDTEST_0000092,10356.16,10354.38,SYNTH_MERCH92_0000004,0.0,1.78,1,0,card_testing_burst_v2,1
362,PAYMENT,199.02,SYNTH_CARDTEST_0000093,1634.9,1435.88,C2060370263,0.0,199.02,0,0,card_testing_burst_v2,1
387,PAYMENT,2.59,SYNTH_CARDTEST_0000093,2206.91,2204.31,SYNTH_MERCH93_0000000,0.0,2.59,1,0,card_testing_burst_v2,1
388,PAYMENT,3.25,SYNTH_CARDTEST_0000093,2204.31,2201.07,SYNTH_MERCH93_0000001,0.0,3.25,1,0,card_testing_burst_v2,1
368,PAYMENT,4.33,SYNTH_CARDTEST_0000093,2201.07,2196.73,SYNTH_MERCH93_0000002,0.0,4.33,1,0,card_testing_burst_v2,1
385,PAYMENT,3.24,SYNTH_CARDTEST_0000093,2196.73,2193.49,SYNTH_MERCH93_0000003,0.0,3.24,1,0,card_testing_burst_v2,1
384,PAYMENT,3.46,SYNTH_CARDTEST_0000093,2193.49,2190.03,SYNTH_MERCH93_0000004,0.0,3.46,1,0,card_testing_burst_v2,1
583,PAYMENT,17.39,SYNTH_CARDTEST_0000094,78.18,60.79,C1536505259,0.0,17.39,0,0,card_testing_burst_v2,1
594,PAYMENT,4.84,SYNTH_CARDTEST_0000094,5124.66,5119.82,SYNTH_MERCH94_0000000,0.0,4.84,1,0,card_testing_burst_v2,1
605,PAYMENT,4.08,SYNTH_CARDTEST_0000094,5119.82,5115.75,SYNTH_MERCH94_0000001,0.0,4.08,1,0,card_testing_burst_v2,1
588,PAYMENT,1.6,SYNTH_CARDTEST_0000094,5115.75,5114.15,SYNTH_MERCH94_0000002,0.0,1.6,1,0,card_testing_burst_v2,1
597,PAYMENT,2.34,SYNTH_CARDTEST_0000094,5114.15,5111.81,SYNTH_MERCH94_0000003,0.0,2.34,1,0,card_testing_burst_v2,1
588,PAYMENT,3.68,SYNTH_CARDTEST_0000094,5111.81,5108.13,SYNTH_MERCH94_0000004,0.0,3.68,1,0,card_testing_burst_v2,1
638,PAYMENT,160.22,SYNTH_CARDTEST_0000095,1142.98,982.76,C1894292804,0.0,160.22,0,0,card_testing_burst_v2,1
659,PAYMENT,3.28,SYNTH_CARDTEST_0000095,4014.07,4010.79,SYNTH_MERCH95_0000000,0.0,3.28,1,0,card_testing_burst_v2,1
658,PAYMENT,2.43,SYNTH_CARDTEST_0000095,4010.79,4008.36,SYNTH_MERCH95_0000001,0.0,2.43,1,0,card_testing_burst_v2,1
652,PAYMENT,1.33,SYNTH_CARDTEST_0000095,4008.36,4007.03,SYNTH_MERCH95_0000002,0.0,1.33,1,0,card_testing_burst_v2,1
656,PAYMENT,4.35,SYNTH_CARDTEST_0000095,4007.03,4002.68,SYNTH_MERCH95_0000003,0.0,4.35,1,0,card_testing_burst_v2,1
661,PAYMENT,3.59,SYNTH_CARDTEST_0000095,4002.68,3999.09,SYNTH_MERCH95_0000004,0.0,3.59,1,0,card_testing_burst_v2,1
450,PAYMENT,234.3,SYNTH_CARDTEST_0000096,1412.11,1177.81,C1307472508,0.0,234.3,0,0,card_testing_burst_v2,1
465,PAYMENT,2.24,SYNTH_CARDTEST_0000096,647.9,645.66,SYNTH_MERCH96_0000000,0.0,2.24,1,0,card_testing_burst_v2,1
458,PAYMENT,3.46,SYNTH_CARDTEST_0000096,645.66,642.2,SYNTH_MERCH96_0000001,0.0,3.46,1,0,card_testing_burst_v2,1
465,PAYMENT,4.74,SYNTH_CARDTEST_0000096,642.2,637.46,SYNTH_MERCH96_0000002,0.0,4.74,1,0,card_testing_burst_v2,1
467,PAYMENT,1.93,SYNTH_CARDTEST_0000096,637.46,635.53,SYNTH_MERCH96_0000003,0.0,1.93,1,0,card_testing_burst_v2,1
459,PAYMENT,4.66,SYNTH_CARDTEST_0000096,635.53,630.87,SYNTH_MERCH96_0000004,0.0,4.66,1,0,card_testing_burst_v2,1
319,PAYMENT,98.13,SYNTH_CARDTEST_0000097,733.71,635.58,C1282920967,0.0,98.13,0,0,card_testing_burst_v2,1
323,PAYMENT,3.01,SYNTH_CARDTEST_0000097,16971.83,16968.82,SYNTH_MERCH97_0000000,0.0,3.01,1,0,card_testing_burst_v2,1
343,PAYMENT,1.74,SYNTH_CARDTEST_0000097,16968.82,16967.08,SYNTH_MERCH97_0000001,0.0,1.74,1,0,card_testing_burst_v2,1
331,PAYMENT,4.71,SYNTH_CARDTEST_0000097,16967.08,16962.37,SYNTH_MERCH97_0000002,0.0,4.71,1,0,card_testing_burst_v2,1
322,PAYMENT,4.66,SYNTH_CARDTEST_0000097,16962.37,16957.71,SYNTH_MERCH97_0000003,0.0,4.66,1,0,card_testing_burst_v2,1
337,PAYMENT,1.89,SYNTH_CARDTEST_0000097,16957.71,16955.82,SYNTH_MERCH97_0000004,0.0,1.89,1,0,card_testing_burst_v2,1
288,PAYMENT,61.11,SYNTH_CARDTEST_0000098,649.61,588.5,C1348717821,0.0,61.11,0,0,card_testing_burst_v2,1
313,PAYMENT,3.4,SYNTH_CARDTEST_0000098,22187.69,22184.29,SYNTH_MERCH98_0000000,0.0,3.4,1,0,card_testing_burst_v2,1
294,PAYMENT,1.32,SYNTH_CARDTEST_0000098,22184.29,22182.96,SYNTH_MERCH98_0000001,0.0,1.32,1,0,card_testing_burst_v2,1
302,PAYMENT,3.47,SYNTH_CARDTEST_0000098,22182.96,22179.49,SYNTH_MERCH98_0000002,0.0,3.47,1,0,card_testing_burst_v2,1
308,PAYMENT,4.08,SYNTH_CARDTEST_0000098,22179.49,22175.41,SYNTH_MERCH98_0000003,0.0,4.08,1,0,card_testing_burst_v2,1
310,PAYMENT,3.3,SYNTH_CARDTEST_0000098,22175.41,22172.11,SYNTH_MERCH98_0000004,0.0,3.3,1,0,card_testing_burst_v2,1
677,PAYMENT,134.3,SYNTH_CARDTEST_0000099,920.22,785.92,C1692118471,0.0,134.3,0,0,card_testing_burst_v2,1
702,PAYMENT,4.98,SYNTH_CARDTEST_0000099,5493.11,5488.13,SYNTH_MERCH99_0000000,0.0,4.98,1,0,card_testing_burst_v2,1
690,PAYMENT,2.28,SYNTH_CARDTEST_0000099,5488.13,5485.85,SYNTH_MERCH99_0000001,0.0,2.28,1,0,card_testing_burst_v2,1
696,PAYMENT,3.59,SYNTH_CARDTEST_0000099,5485.85,5482.26,SYNTH_MERCH99_0000002,0.0,3.59,1,0,card_testing_burst_v2,1
689,PAYMENT,2.88,SYNTH_CARDTEST_0000099,5482.26,5479.38,SYNTH_MERCH99_0000003,0.0,2.88,1,0,card_testing_burst_v2,1
691,PAYMENT,4.46,SYNTH_CARDTEST_0000099,5479.38,5474.93,SYNTH_MERCH99_0000004,0.0,4.46,1,0,card_testing_burst_v2,1
44,PAYMENT,193.42,SYNTH_CARDTEST_0000100,1963.63,1770.21,C1077479431,0.0,193.42,0,0,card_testing_burst_v2,1
67,PAYMENT,3.88,SYNTH_CARDTEST_0000100,10790.2,10786.32,SYNTH_MERCH100_0000000,0.0,3.88,1,0,card_testing_burst_v2,1
53,PAYMENT,3.52,SYNTH_CARDTEST_0000100,10786.32,10782.8,SYNTH_MERCH100_0000001,0.0,3.52,1,0,card_testing_burst_v2,1
60,PAYMENT,2.2,SYNTH_CARDTEST_0000100,10782.8,10780.61,SYNTH_MERCH100_0000002,0.0,2.2,1,0,card_testing_burst_v2,1
58,PAYMENT,4.01,SYNTH_CARDTEST_0000100,10780.61,10776.6,SYNTH_MERCH100_0000003,0.0,4.01,1,0,card_testing_burst_v2,1
53,PAYMENT,4.05,SYNTH_CARDTEST_0000100,10776.6,10772.55,SYNTH_MERCH100_0000004,0.0,4.05,1,0,card_testing_burst_v2,1
129,PAYMENT,154.15,SYNTH_CARDTEST_0000101,932.08,777.93,C819500422,0.0,154.15,0,0,card_testing_burst_v2,1
147,PAYMENT,2.59,SYNTH_CARDTEST_0000101,7806.79,7804.21,SYNTH_MERCH101_0000000,0.0,2.59,1,0,card_testing_burst_v2,1
139,PAYMENT,2.5,SYNTH_CARDTEST_0000101,7804.21,7801.7,SYNTH_MERCH101_0000001,0.0,2.5,1,0,card_testing_burst_v2,1
139,PAYMENT,2.47,SYNTH_CARDTEST_0000101,7801.7,7799.23,SYNTH_MERCH101_0000002,0.0,2.47,1,0,card_testing_burst_v2,1
147,PAYMENT,3.13,SYNTH_CARDTEST_0000101,7799.23,7796.1,SYNTH_MERCH101_0000003,0.0,3.13,1,0,card_testing_burst_v2,1
146,PAYMENT,2.59,SYNTH_CARDTEST_0000101,7796.1,7793.52,SYNTH_MERCH101_0000004,0.0,2.59,1,0,card_testing_burst_v2,1
605,PAYMENT,22.82,SYNTH_CARDTEST_0000102,340.34,317.52,C1297386409,0.0,22.82,0,0,card_testing_burst_v2,1
632,PAYMENT,2.13,SYNTH_CARDTEST_0000102,1151.71,1149.58,SYNTH_MERCH102_0000000,0.0,2.13,1,0,card_testing_burst_v2,1
612,PAYMENT,3.73,SYNTH_CARDTEST_0000102,1149.58,1145.85,SYNTH_MERCH102_0000001,0.0,3.73,1,0,card_testing_burst_v2,1
615,PAYMENT,3.72,SYNTH_CARDTEST_0000102,1145.85,1142.13,SYNTH_MERCH102_0000002,0.0,3.72,1,0,card_testing_burst_v2,1
617,PAYMENT,1.32,SYNTH_CARDTEST_0000102,1142.13,1140.81,SYNTH_MERCH102_0000003,0.0,1.32,1,0,card_testing_burst_v2,1
629,PAYMENT,2.22,SYNTH_CARDTEST_0000102,1140.81,1138.6,SYNTH_MERCH102_0000004,0.0,2.22,1,0,card_testing_burst_v2,1
178,PAYMENT,193.98,SYNTH_CARDTEST_0000103,2758.19,2564.21,C1322206282,0.0,193.98,0,0,card_testing_burst_v2,1
194,PAYMENT,4.82,SYNTH_CARDTEST_0000103,515.23,510.41,SYNTH_MERCH103_0000000,0.0,4.82,1,0,card_testing_burst_v2,1
194,PAYMENT,4.0,SYNTH_CARDTEST_0000103,510.41,506.41,SYNTH_MERCH103_0000001,0.0,4.0,1,0,card_testing_burst_v2,1
195,PAYMENT,4.6,SYNTH_CARDTEST_0000103,506.41,501.81,SYNTH_MERCH103_0000002,0.0,4.6,1,0,card_testing_burst_v2,1
185,PAYMENT,4.3,SYNTH_CARDTEST_0000103,501.81,497.51,SYNTH_MERCH103_0000003,0.0,4.3,1,0,card_testing_burst_v2,1
188,PAYMENT,2.75,SYNTH_CARDTEST_0000103,497.51,494.76,SYNTH_MERCH103_0000004,0.0,2.75,1,0,card_testing_burst_v2,1
440,PAYMENT,200.03,SYNTH_CARDTEST_0000104,2702.45,2502.42,C1751030092,0.0,200.03,0,0,card_testing_burst_v2,1
446,PAYMENT,1.01,SYNTH_CARDTEST_0000104,252.7,251.69,SYNTH_MERCH104_0000000,0.0,1.01,1,0,card_testing_burst_v2,1
465,PAYMENT,1.06,SYNTH_CARDTEST_0000104,251.69,250.63,SYNTH_MERCH104_0000001,0.0,1.06,1,0,card_testing_burst_v2,1
462,PAYMENT,1.39,SYNTH_CARDTEST_0000104,250.63,249.24,SYNTH_MERCH104_0000002,0.0,1.39,1,0,card_testing_burst_v2,1
451,PAYMENT,4.06,SYNTH_CARDTEST_0000104,249.24,245.18,SYNTH_MERCH104_0000003,0.0,4.06,1,0,card_testing_burst_v2,1
445,PAYMENT,2.88,SYNTH_CARDTEST_0000104,245.18,242.29,SYNTH_MERCH104_0000004,0.0,2.88,1,0,card_testing_burst_v2,1
238,PAYMENT,201.05,SYNTH_CARDTEST_0000105,2014.87,1813.82,C970618760,0.0,201.05,0,0,card_testing_burst_v2,1
250,PAYMENT,3.95,SYNTH_CARDTEST_0000105,1350.73,1346.78,SYNTH_MERCH105_0000000,0.0,3.95,1,0,card_testing_burst_v2,1
253,PAYMENT,4.21,SYNTH_CARDTEST_0000105,1346.78,1342.57,SYNTH_MERCH105_0000001,0.0,4.21,1,0,card_testing_burst_v2,1
249,PAYMENT,2.97,SYNTH_CARDTEST_0000105,1342.57,1339.6,SYNTH_MERCH105_0000002,0.0,2.97,1,0,card_testing_burst_v2,1
253,PAYMENT,1.45,SYNTH_CARDTEST_0000105,1339.6,1338.16,SYNTH_MERCH105_0000003,0.0,1.45,1,0,card_testing_burst_v2,1
260,PAYMENT,4.53,SYNTH_CARDTEST_0000105,1338.16,1333.63,SYNTH_MERCH105_0000004,0.0,4.53,1,0,card_testing_burst_v2,1
657,PAYMENT,174.32,SYNTH_CARDTEST_0000106,1399.64,1225.32,C1178669007,0.0,174.32,0,0,card_testing_burst_v2,1
667,PAYMENT,3.62,SYNTH_CARDTEST_0000106,9039.7,9036.07,SYNTH_MERCH106_0000000,0.0,3.62,1,0,card_testing_burst_v2,1
679,PAYMENT,2.12,SYNTH_CARDTEST_0000106,9036.07,9033.95,SYNTH_MERCH106_0000001,0.0,2.12,1,0,card_testing_burst_v2,1
674,PAYMENT,4.3,SYNTH_CARDTEST_0000106,9033.95,9029.65,SYNTH_MERCH106_0000002,0.0,4.3,1,0,card_testing_burst_v2,1
672,PAYMENT,2.31,SYNTH_CARDTEST_0000106,9029.65,9027.34,SYNTH_MERCH106_0000003,0.0,2.31,1,0,card_testing_burst_v2,1
670,PAYMENT,2.57,SYNTH_CARDTEST_0000106,9027.34,9024.77,SYNTH_MERCH106_0000004,0.0,2.57,1,0,card_testing_burst_v2,1
445,PAYMENT,162.16,SYNTH_CARDTEST_0000107,2245.58,2083.42,C1692382742,0.0,162.16,0,0,card_testing_burst_v2,1
450,PAYMENT,1.01,SYNTH_CARDTEST_0000107,1007.56,1006.55,SYNTH_MERCH107_0000000,0.0,1.01,1,0,card_testing_burst_v2,1
448,PAYMENT,1.4,SYNTH_CARDTEST_0000107,1006.55,1005.15,SYNTH_MERCH107_0000001,0.0,1.4,1,0,card_testing_burst_v2,1
463,PAYMENT,2.45,SYNTH_CARDTEST_0000107,1005.15,1002.7,SYNTH_MERCH107_0000002,0.0,2.45,1,0,card_testing_burst_v2,1
454,PAYMENT,2.16,SYNTH_CARDTEST_0000107,1002.7,1000.53,SYNTH_MERCH107_0000003,0.0,2.16,1,0,card_testing_burst_v2,1
462,PAYMENT,3.63,SYNTH_CARDTEST_0000107,1000.53,996.91,SYNTH_MERCH107_0000004,0.0,3.63,1,0,card_testing_burst_v2,1
139,PAYMENT,224.9,SYNTH_CARDTEST_0000108,1768.26,1543.36,C559276850,0.0,224.9,0,0,card_testing_burst_v2,1
145,PAYMENT,4.59,SYNTH_CARDTEST_0000108,1140.46,1135.87,SYNTH_MERCH108_0000000,0.0,4.59,1,0,card_testing_burst_v2,1
142,PAYMENT,3.19,SYNTH_CARDTEST_0000108,1135.87,1132.68,SYNTH_MERCH108_0000001,0.0,3.19,1,0,card_testing_burst_v2,1
162,PAYMENT,2.17,SYNTH_CARDTEST_0000108,1132.68,1130.51,SYNTH_MERCH108_0000002,0.0,2.17,1,0,card_testing_burst_v2,1
147,PAYMENT,4.79,SYNTH_CARDTEST_0000108,1130.51,1125.72,SYNTH_MERCH108_0000003,0.0,4.79,1,0,card_testing_burst_v2,1
155,PAYMENT,2.51,SYNTH_CARDTEST_0000108,1125.72,1123.21,SYNTH_MERCH108_0000004,0.0,2.51,1,0,card_testing_burst_v2,1
218,PAYMENT,106.43,SYNTH_CARDTEST_0000109,1184.29,1077.86,C1225643582,0.0,106.43,0,0,card_testing_burst_v2,1
225,PAYMENT,2.24,SYNTH_CARDTEST_0000109,1277.41,1275.17,SYNTH_MERCH109_0000000,0.0,2.24,1,0,card_testing_burst_v2,1
242,PAYMENT,2.56,SYNTH_CARDTEST_0000109,1275.17,1272.61,SYNTH_MERCH109_0000001,0.0,2.56,1,0,card_testing_burst_v2,1
241,PAYMENT,4.32,SYNTH_CARDTEST_0000109,1272.61,1268.29,SYNTH_MERCH109_0000002,0.0,4.32,1,0,card_testing_burst_v2,1
232,PAYMENT,2.03,SYNTH_CARDTEST_0000109,1268.29,1266.26,SYNTH_MERCH109_0000003,0.0,2.03,1,0,card_testing_burst_v2,1
238,PAYMENT,4.36,SYNTH_CARDTEST_0000109,1266.26,1261.9,SYNTH_MERCH109_0000004,0.0,4.36,1,0,card_testing_burst_v2,1
655,PAYMENT,177.07,SYNTH_CARDTEST_0000110,1941.36,1764.29,C825500719,0.0,177.07,0,0,card_testing_burst_v2,1
680,PAYMENT,4.68,SYNTH_CARDTEST_0000110,8555.3,8550.62,SYNTH_MERCH110_0000000,0.0,4.68,1,0,card_testing_burst_v2,1
679,PAYMENT,1.67,SYNTH_CARDTEST_0000110,8550.62,8548.95,SYNTH_MERCH110_0000001,0.0,1.67,1,0,card_testing_burst_v2,1
675,PAYMENT,2.66,SYNTH_CARDTEST_0000110,8548.95,8546.28,SYNTH_MERCH110_0000002,0.0,2.66,1,0,card_testing_burst_v2,1
661,PAYMENT,1.05,SYNTH_CARDTEST_0000110,8546.28,8545.23,SYNTH_MERCH110_0000003,0.0,1.05,1,0,card_testing_burst_v2,1
678,PAYMENT,3.65,SYNTH_CARDTEST_0000110,8545.23,8541.59,SYNTH_MERCH110_0000004,0.0,3.65,1,0,card_testing_burst_v2,1
316,PAYMENT,137.57,SYNTH_CARDTEST_0000111,574.52,436.95,C1307804443,0.0,137.57,0,0,card_testing_burst_v2,1
328,PAYMENT,3.22,SYNTH_CARDTEST_0000111,5065.66,5062.44,SYNTH_MERCH111_0000000,0.0,3.22,1,0,card_testing_burst_v2,1
327,PAYMENT,2.05,SYNTH_CARDTEST_0000111,5062.44,5060.39,SYNTH_MERCH111_0000001,0.0,2.05,1,0,card_testing_burst_v2,1
338,PAYMENT,1.19,SYNTH_CARDTEST_0000111,5060.39,5059.2,SYNTH_MERCH111_0000002,0.0,1.19,1,0,card_testing_burst_v2,1
329,PAYMENT,3.0,SYNTH_CARDTEST_0000111,5059.2,5056.21,SYNTH_MERCH111_0000003,0.0,3.0,1,0,card_testing_burst_v2,1
333,PAYMENT,1.67,SYNTH_CARDTEST_0000111,5056.21,5054.53,SYNTH_MERCH111_0000004,0.0,1.67,1,0,card_testing_burst_v2,1
130,PAYMENT,194.33,SYNTH_CARDTEST_0000112,1953.65,1759.32,C719270975,0.0,194.33,0,0,card_testing_burst_v2,1
152,PAYMENT,4.5,SYNTH_CARDTEST_0000112,1665.03,1660.52,SYNTH_MERCH112_0000000,0.0,4.5,1,0,card_testing_burst_v2,1
139,PAYMENT,1.08,SYNTH_CARDTEST_0000112,1660.52,1659.45,SYNTH_MERCH112_0000001,0.0,1.08,1,0,card_testing_burst_v2,1
152,PAYMENT,4.38,SYNTH_CARDTEST_0000112,1659.45,1655.07,SYNTH_MERCH112_0000002,0.0,4.38,1,0,card_testing_burst_v2,1
137,PAYMENT,1.14,SYNTH_CARDTEST_0000112,1655.07,1653.93,SYNTH_MERCH112_0000003,0.0,1.14,1,0,card_testing_burst_v2,1
143,PAYMENT,2.57,SYNTH_CARDTEST_0000112,1653.93,1651.37,SYNTH_MERCH112_0000004,0.0,2.57,1,0,card_testing_burst_v2,1
731,PAYMENT,100.42,SYNTH_CARDTEST_0000113,1296.59,1196.17,C1488766729,0.0,100.42,0,0,card_testing_burst_v2,1
753,PAYMENT,3.13,SYNTH_CARDTEST_0000113,19741.86,19738.73,SYNTH_MERCH113_0000000,0.0,3.13,1,0,card_testing_burst_v2,1
736,PAYMENT,1.8,SYNTH_CARDTEST_0000113,19738.73,19736.94,SYNTH_MERCH113_0000001,0.0,1.8,1,0,card_testing_burst_v2,1
758,PAYMENT,2.07,SYNTH_CARDTEST_0000113,19736.94,19734.86,SYNTH_MERCH113_0000002,0.0,2.07,1,0,card_testing_burst_v2,1
743,PAYMENT,2.7,SYNTH_CARDTEST_0000113,19734.86,19732.16,SYNTH_MERCH113_0000003,0.0,2.7,1,0,card_testing_burst_v2,1
757,PAYMENT,3.45,SYNTH_CARDTEST_0000113,19732.16,19728.71,SYNTH_MERCH113_0000004,0.0,3.45,1,0,card_testing_burst_v2,1
670,PAYMENT,155.12,SYNTH_CARDTEST_0000114,593.16,438.04,C864281379,0.0,155.12,0,0,card_testing_burst_v2,1
674,PAYMENT,2.62,SYNTH_CARDTEST_0000114,8854.56,8851.94,SYNTH_MERCH114_0000000,0.0,2.62,1,0,card_testing_burst_v2,1
679,PAYMENT,1.81,SYNTH_CARDTEST_0000114,8851.94,8850.13,SYNTH_MERCH114_0000001,0.0,1.81,1,0,card_testing_burst_v2,1
681,PAYMENT,1.42,SYNTH_CARDTEST_0000114,8850.13,8848.71,SYNTH_MERCH114_0000002,0.0,1.42,1,0,card_testing_burst_v2,1
685,PAYMENT,3.78,SYNTH_CARDTEST_0000114,8848.71,8844.94,SYNTH_MERCH114_0000003,0.0,3.78,1,0,card_testing_burst_v2,1
695,PAYMENT,2.51,SYNTH_CARDTEST_0000114,8844.94,8842.42,SYNTH_MERCH114_0000004,0.0,2.51,1,0,card_testing_burst_v2,1
260,PAYMENT,45.03,SYNTH_CARDTEST_0000115,674.67,629.64,C590310411,0.0,45.03,0,0,card_testing_burst_v2,1
262,PAYMENT,2.35,SYNTH_CARDTEST_0000115,783.96,781.61,SYNTH_MERCH115_0000000,0.0,2.35,1,0,card_testing_burst_v2,1
265,PAYMENT,4.46,SYNTH_CARDTEST_0000115,781.61,777.15,SYNTH_MERCH115_0000001,0.0,4.46,1,0,card_testing_burst_v2,1
275,PAYMENT,1.81,SYNTH_CARDTEST_0000115,777.15,775.34,SYNTH_MERCH115_0000002,0.0,1.81,1,0,card_testing_burst_v2,1
284,PAYMENT,3.5,SYNTH_CARDTEST_0000115,775.34,771.84,SYNTH_MERCH115_0000003,0.0,3.5,1,0,card_testing_burst_v2,1
268,PAYMENT,1.97,SYNTH_CARDTEST_0000115,771.84,769.87,SYNTH_MERCH115_0000004,0.0,1.97,1,0,card_testing_burst_v2,1
135,PAYMENT,38.63,SYNTH_CARDTEST_0000116,364.56,325.93,C2135011119,0.0,38.63,0,0,card_testing_burst_v2,1
139,PAYMENT,2.83,SYNTH_CARDTEST_0000116,6294.02,6291.19,SYNTH_MERCH116_0000000,0.0,2.83,1,0,card_testing_burst_v2,1
141,PAYMENT,3.61,SYNTH_CARDTEST_0000116,6291.19,6287.58,SYNTH_MERCH116_0000001,0.0,3.61,1,0,card_testing_burst_v2,1
150,PAYMENT,3.59,SYNTH_CARDTEST_0000116,6287.58,6283.99,SYNTH_MERCH116_0000002,0.0,3.59,1,0,card_testing_burst_v2,1
160,PAYMENT,1.93,SYNTH_CARDTEST_0000116,6283.99,6282.06,SYNTH_MERCH116_0000003,0.0,1.93,1,0,card_testing_burst_v2,1
159,PAYMENT,1.62,SYNTH_CARDTEST_0000116,6282.06,6280.44,SYNTH_MERCH116_0000004,0.0,1.62,1,0,card_testing_burst_v2,1
405,PAYMENT,156.84,SYNTH_CARDTEST_0000117,1719.61,1562.77,C1146416826,0.0,156.84,0,0,card_testing_burst_v2,1
430,PAYMENT,4.19,SYNTH_CARDTEST_0000117,4303.71,4299.52,SYNTH_MERCH117_0000000,0.0,4.19,1,0,card_testing_burst_v2,1
414,PAYMENT,4.02,SYNTH_CARDTEST_0000117,4299.52,4295.5,SYNTH_MERCH117_0000001,0.0,4.02,1,0,card_testing_burst_v2,1
429,PAYMENT,4.01,SYNTH_CARDTEST_0000117,4295.5,4291.49,SYNTH_MERCH117_0000002,0.0,4.01,1,0,card_testing_burst_v2,1
414,PAYMENT,1.53,SYNTH_CARDTEST_0000117,4291.49,4289.96,SYNTH_MERCH117_0000003,0.0,1.53,1,0,card_testing_burst_v2,1
425,PAYMENT,3.7,SYNTH_CARDTEST_0000117,4289.96,4286.26,SYNTH_MERCH117_0000004,0.0,3.7,1,0,card_testing_burst_v2,1
613,PAYMENT,54.16,SYNTH_CARDTEST_0000118,363.62,309.46,C1424952791,0.0,54.16,0,0,card_testing_burst_v2,1
636,PAYMENT,1.01,SYNTH_CARDTEST_0000118,3612.98,3611.98,SYNTH_MERCH118_0000000,0.0,1.01,1,0,card_testing_burst_v2,1
635,PAYMENT,3.31,SYNTH_CARDTEST_0000118,3611.98,3608.67,SYNTH_MERCH118_0000001,0.0,3.31,1,0,card_testing_burst_v2,1
631,PAYMENT,3.66,SYNTH_CARDTEST_0000118,3608.67,3605.01,SYNTH_MERCH118_0000002,0.0,3.66,1,0,card_testing_burst_v2,1
615,PAYMENT,2.23,SYNTH_CARDTEST_0000118,3605.01,3602.78,SYNTH_MERCH118_0000003,0.0,2.23,1,0,card_testing_burst_v2,1
616,PAYMENT,4.73,SYNTH_CARDTEST_0000118,3602.78,3598.05,SYNTH_MERCH118_0000004,0.0,4.73,1,0,card_testing_burst_v2,1
571,PAYMENT,156.89,SYNTH_CARDTEST_0000119,553.45,396.56,C1301795225,0.0,156.89,0,0,card_testing_burst_v2,1
576,PAYMENT,1.26,SYNTH_CARDTEST_0000119,2289.84,2288.58,SYNTH_MERCH119_0000000,0.0,1.26,1,0,card_testing_burst_v2,1
591,PAYMENT,3.22,SYNTH_CARDTEST_0000119,2288.58,2285.35,SYNTH_MERCH119_0000001,0.0,3.22,1,0,card_testing_burst_v2,1
586,PAYMENT,3.24,SYNTH_CARDTEST_0000119,2285.35,2282.11,SYNTH_MERCH119_0000002,0.0,3.24,1,0,card_testing_burst_v2,1
598,PAYMENT,1.41,SYNTH_CARDTEST_0000119,2282.11,2280.7,SYNTH_MERCH119_0000003,0.0,1.41,1,0,card_testing_burst_v2,1
580,PAYMENT,3.15,SYNTH_CARDTEST_0000119,2280.7,2277.55,SYNTH_MERCH119_0000004,0.0,3.15,1,0,card_testing_burst_v2,1
43,PAYMENT,51.71,SYNTH_CARDTEST_0000120,716.11,664.4,C1760283312,0.0,51.71,0,0,card_testing_burst_v2,1
55,PAYMENT,3.88,SYNTH_CARDTEST_0000120,8716.6,8712.71,SYNTH_MERCH120_0000000,0.0,3.88,1,0,card_testing_burst_v2,1
62,PAYMENT,2.12,SYNTH_CARDTEST_0000120,8712.71,8710.6,SYNTH_MERCH120_0000001,0.0,2.12,1,0,card_testing_burst_v2,1
51,PAYMENT,2.78,SYNTH_CARDTEST_0000120,8710.6,8707.81,SYNTH_MERCH120_0000002,0.0,2.78,1,0,card_testing_burst_v2,1
56,PAYMENT,3.42,SYNTH_CARDTEST_0000120,8707.81,8704.4,SYNTH_MERCH120_0000003,0.0,3.42,1,0,card_testing_burst_v2,1
51,PAYMENT,3.58,SYNTH_CARDTEST_0000120,8704.4,8700.82,SYNTH_MERCH120_0000004,0.0,3.58,1,0,card_testing_burst_v2,1
177,PAYMENT,30.55,SYNTH_CARDTEST_0000121,413.68,383.13,C1443279262,0.0,30.55,0,0,card_testing_burst_v2,1
194,PAYMENT,1.23,SYNTH_CARDTEST_0000121,6370.9,6369.67,SYNTH_MERCH121_0000000,0.0,1.23,1,0,card_testing_burst_v2,1
184,PAYMENT,2.88,SYNTH_CARDTEST_0000121,6369.67,6366.79,SYNTH_MERCH121_0000001,0.0,2.88,1,0,card_testing_burst_v2,1
201,PAYMENT,4.27,SYNTH_CARDTEST_0000121,6366.79,6362.52,SYNTH_MERCH121_0000002,0.0,4.27,1,0,card_testing_burst_v2,1
204,PAYMENT,2.54,SYNTH_CARDTEST_0000121,6362.52,6359.98,SYNTH_MERCH121_0000003,0.0,2.54,1,0,card_testing_burst_v2,1
194,PAYMENT,1.43,SYNTH_CARDTEST_0000121,6359.98,6358.55,SYNTH_MERCH121_0000004,0.0,1.43,1,0,card_testing_burst_v2,1
702,PAYMENT,11.96,SYNTH_CARDTEST_0000122,92.59,80.63,C1509371265,0.0,11.96,0,0,card_testing_burst_v2,1
725,PAYMENT,3.24,SYNTH_CARDTEST_0000122,3472.1,3468.86,SYNTH_MERCH122_0000000,0.0,3.24,1,0,card_testing_burst_v2,1
728,PAYMENT,2.43,SYNTH_CARDTEST_0000122,3468.86,3466.44,SYNTH_MERCH122_0000001,0.0,2.43,1,0,card_testing_burst_v2,1
714,PAYMENT,2.98,SYNTH_CARDTEST_0000122,3466.44,3463.45,SYNTH_MERCH122_0000002,0.0,2.98,1,0,card_testing_burst_v2,1
720,PAYMENT,3.41,SYNTH_CARDTEST_0000122,3463.45,3460.04,SYNTH_MERCH122_0000003,0.0,3.41,1,0,card_testing_burst_v2,1
725,PAYMENT,1.6,SYNTH_CARDTEST_0000122,3460.04,3458.44,SYNTH_MERCH122_0000004,0.0,1.6,1,0,card_testing_burst_v2,1
551,PAYMENT,113.35,SYNTH_CARDTEST_0000123,538.64,425.29,C176263260,0.0,113.35,0,0,card_testing_burst_v2,1
561,PAYMENT,4.24,SYNTH_CARDTEST_0000123,205.01,200.77,SYNTH_MERCH123_0000000,0.0,4.24,1,0,card_testing_burst_v2,1
569,PAYMENT,3.97,SYNTH_CARDTEST_0000123,200.77,196.8,SYNTH_MERCH123_0000001,0.0,3.97,1,0,card_testing_burst_v2,1
561,PAYMENT,3.13,SYNTH_CARDTEST_0000123,196.8,193.67,SYNTH_MERCH123_0000002,0.0,3.13,1,0,card_testing_burst_v2,1
561,PAYMENT,3.32,SYNTH_CARDTEST_0000123,193.67,190.35,SYNTH_MERCH123_0000003,0.0,3.32,1,0,card_testing_burst_v2,1
554,PAYMENT,2.98,SYNTH_CARDTEST_0000123,190.35,187.37,SYNTH_MERCH123_0000004,0.0,2.98,1,0,card_testing_burst_v2,1
596,PAYMENT,44.25,SYNTH_CARDTEST_0000124,142.33,98.08,C2142105940,0.0,44.25,0,0,card_testing_burst_v2,1
608,PAYMENT,4.32,SYNTH_CARDTEST_0000124,970.71,966.39,SYNTH_MERCH124_0000000,0.0,4.32,1,0,card_testing_burst_v2,1
604,PAYMENT,3.35,SYNTH_CARDTEST_0000124,966.39,963.04,SYNTH_MERCH124_0000001,0.0,3.35,1,0,card_testing_burst_v2,1
622,PAYMENT,3.22,SYNTH_CARDTEST_0000124,963.04,959.82,SYNTH_MERCH124_0000002,0.0,3.22,1,0,card_testing_burst_v2,1
606,PAYMENT,2.39,SYNTH_CARDTEST_0000124,959.82,957.44,SYNTH_MERCH124_0000003,0.0,2.39,1,0,card_testing_burst_v2,1
611,PAYMENT,3.51,SYNTH_CARDTEST_0000124,957.44,953.92,SYNTH_MERCH124_0000004,0.0,3.51,1,0,card_testing_burst_v2,1
550,PAYMENT,58.5,SYNTH_CARDTEST_0000125,666.13,607.63,C1110039660,0.0,58.5,0,0,card_testing_burst_v2,1
565,PAYMENT,1.22,SYNTH_CARDTEST_0000125,6679.32,6678.1,SYNTH_MERCH125_0000000,0.0,1.22,1,0,card_testing_burst_v2,1
567,PAYMENT,4.69,SYNTH_CARDTEST_0000125,6678.1,6673.41,SYNTH_MERCH125_0000001,0.0,4.69,1,0,card_testing_burst_v2,1
560,PAYMENT,4.21,SYNTH_CARDTEST_0000125,6673.41,6669.2,SYNTH_MERCH125_0000002,0.0,4.21,1,0,card_testing_burst_v2,1
562,PAYMENT,4.93,SYNTH_CARDTEST_0000125,6669.2,6664.27,SYNTH_MERCH125_0000003,0.0,4.93,1,0,card_testing_burst_v2,1
553,PAYMENT,4.28,SYNTH_CARDTEST_0000125,6664.27,6659.99,SYNTH_MERCH125_0000004,0.0,4.28,1,0,card_testing_burst_v2,1
385,PAYMENT,210.52,SYNTH_CARDTEST_0000126,3049.71,2839.19,C1000777279,0.0,210.52,0,0,card_testing_burst_v2,1
409,PAYMENT,4.64,SYNTH_CARDTEST_0000126,13973.18,13968.55,SYNTH_MERCH126_0000000,0.0,4.64,1,0,card_testing_burst_v2,1
401,PAYMENT,2.92,SYNTH_CARDTEST_0000126,13968.55,13965.63,SYNTH_MERCH126_0000001,0.0,2.92,1,0,card_testing_burst_v2,1
402,PAYMENT,2.99,SYNTH_CARDTEST_0000126,13965.63,13962.64,SYNTH_MERCH126_0000002,0.0,2.99,1,0,card_testing_burst_v2,1
409,PAYMENT,3.26,SYNTH_CARDTEST_0000126,13962.64,13959.38,SYNTH_MERCH126_0000003,0.0,3.26,1,0,card_testing_burst_v2,1
404,PAYMENT,4.74,SYNTH_CARDTEST_0000126,13959.38,13954.64,SYNTH_MERCH126_0000004,0.0,4.74,1,0,card_testing_burst_v2,1
246,PAYMENT,246.96,SYNTH_CARDTEST_0000127,1751.28,1504.32,C281180313,0.0,246.96,0,0,card_testing_burst_v2,1
267,PAYMENT,3.13,SYNTH_CARDTEST_0000127,912.86,909.72,SYNTH_MERCH127_0000000,0.0,3.13,1,0,card_testing_burst_v2,1
272,PAYMENT,4.7,SYNTH_CARDTEST_0000127,909.72,905.02,SYNTH_MERCH127_0000001,0.0,4.7,1,0,card_testing_burst_v2,1
258,PAYMENT,3.22,SYNTH_CARDTEST_0000127,905.02,901.8,SYNTH_MERCH127_0000002,0.0,3.22,1,0,card_testing_burst_v2,1
270,PAYMENT,2.38,SYNTH_CARDTEST_0000127,901.8,899.41,SYNTH_MERCH127_0000003,0.0,2.38,1,0,card_testing_burst_v2,1
270,PAYMENT,3.24,SYNTH_CARDTEST_0000127,899.41,896.17,SYNTH_MERCH127_0000004,0.0,3.24,1,0,card_testing_burst_v2,1
235,PAYMENT,88.72,SYNTH_CARDTEST_0000128,1191.7,1102.98,C199451221,0.0,88.72,0,0,card_testing_burst_v2,1
248,PAYMENT,3.59,SYNTH_CARDTEST_0000128,7610.37,7606.79,SYNTH_MERCH128_0000000,0.0,3.59,1,0,card_testing_burst_v2,1
257,PAYMENT,2.39,SYNTH_CARDTEST_0000128,7606.79,7604.39,SYNTH_MERCH128_0000001,0.0,2.39,1,0,card_testing_burst_v2,1
246,PAYMENT,1.39,SYNTH_CARDTEST_0000128,7604.39,7603.0,SYNTH_MERCH128_0000002,0.0,1.39,1,0,card_testing_burst_v2,1
251,PAYMENT,3.38,SYNTH_CARDTEST_0000128,7603.0,7599.62,SYNTH_MERCH128_0000003,0.0,3.38,1,0,card_testing_burst_v2,1
248,PAYMENT,4.84,SYNTH_CARDTEST_0000128,7599.62,7594.79,SYNTH_MERCH128_0000004,0.0,4.84,1,0,card_testing_burst_v2,1
617,PAYMENT,195.5,SYNTH_CARDTEST_0000129,1494.81,1299.31,C198821852,0.0,195.5,0,0,card_testing_burst_v2,1
634,PAYMENT,1.65,SYNTH_CARDTEST_0000129,1390.55,1388.9,SYNTH_MERCH129_0000000,0.0,1.65,1,0,card_testing_burst_v2,1
628,PAYMENT,1.28,SYNTH_CARDTEST_0000129,1388.9,1387.62,SYNTH_MERCH129_0000001,0.0,1.28,1,0,card_testing_burst_v2,1
626,PAYMENT,1.75,SYNTH_CARDTEST_0000129,1387.62,1385.87,SYNTH_MERCH129_0000002,0.0,1.75,1,0,card_testing_burst_v2,1
637,PAYMENT,4.42,SYNTH_CARDTEST_0000129,1385.87,1381.45,SYNTH_MERCH129_0000003,0.0,4.42,1,0,card_testing_burst_v2,1
627,PAYMENT,2.44,SYNTH_CARDTEST_0000129,1381.45,1379.01,SYNTH_MERCH129_0000004,0.0,2.44,1,0,card_testing_burst_v2,1
325,PAYMENT,65.95,SYNTH_CARDTEST_0000130,646.63,580.68,C1731663800,0.0,65.95,0,0,card_testing_burst_v2,1
349,PAYMENT,1.15,SYNTH_CARDTEST_0000130,717.29,716.14,SYNTH_MERCH130_0000000,0.0,1.15,1,0,card_testing_burst_v2,1
344,PAYMENT,4.94,SYNTH_CARDTEST_0000130,716.14,711.21,SYNTH_MERCH130_0000001,0.0,4.94,1,0,card_testing_burst_v2,1
353,PAYMENT,3.18,SYNTH_CARDTEST_0000130,711.21,708.03,SYNTH_MERCH130_0000002,0.0,3.18,1,0,card_testing_burst_v2,1
339,PAYMENT,1.27,SYNTH_CARDTEST_0000130,708.03,706.76,SYNTH_MERCH130_0000003,0.0,1.27,1,0,card_testing_burst_v2,1
335,PAYMENT,2.22,SYNTH_CARDTEST_0000130,706.76,704.54,SYNTH_MERCH130_0000004,0.0,2.22,1,0,card_testing_burst_v2,1
420,PAYMENT,132.28,SYNTH_CARDTEST_0000131,1895.8,1763.52,C1045335960,0.0,132.28,0,0,card_testing_burst_v2,1
427,PAYMENT,2.53,SYNTH_CARDTEST_0000131,3635.77,3633.24,SYNTH_MERCH131_0000000,0.0,2.53,1,0,card_testing_burst_v2,1
435,PAYMENT,3.34,SYNTH_CARDTEST_0000131,3633.24,3629.9,SYNTH_MERCH131_0000001,0.0,3.34,1,0,card_testing_burst_v2,1
446,PAYMENT,4.14,SYNTH_CARDTEST_0000131,3629.9,3625.76,SYNTH_MERCH131_0000002,0.0,4.14,1,0,card_testing_burst_v2,1
439,PAYMENT,3.54,SYNTH_CARDTEST_0000131,3625.76,3622.22,SYNTH_MERCH131_0000003,0.0,3.54,1,0,card_testing_burst_v2,1
438,PAYMENT,4.67,SYNTH_CARDTEST_0000131,3622.22,3617.55,SYNTH_MERCH131_0000004,0.0,4.67,1,0,card_testing_burst_v2,1
640,PAYMENT,104.39,SYNTH_CARDTEST_0000132,1102.09,997.7,C1223866314,0.0,104.39,0,0,card_testing_burst_v2,1
655,PAYMENT,4.12,SYNTH_CARDTEST_0000132,7802.77,7798.65,SYNTH_MERCH132_0000000,0.0,4.12,1,0,card_testing_burst_v2,1
655,PAYMENT,4.54,SYNTH_CARDTEST_0000132,7798.65,7794.11,SYNTH_MERCH132_0000001,0.0,4.54,1,0,card_testing_burst_v2,1
662,PAYMENT,3.84,SYNTH_CARDTEST_0000132,7794.11,7790.27,SYNTH_MERCH132_0000002,0.0,3.84,1,0,card_testing_burst_v2,1
656,PAYMENT,3.71,SYNTH_CARDTEST_0000132,7790.27,7786.56,SYNTH_MERCH132_0000003,0.0,3.71,1,0,card_testing_burst_v2,1
658,PAYMENT,4.79,SYNTH_CARDTEST_0000132,7786.56,7781.76,SYNTH_MERCH132_0000004,0.0,4.79,1,0,card_testing_burst_v2,1
625,PAYMENT,121.25,SYNTH_CARDTEST_0000133,1430.62,1309.37,C1917799631,0.0,121.25,0,0,card_testing_burst_v2,1
649,PAYMENT,1.06,SYNTH_CARDTEST_0000133,15155.47,15154.41,SYNTH_MERCH133_0000000,0.0,1.06,1,0,card_testing_burst_v2,1
640,PAYMENT,4.5,SYNTH_CARDTEST_0000133,15154.41,15149.92,SYNTH_MERCH133_0000001,0.0,4.5,1,0,card_testing_burst_v2,1
634,PAYMENT,1.81,SYNTH_CARDTEST_0000133,15149.92,15148.11,SYNTH_MERCH133_0000002,0.0,1.81,1,0,card_testing_burst_v2,1
642,PAYMENT,1.08,SYNTH_CARDTEST_0000133,15148.11,15147.02,SYNTH_MERCH133_0000003,0.0,1.08,1,0,card_testing_burst_v2,1
647,PAYMENT,2.71,SYNTH_CARDTEST_0000133,15147.02,15144.31,SYNTH_MERCH133_0000004,0.0,2.71,1,0,card_testing_burst_v2,1
431,PAYMENT,153.31,SYNTH_CARDTEST_0000134,776.06,622.75,C1892694599,0.0,153.31,0,0,card_testing_burst_v2,1
447,PAYMENT,2.85,SYNTH_CARDTEST_0000134,9122.14,9119.28,SYNTH_MERCH134_0000000,0.0,2.85,1,0,card_testing_burst_v2,1
452,PAYMENT,4.52,SYNTH_CARDTEST_0000134,9119.28,9114.76,SYNTH_MERCH134_0000001,0.0,4.52,1,0,card_testing_burst_v2,1
459,PAYMENT,2.73,SYNTH_CARDTEST_0000134,9114.76,9112.04,SYNTH_MERCH134_0000002,0.0,2.73,1,0,card_testing_burst_v2,1
449,PAYMENT,2.73,SYNTH_CARDTEST_0000134,9112.04,9109.31,SYNTH_MERCH134_0000003,0.0,2.73,1,0,card_testing_burst_v2,1
453,PAYMENT,4.6,SYNTH_CARDTEST_0000134,9109.31,9104.71,SYNTH_MERCH134_0000004,0.0,4.6,1,0,card_testing_burst_v2,1
76,PAYMENT,86.27,SYNTH_CARDTEST_0000135,528.69,442.42,C477179477,0.0,86.27,0,0,card_testing_burst_v2,1
82,PAYMENT,3.08,SYNTH_CARDTEST_0000135,18733.57,18730.49,SYNTH_MERCH135_0000000,0.0,3.08,1,0,card_testing_burst_v2,1
91,PAYMENT,3.41,SYNTH_CARDTEST_0000135,18730.49,18727.08,SYNTH_MERCH135_0000001,0.0,3.41,1,0,card_testing_burst_v2,1
92,PAYMENT,2.75,SYNTH_CARDTEST_0000135,18727.08,18724.33,SYNTH_MERCH135_0000002,0.0,2.75,1,0,card_testing_burst_v2,1
86,PAYMENT,2.4,SYNTH_CARDTEST_0000135,18724.33,18721.93,SYNTH_MERCH135_0000003,0.0,2.4,1,0,card_testing_burst_v2,1
93,PAYMENT,2.78,SYNTH_CARDTEST_0000135,18721.93,18719.15,SYNTH_MERCH135_0000004,0.0,2.78,1,0,card_testing_burst_v2,1
12,PAYMENT,171.71,SYNTH_CARDTEST_0000136,2020.76,1849.05,C1911933895,0.0,171.71,0,0,card_testing_burst_v2,1
22,PAYMENT,2.4,SYNTH_CARDTEST_0000136,17346.98,17344.58,SYNTH_MERCH136_0000000,0.0,2.4,1,0,card_testing_burst_v2,1
17,PAYMENT,3.51,SYNTH_CARDTEST_0000136,17344.58,17341.08,SYNTH_MERCH136_0000001,0.0,3.51,1,0,card_testing_burst_v2,1
33,PAYMENT,2.48,SYNTH_CARDTEST_0000136,17341.08,17338.6,SYNTH_MERCH136_0000002,0.0,2.48,1,0,card_testing_burst_v2,1
34,PAYMENT,2.05,SYNTH_CARDTEST_0000136,17338.6,17336.55,SYNTH_MERCH136_0000003,0.0,2.05,1,0,card_testing_burst_v2,1
24,PAYMENT,4.88,SYNTH_CARDTEST_0000136,17336.55,17331.67,SYNTH_MERCH136_0000004,0.0,4.88,1,0,card_testing_burst_v2,1
511,PAYMENT,34.39,SYNTH_CARDTEST_0000137,452.26,417.87,C1657177880,0.0,34.39,0,0,card_testing_burst_v2,1
525,PAYMENT,1.73,SYNTH_CARDTEST_0000137,3773.14,3771.41,SYNTH_MERCH137_0000000,0.0,1.73,1,0,card_testing_burst_v2,1
525,PAYMENT,1.54,SYNTH_CARDTEST_0000137,3771.41,3769.87,SYNTH_MERCH137_0000001,0.0,1.54,1,0,card_testing_burst_v2,1
533,PAYMENT,2.46,SYNTH_CARDTEST_0000137,3769.87,3767.41,SYNTH_MERCH137_0000002,0.0,2.46,1,0,card_testing_burst_v2,1
518,PAYMENT,3.52,SYNTH_CARDTEST_0000137,3767.41,3763.89,SYNTH_MERCH137_0000003,0.0,3.52,1,0,card_testing_burst_v2,1
528,PAYMENT,2.64,SYNTH_CARDTEST_0000137,3763.89,3761.25,SYNTH_MERCH137_0000004,0.0,2.64,1,0,card_testing_burst_v2,1
655,PAYMENT,237.24,SYNTH_CARDTEST_0000138,1027.23,789.99,C671220764,0.0,237.24,0,0,card_testing_burst_v2,1
676,PAYMENT,2.45,SYNTH_CARDTEST_0000138,3573.22,3570.77,SYNTH_MERCH138_0000000,0.0,2.45,1,0,card_testing_burst_v2,1
664,PAYMENT,1.92,SYNTH_CARDTEST_0000138,3570.77,3568.85,SYNTH_MERCH138_0000001,0.0,1.92,1,0,card_testing_burst_v2,1
671,PAYMENT,1.14,SYNTH_CARDTEST_0000138,3568.85,3567.71,SYNTH_MERCH138_0000002,0.0,1.14,1,0,card_testing_burst_v2,1
679,PAYMENT,4.34,SYNTH_CARDTEST_0000138,3567.71,3563.37,SYNTH_MERCH138_0000003,0.0,4.34,1,0,card_testing_burst_v2,1
661,PAYMENT,4.3,SYNTH_CARDTEST_0000138,3563.37,3559.07,SYNTH_MERCH138_0000004,0.0,4.3,1,0,card_testing_burst_v2,1
423,PAYMENT,14.1,SYNTH_CARDTEST_0000139,136.33,122.23,C912398565,0.0,14.1,0,0,card_testing_burst_v2,1
429,PAYMENT,4.81,SYNTH_CARDTEST_0000139,1414.91,1410.1,SYNTH_MERCH139_0000000,0.0,4.81,1,0,card_testing_burst_v2,1
426,PAYMENT,2.07,SYNTH_CARDTEST_0000139,1410.1,1408.03,SYNTH_MERCH139_0000001,0.0,2.07,1,0,card_testing_burst_v2,1
437,PAYMENT,4.53,SYNTH_CARDTEST_0000139,1408.03,1403.5,SYNTH_MERCH139_0000002,0.0,4.53,1,0,card_testing_burst_v2,1
430,PAYMENT,2.56,SYNTH_CARDTEST_0000139,1403.5,1400.94,SYNTH_MERCH139_0000003,0.0,2.56,1,0,card_testing_burst_v2,1
442,PAYMENT,2.48,SYNTH_CARDTEST_0000139,1400.94,1398.46,SYNTH_MERCH139_0000004,0.0,2.48,1,0,card_testing_burst_v2,1
124,PAYMENT,91.58,SYNTH_CARDTEST_0000140,970.59,879.01,C1558899126,0.0,91.58,0,0,card_testing_burst_v2,1
150,PAYMENT,3.83,SYNTH_CARDTEST_0000140,9779.09,9775.26,SYNTH_MERCH140_0000000,0.0,3.83,1,0,card_testing_burst_v2,1
145,PAYMENT,2.74,SYNTH_CARDTEST_0000140,9775.26,9772.52,SYNTH_MERCH140_0000001,0.0,2.74,1,0,card_testing_burst_v2,1
150,PAYMENT,4.33,SYNTH_CARDTEST_0000140,9772.52,9768.19,SYNTH_MERCH140_0000002,0.0,4.33,1,0,card_testing_burst_v2,1
137,PAYMENT,4.66,SYNTH_CARDTEST_0000140,9768.19,9763.53,SYNTH_MERCH140_0000003,0.0,4.66,1,0,card_testing_burst_v2,1
131,PAYMENT,1.45,SYNTH_CARDTEST_0000140,9763.53,9762.08,SYNTH_MERCH140_0000004,0.0,1.45,1,0,card_testing_burst_v2,1
638,PAYMENT,36.48,SYNTH_CARDTEST_0000141,486.96,450.48,C750278852,0.0,36.48,0,0,card_testing_burst_v2,1
656,PAYMENT,4.99,SYNTH_CARDTEST_0000141,4937.05,4932.06,SYNTH_MERCH141_0000000,0.0,4.99,1,0,card_testing_burst_v2,1
652,PAYMENT,1.93,SYNTH_CARDTEST_0000141,4932.06,4930.12,SYNTH_MERCH141_0000001,0.0,1.93,1,0,card_testing_burst_v2,1
644,PAYMENT,2.33,SYNTH_CARDTEST_0000141,4930.12,4927.79,SYNTH_MERCH141_0000002,0.0,2.33,1,0,card_testing_burst_v2,1
643,PAYMENT,1.12,SYNTH_CARDTEST_0000141,4927.79,4926.67,SYNTH_MERCH141_0000003,0.0,1.12,1,0,card_testing_burst_v2,1
642,PAYMENT,2.84,SYNTH_CARDTEST_0000141,4926.67,4923.82,SYNTH_MERCH141_0000004,0.0,2.84,1,0,card_testing_burst_v2,1
162,PAYMENT,178.94,SYNTH_CARDTEST_0000142,686.75,507.81,C413813032,0.0,178.94,0,0,card_testing_burst_v2,1
167,PAYMENT,2.81,SYNTH_CARDTEST_0000142,1402.2,1399.39,SYNTH_MERCH142_0000000,0.0,2.81,1,0,card_testing_burst_v2,1
182,PAYMENT,4.87,SYNTH_CARDTEST_0000142,1399.39,1394.52,SYNTH_MERCH142_0000001,0.0,4.87,1,0,card_testing_burst_v2,1
171,PAYMENT,3.61,SYNTH_CARDTEST_0000142,1394.52,1390.91,SYNTH_MERCH142_0000002,0.0,3.61,1,0,card_testing_burst_v2,1
177,PAYMENT,2.52,SYNTH_CARDTEST_0000142,1390.91,1388.39,SYNTH_MERCH142_0000003,0.0,2.52,1,0,card_testing_burst_v2,1
181,PAYMENT,3.45,SYNTH_CARDTEST_0000142,1388.39,1384.94,SYNTH_MERCH142_0000004,0.0,3.45,1,0,card_testing_burst_v2,1
682,PAYMENT,189.12,SYNTH_CARDTEST_0000143,1679.86,1490.74,C1760691281,0.0,189.12,0,0,card_testing_burst_v2,1
691,PAYMENT,4.82,SYNTH_CARDTEST_0000143,2646.61,2641.79,SYNTH_MERCH143_0000000,0.0,4.82,1,0,card_testing_burst_v2,1
693,PAYMENT,2.85,SYNTH_CARDTEST_0000143,2641.79,2638.94,SYNTH_MERCH143_0000001,0.0,2.85,1,0,card_testing_burst_v2,1
694,PAYMENT,1.99,SYNTH_CARDTEST_0000143,2638.94,2636.95,SYNTH_MERCH143_0000002,0.0,1.99,1,0,card_testing_burst_v2,1
687,PAYMENT,2.12,SYNTH_CARDTEST_0000143,2636.95,2634.83,SYNTH_MERCH143_0000003,0.0,2.12,1,0,card_testing_burst_v2,1
708,PAYMENT,3.38,SYNTH_CARDTEST_0000143,2634.83,2631.45,SYNTH_MERCH143_0000004,0.0,3.38,1,0,card_testing_burst_v2,1
461,PAYMENT,215.58,SYNTH_CARDTEST_0000144,2842.86,2627.28,C707119541,0.0,215.58,0,0,card_testing_burst_v2,1
465,PAYMENT,3.31,SYNTH_CARDTEST_0000144,3066.26,3062.95,SYNTH_MERCH144_0000000,0.0,3.31,1,0,card_testing_burst_v2,1
479,PAYMENT,1.99,SYNTH_CARDTEST_0000144,3062.95,3060.96,SYNTH_MERCH144_0000001,0.0,1.99,1,0,card_testing_burst_v2,1
484,PAYMENT,2.47,SYNTH_CARDTEST_0000144,3060.96,3058.49,SYNTH_MERCH144_0000002,0.0,2.47,1,0,card_testing_burst_v2,1
482,PAYMENT,2.41,SYNTH_CARDTEST_0000144,3058.49,3056.08,SYNTH_MERCH144_0000003,0.0,2.41,1,0,card_testing_burst_v2,1
487,PAYMENT,1.62,SYNTH_CARDTEST_0000144,3056.08,3054.47,SYNTH_MERCH144_0000004,0.0,1.62,1,0,card_testing_burst_v2,1
491,PAYMENT,161.94,SYNTH_CARDTEST_0000145,1743.03,1581.09,C1668106219,0.0,161.94,0,0,card_testing_burst_v2,1
503,PAYMENT,1.33,SYNTH_CARDTEST_0000145,2850.91,2849.58,SYNTH_MERCH145_0000000,0.0,1.33,1,0,card_testing_burst_v2,1
506,PAYMENT,2.36,SYNTH_CARDTEST_0000145,2849.58,2847.22,SYNTH_MERCH145_0000001,0.0,2.36,1,0,card_testing_burst_v2,1
494,PAYMENT,1.86,SYNTH_CARDTEST_0000145,2847.22,2845.36,SYNTH_MERCH145_0000002,0.0,1.86,1,0,card_testing_burst_v2,1
496,PAYMENT,2.82,SYNTH_CARDTEST_0000145,2845.36,2842.54,SYNTH_MERCH145_0000003,0.0,2.82,1,0,card_testing_burst_v2,1
512,PAYMENT,1.04,SYNTH_CARDTEST_0000145,2842.54,2841.5,SYNTH_MERCH145_0000004,0.0,1.04,1,0,card_testing_burst_v2,1
82,PAYMENT,48.63,SYNTH_CARDTEST_0000146,537.92,489.29,C914319986,0.0,48.63,0,0,card_testing_burst_v2,1
102,PAYMENT,1.04,SYNTH_CARDTEST_0000146,2661.78,2660.74,SYNTH_MERCH146_0000000,0.0,1.04,1,0,card_testing_burst_v2,1
98,PAYMENT,2.03,SYNTH_CARDTEST_0000146,2660.74,2658.72,SYNTH_MERCH146_0000001,0.0,2.03,1,0,card_testing_burst_v2,1
87,PAYMENT,2.09,SYNTH_CARDTEST_0000146,2658.72,2656.63,SYNTH_MERCH146_0000002,0.0,2.09,1,0,card_testing_burst_v2,1
96,PAYMENT,1.89,SYNTH_CARDTEST_0000146,2656.63,2654.74,SYNTH_MERCH146_0000003,0.0,1.89,1,0,card_testing_burst_v2,1
105,PAYMENT,2.84,SYNTH_CARDTEST_0000146,2654.74,2651.9,SYNTH_MERCH146_0000004,0.0,2.84,1,0,card_testing_burst_v2,1
729,PAYMENT,27.55,SYNTH_CARDTEST_0000147,356.65,329.1,C274129368,0.0,27.55,0,0,card_testing_burst_v2,1
732,PAYMENT,1.82,SYNTH_CARDTEST_0000147,1114.37,1112.55,SYNTH_MERCH147_0000000,0.0,1.82,1,0,card_testing_burst_v2,1
731,PAYMENT,4.61,SYNTH_CARDTEST_0000147,1112.55,1107.94,SYNTH_MERCH147_0000001,0.0,4.61,1,0,card_testing_burst_v2,1
751,PAYMENT,3.13,SYNTH_CARDTEST_0000147,1107.94,1104.81,SYNTH_MERCH147_0000002,0.0,3.13,1,0,card_testing_burst_v2,1
735,PAYMENT,1.21,SYNTH_CARDTEST_0000147,1104.81,1103.6,SYNTH_MERCH147_0000003,0.0,1.21,1,0,card_testing_burst_v2,1
754,PAYMENT,2.68,SYNTH_CARDTEST_0000147,1103.6,1100.91,SYNTH_MERCH147_0000004,0.0,2.68,1,0,card_testing_burst_v2,1
609,PAYMENT,73.31,SYNTH_CARDTEST_0000148,237.51,164.2,C1865171424,0.0,73.31,0,0,card_testing_burst_v2,1
636,PAYMENT,1.18,SYNTH_CARDTEST_0000148,10736.85,10735.67,SYNTH_MERCH148_0000000,0.0,1.18,1,0,card_testing_burst_v2,1
635,PAYMENT,2.65,SYNTH_CARDTEST_0000148,10735.67,10733.02,SYNTH_MERCH148_0000001,0.0,2.65,1,0,card_testing_burst_v2,1
629,PAYMENT,3.78,SYNTH_CARDTEST_0000148,10733.02,10729.24,SYNTH_MERCH148_0000002,0.0,3.78,1,0,card_testing_burst_v2,1
616,PAYMENT,4.26,SYNTH_CARDTEST_0000148,10729.24,10724.98,SYNTH_MERCH148_0000003,0.0,4.26,1,0,card_testing_burst_v2,1
631,PAYMENT,3.45,SYNTH_CARDTEST_0000148,10724.98,10721.53,SYNTH_MERCH148_0000004,0.0,3.45,1,0,card_testing_burst_v2,1
130,PAYMENT,108.92,SYNTH_CARDTEST_0000149,1608.44,1499.52,C2117499830,0.0,108.92,0,0,card_testing_burst_v2,1
157,PAYMENT,1.05,SYNTH_CARDTEST_0000149,10709.88,10708.84,SYNTH_MERCH149_0000000,0.0,1.05,1,0,card_testing_burst_v2,1
154,PAYMENT,1.43,SYNTH_CARDTEST_0000149,10708.84,10707.41,SYNTH_MERCH149_0000001,0.0,1.43,1,0,card_testing_burst_v2,1
147,PAYMENT,4.49,SYNTH_CARDTEST_0000149,10707.41,10702.92,SYNTH_MERCH149_0000002,0.0,4.49,1,0,card_testing_burst_v2,1
139,PAYMENT,1.84,SYNTH_CARDTEST_0000149,10702.92,10701.07,SYNTH_MERCH149_0000003,0.0,1.84,1,0,card_testing_burst_v2,1
135,PAYMENT,1.71,SYNTH_CARDTEST_0000149,10701.07,10699.37,SYNTH_MERCH149_0000004,0.0,1.71,1,0,card_testing_burst_v2,1
317,PAYMENT,44.62,SYNTH_CARDTEST_0000150,562.17,517.55,C454213653,0.0,44.62,0,0,card_testing_burst_v2,1
335,PAYMENT,3.23,SYNTH_CARDTEST_0000150,7536.28,7533.05,SYNTH_MERCH150_0000000,0.0,3.23,1,0,card_testing_burst_v2,1
331,PAYMENT,4.36,SYNTH_CARDTEST_0000150,7533.05,7528.69,SYNTH_MERCH150_0000001,0.0,4.36,1,0,card_testing_burst_v2,1
332,PAYMENT,2.66,SYNTH_CARDTEST_0000150,7528.69,7526.04,SYNTH_MERCH150_0000002,0.0,2.66,1,0,card_testing_burst_v2,1
340,PAYMENT,2.76,SYNTH_CARDTEST_0000150,7526.04,7523.28,SYNTH_MERCH150_0000003,0.0,2.76,1,0,card_testing_burst_v2,1
330,PAYMENT,3.0,SYNTH_CARDTEST_0000150,7523.28,7520.28,SYNTH_MERCH150_0000004,0.0,3.0,1,0,card_testing_burst_v2,1
140,PAYMENT,153.08,SYNTH_CARDTEST_0000151,1962.33,1809.25,C1612654024,0.0,153.08,0,0,card_testing_burst_v2,1
141,PAYMENT,2.92,SYNTH_CARDTEST_0000151,1427.79,1424.88,SYNTH_MERCH151_0000000,0.0,2.92,1,0,card_testing_burst_v2,1
152,PAYMENT,2.32,SYNTH_CARDTEST_0000151,1424.88,1422.56,SYNTH_MERCH151_0000001,0.0,2.32,1,0,card_testing_burst_v2,1
160,PAYMENT,4.2,SYNTH_CARDTEST_0000151,1422.56,1418.37,SYNTH_MERCH151_0000002,0.0,4.2,1,0,card_testing_burst_v2,1
157,PAYMENT,1.32,SYNTH_CARDTEST_0000151,1418.37,1417.05,SYNTH_MERCH151_0000003,0.0,1.32,1,0,card_testing_burst_v2,1
144,PAYMENT,4.82,SYNTH_CARDTEST_0000151,1417.05,1412.23,SYNTH_MERCH151_0000004,0.0,4.82,1,0,card_testing_burst_v2,1
621,PAYMENT,44.73,SYNTH_CARDTEST_0000152,609.16,564.43,C821415993,0.0,44.73,0,0,card_testing_burst_v2,1
644,PAYMENT,4.85,SYNTH_CARDTEST_0000152,39369.78,39364.93,SYNTH_MERCH152_0000000,0.0,4.85,1,0,card_testing_burst_v2,1
633,PAYMENT,4.8,SYNTH_CARDTEST_0000152,39364.93,39360.12,SYNTH_MERCH152_0000001,0.0,4.8,1,0,card_testing_burst_v2,1
634,PAYMENT,4.4,SYNTH_CARDTEST_0000152,39360.12,39355.73,SYNTH_MERCH152_0000002,0.0,4.4,1,0,card_testing_burst_v2,1
630,PAYMENT,3.55,SYNTH_CARDTEST_0000152,39355.73,39352.17,SYNTH_MERCH152_0000003,0.0,3.55,1,0,card_testing_burst_v2,1
633,PAYMENT,2.57,SYNTH_CARDTEST_0000152,39352.17,39349.6,SYNTH_MERCH152_0000004,0.0,2.57,1,0,card_testing_burst_v2,1
55,PAYMENT,154.17,SYNTH_CARDTEST_0000153,502.22,348.05,C935707793,0.0,154.17,0,0,card_testing_burst_v2,1
65,PAYMENT,2.4,SYNTH_CARDTEST_0000153,4565.97,4563.58,SYNTH_MERCH153_0000000,0.0,2.4,1,0,card_testing_burst_v2,1
66,PAYMENT,2.98,SYNTH_CARDTEST_0000153,4563.58,4560.6,SYNTH_MERCH153_0000001,0.0,2.98,1,0,card_testing_burst_v2,1
64,PAYMENT,4.83,SYNTH_CARDTEST_0000153,4560.6,4555.77,SYNTH_MERCH153_0000002,0.0,4.83,1,0,card_testing_burst_v2,1
66,PAYMENT,1.79,SYNTH_CARDTEST_0000153,4555.77,4553.98,SYNTH_MERCH153_0000003,0.0,1.79,1,0,card_testing_burst_v2,1
78,PAYMENT,3.62,SYNTH_CARDTEST_0000153,4553.98,4550.36,SYNTH_MERCH153_0000004,0.0,3.62,1,0,card_testing_burst_v2,1
243,PAYMENT,218.07,SYNTH_CARDTEST_0000154,2291.05,2072.98,C130885324,0.0,218.07,0,0,card_testing_burst_v2,1
252,PAYMENT,3.01,SYNTH_CARDTEST_0000154,2355.31,2352.31,SYNTH_MERCH154_0000000,0.0,3.01,1,0,card_testing_burst_v2,1
261,PAYMENT,2.97,SYNTH_CARDTEST_0000154,2352.31,2349.34,SYNTH_MERCH154_0000001,0.0,2.97,1,0,card_testing_burst_v2,1
259,PAYMENT,4.41,SYNTH_CARDTEST_0000154,2349.34,2344.93,SYNTH_MERCH154_0000002,0.0,4.41,1,0,card_testing_burst_v2,1
260,PAYMENT,2.38,SYNTH_CARDTEST_0000154,2344.93,2342.55,SYNTH_MERCH154_0000003,0.0,2.38,1,0,card_testing_burst_v2,1
267,PAYMENT,4.86,SYNTH_CARDTEST_0000154,2342.55,2337.69,SYNTH_MERCH154_0000004,0.0,4.86,1,0,card_testing_burst_v2,1
397,PAYMENT,117.19,SYNTH_CARDTEST_0000155,1469.84,1352.65,C390435067,0.0,117.19,0,0,card_testing_burst_v2,1
403,PAYMENT,3.4,SYNTH_CARDTEST_0000155,1383.4,1380.0,SYNTH_MERCH155_0000000,0.0,3.4,1,0,card_testing_burst_v2,1
412,PAYMENT,2.36,SYNTH_CARDTEST_0000155,1380.0,1377.64,SYNTH_MERCH155_0000001,0.0,2.36,1,0,card_testing_burst_v2,1
404,PAYMENT,3.89,SYNTH_CARDTEST_0000155,1377.64,1373.75,SYNTH_MERCH155_0000002,0.0,3.89,1,0,card_testing_burst_v2,1
422,PAYMENT,2.61,SYNTH_CARDTEST_0000155,1373.75,1371.14,SYNTH_MERCH155_0000003,0.0,2.61,1,0,card_testing_burst_v2,1
407,PAYMENT,1.62,SYNTH_CARDTEST_0000155,1371.14,1369.52,SYNTH_MERCH155_0000004,0.0,1.62,1,0,card_testing_burst_v2,1
539,PAYMENT,23.95,SYNTH_CARDTEST_0000156,128.71,104.76,C597869356,0.0,23.95,0,0,card_testing_burst_v2,1
547,PAYMENT,2.55,SYNTH_CARDTEST_0000156,37985.91,37983.36,SYNTH_MERCH156_0000000,0.0,2.55,1,0,card_testing_burst_v2,1
546,PAYMENT,4.8,SYNTH_CARDTEST_0000156,37983.36,37978.56,SYNTH_MERCH156_0000001,0.0,4.8,1,0,card_testing_burst_v2,1
557,PAYMENT,4.12,SYNTH_CARDTEST_0000156,37978.56,37974.45,SYNTH_MERCH156_0000002,0.0,4.12,1,0,card_testing_burst_v2,1
553,PAYMENT,3.17,SYNTH_CARDTEST_0000156,37974.45,37971.27,SYNTH_MERCH156_0000003,0.0,3.17,1,0,card_testing_burst_v2,1
565,PAYMENT,4.03,SYNTH_CARDTEST_0000156,37971.27,37967.24,SYNTH_MERCH156_0000004,0.0,4.03,1,0,card_testing_burst_v2,1
20,PAYMENT,60.61,SYNTH_CARDTEST_0000157,504.83,444.22,C1579389604,0.0,60.61,0,0,card_testing_burst_v2,1
34,PAYMENT,1.58,SYNTH_CARDTEST_0000157,8141.23,8139.65,SYNTH_MERCH157_0000000,0.0,1.58,1,0,card_testing_burst_v2,1
37,PAYMENT,3.02,SYNTH_CARDTEST_0000157,8139.65,8136.62,SYNTH_MERCH157_0000001,0.0,3.02,1,0,card_testing_burst_v2,1
39,PAYMENT,2.23,SYNTH_CARDTEST_0000157,8136.62,8134.39,SYNTH_MERCH157_0000002,0.0,2.23,1,0,card_testing_burst_v2,1
29,PAYMENT,1.3,SYNTH_CARDTEST_0000157,8134.39,8133.09,SYNTH_MERCH157_0000003,0.0,1.3,1,0,card_testing_burst_v2,1
36,PAYMENT,3.23,SYNTH_CARDTEST_0000157,8133.09,8129.86,SYNTH_MERCH157_0000004,0.0,3.23,1,0,card_testing_burst_v2,1
608,PAYMENT,147.6,SYNTH_CARDTEST_0000158,986.23,838.63,C481605206,0.0,147.6,0,0,card_testing_burst_v2,1
613,PAYMENT,1.03,SYNTH_CARDTEST_0000158,2562.03,2560.99,SYNTH_MERCH158_0000000,0.0,1.03,1,0,card_testing_burst_v2,1
629,PAYMENT,4.22,SYNTH_CARDTEST_0000158,2560.99,2556.78,SYNTH_MERCH158_0000001,0.0,4.22,1,0,card_testing_burst_v2,1
609,PAYMENT,3.46,SYNTH_CARDTEST_0000158,2556.78,2553.31,SYNTH_MERCH158_0000002,0.0,3.46,1,0,card_testing_burst_v2,1
614,PAYMENT,1.82,SYNTH_CARDTEST_0000158,2553.31,2551.49,SYNTH_MERCH158_0000003,0.0,1.82,1,0,card_testing_burst_v2,1
617,PAYMENT,4.5,SYNTH_CARDTEST_0000158,2551.49,2546.99,SYNTH_MERCH158_0000004,0.0,4.5,1,0,card_testing_burst_v2,1
409,PAYMENT,61.49,SYNTH_CARDTEST_0000159,364.25,302.76,C1605785208,0.0,61.49,0,0,card_testing_burst_v2,1
433,PAYMENT,4.67,SYNTH_CARDTEST_0000159,3378.35,3373.68,SYNTH_MERCH159_0000000,0.0,4.67,1,0,card_testing_burst_v2,1
415,PAYMENT,4.47,SYNTH_CARDTEST_0000159,3373.68,3369.21,SYNTH_MERCH159_0000001,0.0,4.47,1,0,card_testing_burst_v2,1
421,PAYMENT,3.42,SYNTH_CARDTEST_0000159,3369.21,3365.78,SYNTH_MERCH159_0000002,0.0,3.42,1,0,card_testing_burst_v2,1
420,PAYMENT,4.13,SYNTH_CARDTEST_0000159,3365.78,3361.65,SYNTH_MERCH159_0000003,0.0,4.13,1,0,card_testing_burst_v2,1
432,PAYMENT,1.82,SYNTH_CARDTEST_0000159,3361.65,3359.84,SYNTH_MERCH159_0000004,0.0,1.82,1,0,card_testing_burst_v2,1
