step,type,amount,nameOrig,oldbalanceOrg,newbalanceOrig,nameDest,oldbalanceDest,newbalanceDest,isFraud,isFlaggedFraud,attack_family,is_synthetic
68,TRANSFER,20817.09,SYNTH_ATO_0000000,23477.13,2660.04,SYNTH_ATOSINK_0000000,0.0,20817.09,1,0,ato_rapid_drain,1
574,TRANSFER,15269.74,SYNTH_ATO_0000001,24698.87,9429.13,SYNTH_ATOSINK_0000001,0.0,15269.74,1,0,ato_rapid_drain,1
484,TRANSFER,8607.75,SYNTH_ATO_0000002,21285.14,12677.39,SYNTH_ATOSINK_0000002,0.0,8607.75,1,0,ato_rapid_drain,1
485,TRANSFER,5923.97,SYNTH_ATO_0000002,12677.39,6753.42,SYNTH_ATOSINK_0000002,0.0,5923.97,1,0,ato_rapid_drain,1
486,TRANSFER,48.55,SYNTH_ATO_0000002,6753.42,6704.87,SYNTH_ATOSINK_0000002,0.0,48.55,1,0,ato_rapid_drain,1
327,TRANSFER,3191.48,SYNTH_ATO_0000003,7725.95,4534.47,SYNTH_ATOSINK_0000003,0.0,3191.48,1,0,ato_rapid_drain,1
321,TRANSFER,488.28,SYNTH_ATO_0000004,4509.48,4021.21,SYNTH_ATOSINK_0000004,0.0,488.28,1,0,ato_rapid_drain,1
322,TRANSFER,327.05,SYNTH_ATO_0000004,4021.21,3694.16,SYNTH_ATOSINK_0000004,0.0,327.05,1,0,ato_rapid_drain,1
323,TRANSFER,264.27,SYNTH_ATO_0000004,3694.16,3429.89,SYNTH_ATOSINK_0000004,0.0,264.27,1,0,ato_rapid_drain,1
636,TRANSFER,12366.93,SYNTH_ATO_0000005,18631.56,6264.62,SYNTH_ATOSINK_0000005,0.0,12366.93,1,0,ato_rapid_drain,1
65,TRANSFER,5030.27,SYNTH_ATO_0000006,13587.89,8557.62,SYNTH_ATOSINK_0000006,0.0,5030.27,1,0,ato_rapid_drain,1
66,TRANSFER,811.29,SYNTH_ATO_0000006,8557.62,7746.33,SYNTH_ATOSINK_0000006,0.0,811.29,1,0,ato_rapid_drain,1
516,TRANSFER,17048.59,SYNTH_ATO_0000007,23756.98,6708.39,SYNTH_ATOSINK_0000007,0.0,17048.59,1,0,ato_rapid_drain,1
151,TRANSFER,23419.44,SYNTH_ATO_0000008,27478.86,4059.42,SYNTH_ATOSINK_0000008,0.0,23419.44,1,0,ato_rapid_drain,1
70,TRANSFER,2957.57,SYNTH_ATO_0000009,19593.34,16635.77,SYNTH_ATOSINK_0000009,0.0,2957.57,1,0,ato_rapid_drain,1
71,TRANSFER,698.9,SYNTH_ATO_0000009,16635.77,15936.87,SYNTH_ATOSINK_0000009,0.0,698.9,1,0,ato_rapid_drain,1
72,TRANSFER,539.74,SYNTH_ATO_0000009,15936.87,15397.13,SYNTH_ATOSINK_0000009,0.0,539.74,1,0,ato_rapid_drain,1
390,TRANSFER,12649.01,SYNTH_ATO_0000010,28455.02,15806.01,SYNTH_ATOSINK_0000010,0.0,12649.01,1,0,ato_rapid_drain,1
391,TRANSFER,6263.81,SYNTH_ATO_0000010,15806.01,9542.2,SYNTH_ATOSINK_0000010,0.0,6263.81,1,0,ato_rapid_drain,1
721,TRANSFER,7871.4,SYNTH_ATO_0000011,20692.5,12821.1,SYNTH_ATOSINK_0000011,0.0,7871.4,1,0,ato_rapid_drain,1
544,TRANSFER,19784.03,SYNTH_ATO_0000012,24786.11,5002.09,SYNTH_ATOSINK_0000012,0.0,19784.03,1,0,ato_rapid_drain,1
545,TRANSFER,2068.23,SYNTH_ATO_0000012,5002.09,2933.86,SYNTH_ATOSINK_0000012,0.0,2068.23,1,0,ato_rapid_drain,1
563,TRANSFER,2503.94,SYNTH_ATO_0000013,11815.84,9311.89,SYNTH_ATOSINK_0000013,0.0,2503.94,1,0,ato_rapid_drain,1
564,TRANSFER,2197.09,SYNTH_ATO_0000013,9311.89,7114.81,SYNTH_ATOSINK_0000013,0.0,2197.09,1,0,ato_rapid_drain,1
531,TRANSFER,8240.29,SYNTH_ATO_0000014,16191.36,7951.07,SYNTH_ATOSINK_0000014,0.0,8240.29,1,0,ato_rapid_drain,1
532,TRANSFER,2711.55,SYNTH_ATO_0000014,7951.07,5239.51,SYNTH_ATOSINK_0000014,0.0,2711.55,1,0,ato_rapid_drain,1
583,TRANSFER,12820.78,SYNTH_ATO_0000015,20293.7,7472.91,SYNTH_ATOSINK_0000015,0.0,12820.78,1,0,ato_rapid_drain,1
382,TRANSFER,10522.5,SYNTH_ATO_0000016,29505.06,18982.56,SYNTH_ATOSINK_0000016,0.0,10522.5,1,0,ato_rapid_drain,1
383,TRANSFER,3926.37,SYNTH_ATO_0000016,18982.56,15056.19,SYNTH_ATOSINK_0000016,0.0,3926.37,1,0,ato_rapid_drain,1
384,TRANSFER,569.49,SYNTH_ATO_0000016,15056.19,14486.69,SYNTH_ATOSINK_0000016,0.0,569.49,1,0,ato_rapid_drain,1
95,TRANSFER,10373.9,SYNTH_ATO_0000017,14239.22,3865.32,SYNTH_ATOSINK_0000017,0.0,10373.9,1,0,ato_rapid_drain,1
621,TRANSFER,6824.33,SYNTH_ATO_0000018,24654.15,17829.82,SYNTH_ATOSINK_0000018,0.0,6824.33,1,0,ato_rapid_drain,1
622,TRANSFER,6589.13,SYNTH_ATO_0000018,17829.82,11240.69,SYNTH_ATOSINK_0000018,0.0,6589.13,1,0,ato_rapid_drain,1
623,TRANSFER,5474.09,SYNTH_ATO_0000018,11240.69,5766.6,SYNTH_ATOSINK_0000018,0.0,5474.09,1,0,ato_rapid_drain,1
334,TRANSFER,5116.72,SYNTH_ATO_0000019,15374.98,10258.26,SYNTH_ATOSINK_0000019,0.0,5116.72,1,0,ato_rapid_drain,1
335,TRANSFER,2444.72,SYNTH_ATO_0000019,10258.26,7813.54,SYNTH_ATOSINK_0000019,0.0,2444.72,1,0,ato_rapid_drain,1
336,TRANSFER,2312.55,SYNTH_ATO_0000019,7813.54,5500.99,SYNTH_ATOSINK_0000019,0.0,2312.55,1,0,ato_rapid_drain,1
372,TRANSFER,7453.07,SYNTH_ATO_0000020,16805.72,9352.65,SYNTH_ATOSINK_0000020,0.0,7453.07,1,0,ato_rapid_drain,1
373,TRANSFER,3993.8,SYNTH_ATO_0000020,9352.65,5358.84,SYNTH_ATOSINK_0000020,0.0,3993.8,1,0,ato_rapid_drain,1
374,TRANSFER,1856.02,SYNTH_ATO_0000020,5358.84,3502.83,SYNTH_ATOSINK_0000020,0.0,1856.02,1,0,ato_rapid_drain,1
277,TRANSFER,20251.24,SYNTH_ATO_0000021,29664.65,9413.41,SYNTH_ATOSINK_0000021,0.0,20251.24,1,0,ato_rapid_drain,1
278,TRANSFER,7591.96,SYNTH_ATO_0000021,9413.41,1821.45,SYNTH_ATOSINK_0000021,0.0,7591.96,1,0,ato_rapid_drain,1
279,TRANSFER,844.45,SYNTH_ATO_0000021,1821.45,977.0,SYNTH_ATOSINK_0000021,0.0,844.45,1,0,ato_rapid_drain,1
137,TRANSFER,1885.45,SYNTH_ATO_0000022,5454.32,3568.87,SYNTH_ATOSINK_0000022,0.0,1885.45,1,0,ato_rapid_drain,1
138,TRANSFER,801.61,SYNTH_ATO_0000022,3568.87,2767.27,SYNTH_ATOSINK_0000022,0.0,801.61,1,0,ato_rapid_drain,1
139,TRANSFER,187.55,SYNTH_ATO_0000022,2767.27,2579.72,SYNTH_ATOSINK_0000022,0.0,187.55,1,0,ato_rapid_drain,1
686,TRANSFER,3137.49,SYNTH_ATO_0000023,8284.29,5146.8,SYNTH_ATOSINK_0000023,0.0,3137.49,1,0,ato_rapid_drain,1
687,TRANSFER,1844.48,SYNTH_ATO_0000023,5146.8,3302.33,SYNTH_ATOSINK_0000023,0.0,1844.48,1,0,ato_rapid_drain,1
579,TRANSFER,878.62,SYNTH_ATO_0000024,7410.76,6532.15,SYNTH_ATOSINK_0000024,0.0,878.62,1,0,ato_rapid_drain,1
580,TRANSFER,451.88,SYNTH_ATO_0000024,6532.15,6080.27,SYNTH_ATOSINK_0000024,0.0,451.88,1,0,ato_rapid_drain,1
581,TRANSFER,223.74,SYNTH_ATO_0000024,6080.27,5856.53,SYNTH_ATOSINK_0000024,0.0,223.74,1,0,ato_rapid_drain,1
476,TRANSFER,2483.12,SYNTH_ATO_0000025,4446.31,1963.2,SYNTH_ATOSINK_0000025,0.0,2483.12,1,0,ato_rapid_drain,1
477,TRANSFER,849.24,SYNTH_ATO_0000025,1963.2,1113.96,SYNTH_ATOSINK_0000025,0.0,849.24,1,0,ato_rapid_drain,1
478,TRANSFER,317.64,SYNTH_ATO_0000025,1113.96,796.32,SYNTH_ATOSINK_0000025,0.0,317.64,1,0,ato_rapid_drain,1
300,TRANSFER,4517.45,SYNTH_ATO_0000026,12004.55,7487.1,SYNTH_ATOSINK_0000026,0.0,4517.45,1,0,ato_rapid_drain,1
301,TRANSFER,1791.69,SYNTH_ATO_0000026,7487.1,5695.41,SYNTH_ATOSINK_0000026,0.0,1791.69,1,0,ato_rapid_drain,1
302,TRANSFER,962.97,SYNTH_ATO_0000026,5695.41,4732.44,SYNTH_ATOSINK_0000026,0.0,962.97,1,0,ato_rapid_drain,1
611,TRANSFER,7595.01,SYNTH_ATO_0000027,28272.94,20677.93,SYNTH_ATOSINK_0000027,0.0,7595.01,1,0,ato_rapid_drain,1
612,TRANSFER,4152.34,SYNTH_ATO_0000027,20677.93,16525.59,SYNTH_ATOSINK_0000027,0.0,4152.34,1,0,ato_rapid_drain,1
613,TRANSFER,2903.97,SYNTH_ATO_0000027,16525.59,13621.62,SYNTH_ATOSINK_0000027,0.0,2903.97,1,0,ato_rapid_drain,1
404,TRANSFER,2353.19,SYNTH_ATO_0000028,15200.29,12847.09,SYNTH_ATOSINK_0000028,0.0,2353.19,1,0,ato_rapid_drain,1
405,TRANSFER,1802.2,SYNTH_ATO_0000028,12847.09,11044.89,SYNTH_ATOSINK_0000028,0.0,1802.2,1,0,ato_rapid_drain,1
330,TRANSFER,15083.65,SYNTH_ATO_0000029,20306.05,5222.4,SYNTH_ATOSINK_0000029,0.0,15083.65,1,0,ato_rapid_drain,1
331,TRANSFER,3068.58,SYNTH_ATO_0000029,5222.4,2153.82,SYNTH_ATOSINK_0000029,0.0,3068.58,1,0,ato_rapid_drain,1
333,TRANSFER,17614.27,SYNTH_ATO_0000030,34666.55,17052.28,SYNTH_ATOSINK_0000030,0.0,17614.27,1,0,ato_rapid_drain,1
170,TRANSFER,29295.87,SYNTH_ATO_0000031,39999.08,10703.21,SYNTH_ATOSINK_0000031,0.0,29295.87,1,0,ato_rapid_drain,1
71,TRANSFER,2761.43,SYNTH_ATO_0000032,17300.96,14539.53,SYNTH_ATOSINK_0000032,0.0,2761.43,1,0,ato_rapid_drain,1
72,TRANSFER,2197.02,SYNTH_ATO_0000032,14539.53,12342.51,SYNTH_ATOSINK_0000032,0.0,2197.02,1,0,ato_rapid_drain,1
73,TRANSFER,517.51,SYNTH_ATO_0000032,12342.51,11825.0,SYNTH_ATOSINK_0000032,0.0,517.51,1,0,ato_rapid_drain,1
410,TRANSFER,38594.59,SYNTH_ATO_0000033,40625.51,2030.92,SYNTH_ATOSINK_0000033,0.0,38594.59,1,0,ato_rapid_drain,1
658,TRANSFER,5279.74,SYNTH_ATO_0000034,19058.64,13778.9,SYNTH_ATOSINK_0000034,0.0,5279.74,1,0,ato_rapid_drain,1
659,TRANSFER,776.45,SYNTH_ATO_0000034,13778.9,13002.45,SYNTH_ATOSINK_0000034,0.0,776.45,1,0,ato_rapid_drain,1
660,TRANSFER,408.21,SYNTH_ATO_0000034,13002.45,12594.25,SYNTH_ATOSINK_0000034,0.0,408.21,1,0,ato_rapid_drain,1
48,TRANSFER,2736.79,SYNTH_ATO_0000035,10911.37,8174.59,SYNTH_ATOSINK_0000035,0.0,2736.79,1,0,ato_rapid_drain,1
49,TRANSFER,897.9,SYNTH_ATO_0000035,8174.59,7276.68,SYNTH_ATOSINK_0000035,0.0,897.9,1,0,ato_rapid_drain,1
50,TRANSFER,245.86,SYNTH_ATO_0000035,7276.68,7030.82,SYNTH_ATOSINK_0000035,0.0,245.86,1,0,ato_rapid_drain,1
636,TRANSFER,8585.44,SYNTH_ATO_0000036,12624.06,4038.62,SYNTH_ATOSINK_0000036,0.0,8585.44,1,0,ato_rapid_drain,1
637,TRANSFER,2216.26,SYNTH_ATO_0000036,4038.62,1822.36,SYNTH_ATOSINK_0000036,0.0,2216.26,1,0,ato_rapid_drain,1
638,TRANSFER,181.32,SYNTH_ATO_0000036,1822.36,1641.04,SYNTH_ATOSINK_0000036,0.0,181.32,1,0,ato_rapid_drain,1
614,TRANSFER,6763.93,SYNTH_ATO_0000037,7418.1,654.17,SYNTH_ATOSINK_0000037,0.0,6763.93,1,0,ato_rapid_drain,1
205,TRANSFER,3245.96,SYNTH_ATO_0000038,10584.22,7338.26,SYNTH_ATOSINK_0000038,0.0,3245.96,1,0,ato_rapid_drain,1
206,TRANSFER,622.31,SYNTH_ATO_0000038,7338.26,6715.95,SYNTH_ATOSINK_0000038,0.0,622.31,1,0,ato_rapid_drain,1
468,TRANSFER,7427.9,SYNTH_ATO_0000039,14547.73,7119.83,SYNTH_ATOSINK_0000039,0.0,7427.9,1,0,ato_rapid_drain,1
469,TRANSFER,721.47,SYNTH_ATO_0000039,7119.83,6398.36,SYNTH_ATOSINK_0000039,0.0,721.47,1,0,ato_rapid_drain,1
470,TRANSFER,91.12,SYNTH_ATO_0000039,6398.36,6307.24,SYNTH_ATOSINK_0000039,0.0,91.12,1,0,ato_rapid_drain,1
125,TRANSFER,11106.84,SYNTH_ATO_0000040,29206.63,18099.79,SYNTH_ATOSINK_0000040,0.0,11106.84,1,0,ato_rapid_drain,1
126,TRANSFER,7905.93,SYNTH_ATO_0000040,18099.79,10193.86,SYNTH_ATOSINK_0000040,0.0,7905.93,1,0,ato_rapid_drain,1
127,TRANSFER,3538.43,SYNTH_ATO_0000040,10193.86,6655.43,SYNTH_ATOSINK_0000040,0.0,3538.43,1,0,ato_rapid_drain,1
561,TRANSFER,44821.17,SYNTH_ATO_0000041,50638.22,5817.05,SYNTH_ATOSINK_0000041,0.0,44821.17,1,0,ato_rapid_drain,1
518,TRANSFER,2932.47,SYNTH_ATO_0000042,7869.04,4936.56,SYNTH_ATOSINK_0000042,0.0,2932.47,1,0,ato_rapid_drain,1
519,TRANSFER,578.96,SYNTH_ATO_0000042,4936.56,4357.6,SYNTH_ATOSINK_0000042,0.0,578.96,1,0,ato_rapid_drain,1
520,TRANSFER,388.94,SYNTH_ATO_0000042,4357.6,3968.66,SYNTH_ATOSINK_0000042,0.0,388.94,1,0,ato_rapid_drain,1
263,TRANSFER,13770.92,SYNTH_ATO_0000043,22826.94,9056.01,SYNTH_ATOSINK_0000043,0.0,13770.92,1,0,ato_rapid_drain,1
52,TRANSFER,7520.12,SYNTH_ATO_0000044,9659.27,2139.15,SYNTH_ATOSINK_0000044,0.0,7520.12,1,0,ato_rapid_drain,1
719,TRANSFER,11330.83,SYNTH_ATO_0000045,23976.23,12645.4,SYNTH_ATOSINK_0000045,0.0,11330.83,1,0,ato_rapid_drain,1
720,TRANSFER,5079.49,SYNTH_ATO_0000045,12645.4,7565.91,SYNTH_ATOSINK_0000045,0.0,5079.49,1,0,ato_rapid_drain,1
721,TRANSFER,2058.24,SYNTH_ATO_0000045,7565.91,5507.67,SYNTH_ATOSINK_0000045,0.0,2058.24,1,0,ato_rapid_drain,1
330,TRANSFER,7082.62,SYNTH_ATO_0000046,16669.7,9587.08,SYNTH_ATOSINK_0000046,0.0,7082.62,1,0,ato_rapid_drain,1
331,TRANSFER,6431.65,SYNTH_ATO_0000046,9587.08,3155.43,SYNTH_ATOSINK_0000046,0.0,6431.65,1,0,ato_rapid_drain,1
663,TRANSFER,2042.32,SYNTH_ATO_0000047,6011.66,3969.35,SYNTH_ATOSINK_0000047,0.0,2042.32,1,0,ato_rapid_drain,1
664,TRANSFER,1832.49,SYNTH_ATO_0000047,3969.35,2136.85,SYNTH_ATOSINK_0000047,0.0,1832.49,1,0,ato_rapid_drain,1
502,TRANSFER,4985.33,SYNTH_ATO_0000048,31475.92,26490.6,SYNTH_ATOSINK_0000048,0.0,4985.33,1,0,ato_rapid_drain,1
503,TRANSFER,3878.29,SYNTH_ATO_0000048,26490.6,22612.31,SYNTH_ATOSINK_0000048,0.0,3878.29,1,0,ato_rapid_drain,1
576,TRANSFER,8559.92,SYNTH_ATO_0000049,12544.02,3984.1,SYNTH_ATOSINK_0000049,0.0,8559.92,1,0,ato_rapid_drain,1
577,TRANSFER,1896.8,SYNTH_ATO_0000049,3984.1,2087.3,SYNTH_ATOSINK_0000049,0.0,1896.8,1,0,ato_rapid_drain,1
578,TRANSFER,896.86,SYNTH_ATO_0000049,2087.3,1190.44,SYNTH_ATOSINK_0000049,0.0,896.86,1,0,ato_rapid_drain,1
564,TRANSFER,6909.22,SYNTH_ATO_0000050,13090.73,6181.51,SYNTH_ATOSINK_0000050,0.0,6909.22,1,0,ato_rapid_drain,1
565,TRANSFER,3369.57,SYNTH_ATO_0000050,6181.51,2811.94,SYNTH_ATOSINK_0000050,0.0,3369.57,1,0,ato_rapid_drain,1
566,TRANSFER,1177.52,SYNTH_ATO_0000050,2811.94,1634.42,SYNTH_ATOSINK_0000050,0.0,1177.52,1,0,ato_rapid_drain,1
146,TRANSFER,4389.05,SYNTH_ATO_0000051,9491.47,5102.41,SYNTH_ATOSINK_0000051,0.0,4389.05,1,0,ato_rapid_drain,1
147,TRANSFER,3055.98,SYNTH_ATO_0000051,5102.41,2046.43,SYNTH_ATOSINK_0000051,0.0,3055.98,1,0,ato_rapid_drain,1
148,TRANSFER,361.85,SYNTH_ATO_0000051,2046.43,1684.58,SYNTH_ATOSINK_0000051,0.0,361.85,1,0,ato_rapid_drain,1
270,TRANSFER,2847.71,SYNTH_ATO_0000052,12178.53,9330.83,SYNTH_ATOSINK_0000052,0.0,2847.71,1,0,ato_rapid_drain,1
271,TRANSFER,536.62,SYNTH_ATO_0000052,9330.83,8794.21,SYNTH_ATOSINK_0000052,0.0,536.62,1,0,ato_rapid_drain,1
345,TRANSFER,5358.54,SYNTH_ATO_0000053,23312.25,17953.71,SYNTH_ATOSINK_0000053,0.0,5358.54,1,0,ato_rapid_drain,1
346,TRANSFER,3020.58,SYNTH_ATO_0000053,17953.71,14933.13,SYNTH_ATOSINK_0000053,0.0,3020.58,1,0,ato_rapid_drain,1
369,TRANSFER,6593.55,SYNTH_ATO_0000054,16098.05,9504.5,SYNTH_ATOSINK_0000054,0.0,6593.55,1,0,ato_rapid_drain,1
370,TRANSFER,4779.77,SYNTH_ATO_0000054,9504.5,4724.73,SYNTH_ATOSINK_0000054,0.0,4779.77,1,0,ato_rapid_drain,1
371,TRANSFER,1183.29,SYNTH_ATO_0000054,4724.73,3541.44,SYNTH_ATOSINK_0000054,0.0,1183.29,1,0,ato_rapid_drain,1
34,TRANSFER,2948.03,SYNTH_ATO_0000055,21964.82,19016.79,SYNTH_ATOSINK_0000055,0.0,2948.03,1,0,ato_rapid_drain,1
35,TRANSFER,1841.39,SYNTH_ATO_0000055,19016.79,17175.4,SYNTH_ATOSINK_0000055,0.0,1841.39,1,0,ato_rapid_drain,1
404,TRANSFER,17272.03,SYNTH_ATO_0000056,22407.55,5135.52,SYNTH_ATOSINK_0000056,0.0,17272.03,1,0,ato_rapid_drain,1
405,TRANSFER,4324.26,SYNTH_ATO_0000056,5135.52,811.26,SYNTH_ATOSINK_0000056,0.0,4324.26,1,0,ato_rapid_drain,1
116,TRANSFER,19683.32,SYNTH_ATO_0000057,39830.85,20147.52,SYNTH_ATOSINK_0000057,0.0,19683.32,1,0,ato_rapid_drain,1
552,TRANSFER,11173.39,SYNTH_ATO_0000058,14681.28,3507.89,SYNTH_ATOSINK_0000058,0.0,11173.39,1,0,ato_rapid_drain,1
505,TRANSFER,6205.72,SYNTH_ATO_0000059,7434.49,1228.77,SYNTH_ATOSINK_0000059,0.0,6205.72,1,0,ato_rapid_drain,1
506,TRANSFER,428.12,SYNTH_ATO_0000059,1228.77,800.65,SYNTH_ATOSINK_0000059,0.0,428.12,1,0,ato_rapid_drain,1
684,TRANSFER,13399.28,SYNTH_ATO_0000060,34212.06,20812.77,SYNTH_ATOSINK_0000060,0.0,13399.28,1,0,ato_rapid_drain,1
685,TRANSFER,3973.99,SYNTH_ATO_0000060,20812.77,16838.79,SYNTH_ATOSINK_0000060,0.0,3973.99,1,0,ato_rapid_drain,1
551,TRANSFER,4006.39,SYNTH_ATO_0000061,14781.14,10774.74,SYNTH_ATOSINK_0000061,0.0,4006.39,1,0,ato_rapid_drain,1
552,TRANSFER,2629.2,SYNTH_ATO_0000061,10774.74,8145.54,SYNTH_ATOSINK_0000061,0.0,2629.2,1,0,ato_rapid_drain,1
273,TRANSFER,22790.33,SYNTH_ATO_0000062,35198.38,12408.06,SYNTH_ATOSINK_0000062,0.0,22790.33,1,0,ato_rapid_drain,1
274,TRANSFER,962.18,SYNTH_ATO_0000062,12408.06,11445.88,SYNTH_ATOSINK_0000062,0.0,962.18,1,0,ato_rapid_drain,1
716,TRANSFER,14825.61,SYNTH_ATO_0000063,22697.87,7872.26,SYNTH_ATOSINK_0000063,0.0,14825.61,1,0,ato_rapid_drain,1
304,TRANSFER,8237.18,SYNTH_ATO_0000064,16669.19,8432.01,SYNTH_ATOSINK_0000064,0.0,8237.18,1,0,ato_rapid_drain,1
305,TRANSFER,416.28,SYNTH_ATO_0000064,8432.01,8015.73,SYNTH_ATOSINK_0000064,0.0,416.28,1,0,ato_rapid_drain,1
243,TRANSFER,14881.42,SYNTH_ATO_0000065,22231.5,7350.08,SYNTH_ATOSINK_0000065,0.0,14881.42,1,0,ato_rapid_drain,1
670,TRANSFER,38542.12,SYNTH_ATO_0000066,58139.9,19597.79,SYNTH_ATOSINK_0000066,0.0,38542.12,1,0,ato_rapid_drain,1
671,TRANSFER,11456.79,SYNTH_ATO_0000066,19597.79,8140.99,SYNTH_ATOSINK_0000066,0.0,11456.79,1,0,ato_rapid_drain,1
672,TRANSFER,4047.8,SYNTH_ATO_0000066,8140.99,4093.2,SYNTH_ATOSINK_0000066,0.0,4047.8,1,0,ato_rapid_drain,1
275,TRANSFER,23360.98,SYNTH_ATO_0000067,62704.49,39343.51,SYNTH_ATOSINK_0000067,0.0,23360.98,1,0,ato_rapid_drain,1
276,TRANSFER,6770.33,SYNTH_ATO_0000067,39343.51,32573.18,SYNTH_ATOSINK_0000067,0.0,6770.33,1,0,ato_rapid_drain,1
277,TRANSFER,5281.64,SYNTH_ATO_0000067,32573.18,27291.54,SYNTH_ATOSINK_0000067,0.0,5281.64,1,0,ato_rapid_drain,1
57,TRANSFER,4050.69,SYNTH_ATO_0000068,18800.31,14749.62,SYNTH_ATOSINK_0000068,0.0,4050.69,1,0,ato_rapid_drain,1
58,TRANSFER,2293.23,SYNTH_ATO_0000068,14749.62,12456.39,SYNTH_ATOSINK_0000068,0.0,2293.23,1,0,ato_rapid_drain,1
59,TRANSFER,301.22,SYNTH_ATO_0000068,12456.39,12155.17,SYNTH_ATOSINK_0000068,0.0,301.22,1,0,ato_rapid_drain,1
350,TRANSFER,9300.28,SYNTH_ATO_0000069,19853.08,10552.8,SYNTH_ATOSINK_0000069,0.0,9300.28,1,0,ato_rapid_drain,1
351,TRANSFER,511.52,SYNTH_ATO_0000069,10552.8,10041.28,SYNTH_ATOSINK_0000069,0.0,511.52,1,0,ato_rapid_drain,1
591,TRANSFER,10572.28,SYNTH_ATO_0000070,34397.67,23825.39,SYNTH_ATOSINK_0000070,0.0,10572.28,1,0,ato_rapid_drain,1
592,TRANSFER,4307.25,SYNTH_ATO_0000070,23825.39,19518.13,SYNTH_ATOSINK_0000070,0.0,4307.25,1,0,ato_rapid_drain,1
593,TRANSFER,2573.96,SYNTH_ATO_0000070,19518.13,16944.17,SYNTH_ATOSINK_0000070,0.0,2573.96,1,0,ato_rapid_drain,1
143,TRANSFER,3281.81,SYNTH_ATO_0000071,10857.41,7575.6,SYNTH_ATOSINK_0000071,0.0,3281.81,1,0,ato_rapid_drain,1
344,TRANSFER,7202.39,SYNTH_ATO_0000072,22022.99,14820.6,SYNTH_ATOSINK_0000072,0.0,7202.39,1,0,ato_rapid_drain,1
98,TRANSFER,6124.64,SYNTH_ATO_0000073,17756.06,11631.42,SYNTH_ATOSINK_0000073,0.0,6124.64,1,0,ato_rapid_drain,1
99,TRANSFER,5512.47,SYNTH_ATO_0000073,11631.42,6118.96,SYNTH_ATOSINK_0000073,0.0,5512.47,1,0,ato_rapid_drain,1
100,TRANSFER,1395.1,SYNTH_ATO_0000073,6118.96,4723.85,SYNTH_ATOSINK_0000073,0.0,1395.1,1,0,ato_rapid_drain,1
509,TRANSFER,10119.11,SYNTH_ATO_0000074,21771.24,11652.13,SYNTH_ATOSINK_0000074,0.0,10119.11,1,0,ato_rapid_drain,1
354,TRANSFER,6125.58,SYNTH_ATO_0000075,10937.79,4812.21,SYNTH_ATOSINK_0000075,0.0,6125.58,1,0,ato_rapid_drain,1
355,TRANSFER,4208.67,SYNTH_ATO_0000075,4812.21,603.54,SYNTH_ATOSINK_0000075,0.0,4208.67,1,0,ato_rapid_drain,1
247,TRANSFER,2148.68,SYNTH_ATO_0000076,6948.35,4799.67,SYNTH_ATOSINK_0000076,0.0,2148.68,1,0,ato_rapid_drain,1
248,TRANSFER,561.21,SYNTH_ATO_0000076,4799.67,4238.46,SYNTH_ATOSINK_0000076,0.0,561.21,1,0,ato_rapid_drain,1
168,TRANSFER,768.46,SYNTH_ATO_0000077,5198.94,4430.48,SYNTH_ATOSINK_0000077,0.0,768.46,1,0,ato_rapid_drain,1
169,TRANSFER,440.31,SYNTH_ATO_0000077,4430.48,3990.17,SYNTH_ATOSINK_0000077,0.0,440.31,1,0,ato_rapid_drain,1
170,TRANSFER,232.17,SYNTH_ATO_0000077,3990.17,3758.0,SYNTH_ATOSINK_0000077,0.0,232.17,1,0,ato_rapid_drain,1
419,TRANSFER,7266.09,SYNTH_ATO_0000078,9224.05,1957.96,SYNTH_ATOSINK_0000078,0.0,7266.09,1,0,ato_rapid_drain,1
495,TRANSFER,12150.42,SYNTH_ATO_0000079,13695.12,1544.7,SYNTH_ATOSINK_0000079,0.0,12150.42,1,0,ato_rapid_drain,1
695,TRANSFER,5353.73,SYNTH_ATO_0000080,15124.71,9770.97,SYNTH_ATOSINK_0000080,0.0,5353.73,1,0,ato_rapid_drain,1
696,TRANSFER,913.49,SYNTH_ATO_0000080,9770.97,8857.49,SYNTH_ATOSINK_0000080,0.0,913.49,1,0,ato_rapid_drain,1
697,TRANSFER,38.7,SYNTH_ATO_0000080,8857.49,8818.79,SYNTH_ATOSINK_0000080,0.0,38.7,1,0,ato_rapid_drain,1
326,TRANSFER,10522.94,SYNTH_ATO_0000081,57661.14,47138.2,SYNTH_ATOSINK_0000081,0.0,10522.94,1,0,ato_rapid_drain,1
327,TRANSFER,10098.34,SYNTH_ATO_0000081,47138.2,37039.86,SYNTH_ATOSINK_0000081,0.0,10098.34,1,0,ato_rapid_drain,1
119,TRANSFER,12077.36,SYNTH_ATO_0000082,35017.25,22939.88,SYNTH_ATOSINK_0000082,0.0,12077.36,1,0,ato_rapid_drain,1
618,TRANSFER,4282.09,SYNTH_ATO_0000083,10124.82,5842.73,SYNTH_ATOSINK_0000083,0.0,4282.09,1,0,ato_rapid_drain,1
619,TRANSFER,1250.2,SYNTH_ATO_0000083,5842.73,4592.53,SYNTH_ATOSINK_0000083,0.0,1250.2,1,0,ato_rapid_drain,1
620,TRANSFER,615.19,SYNTH_ATO_0000083,4592.53,3977.34,SYNTH_ATOSINK_0000083,0.0,615.19,1,0,ato_rapid_drain,1
467,TRANSFER,12560.86,SYNTH_ATO_0000084,22217.27,9656.4,SYNTH_ATOSINK_0000084,0.0,12560.86,1,0,ato_rapid_drain,1
518,TRANSFER,5683.67,SYNTH_ATO_0000085,14125.73,8442.06,SYNTH_ATOSINK_0000085,0.0,5683.67,1,0,ato_rapid_drain,1
73,TRANSFER,1819.24,SYNTH_ATO_0000086,15205.03,13385.8,SYNTH_ATOSINK_0000086,0.0,1819.24,1,0,ato_rapid_drain,1
74,TRANSFER,1219.05,SYNTH_ATO_0000086,13385.8,12166.75,SYNTH_ATOSINK_0000086,0.0,1219.05,1,0,ato_rapid_drain,1
75,TRANSFER,538.47,SYNTH_ATO_0000086,12166.75,11628.28,SYNTH_ATOSINK_0000086,0.0,538.47,1,0,ato_rapid_drain,1
232,TRANSFER,11600.33,SYNTH_ATO_0000087,20154.75,8554.42,SYNTH_ATOSINK_0000087,0.0,11600.33,1,0,ato_rapid_drain,1
570,TRANSFER,18854.51,SYNTH_ATO_0000088,26147.34,7292.83,SYNTH_ATOSINK_0000088,0.0,18854.51,1,0,ato_rapid_drain,1
571,TRANSFER,5940.47,SYNTH_ATO_0000088,7292.83,1352.36,SYNTH_ATOSINK_0000088,0.0,5940.47,1,0,ato_rapid_drain,1
617,TRANSFER,5451.53,SYNTH_ATO_0000089,14712.38,9260.86,SYNTH_ATOSINK_0000089,0.0,5451.53,1,0,ato_rapid_drain,1
618,TRANSFER,4979.04,SYNTH_ATO_0000089,9260.86,4281.82,SYNTH_ATOSINK_0000089,0.0,4979.04,1,0,ato_rapid_drain,1
324,TRANSFER,12953.52,SYNTH_ATO_0000090,34142.93,21189.41,SYNTH_ATOSINK_0000090,0.0,12953.52,1,0,ato_rapid_drain,1
325,TRANSFER,7071.14,SYNTH_ATO_0000090,21189.41,14118.27,SYNTH_ATOSINK_0000090,0.0,7071.14,1,0,ato_rapid_drain,1
597,TRANSFER,1444.87,SYNTH_ATO_0000091,9089.15,7644.28,SYNTH_ATOSINK_0000091,0.0,1444.87,1,0,ato_rapid_drain,1
598,TRANSFER,677.72,SYNTH_ATO_0000091,7644.28,6966.57,SYNTH_ATOSINK_0000091,0.0,677.72,1,0,ato_rapid_drain,1
599,TRANSFER,480.0,SYNTH_ATO_0000091,6966.57,6486.57,SYNTH_ATOSINK_0000091,0.0,480.0,1,0,ato_rapid_drain,1
625,TRANSFER,4721.38,SYNTH_ATO_0000092,18102.47,13381.09,SYNTH_ATOSINK_0000092,0.0,4721.38,1,0,ato_rapid_drain,1
626,TRANSFER,1712.66,SYNTH_ATO_0000092,13381.09,11668.43,SYNTH_ATOSINK_0000092,0.0,1712.66,1,0,ato_rapid_drain,1
627,TRANSFER,750.84,SYNTH_ATO_0000092,11668.43,10917.59,SYNTH_ATOSINK_0000092,0.0,750.84,1,0,ato_rapid_drain,1
288,TRANSFER,22799.03,SYNTH_ATO_0000093,85699.67,62900.64,SYNTH_ATOSINK_0000093,0.0,22799.03,1,0,ato_rapid_drain,1
289,TRANSFER,14045.29,SYNTH_ATO_0000093,62900.64,48855.35,SYNTH_ATOSINK_0000093,0.0,14045.29,1,0,ato_rapid_drain,1
664,TRANSFER,16422.02,SYNTH_ATO_0000094,20616.52,4194.5,SYNTH_ATOSINK_0000094,0.0,16422.02,1,0,ato_rapid_drain,1
215,TRANSFER,31361.69,SYNTH_ATO_0000095,42613.6,11251.91,SYNTH_ATOSINK_0000095,0.0,31361.69,1,0,ato_rapid_drain,1
216,TRANSFER,3763.42,SYNTH_ATO_0000095,11251.91,7488.49,SYNTH_ATOSINK_0000095,0.0,3763.42,1,0,ato_rapid_drain,1
217,TRANSFER,2538.26,SYNTH_ATO_0000095,7488.49,4950.23,SYNTH_ATOSINK_0000095,0.0,2538.26,1,0,ato_rapid_drain,1
178,TRANSFER,15665.92,SYNTH_ATO_0000096,19051.71,3385.79,SYNTH_ATOSINK_0000096,0.0,15665.92,1,0,ato_rapid_drain,1
179,TRANSFER,1059.23,SYNTH_ATO_0000096,3385.79,2326.57,SYNTH_ATOSINK_0000096,0.0,1059.23,1,0,ato_rapid_drain,1
180,TRANSFER,483.9,SYNTH_ATO_0000096,2326.57,1842.67,SYNTH_ATOSINK_0000096,0.0,483.9,1,0,ato_rapid_drain,1
506,TRANSFER,9472.87,SYNTH_ATO_0000097,25551.88,16079.02,SYNTH_ATOSINK_0000097,0.0,9472.87,1,0,ato_rapid_drain,1
507,TRANSFER,7684.8,SYNTH_ATO_0000097,16079.02,8394.21,SYNTH_ATOSINK_0000097,0.0,7684.8,1,0,ato_rapid_drain,1
508,TRANSFER,7575.62,SYNTH_ATO_0000097,8394.21,818.59,SYNTH_ATOSINK_0000097,0.0,7575.62,1,0,ato_rapid_drain,1
473,TRANSFER,16841.36,SYNTH_ATO_0000098,17429.69,588.32,SYNTH_ATOSINK_0000098,0.0,16841.36,1,0,ato_rapid_drain,1
105,TRANSFER,8227.59,SYNTH_ATO_0000099,16281.02,8053.43,SYNTH_ATOSINK_0000099,0.0,8227.59,1,0,ato_rapid_drain,1
106,TRANSFER,6062.49,SYNTH_ATO_0000099,8053.43,1990.94,SYNTH_ATOSINK_0000099,0.0,6062.49,1,0,ato_rapid_drain,1
107,TRANSFER,1068.45,SYNTH_ATO_0000099,1990.94,922.49,SYNTH_ATOSINK_0000099,0.0,1068.45,1,0,ato_rapid_drain,1
616,TRANSFER,2598.65,SYNTH_ATO_0000100,11297.2,8698.55,SYNTH_ATOSINK_0000100,0.0,2598.65,1,0,ato_rapid_drain,1
617,TRANSFER,247.25,SYNTH_ATO_0000100,8698.55,8451.31,SYNTH_ATOSINK_0000100,0.0,247.25,1,0,ato_rapid_drain,1
618,TRANSFER,46.43,SYNTH_ATO_0000100,8451.31,8404.88,SYNTH_ATOSINK_0000100,0.0,46.43,1,0,ato_rapid_drain,1
149,TRANSFER,5630.98,SYNTH_ATO_0000101,23346.0,17715.02,SYNTH_ATOSINK_0000101,0.0,5630.98,1,0,ato_rapid_drain,1
150,TRANSFER,1547.42,SYNTH_ATO_0000101,17715.02,16167.59,SYNTH_ATOSINK_0000101,0.0,1547.42,1,0,ato_rapid_drain,1
597,TRANSFER,4412.06,SYNTH_ATO_0000102,10819.2,6407.14,SYNTH_ATOSINK_0000102,0.0,4412.06,1,0,ato_rapid_drain,1
598,TRANSFER,321.17,SYNTH_ATO_0000102,6407.14,6085.97,SYNTH_ATOSINK_0000102,0.0,321.17,1,0,ato_rapid_drain,1
8,TRANSFER,14743.71,SYNTH_ATO_0000103,26885.74,12142.03,SYNTH_ATOSINK_0000103,0.0,14743.71,1,0,ato_rapid_drain,1
9,TRANSFER,1656.67,SYNTH_ATO_0000103,12142.03,10485.36,SYNTH_ATOSINK_0000103,0.0,1656.67,1,0,ato_rapid_drain,1
10,TRANSFER,571.53,SYNTH_ATO_0000103,10485.36,9913.83,SYNTH_ATOSINK_0000103,0.0,571.53,1,0,ato_rapid_drain,1
589,TRANSFER,4360.51,SYNTH_ATO_0000104,34584.89,30224.38,SYNTH_ATOSINK_0000104,0.0,4360.51,1,0,ato_rapid_drain,1
590,TRANSFER,3010.21,SYNTH_ATO_0000104,30224.38,27214.17,SYNTH_ATOSINK_0000104,0.0,3010.21,1,0,ato_rapid_drain,1
591,TRANSFER,2162.35,SYNTH_ATO_0000104,27214.17,25051.82,SYNTH_ATOSINK_0000104,0.0,2162.35,1,0,ato_rapid_drain,1
583,TRANSFER,11925.13,SYNTH_ATO_0000105,22469.61,10544.48,SYNTH_ATOSINK_0000105,0.0,11925.13,1,0,ato_rapid_drain,1
584,TRANSFER,7392.48,SYNTH_ATO_0000105,10544.48,3152.0,SYNTH_ATOSINK_0000105,0.0,7392.48,1,0,ato_rapid_drain,1
578,TRANSFER,5311.21,SYNTH_ATO_0000106,15187.85,9876.64,SYNTH_ATOSINK_0000106,0.0,5311.21,1,0,ato_rapid_drain,1
579,TRANSFER,3032.37,SYNTH_ATO_0000106,9876.64,6844.26,SYNTH_ATOSINK_0000106,0.0,3032.37,1,0,ato_rapid_drain,1
580,TRANSFER,2000.4,SYNTH_ATO_0000106,6844.26,4843.86,SYNTH_ATOSINK_0000106,0.0,2000.4,1,0,ato_rapid_drain,1
492,TRANSFER,7954.31,SYNTH_ATO_0000107,23679.84,15725.53,SYNTH_ATOSINK_0000107,0.0,7954.31,1,0,ato_rapid_drain,1
493,TRANSFER,4483.42,SYNTH_ATO_0000107,15725.53,11242.11,SYNTH_ATOSINK_0000107,0.0,4483.42,1,0,ato_rapid_drain,1
494,TRANSFER,2315.86,SYNTH_ATO_0000107,11242.11,8926.25,SYNTH_ATOSINK_0000107,0.0,2315.86,1,0,ato_rapid_drain,1
349,TRANSFER,4481.11,SYNTH_ATO_0000108,14984.87,10503.76,SYNTH_ATOSINK_0000108,0.0,4481.11,1,0,ato_rapid_drain,1
350,TRANSFER,448.05,SYNTH_ATO_0000108,10503.76,10055.7,SYNTH_ATOSINK_0000108,0.0,448.05,1,0,ato_rapid_drain,1
522,TRANSFER,9737.37,SYNTH_ATO_0000109,31613.14,21875.78,SYNTH_ATOSINK_0000109,0.0,9737.37,1,0,ato_rapid_drain,1
523,TRANSFER,2830.1,SYNTH_ATO_0000109,21875.78,19045.68,SYNTH_ATOSINK_0000109,0.0,2830.1,1,0,ato_rapid_drain,1
207,TRANSFER,1277.93,SYNTH_ATO_0000110,6009.86,4731.92,SYNTH_ATOSINK_0000110,0.0,1277.93,1,0,ato_rapid_drain,1
208,TRANSFER,675.53,SYNTH_ATO_0000110,4731.92,4056.39,SYNTH_ATOSINK_0000110,0.0,675.53,1,0,ato_rapid_drain,1
579,TRANSFER,12062.39,SYNTH_ATO_0000111,14744.65,2682.26,SYNTH_ATOSINK_0000111,0.0,12062.39,1,0,ato_rapid_drain,1
580,TRANSFER,684.48,SYNTH_ATO_0000111,2682.26,1997.78,SYNTH_ATOSINK_0000111,0.0,684.48,1,0,ato_rapid_drain,1
413,TRANSFER,3581.22,SYNTH_ATO_0000112,5461.69,1880.47,SYNTH_ATOSINK_0000112,0.0,3581.22,1,0,ato_rapid_drain,1
342,TRANSFER,3735.15,SYNTH_ATO_0000113,7353.73,3618.59,SYNTH_ATOSINK_0000113,0.0,3735.15,1,0,ato_rapid_drain,1
343,TRANSFER,1419.19,SYNTH_ATO_0000113,3618.59,2199.4,SYNTH_ATOSINK_0000113,0.0,1419.19,1,0,ato_rapid_drain,1
344,TRANSFER,533.05,SYNTH_ATO_0000113,2199.4,1666.35,SYNTH_ATOSINK_0000113,0.0,533.05,1,0,ato_rapid_drain,1
376,TRANSFER,17614.03,SYNTH_ATO_0000114,40876.78,23262.74,SYNTH_ATOSINK_0000114,0.0,17614.03,1,0,ato_rapid_drain,1
421,TRANSFER,9245.53,SYNTH_ATO_0000115,30856.76,21611.23,SYNTH_ATOSINK_0000115,0.0,9245.53,1,0,ato_rapid_drain,1
422,TRANSFER,3209.54,SYNTH_ATO_0000115,21611.23,18401.69,SYNTH_ATOSINK_0000115,0.0,3209.54,1,0,ato_rapid_drain,1
423,TRANSFER,2651.69,SYNTH_ATO_0000115,18401.69,15750.0,SYNTH_ATOSINK_0000115,0.0,2651.69,1,0,ato_rapid_drain,1
30,TRANSFER,3414.47,SYNTH_ATO_0000116,11711.33,8296.86,SYNTH_ATOSINK_0000116,0.0,3414.47,1,0,ato_rapid_drain,1
31,TRANSFER,2224.12,SYNTH_ATO_0000116,8296.86,6072.74,SYNTH_ATOSINK_0000116,0.0,2224.12,1,0,ato_rapid_drain,1
32,TRANSFER,401.96,SYNTH_ATO_0000116,6072.74,5670.78,SYNTH_ATOSINK_0000116,0.0,401.96,1,0,ato_rapid_drain,1
104,TRANSFER,4752.8,SYNTH_ATO_0000117,7320.97,2568.17,SYNTH_ATOSINK_0000117,0.0,4752.8,1,0,ato_rapid_drain,1
105,TRANSFER,1051.35,SYNTH_ATO_0000117,2568.17,1516.82,SYNTH_ATOSINK_0000117,0.0,1051.35,1,0,ato_rapid_drain,1
183,TRANSFER,1582.28,SYNTH_ATO_0000118,3045.08,1462.8,SYNTH_ATOSINK_0000118,0.0,1582.28,1,0,ato_rapid_drain,1
184,TRANSFER,656.27,SYNTH_ATO_0000118,1462.8,806.54,SYNTH_ATOSINK_0000118,0.0,656.27,1,0,ato_rapid_drain,1
185,TRANSFER,204.94,SYNTH_ATO_0000118,806.54,601.6,SYNTH_ATOSINK_0000118,0.0,204.94,1,0,ato_rapid_drain,1
86,TRANSFER,2076.57,SYNTH_ATO_0000119,13015.58,10939.01,SYNTH_ATOSINK_0000119,0.0,2076.57,1,0,ato_rapid_drain,1
87,TRANSFER,1600.68,SYNTH_ATO_0000119,10939.01,9338.33,SYNTH_ATOSINK_0000119,0.0,1600.68,1,0,ato_rapid_drain,1
88,TRANSFER,1025.47,SYNTH_ATO_0000119,9338.33,8312.86,SYNTH_ATOSINK_0000119,0.0,1025.47,1,0,ato_rapid_drain,1
326,TRANSFER,49022.98,SYNTH_ATO_0000120,77053.02,28030.04,SYNTH_ATOSINK_0000120,0.0,49022.98,1,0,ato_rapid_drain,1
327,TRANSFER,22975.39,SYNTH_ATO_0000120,28030.04,5054.65,SYNTH_ATOSINK_0000120,0.0,22975.39,1,0,ato_rapid_drain,1
494,TRANSFER,2817.08,SYNTH_ATO_0000121,23410.28,20593.2,SYNTH_ATOSINK_0000121,0.0,2817.08,1,0,ato_rapid_drain,1
495,TRANSFER,2315.1,SYNTH_ATO_0000121,20593.2,18278.09,SYNTH_ATOSINK_0000121,0.0,2315.1,1,0,ato_rapid_drain,1
496,TRANSFER,1753.04,SYNTH_ATO_0000121,18278.09,16525.06,SYNTH_ATOSINK_0000121,0.0,1753.04,1,0,ato_rapid_drain,1
484,TRANSFER,6816.44,SYNTH_ATO_0000122,12890.64,6074.2,SYNTH_ATOSINK_0000122,0.0,6816.44,1,0,ato_rapid_drain,1
485,TRANSFER,4615.51,SYNTH_ATO_0000122,6074.2,1458.69,SYNTH_ATOSINK_0000122,0.0,4615.51,1,0,ato_rapid_drain,1
486,TRANSFER,156.42,SYNTH_ATO_0000122,1458.69,1302.27,SYNTH_ATOSINK_0000122,0.0,156.42,1,0,ato_rapid_drain,1
351,TRANSFER,6634.4,SYNTH_ATO_0000123,23838.28,17203.88,SYNTH_ATOSINK_0000123,0.0,6634.4,1,0,ato_rapid_drain,1
632,TRANSFER,2872.28,SYNTH_ATO_0000124,7068.65,4196.37,SYNTH_ATOSINK_0000124,0.0,2872.28,1,0,ato_rapid_drain,1
418,TRANSFER,6928.02,SYNTH_ATO_0000125,15087.26,8159.24,SYNTH_ATOSINK_0000125,0.0,6928.02,1,0,ato_rapid_drain,1
419,TRANSFER,6050.84,SYNTH_ATO_0000125,8159.24,2108.4,SYNTH_ATOSINK_0000125,0.0,6050.84,1,0,ato_rapid_drain,1
61,TRANSFER,3603.2,SYNTH_ATO_0000126,19142.89,15539.69,SYNTH_ATOSINK_0000126,0.0,3603.2,1,0,ato_rapid_drain,1
62,TRANSFER,2905.45,SYNTH_ATO_0000126,15539.69,12634.23,SYNTH_ATOSINK_0000126,0.0,2905.45,1,0,ato_rapid_drain,1
566,TRANSFER,4794.1,SYNTH_ATO_0000127,17125.77,12331.67,SYNTH_ATOSINK_0000127,0.0,4794.1,1,0,ato_rapid_drain,1
567,TRANSFER,2931.16,SYNTH_ATO_0000127,12331.67,9400.51,SYNTH_ATOSINK_0000127,0.0,2931.16,1,0,ato_rapid_drain,1
568,TRANSFER,1224.37,SYNTH_ATO_0000127,9400.51,8176.13,SYNTH_ATOSINK_0000127,0.0,1224.37,1,0,ato_rapid_drain,1
427,TRANSFER,9974.26,SYNTH_ATO_0000128,28983.55,19009.29,SYNTH_ATOSINK_0000128,0.0,9974.26,1,0,ato_rapid_drain,1
428,TRANSFER,4587.92,SYNTH_ATO_0000128,19009.29,14421.37,SYNTH_ATOSINK_0000128,0.0,4587.92,1,0,ato_rapid_drain,1
429,TRANSFER,1404.58,SYNTH_ATO_0000128,14421.37,13016.79,SYNTH_ATOSINK_0000128,0.0,1404.58,1,0,ato_rapid_drain,1
472,TRANSFER,5989.89,SYNTH_ATO_0000129,22176.47,16186.58,SYNTH_ATOSINK_0000129,0.0,5989.89,1,0,ato_rapid_drain,1
473,TRANSFER,2617.18,SYNTH_ATO_0000129,16186.58,13569.41,SYNTH_ATOSINK_0000129,0.0,2617.18,1,0,ato_rapid_drain,1
474,TRANSFER,70.63,SYNTH_ATO_0000129,13569.41,13498.77,SYNTH_ATOSINK_0000129,0.0,70.63,1,0,ato_rapid_drain,1
419,TRANSFER,13480.67,SYNTH_ATO_0000130,26929.98,13449.31,SYNTH_ATOSINK_0000130,0.0,13480.67,1,0,ato_rapid_drain,1
420,TRANSFER,6824.3,SYNTH_ATO_0000130,13449.31,6625.01,SYNTH_ATOSINK_0000130,0.0,6824.3,1,0,ato_rapid_drain,1
410,TRANSFER,9754.27,SYNTH_ATO_0000131,11931.97,2177.7,SYNTH_ATOSINK_0000131,0.0,9754.27,1,0,ato_rapid_drain,1
411,TRANSFER,555.44,SYNTH_ATO_0000131,2177.7,1622.26,SYNTH_ATOSINK_0000131,0.0,555.44,1,0,ato_rapid_drain,1
67,TRANSFER,16544.05,SYNTH_ATO_0000132,30905.49,14361.45,SYNTH_ATOSINK_0000132,0.0,16544.05,1,0,ato_rapid_drain,1
68,TRANSFER,5664.1,SYNTH_ATO_0000132,14361.45,8697.35,SYNTH_ATOSINK_0000132,0.0,5664.1,1,0,ato_rapid_drain,1
69,TRANSFER,5055.71,SYNTH_ATO_0000132,8697.35,3641.64,SYNTH_ATOSINK_0000132,0.0,5055.71,1,0,ato_rapid_drain,1
414,TRANSFER,22268.69,SYNTH_ATO_0000133,47923.54,25654.85,SYNTH_ATOSINK_0000133,0.0,22268.69,1,0,ato_rapid_drain,1
589,TRANSFER,6187.29,SYNTH_ATO_0000134,10075.99,3888.69,SYNTH_ATOSINK_0000134,0.0,6187.29,1,0,ato_rapid_drain,1
225,TRANSFER,2640.03,SYNTH_ATO_0000135,10587.01,7946.98,SYNTH_ATOSINK_0000135,0.0,2640.03,1,0,ato_rapid_drain,1
226,TRANSFER,1528.68,SYNTH_ATO_0000135,7946.98,6418.3,SYNTH_ATOSINK_0000135,0.0,1528.68,1,0,ato_rapid_drain,1
447,TRANSFER,15095.86,SYNTH_ATO_0000136,40193.9,25098.04,SYNTH_ATOSINK_0000136,0.0,15095.86,1,0,ato_rapid_drain,1
448,TRANSFER,617.6,SYNTH_ATO_0000136,25098.04,24480.45,SYNTH_ATOSINK_0000136,0.0,617.6,1,0,ato_rapid_drain,1
23,TRANSFER,3818.41,SYNTH_ATO_0000137,16077.78,12259.37,SYNTH_ATOSINK_0000137,0.0,3818.41,1,0,ato_rapid_drain,1
24,TRANSFER,1419.38,SYNTH_ATO_0000137,12259.37,10839.99,SYNTH_ATOSINK_0000137,0.0,1419.38,1,0,ato_rapid_drain,1
258,TRANSFER,30468.87,SYNTH_ATO_0000138,41868.66,11399.79,SYNTH_ATOSINK_0000138,0.0,30468.87,1,0,ato_rapid_drain,1
259,TRANSFER,5972.51,SYNTH_ATO_0000138,11399.79,5427.28,SYNTH_ATOSINK_0000138,0.0,5972.51,1,0,ato_rapid_drain,1
260,TRANSFER,2631.07,SYNTH_ATO_0000138,5427.28,2796.21,SYNTH_ATOSINK_0000138,0.0,2631.07,1,0,ato_rapid_drain,1
323,TRANSFER,12343.65,SYNTH_ATO_0000139,13828.38,1484.74,SYNTH_ATOSINK_0000139,0.0,12343.65,1,0,ato_rapid_drain,1
729,TRANSFER,12440.4,SYNTH_ATO_0000140,43175.45,30735.05,SYNTH_ATOSINK_0000140,0.0,12440.4,1,0,ato_rapid_drain,1
730,TRANSFER,11499.98,SYNTH_ATO_0000140,30735.05,19235.07,SYNTH_ATOSINK_0000140,0.0,11499.98,1,0,ato_rapid_drain,1
731,TRANSFER,10873.7,SYNTH_ATO_0000140,19235.07,8361.37,SYNTH_ATOSINK_0000140,0.0,10873.7,1,0,ato_rapid_drain,1
159,TRANSFER,11782.13,SYNTH_ATO_0000141,19514.08,7731.95,SYNTH_ATOSINK_0000141,0.0,11782.13,1,0,ato_rapid_drain,1
205,TRANSFER,7057.96,SYNTH_ATO_0000142,21055.93,13997.97,SYNTH_ATOSINK_0000142,0.0,7057.96,1,0,ato_rapid_drain,1
206,TRANSFER,3020.79,SYNTH_ATO_0000142,13997.97,10977.17,SYNTH_ATOSINK_0000142,0.0,3020.79,1,0,ato_rapid_drain,1
207,TRANSFER,2189.99,SYNTH_ATO_0000142,10977.17,8787.18,SYNTH_ATOSINK_0000142,0.0,2189.99,1,0,ato_rapid_drain,1
302,TRANSFER,28276.02,SYNTH_ATO_0000143,46112.11,17836.09,SYNTH_ATOSINK_0000143,0.0,28276.02,1,0,ato_rapid_drain,1
736,TRANSFER,4510.57,SYNTH_ATO_0000144,14515.0,10004.43,SYNTH_ATOSINK_0000144,0.0,4510.57,1,0,ato_rapid_drain,1
737,TRANSFER,4467.29,SYNTH_ATO_0000144,10004.43,5537.14,SYNTH_ATOSINK_0000144,0.0,4467.29,1,0,ato_rapid_drain,1
631,TRANSFER,4701.09,SYNTH_ATO_0000145,10253.01,5551.92,SYNTH_ATOSINK_0000145,0.0,4701.09,1,0,ato_rapid_drain,1
632,TRANSFER,741.33,SYNTH_ATO_0000145,5551.92,4810.59,SYNTH_ATOSINK_0000145,0.0,741.33,1,0,ato_rapid_drain,1
633,TRANSFER,83.54,SYNTH_ATO_0000145,4810.59,4727.06,SYNTH_ATOSINK_0000145,0.0,83.54,1,0,ato_rapid_drain,1
27,TRANSFER,2130.25,SYNTH_ATO_0000146,13778.46,11648.21,SYNTH_ATOSINK_0000146,0.0,2130.25,1,0,ato_rapid_drain,1
28,TRANSFER,2041.44,SYNTH_ATO_0000146,11648.21,9606.77,SYNTH_ATOSINK_0000146,0.0,2041.44,1,0,ato_rapid_drain,1
174,TRANSFER,5420.94,SYNTH_ATO_0000147,23656.67,18235.73,SYNTH_ATOSINK_0000147,0.0,5420.94,1,0,ato_rapid_drain,1
175,TRANSFER,1592.83,SYNTH_ATO_0000147,18235.73,16642.9,SYNTH_ATOSINK_0000147,0.0,1592.83,1,0,ato_rapid_drain,1
176,TRANSFER,36.34,SYNTH_ATO_0000147,16642.9,16606.56,SYNTH_ATOSINK_0000147,0.0,36.34,1,0,ato_rapid_drain,1
609,TRANSFER,4634.07,SYNTH_ATO_0000148,7048.32,2414.25,SYNTH_ATOSINK_0000148,0.0,4634.07,1,0,ato_rapid_drain,1
610,TRANSFER,2010.76,SYNTH_ATO_0000148,2414.25,403.48,SYNTH_ATOSINK_0000148,0.0,2010.76,1,0,ato_rapid_drain,1
46,TRANSFER,10413.95,SYNTH_ATO_0000149,26436.01,16022.06,SYNTH_ATOSINK_0000149,0.0,10413.95,1,0,ato_rapid_drain,1
47,TRANSFER,3025.81,SYNTH_ATO_0000149,16022.06,12996.25,SYNTH_ATOSINK_0000149,0.0,3025.81,1,0,ato_rapid_drain,1
48,TRANSFER,1786.96,SYNTH_ATO_0000149,12996.25,11209.29,SYNTH_ATOSINK_0000149,0.0,1786.96,1,0,ato_rapid_drain,1
635,TRANSFER,12315.07,SYNTH_ATO_0000150,13052.53,737.46,SYNTH_ATOSINK_0000150,0.0,12315.07,1,0,ato_rapid_drain,1
209,TRANSFER,8521.71,SYNTH_ATO_0000151,35907.0,27385.29,SYNTH_ATOSINK_0000151,0.0,8521.71,1,0,ato_rapid_drain,1
210,TRANSFER,3241.06,SYNTH_ATO_0000151,27385.29,24144.23,SYNTH_ATOSINK_0000151,0.0,3241.06,1,0,ato_rapid_drain,1
681,TRANSFER,2711.57,SYNTH_ATO_0000152,4287.43,1575.87,SYNTH_ATOSINK_0000152,0.0,2711.57,1,0,ato_rapid_drain,1
217,TRANSFER,4072.46,SYNTH_ATO_0000153,11249.29,7176.83,SYNTH_ATOSINK_0000153,0.0,4072.46,1,0,ato_rapid_drain,1
323,TRANSFER,1207.93,SYNTH_ATO_0000154,6555.89,5347.95,SYNTH_ATOSINK_0000154,0.0,1207.93,1,0,ato_rapid_drain,1
324,TRANSFER,732.65,SYNTH_ATO_0000154,5347.95,4615.31,SYNTH_ATOSINK_0000154,0.0,732.65,1,0,ato_rapid_drain,1
325,TRANSFER,665.28,SYNTH_ATO_0000154,4615.31,3950.03,SYNTH_ATOSINK_0000154,0.0,665.28,1,0,ato_rapid_drain,1
491,TRANSFER,1135.43,SYNTH_ATO_0000155,10984.74,9849.31,SYNTH_ATOSINK_0000155,0.0,1135.43,1,0,ato_rapid_drain,1
492,TRANSFER,812.97,SYNTH_ATO_0000155,9849.31,9036.34,SYNTH_ATOSINK_0000155,0.0,812.97,1,0,ato_rapid_drain,1
493,TRANSFER,506.06,SYNTH_ATO_0000155,9036.34,8530.28,SYNTH_ATOSINK_0000155,0.0,506.06,1,0,ato_rapid_drain,1
96,TRANSFER,6125.88,SYNTH_ATO_0000156,20922.9,14797.02,SYNTH_ATOSINK_0000156,0.0,6125.88,1,0,ato_rapid_drain,1
414,TRANSFER,9944.19,SYNTH_ATO_0000157,16195.1,6250.91,SYNTH_ATOSINK_0000157,0.0,9944.19,1,0,ato_rapid_drain,1
415,TRANSFER,2691.09,SYNTH_ATO_0000157,6250.91,3559.81,SYNTH_ATOSINK_0000157,0.0,2691.09,1,0,ato_rapid_drain,1
416,TRANSFER,2185.52,SYNTH_ATO_0000157,3559.81,1374.29,SYNTH_ATOSINK_0000157,0.0,2185.52,1,0,ato_rapid_drain,1
376,TRANSFER,6626.39,SYNTH_ATO_0000158,15490.36,8863.97,SYNTH_ATOSINK_0000158,0.0,6626.39,1,0,ato_rapid_drain,1
377,TRANSFER,356.6,SYNTH_ATO_0000158,8863.97,8507.37,SYNTH_ATOSINK_0000158,0.0,356.6,1,0,ato_rapid_drain,1
582,TRANSFER,6728.75,SYNTH_ATO_0000159,16391.02,9662.27,SYNTH_ATOSINK_0000159,0.0,6728.75,1,0,ato_rapid_drain,1
583,TRANSFER,4324.39,SYNTH_ATO_0000159,9662.27,5337.89,SYNTH_ATOSINK_0000159,0.0,4324.39,1,0,ato_rapid_drain,1
738,TRANSFER,8746.87,SYNTH_ATO_0000160,20374.37,11627.5,SYNTH_ATOSINK_0000160,0.0,8746.87,1,0,ato_rapid_drain,1
739,TRANSFER,2718.01,SYNTH_ATO_0000160,11627.5,8909.49,SYNTH_ATOSINK_0000160,0.0,2718.01,1,0,ato_rapid_drain,1
491,TRANSFER,5044.91,SYNTH_ATO_0000161,9846.57,4801.66,SYNTH_ATOSINK_0000161,0.0,5044.91,1,0,ato_rapid_drain,1
304,TRANSFER,16945.66,SYNTH_ATO_0000162,27559.7,10614.03,SYNTH_ATOSINK_0000162,0.0,16945.66,1,0,ato_rapid_drain,1
301,TRANSFER,8510.76,SYNTH_ATO_0000163,26838.68,18327.92,SYNTH_ATOSINK_0000163,0.0,8510.76,1,0,ato_rapid_drain,1
302,TRANSFER,493.21,SYNTH_ATO_0000163,18327.92,17834.71,SYNTH_ATOSINK_0000163,0.0,493.21,1,0,ato_rapid_drain,1
303,TRANSFER,283.46,SYNTH_ATO_0000163,17834.71,17551.26,SYNTH_ATOSINK_0000163,0.0,283.46,1,0,ato_rapid_drain,1
311,TRANSFER,22064.13,SYNTH_ATO_0000164,22720.5,656.37,SYNTH_ATOSINK_0000164,0.0,22064.13,1,0,ato_rapid_drain,1
602,TRANSFER,21110.32,SYNTH_ATO_0000165,25182.89,4072.57,SYNTH_ATOSINK_0000165,0.0,21110.32,1,0,ato_rapid_drain,1
238,TRANSFER,11117.04,SYNTH_ATO_0000166,21543.96,10426.92,SYNTH_ATOSINK_0000166,0.0,11117.04,1,0,ato_rapid_drain,1
239,TRANSFER,5654.06,SYNTH_ATO_0000166,10426.92,4772.86,SYNTH_ATOSINK_0000166,0.0,5654.06,1,0,ato_rapid_drain,1
124,TRANSFER,31448.35,SYNTH_ATO_0000167,61147.48,29699.14,SYNTH_ATOSINK_0000167,0.0,31448.35,1,0,ato_rapid_drain,1
125,TRANSFER,1786.92,SYNTH_ATO_0000167,29699.14,27912.21,SYNTH_ATOSINK_0000167,0.0,1786.92,1,0,ato_rapid_drain,1
126,TRANSFER,1351.72,SYNTH_ATO_0000167,27912.21,26560.49,SYNTH_ATOSINK_0000167,0.0,1351.72,1,0,ato_rapid_drain,1
249,TRANSFER,4082.15,SYNTH_ATO_0000168,17115.56,13033.41,SYNTH_ATOSINK_0000168,0.0,4082.15,1,0,ato_rapid_drain,1
250,TRANSFER,1381.89,SYNTH_ATO_0000168,13033.41,11651.52,SYNTH_ATOSINK_0000168,0.0,1381.89,1,0,ato_rapid_drain,1
18,TRANSFER,13771.03,SYNTH_ATO_0000169,14999.17,1228.14,SYNTH_ATOSINK_0000169,0.0,13771.03,1,0,ato_rapid_drain,1
81,TRANSFER,5350.36,SYNTH_ATO_0000170,11474.51,6124.15,SYNTH_ATOSINK_0000170,0.0,5350.36,1,0,ato_rapid_drain,1
68,TRANSFER,1209.83,SYNTH_ATO_0000171,9707.39,8497.55,SYNTH_ATOSINK_0000171,0.0,1209.83,1,0,ato_rapid_drain,1
69,TRANSFER,561.39,SYNTH_ATO_0000171,8497.55,7936.16,SYNTH_ATOSINK_0000171,0.0,561.39,1,0,ato_rapid_drain,1
70,TRANSFER,549.65,SYNTH_ATO_0000171,7936.16,7386.51,SYNTH_ATOSINK_0000171,0.0,549.65,1,0,ato_rapid_drain,1
571,TRANSFER,3992.01,SYNTH_ATO_0000172,8546.84,4554.83,SYNTH_ATOSINK_0000172,0.0,3992.01,1,0,ato_rapid_drain,1
534,TRANSFER,8109.35,SYNTH_ATO_0000173,10580.01,2470.66,SYNTH_ATOSINK_0000173,0.0,8109.35,1,0,ato_rapid_drain,1
535,TRANSFER,562.84,SYNTH_ATO_0000173,2470.66,1907.82,SYNTH_ATOSINK_0000173,0.0,562.84,1,0,ato_rapid_drain,1
515,TRANSFER,8979.09,SYNTH_ATO_0000174,17284.96,8305.87,SYNTH_ATOSINK_0000174,0.0,8979.09,1,0,ato_rapid_drain,1
516,TRANSFER,2873.43,SYNTH_ATO_0000174,8305.87,5432.44,SYNTH_ATOSINK_0000174,0.0,2873.43,1,0,ato_rapid_drain,1
343,TRANSFER,17315.17,SYNTH_ATO_0000175,22039.18,4724.01,SYNTH_ATOSINK_0000175,0.0,17315.17,1,0,ato_rapid_drain,1
532,TRANSFER,9622.0,SYNTH_ATO_0000176,18595.69,8973.69,SYNTH_ATOSINK_0000176,0.0,9622.0,1,0,ato_rapid_drain,1
533,TRANSFER,3264.51,SYNTH_ATO_0000176,8973.69,5709.18,SYNTH_ATOSINK_0000176,0.0,3264.51,1,0,ato_rapid_drain,1
534,TRANSFER,2344.03,SYNTH_ATO_0000176,5709.18,3365.16,SYNTH_ATOSINK_0000176,0.0,2344.03,1,0,ato_rapid_drain,1
121,TRANSFER,3943.28,SYNTH_ATO_0000177,11392.14,7448.86,SYNTH_ATOSINK_0000177,0.0,3943.28,1,0,ato_rapid_drain,1
122,TRANSFER,218.55,SYNTH_ATO_0000177,7448.86,7230.31,SYNTH_ATOSINK_0000177,0.0,218.55,1,0,ato_rapid_drain,1
668,TRANSFER,20743.28,SYNTH_ATO_0000178,30949.46,10206.18,SYNTH_ATOSINK_0000178,0.0,20743.28,1,0,ato_rapid_drain,1
669,TRANSFER,5273.93,SYNTH_ATO_0000178,10206.18,4932.25,SYNTH_ATOSINK_0000178,0.0,5273.93,1,0,ato_rapid_drain,1
670,TRANSFER,2473.34,SYNTH_ATO_0000178,4932.25,2458.9,SYNTH_ATOSINK_0000178,0.0,2473.34,1,0,ato_rapid_drain,1
371,TRANSFER,11051.91,SYNTH_ATO_0000179,28103.45,17051.54,SYNTH_ATOSINK_0000179,0.0,11051.91,1,0,ato_rapid_drain,1
372,TRANSFER,2722.7,SYNTH_ATO_0000179,17051.54,14328.84,SYNTH_ATOSINK_0000179,0.0,2722.7,1,0,ato_rapid_drain,1
373,TRANSFER,1447.11,SYNTH_ATO_0000179,14328.84,12881.72,SYNTH_ATOSINK_0000179,0.0,1447.11,1,0,ato_rapid_drain,1
694,TRANSFER,11444.81,SYNTH_ATO_0000180,16386.47,4941.66,SYNTH_ATOSINK_0000180,0.0,11444.81,1,0,ato_rapid_drain,1
115,TRANSFER,1671.36,SYNTH_ATO_0000181,12188.53,10517.17,SYNTH_ATOSINK_0000181,0.0,1671.36,1,0,ato_rapid_drain,1
116,TRANSFER,546.23,SYNTH_ATO_0000181,10517.17,9970.94,SYNTH_ATOSINK_0000181,0.0,546.23,1,0,ato_rapid_drain,1
117,TRANSFER,242.07,SYNTH_ATO_0000181,9970.94,9728.87,SYNTH_ATOSINK_0000181,0.0,242.07,1,0,ato_rapid_drain,1
368,TRANSFER,24429.87,SYNTH_ATO_0000182,25060.71,630.84,SYNTH_ATOSINK_0000182,0.0,24429.87,1,0,ato_rapid_drain,1
515,TRANSFER,8460.27,SYNTH_ATO_0000183,20186.8,11726.53,SYNTH_ATOSINK_0000183,0.0,8460.27,1,0,ato_rapid_drain,1
368,TRANSFER,1878.91,SYNTH_ATO_0000184,7563.76,5684.85,SYNTH_ATOSINK_0000184,0.0,1878.91,1,0,ato_rapid_drain,1
332,TRANSFER,9651.02,SYNTH_ATO_0000185,17312.98,7661.96,SYNTH_ATOSINK_0000185,0.0,9651.02,1,0,ato_rapid_drain,1
125,TRANSFER,3489.54,SYNTH_ATO_0000186,21104.08,17614.54,SYNTH_ATOSINK_0000186,0.0,3489.54,1,0,ato_rapid_drain,1
126,TRANSFER,2855.26,SYNTH_ATO_0000186,17614.54,14759.27,SYNTH_ATOSINK_0000186,0.0,2855.26,1,0,ato_rapid_drain,1
282,TRANSFER,2757.77,SYNTH_ATO_0000187,10511.06,7753.29,SYNTH_ATOSINK_0000187,0.0,2757.77,1,0,ato_rapid_drain,1
283,TRANSFER,454.66,SYNTH_ATO_0000187,7753.29,7298.63,SYNTH_ATOSINK_0000187,0.0,454.66,1,0,ato_rapid_drain,1
284,TRANSFER,138.65,SYNTH_ATO_0000187,7298.63,7159.98,SYNTH_ATOSINK_0000187,0.0,138.65,1,0,ato_rapid_drain,1
179,TRANSFER,14008.8,SYNTH_ATO_0000188,20209.46,6200.65,SYNTH_ATOSINK_0000188,0.0,14008.8,1,0,ato_rapid_drain,1
225,TRANSFER,3700.24,SYNTH_ATO_0000189,7533.44,3833.2,SYNTH_ATOSINK_0000189,0.0,3700.24,1,0,ato_rapid_drain,1
226,TRANSFER,115.32,SYNTH_ATO_0000189,3833.2,3717.88,SYNTH_ATOSINK_0000189,0.0,115.32,1,0,ato_rapid_drain,1
508,TRANSFER,18802.32,SYNTH_ATO_0000190,40203.59,21401.28,SYNTH_ATOSINK_0000190,0.0,18802.32,1,0,ato_rapid_drain,1
509,TRANSFER,13552.95,SYNTH_ATO_0000190,21401.28,7848.33,SYNTH_ATOSINK_0000190,0.0,13552.95,1,0,ato_rapid_drain,1
510,TRANSFER,4593.64,SYNTH_ATO_0000190,7848.33,3254.69,SYNTH_ATOSINK_0000190,0.0,4593.64,1,0,ato_rapid_drain,1
468,TRANSFER,12868.47,SYNTH_ATO_0000191,38130.51,25262.03,SYNTH_ATOSINK_0000191,0.0,12868.47,1,0,ato_rapid_drain,1
469,TRANSFER,3893.3,SYNTH_ATO_0000191,25262.03,21368.73,SYNTH_ATOSINK_0000191,0.0,3893.3,1,0,ato_rapid_drain,1
470,TRANSFER,356.61,SYNTH_ATO_0000191,21368.73,21012.12,SYNTH_ATOSINK_0000191,0.0,356.61,1,0,ato_rapid_drain,1
449,TRANSFER,9577.0,SYNTH_ATO_0000192,15498.36,5921.37,SYNTH_ATOSINK_0000192,0.0,9577.0,1,0,ato_rapid_drain,1
450,TRANSFER,1917.83,SYNTH_ATO_0000192,5921.37,4003.53,SYNTH_ATOSINK_0000192,0.0,1917.83,1,0,ato_rapid_drain,1
451,TRANSFER,383.43,SYNTH_ATO_0000192,4003.53,3620.1,SYNTH_ATOSINK_0000192,0.0,383.43,1,0,ato_rapid_drain,1
270,TRANSFER,9256.01,SYNTH_ATO_0000193,22428.16,13172.15,SYNTH_ATOSINK_0000193,0.0,9256.01,1,0,ato_rapid_drain,1
271,TRANSFER,3296.08,SYNTH_ATO_0000193,13172.15,9876.07,SYNTH_ATOSINK_0000193,0.0,3296.08,1,0,ato_rapid_drain,1
710,TRANSFER,3035.83,SYNTH_ATO_0000194,4247.33,1211.5,SYNTH_ATOSINK_0000194,0.0,3035.83,1,0,ato_rapid_drain,1
67,TRANSFER,5087.31,SYNTH_ATO_0000195,9010.91,3923.6,SYNTH_ATOSINK_0000195,0.0,5087.31,1,0,ato_rapid_drain,1
68,TRANSFER,661.27,SYNTH_ATO_0000195,3923.6,3262.33,SYNTH_ATOSINK_0000195,0.0,661.27,1,0,ato_rapid_drain,1
69,TRANSFER,268.57,SYNTH_ATO_0000195,3262.33,2993.76,SYNTH_ATOSINK_0000195,0.0,268.57,1,0,ato_rapid_drain,1
255,TRANSFER,7943.02,SYNTH_ATO_0000196,15119.38,7176.36,SYNTH_ATOSINK_0000196,0.0,7943.02,1,0,ato_rapid_drain,1
256,TRANSFER,647.24,SYNTH_ATO_0000196,7176.36,6529.12,SYNTH_ATOSINK_0000196,0.0,647.24,1,0,ato_rapid_drain,1
257,TRANSFER,9.21,SYNTH_ATO_0000196,6529.12,6519.91,SYNTH_ATOSINK_0000196,0.0,9.21,1,0,ato_rapid_drain,1
90,TRANSFER,8919.17,SYNTH_ATO_0000197,9477.92,558.75,SYNTH_ATOSINK_0000197,0.0,8919.17,1,0,ato_rapid_drain,1
252,TRANSFER,12937.56,SYNTH_ATO_0000198,27684.77,14747.22,SYNTH_ATOSINK_0000198,0.0,12937.56,1,0,ato_rapid_drain,1
712,TRANSFER,10624.43,SYNTH_ATO_0000199,59777.1,49152.67,SYNTH_ATOSINK_0000199,0.0,10624.43,1,0,ato_rapid_drain,1
713,TRANSFER,9594.8,SYNTH_ATO_0000199,49152.67,39557.87,SYNTH_ATOSINK_0000199,0.0,9594.8,1,0,ato_rapid_drain,1
272,TRANSFER,6488.79,SYNTH_ATO_0000200,8902.0,2413.21,SYNTH_ATOSINK_0000200,0.0,6488.79,1,0,ato_rapid_drain,1
674,TRANSFER,8366.97,SYNTH_ATO_0000201,10910.95,2543.97,SYNTH_ATOSINK_0000201,0.0,8366.97,1,0,ato_rapid_drain,1
675,TRANSFER,1015.2,SYNTH_ATO_0000201,2543.97,1528.78,SYNTH_ATOSINK_0000201,0.0,1015.2,1,0,ato_rapid_drain,1
368,TRANSFER,2166.09,SYNTH_ATO_0000202,20770.09,18604.0,SYNTH_ATOSINK_0000202,0.0,2166.09,1,0,ato_rapid_drain,1
369,TRANSFER,1982.8,SYNTH_ATO_0000202,18604.0,16621.19,SYNTH_ATOSINK_0000202,0.0,1982.8,1,0,ato_rapid_drain,1
370,TRANSFER,657.26,SYNTH_ATO_0000202,16621.19,15963.93,SYNTH_ATOSINK_0000202,0.0,657.26,1,0,ato_rapid_drain,1
518,TRANSFER,14624.06,SYNTH_ATO_0000203,47413.85,32789.79,SYNTH_ATOSINK_0000203,0.0,14624.06,1,0,ato_rapid_drain,1
519,TRANSFER,8886.05,SYNTH_ATO_0000203,32789.79,23903.74,SYNTH_ATOSINK_0000203,0.0,8886.05,1,0,ato_rapid_drain,1
520,TRANSFER,2601.34,SYNTH_ATO_0000203,23903.74,21302.4,SYNTH_ATOSINK_0000203,0.0,2601.34,1,0,ato_rapid_drain,1
341,TRANSFER,4013.96,SYNTH_ATO_0000204,8660.91,4646.95,SYNTH_ATOSINK_0000204,0.0,4013.96,1,0,ato_rapid_drain,1
342,TRANSFER,2476.71,SYNTH_ATO_0000204,4646.95,2170.24,SYNTH_ATOSINK_0000204,0.0,2476.71,1,0,ato_rapid_drain,1
343,TRANSFER,1270.73,SYNTH_ATO_0000204,2170.24,899.52,SYNTH_ATOSINK_0000204,0.0,1270.73,1,0,ato_rapid_drain,1
198,TRANSFER,16431.76,SYNTH_ATO_0000205,20940.11,4508.35,SYNTH_ATOSINK_0000205,0.0,16431.76,1,0,ato_rapid_drain,1
565,TRANSFER,50134.47,SYNTH_ATO_0000206,53786.58,3652.12,SYNTH_ATOSINK_0000206,0.0,50134.47,1,0,ato_rapid_drain,1
566,TRANSFER,2232.69,SYNTH_ATO_0000206,3652.12,1419.43,SYNTH_ATOSINK_0000206,0.0,2232.69,1,0,ato_rapid_drain,1
718,TRANSFER,4113.39,SYNTH_ATO_0000207,6693.85,2580.46,SYNTH_ATOSINK_0000207,0.0,4113.39,1,0,ato_rapid_drain,1
197,TRANSFER,3732.68,SYNTH_ATO_0000208,8361.21,4628.53,SYNTH_ATOSINK_0000208,0.0,3732.68,1,0,ato_rapid_drain,1
198,TRANSFER,2243.88,SYNTH_ATO_0000208,4628.53,2384.65,SYNTH_ATOSINK_0000208,0.0,2243.88,1,0,ato_rapid_drain,1
578,TRANSFER,2809.47,SYNTH_ATO_0000209,13986.33,11176.86,SYNTH_ATOSINK_0000209,0.0,2809.47,1,0,ato_rapid_drain,1
579,TRANSFER,2179.45,SYNTH_ATO_0000209,11176.86,8997.41,SYNTH_ATOSINK_0000209,0.0,2179.45,1,0,ato_rapid_drain,1
580,TRANSFER,1108.2,SYNTH_ATO_0000209,8997.41,7889.21,SYNTH_ATOSINK_0000209,0.0,1108.2,1,0,ato_rapid_drain,1
195,TRANSFER,8571.77,SYNTH_ATO_0000210,13195.71,4623.94,SYNTH_ATOSINK_0000210,0.0,8571.77,1,0,ato_rapid_drain,1
196,TRANSFER,3820.03,SYNTH_ATO_0000210,4623.94,803.91,SYNTH_ATOSINK_0000210,0.0,3820.03,1,0,ato_rapid_drain,1
531,TRANSFER,9484.52,SYNTH_ATO_0000211,29365.06,19880.54,SYNTH_ATOSINK_0000211,0.0,9484.52,1,0,ato_rapid_drain,1
532,TRANSFER,4779.31,SYNTH_ATO_0000211,19880.54,15101.23,SYNTH_ATOSINK_0000211,0.0,4779.31,1,0,ato_rapid_drain,1
586,TRANSFER,16178.57,SYNTH_ATO_0000212,20847.64,4669.07,SYNTH_ATOSINK_0000212,0.0,16178.57,1,0,ato_rapid_drain,1
334,TRANSFER,3198.27,SYNTH_ATO_0000213,6216.88,3018.61,SYNTH_ATOSINK_0000213,0.0,3198.27,1,0,ato_rapid_drain,1
547,TRANSFER,8171.43,SYNTH_ATO_0000214,24569.13,16397.71,SYNTH_ATOSINK_0000214,0.0,8171.43,1,0,ato_rapid_drain,1
548,TRANSFER,7509.06,SYNTH_ATO_0000214,16397.71,8888.65,SYNTH_ATOSINK_0000214,0.0,7509.06,1,0,ato_rapid_drain,1
203,TRANSFER,9710.08,SYNTH_ATO_0000215,12752.42,3042.34,SYNTH_ATOSINK_0000215,0.0,9710.08,1,0,ato_rapid_drain,1
59,TRANSFER,16679.85,SYNTH_ATO_0000216,38741.56,22061.71,SYNTH_ATOSINK_0000216,0.0,16679.85,1,0,ato_rapid_drain,1
60,TRANSFER,3803.16,SYNTH_ATO_0000216,22061.71,18258.55,SYNTH_ATOSINK_0000216,0.0,3803.16,1,0,ato_rapid_drain,1
61,TRANSFER,2644.49,SYNTH_ATO_0000216,18258.55,15614.07,SYNTH_ATOSINK_0000216,0.0,2644.49,1,0,ato_rapid_drain,1
72,TRANSFER,7623.69,SYNTH_ATO_0000217,12375.17,4751.48,SYNTH_ATOSINK_0000217,0.0,7623.69,1,0,ato_rapid_drain,1
73,TRANSFER,3032.06,SYNTH_ATO_0000217,4751.48,1719.42,SYNTH_ATOSINK_0000217,0.0,3032.06,1,0,ato_rapid_drain,1
74,TRANSFER,575.06,SYNTH_ATO_0000217,1719.42,1144.37,SYNTH_ATOSINK_0000217,0.0,575.06,1,0,ato_rapid_drain,1
331,TRANSFER,3484.99,SYNTH_ATO_0000218,12308.32,8823.33,SYNTH_ATOSINK_0000218,0.0,3484.99,1,0,ato_rapid_drain,1
332,TRANSFER,3002.17,SYNTH_ATO_0000218,8823.33,5821.16,SYNTH_ATOSINK_0000218,0.0,3002.17,1,0,ato_rapid_drain,1
668,TRANSFER,7423.1,SYNTH_ATO_0000219,24951.24,17528.14,SYNTH_ATOSINK_0000219,0.0,7423.1,1,0,ato_rapid_drain,1
669,TRANSFER,6307.68,SYNTH_ATO_0000219,17528.14,11220.46,SYNTH_ATOSINK_0000219,0.0,6307.68,1,0,ato_rapid_drain,1
670,TRANSFER,3852.76,SYNTH_ATO_0000219,11220.46,7367.7,SYNTH_ATOSINK_0000219,0.0,3852.76,1,0,ato_rapid_drain,1
96,TRANSFER,10476.22,SYNTH_ATO_0000220,28502.75,18026.53,SYNTH_ATOSINK_0000220,0.0,10476.22,1,0,ato_rapid_drain,1
97,TRANSFER,2835.78,SYNTH_ATO_0000220,18026.53,15190.75,SYNTH_ATOSINK_0000220,0.0,2835.78,1,0,ato_rapid_drain,1
338,TRANSFER,10422.76,SYNTH_ATO_0000221,23596.64,13173.88,SYNTH_ATOSINK_0000221,0.0,10422.76,1,0,ato_rapid_drain,1
339,TRANSFER,1808.85,SYNTH_ATO_0000221,13173.88,11365.03,SYNTH_ATOSINK_0000221,0.0,1808.85,1,0,ato_rapid_drain,1
521,TRANSFER,2690.03,SYNTH_ATO_0000222,6559.32,3869.28,SYNTH_ATOSINK_0000222,0.0,2690.03,1,0,ato_rapid_drain,1
522,TRANSFER,873.24,SYNTH_ATO_0000222,3869.28,2996.04,SYNTH_ATOSINK_0000222,0.0,873.24,1,0,ato_rapid_drain,1
151,TRANSFER,2902.86,SYNTH_ATO_0000223,24904.92,22002.06,SYNTH_ATOSINK_0000223,0.0,2902.86,1,0,ato_rapid_drain,1
152,TRANSFER,2766.26,SYNTH_ATO_0000223,22002.06,19235.8,SYNTH_ATOSINK_0000223,0.0,2766.26,1,0,ato_rapid_drain,1
153,TRANSFER,1755.77,SYNTH_ATO_0000223,19235.8,17480.03,SYNTH_ATOSINK_0000223,0.0,1755.77,1,0,ato_rapid_drain,1
535,TRANSFER,2632.75,SYNTH_ATO_0000224,9695.48,7062.73,SYNTH_ATOSINK_0000224,0.0,2632.75,1,0,ato_rapid_drain,1
227,TRANSFER,12363.45,SYNTH_ATO_0000225,20767.94,8404.49,SYNTH_ATOSINK_0000225,0.0,12363.45,1,0,ato_rapid_drain,1
228,TRANSFER,2602.8,SYNTH_ATO_0000225,8404.49,5801.69,SYNTH_ATOSINK_0000225,0.0,2602.8,1,0,ato_rapid_drain,1
599,TRANSFER,3284.6,SYNTH_ATO_0000226,7675.27,4390.67,SYNTH_ATOSINK_0000226,0.0,3284.6,1,0,ato_rapid_drain,1
600,TRANSFER,2174.85,SYNTH_ATO_0000226,4390.67,2215.82,SYNTH_ATOSINK_0000226,0.0,2174.85,1,0,ato_rapid_drain,1
430,TRANSFER,11015.38,SYNTH_ATO_0000227,23571.49,12556.12,SYNTH_ATOSINK_0000227,0.0,11015.38,1,0,ato_rapid_drain,1
431,TRANSFER,5887.02,SYNTH_ATO_0000227,12556.12,6669.09,SYNTH_ATOSINK_0000227,0.0,5887.02,1,0,ato_rapid_drain,1
406,TRANSFER,877.82,SYNTH_ATO_0000228,11114.89,10237.07,SYNTH_ATOSINK_0000228,0.0,877.82,1,0,ato_rapid_drain,1
407,TRANSFER,831.65,SYNTH_ATO_0000228,10237.07,9405.42,SYNTH_ATOSINK_0000228,0.0,831.65,1,0,ato_rapid_drain,1
408,TRANSFER,684.88,SYNTH_ATO_0000228,9405.42,8720.54,SYNTH_ATOSINK_0000228,0.0,684.88,1,0,ato_rapid_drain,1
132,TRANSFER,2326.44,SYNTH_ATO_0000229,8353.36,6026.92,SYNTH_ATOSINK_0000229,0.0,2326.44,1,0,ato_rapid_drain,1
133,TRANSFER,1359.43,SYNTH_ATO_0000229,6026.92,4667.49,SYNTH_ATOSINK_0000229,0.0,1359.43,1,0,ato_rapid_drain,1
134,TRANSFER,112.46,SYNTH_ATO_0000229,4667.49,4555.03,SYNTH_ATOSINK_0000229,0.0,112.46,1,0,ato_rapid_drain,1
345,TRANSFER,7608.86,SYNTH_ATO_0000230,27675.2,20066.35,SYNTH_ATOSINK_0000230,0.0,7608.86,1,0,ato_rapid_drain,1
346,TRANSFER,1129.97,SYNTH_ATO_0000230,20066.35,18936.37,SYNTH_ATOSINK_0000230,0.0,1129.97,1,0,ato_rapid_drain,1
347,TRANSFER,1066.26,SYNTH_ATO_0000230,18936.37,17870.11,SYNTH_ATOSINK_0000230,0.0,1066.26,1,0,ato_rapid_drain,1
634,TRANSFER,8759.36,SYNTH_ATO_0000231,20847.45,12088.09,SYNTH_ATOSINK_0000231,0.0,8759.36,1,0,ato_rapid_drain,1
635,TRANSFER,8063.66,SYNTH_ATO_0000231,12088.09,4024.43,SYNTH_ATOSINK_0000231,0.0,8063.66,1,0,ato_rapid_drain,1
16,TRANSFER,9636.52,SYNTH_ATO_0000232,12476.65,2840.12,SYNTH_ATOSINK_0000232,0.0,9636.52,1,0,ato_rapid_drain,1
17,TRANSFER,1234.28,SYNTH_ATO_0000232,2840.12,1605.85,SYNTH_ATOSINK_0000232,0.0,1234.28,1,0,ato_rapid_drain,1
562,TRANSFER,16903.25,SYNTH_ATO_0000233,43075.4,26172.15,SYNTH_ATOSINK_0000233,0.0,16903.25,1,0,ato_rapid_drain,1
365,TRANSFER,8596.48,SYNTH_ATO_0000234,13844.02,5247.53,SYNTH_ATOSINK_0000234,0.0,8596.48,1,0,ato_rapid_drain,1
366,TRANSFER,1383.98,SYNTH_ATO_0000234,5247.53,3863.56,SYNTH_ATOSINK_0000234,0.0,1383.98,1,0,ato_rapid_drain,1
534,TRANSFER,4561.75,SYNTH_ATO_0000235,18384.53,13822.78,SYNTH_ATOSINK_0000235,0.0,4561.75,1,0,ato_rapid_drain,1
535,TRANSFER,970.21,SYNTH_ATO_0000235,13822.78,12852.57,SYNTH_ATOSINK_0000235,0.0,970.21,1,0,ato_rapid_drain,1
491,TRANSFER,4184.3,SYNTH_ATO_0000236,21191.34,17007.04,SYNTH_ATOSINK_0000236,0.0,4184.3,1,0,ato_rapid_drain,1
492,TRANSFER,3362.02,SYNTH_ATO_0000236,17007.04,13645.03,SYNTH_ATOSINK_0000236,0.0,3362.02,1,0,ato_rapid_drain,1
493,TRANSFER,1240.02,SYNTH_ATO_0000236,13645.03,12405.01,SYNTH_ATOSINK_0000236,0.0,1240.02,1,0,ato_rapid_drain,1
320,TRANSFER,3831.58,SYNTH_ATO_0000237,12434.13,8602.55,SYNTH_ATOSINK_0000237,0.0,3831.58,1,0,ato_rapid_drain,1
231,TRANSFER,7019.17,SYNTH_ATO_0000238,23925.06,16905.9,SYNTH_ATOSINK_0000238,0.0,7019.17,1,0,ato_rapid_drain,1
232,TRANSFER,3056.78,SYNTH_ATO_0000238,16905.9,13849.11,SYNTH_ATOSINK_0000238,0.0,3056.78,1,0,ato_rapid_drain,1
466,TRANSFER,5100.62,SYNTH_ATO_0000239,13094.25,7993.63,SYNTH_ATOSINK_0000239,0.0,5100.62,1,0,ato_rapid_drain,1
467,TRANSFER,4409.67,SYNTH_ATO_0000239,7993.63,3583.97,SYNTH_ATOSINK_0000239,0.0,4409.67,1,0,ato_rapid_drain,1
106,TRANSFER,5794.81,SYNTH_ATO_0000240,14087.13,8292.32,SYNTH_ATOSINK_0000240,0.0,5794.81,1,0,ato_rapid_drain,1
107,TRANSFER,5355.08,SYNTH_ATO_0000240,8292.32,2937.24,SYNTH_ATOSINK_0000240,0.0,5355.08,1,0,ato_rapid_drain,1
108,TRANSFER,1670.18,SYNTH_ATO_0000240,2937.24,1267.07,SYNTH_ATOSINK_0000240,0.0,1670.18,1,0,ato_rapid_drain,1
434,TRANSFER,11933.08,SYNTH_ATO_0000241,40846.87,28913.8,SYNTH_ATOSINK_0000241,0.0,11933.08,1,0,ato_rapid_drain,1
435,TRANSFER,2688.77,SYNTH_ATO_0000241,28913.8,26225.02,SYNTH_ATOSINK_0000241,0.0,2688.77,1,0,ato_rapid_drain,1
72,TRANSFER,3123.45,SYNTH_ATO_0000242,9659.03,6535.58,SYNTH_ATOSINK_0000242,0.0,3123.45,1,0,ato_rapid_drain,1
73,TRANSFER,2892.41,SYNTH_ATO_0000242,6535.58,3643.18,SYNTH_ATOSINK_0000242,0.0,2892.41,1,0,ato_rapid_drain,1
482,TRANSFER,1794.9,SYNTH_ATO_0000243,4240.06,2445.15,SYNTH_ATOSINK_0000243,0.0,1794.9,1,0,ato_rapid_drain,1
483,TRANSFER,1372.78,SYNTH_ATO_0000243,2445.15,1072.37,SYNTH_ATOSINK_0000243,0.0,1372.78,1,0,ato_rapid_drain,1
467,TRANSFER,44719.71,SYNTH_ATO_0000244,47408.76,2689.05,SYNTH_ATOSINK_0000244,0.0,44719.71,1,0,ato_rapid_drain,1
63,TRANSFER,56263.9,SYNTH_ATO_0000245,83249.45,26985.54,SYNTH_ATOSINK_0000245,0.0,56263.9,1,0,ato_rapid_drain,1
561,TRANSFER,5642.05,SYNTH_ATO_0000246,14141.07,8499.02,SYNTH_ATOSINK_0000246,0.0,5642.05,1,0,ato_rapid_drain,1
309,TRANSFER,3880.6,SYNTH_ATO_0000247,5641.45,1760.85,SYNTH_ATOSINK_0000247,0.0,3880.6,1,0,ato_rapid_drain,1
584,TRANSFER,5485.29,SYNTH_ATO_0000248,14968.59,9483.31,SYNTH_ATOSINK_0000248,0.0,5485.29,1,0,ato_rapid_drain,1
585,TRANSFER,1250.33,SYNTH_ATO_0000248,9483.31,8232.98,SYNTH_ATOSINK_0000248,0.0,1250.33,1,0,ato_rapid_drain,1
33,TRANSFER,9099.8,SYNTH_ATO_0000249,15188.08,6088.28,SYNTH_ATOSINK_0000249,0.0,9099.8,1,0,ato_rapid_drain,1
34,TRANSFER,2898.55,SYNTH_ATO_0000249,6088.28,3189.73,SYNTH_ATOSINK_0000249,0.0,2898.55,1,0,ato_rapid_drain,1
35,TRANSFER,2603.17,SYNTH_ATO_0000249,3189.73,586.56,SYNTH_ATOSINK_0000249,0.0,2603.17,1,0,ato_rapid_drain,1
134,TRANSFER,8234.78,SYNTH_ATO_0000250,16091.49,7856.71,SYNTH_ATOSINK_0000250,0.0,8234.78,1,0,ato_rapid_drain,1
367,TRANSFER,5054.11,SYNTH_ATO_0000251,9246.19,4192.09,SYNTH_ATOSINK_0000251,0.0,5054.11,1,0,ato_rapid_drain,1
368,TRANSFER,1738.46,SYNTH_ATO_0000251,4192.09,2453.63,SYNTH_ATOSINK_0000251,0.0,1738.46,1,0,ato_rapid_drain,1
140,TRANSFER,2401.75,SYNTH_ATO_0000252,25533.25,23131.49,SYNTH_ATOSINK_0000252,0.0,2401.75,1,0,ato_rapid_drain,1
141,TRANSFER,1853.51,SYNTH_ATO_0000252,23131.49,21277.98,SYNTH_ATOSINK_0000252,0.0,1853.51,1,0,ato_rapid_drain,1
142,TRANSFER,1313.99,SYNTH_ATO_0000252,21277.98,19964.0,SYNTH_ATOSINK_0000252,0.0,1313.99,1,0,ato_rapid_drain,1
246,TRANSFER,10290.77,SYNTH_ATO_0000253,24703.6,14412.83,SYNTH_ATOSINK_0000253,0.0,10290.77,1,0,ato_rapid_drain,1
247,TRANSFER,1961.24,SYNTH_ATO_0000253,14412.83,12451.59,SYNTH_ATOSINK_0000253,0.0,1961.24,1,0,ato_rapid_drain,1
248,TRANSFER,397.41,SYNTH_ATO_0000253,12451.59,12054.17,SYNTH_ATOSINK_0000253,0.0,397.41,1,0,ato_rapid_drain,1
490,TRANSFER,6492.84,SYNTH_ATO_0000254,7356.63,863.79,SYNTH_ATOSINK_0000254,0.0,6492.84,1,0,ato_rapid_drain,1
108,TRANSFER,18544.39,SYNTH_ATO_0000255,27433.44,8889.05,SYNTH_ATOSINK_0000255,0.0,18544.39,1,0,ato_rapid_drain,1
503,TRANSFER,33758.21,SYNTH_ATO_0000256,61797.06,28038.84,SYNTH_ATOSINK_0000256,0.0,33758.21,1,0,ato_rapid_drain,1
78,TRANSFER,18594.83,SYNTH_ATO_0000257,19993.77,1398.94,SYNTH_ATOSINK_0000257,0.0,18594.83,1,0,ato_rapid_drain,1
130,TRANSFER,12757.3,SYNTH_ATO_0000258,14729.46,1972.16,SYNTH_ATOSINK_0000258,0.0,12757.3,1,0,ato_rapid_drain,1
435,TRANSFER,4965.51,SYNTH_ATO_0000259,16560.87,11595.36,SYNTH_ATOSINK_0000259,0.0,4965.51,1,0,ato_rapid_drain,1
436,TRANSFER,2508.88,SYNTH_ATO_0000259,11595.36,9086.48,SYNTH_ATOSINK_0000259,0.0,2508.88,1,0,ato_rapid_drain,1
587,TRANSFER,14388.92,SYNTH_ATO_0000260,26086.0,11697.08,SYNTH_ATOSINK_0000260,0.0,14388.92,1,0,ato_rapid_drain,1
588,TRANSFER,1633.36,SYNTH_ATO_0000260,11697.08,10063.72,SYNTH_ATOSINK_0000260,0.0,1633.36,1,0,ato_rapid_drain,1
589,TRANSFER,274.88,SYNTH_ATO_0000260,10063.72,9788.83,SYNTH_ATOSINK_0000260,0.0,274.88,1,0,ato_rapid_drain,1
129,TRANSFER,1969.64,SYNTH_ATO_0000261,6384.3,4414.66,SYNTH_ATOSINK_0000261,0.0,1969.64,1,0,ato_rapid_drain,1
130,TRANSFER,1746.42,SYNTH_ATO_0000261,4414.66,2668.24,SYNTH_ATOSINK_0000261,0.0,1746.42,1,0,ato_rapid_drain,1
222,TRANSFER,9530.79,SYNTH_ATO_0000262,19903.17,10372.38,SYNTH_ATOSINK_0000262,0.0,9530.79,1,0,ato_rapid_drain,1
223,TRANSFER,3914.36,SYNTH_ATO_0000262,10372.38,6458.02,SYNTH_ATOSINK_0000262,0.0,3914.36,1,0,ato_rapid_drain,1
224,TRANSFER,350.1,SYNTH_ATO_0000262,6458.02,6107.93,SYNTH_ATOSINK_0000262,0.0,350.1,1,0,ato_rapid_drain,1
684,TRANSFER,6222.42,SYNTH_ATO_0000263,14267.25,8044.82,SYNTH_ATOSINK_0000263,0.0,6222.42,1,0,ato_rapid_drain,1
685,TRANSFER,349.17,SYNTH_ATO_0000263,8044.82,7695.66,SYNTH_ATOSINK_0000263,0.0,349.17,1,0,ato_rapid_drain,1
733,TRANSFER,18927.1,SYNTH_ATO_0000264,54649.48,35722.38,SYNTH_ATOSINK_0000264,0.0,18927.1,1,0,ato_rapid_drain,1
734,TRANSFER,2412.42,SYNTH_ATO_0000264,35722.38,33309.96,SYNTH_ATOSINK_0000264,0.0,2412.42,1,0,ato_rapid_drain,1
432,TRANSFER,12362.25,SYNTH_ATO_0000265,16244.28,3882.03,SYNTH_ATOSINK_0000265,0.0,12362.25,1,0,ato_rapid_drain,1
433,TRANSFER,1652.4,SYNTH_ATO_0000265,3882.03,2229.63,SYNTH_ATOSINK_0000265,0.0,1652.4,1,0,ato_rapid_drain,1
434,TRANSFER,798.25,SYNTH_ATO_0000265,2229.63,1431.38,SYNTH_ATOSINK_0000265,0.0,798.25,1,0,ato_rapid_drain,1
332,TRANSFER,45162.71,SYNTH_ATO_0000266,49056.73,3894.02,SYNTH_ATOSINK_0000266,0.0,45162.71,1,0,ato_rapid_drain,1
259,TRANSFER,5415.84,SYNTH_ATO_0000267,9299.87,3884.03,SYNTH_ATOSINK_0000267,0.0,5415.84,1,0,ato_rapid_drain,1
260,TRANSFER,2561.52,SYNTH_ATO_0000267,3884.03,1322.52,SYNTH_ATOSINK_0000267,0.0,2561.52,1,0,ato_rapid_drain,1
455,TRANSFER,16835.87,SYNTH_ATO_0000268,25651.45,8815.59,SYNTH_ATOSINK_0000268,0.0,16835.87,1,0,ato_rapid_drain,1
456,TRANSFER,5737.41,SYNTH_ATO_0000268,8815.59,3078.18,SYNTH_ATOSINK_0000268,0.0,5737.41,1,0,ato_rapid_drain,1
457,TRANSFER,2129.06,SYNTH_ATO_0000268,3078.18,949.12,SYNTH_ATOSINK_0000268,0.0,2129.06,1,0,ato_rapid_drain,1
437,TRANSFER,12698.39,SYNTH_ATO_0000269,21843.1,9144.7,SYNTH_ATOSINK_0000269,0.0,12698.39,1,0,ato_rapid_drain,1
438,TRANSFER,4363.1,SYNTH_ATO_0000269,9144.7,4781.6,SYNTH_ATOSINK_0000269,0.0,4363.1,1,0,ato_rapid_drain,1
220,TRANSFER,6307.04,SYNTH_ATO_0000270,10706.13,4399.09,SYNTH_ATOSINK_0000270,0.0,6307.04,1,0,ato_rapid_drain,1
221,TRANSFER,2219.75,SYNTH_ATO_0000270,4399.09,2179.33,SYNTH_ATOSINK_0000270,0.0,2219.75,1,0,ato_rapid_drain,1
18,TRANSFER,15943.37,SYNTH_ATO_0000271,20059.09,4115.72,SYNTH_ATOSINK_0000271,0.0,15943.37,1,0,ato_rapid_drain,1
113,TRANSFER,16327.71,SYNTH_ATO_0000272,37328.46,21000.75,SYNTH_ATOSINK_0000272,0.0,16327.71,1,0,ato_rapid_drain,1
114,TRANSFER,5131.45,SYNTH_ATO_0000272,21000.75,15869.3,SYNTH_ATOSINK_0000272,0.0,5131.45,1,0,ato_rapid_drain,1
709,TRANSFER,4509.03,SYNTH_ATO_0000273,14849.55,10340.52,SYNTH_ATOSINK_0000273,0.0,4509.03,1,0,ato_rapid_drain,1
710,TRANSFER,3222.07,SYNTH_ATO_0000273,10340.52,7118.45,SYNTH_ATOSINK_0000273,0.0,3222.07,1,0,ato_rapid_drain,1
711,TRANSFER,525.74,SYNTH_ATO_0000273,7118.45,6592.72,SYNTH_ATOSINK_0000273,0.0,525.74,1,0,ato_rapid_drain,1
311,TRANSFER,1297.61,SYNTH_ATO_0000274,6534.31,5236.7,SYNTH_ATOSINK_0000274,0.0,1297.61,1,0,ato_rapid_drain,1
312,TRANSFER,1145.75,SYNTH_ATO_0000274,5236.7,4090.95,SYNTH_ATOSINK_0000274,0.0,1145.75,1,0,ato_rapid_drain,1
313,TRANSFER,87.88,SYNTH_ATO_0000274,4090.95,4003.07,SYNTH_ATOSINK_0000274,0.0,87.88,1,0,ato_rapid_drain,1
359,TRANSFER,12544.1,SYNTH_ATO_0000275,17844.71,5300.61,SYNTH_ATOSINK_0000275,0.0,12544.1,1,0,ato_rapid_drain,1
347,TRANSFER,4466.92,SYNTH_ATO_0000276,10493.87,6026.94,SYNTH_ATOSINK_0000276,0.0,4466.92,1,0,ato_rapid_drain,1
579,TRANSFER,5890.09,SYNTH_ATO_0000277,14685.2,8795.1,SYNTH_ATOSINK_0000277,0.0,5890.09,1,0,ato_rapid_drain,1
50,TRANSFER,10881.76,SYNTH_ATO_0000278,17172.2,6290.45,SYNTH_ATOSINK_0000278,0.0,10881.76,1,0,ato_rapid_drain,1
51,TRANSFER,401.24,SYNTH_ATO_0000278,6290.45,5889.21,SYNTH_ATOSINK_0000278,0.0,401.24,1,0,ato_rapid_drain,1
64,TRANSFER,3368.66,SYNTH_ATO_0000279,6480.86,3112.2,SYNTH_ATOSINK_0000279,0.0,3368.66,1,0,ato_rapid_drain,1
206,TRANSFER,2513.68,SYNTH_ATO_0000280,6840.42,4326.75,SYNTH_ATOSINK_0000280,0.0,2513.68,1,0,ato_rapid_drain,1
207,TRANSFER,22.13,SYNTH_ATO_0000280,4326.75,4304.62,SYNTH_ATOSINK_0000280,0.0,22.13,1,0,ato_rapid_drain,1
360,TRANSFER,10458.98,SYNTH_ATO_0000281,24082.49,13623.51,SYNTH_ATOSINK_0000281,0.0,10458.98,1,0,ato_rapid_drain,1
361,TRANSFER,8048.01,SYNTH_ATO_0000281,13623.51,5575.5,SYNTH_ATOSINK_0000281,0.0,8048.01,1,0,ato_rapid_drain,1
362,TRANSFER,1638.58,SYNTH_ATO_0000281,5575.5,3936.92,SYNTH_ATOSINK_0000281,0.0,1638.58,1,0,ato_rapid_drain,1
498,TRANSFER,11482.0,SYNTH_ATO_0000282,13178.85,1696.85,SYNTH_ATOSINK_0000282,0.0,11482.0,1,0,ato_rapid_drain,1
365,TRANSFER,1035.3,SYNTH_ATO_0000283,3870.56,2835.26,SYNTH_ATOSINK_0000283,0.0,1035.3,1,0,ato_rapid_drain,1
366,TRANSFER,245.1,SYNTH_ATO_0000283,2835.26,2590.15,SYNTH_ATOSINK_0000283,0.0,245.1,1,0,ato_rapid_drain,1
327,TRANSFER,3045.22,SYNTH_ATO_0000284,28880.05,25834.83,SYNTH_ATOSINK_0000284,0.0,3045.22,1,0,ato_rapid_drain,1
328,TRANSFER,1695.47,SYNTH_ATO_0000284,25834.83,24139.36,SYNTH_ATOSINK_0000284,0.0,1695.47,1,0,ato_rapid_drain,1
329,TRANSFER,1204.42,SYNTH_ATO_0000284,24139.36,22934.94,SYNTH_ATOSINK_0000284,0.0,1204.42,1,0,ato_rapid_drain,1
696,TRANSFER,9490.35,SYNTH_ATO_0000285,21235.34,11744.99,SYNTH_ATOSINK_0000285,0.0,9490.35,1,0,ato_rapid_drain,1
697,TRANSFER,324.23,SYNTH_ATO_0000285,11744.99,11420.76,SYNTH_ATOSINK_0000285,0.0,324.23,1,0,ato_rapid_drain,1
120,TRANSFER,5587.32,SYNTH_ATO_0000286,11750.78,6163.46,SYNTH_ATOSINK_0000286,0.0,5587.32,1,0,ato_rapid_drain,1
121,TRANSFER,2760.0,SYNTH_ATO_0000286,6163.46,3403.46,SYNTH_ATOSINK_0000286,0.0,2760.0,1,0,ato_rapid_drain,1
122,TRANSFER,1312.51,SYNTH_ATO_0000286,3403.46,2090.95,SYNTH_ATOSINK_0000286,0.0,1312.51,1,0,ato_rapid_drain,1
424,TRANSFER,2935.87,SYNTH_ATO_0000287,8183.72,5247.85,SYNTH_ATOSINK_0000287,0.0,2935.87,1,0,ato_rapid_drain,1
425,TRANSFER,2206.84,SYNTH_ATO_0000287,5247.85,3041.01,SYNTH_ATOSINK_0000287,0.0,2206.84,1,0,ato_rapid_drain,1
426,TRANSFER,1850.73,SYNTH_ATO_0000287,3041.01,1190.28,SYNTH_ATOSINK_0000287,0.0,1850.73,1,0,ato_rapid_drain,1
402,TRANSFER,9168.18,SYNTH_ATO_0000288,29776.8,20608.62,SYNTH_ATOSINK_0000288,0.0,9168.18,1,0,ato_rapid_drain,1
352,TRANSFER,13537.16,SYNTH_ATO_0000289,22239.17,8702.01,SYNTH_ATOSINK_0000289,0.0,13537.16,1,0,ato_rapid_drain,1
353,TRANSFER,4342.74,SYNTH_ATO_0000289,8702.01,4359.28,SYNTH_ATOSINK_0000289,0.0,4342.74,1,0,ato_rapid_drain,1
599,TRANSFER,11977.92,SYNTH_ATO_0000290,75324.55,63346.63,SYNTH_ATOSINK_0000290,0.0,11977.92,1,0,ato_rapid_drain,1
600,TRANSFER,9884.97,SYNTH_ATO_0000290,63346.63,53461.65,SYNTH_ATOSINK_0000290,0.0,9884.97,1,0,ato_rapid_drain,1
200,TRANSFER,5901.68,SYNTH_ATO_0000291,23204.77,17303.09,SYNTH_ATOSINK_0000291,0.0,5901.68,1,0,ato_rapid_drain,1
201,TRANSFER,4636.92,SYNTH_ATO_0000291,17303.09,12666.17,SYNTH_ATOSINK_0000291,0.0,4636.92,1,0,ato_rapid_drain,1
202,TRANSFER,1162.38,SYNTH_ATO_0000291,12666.17,11503.79,SYNTH_ATOSINK_0000291,0.0,1162.38,1,0,ato_rapid_drain,1
707,TRANSFER,13119.03,SYNTH_ATO_0000292,22756.86,9637.83,SYNTH_ATOSINK_0000292,0.0,13119.03,1,0,ato_rapid_drain,1
708,TRANSFER,8620.16,SYNTH_ATO_0000292,9637.83,1017.67,SYNTH_ATOSINK_0000292,0.0,8620.16,1,0,ato_rapid_drain,1
709,TRANSFER,537.86,SYNTH_ATO_0000292,1017.67,479.82,SYNTH_ATOSINK_0000292,0.0,537.86,1,0,ato_rapid_drain,1
248,TRANSFER,5713.87,SYNTH_ATO_0000293,16315.05,10601.18,SYNTH_ATOSINK_0000293,0.0,5713.87,1,0,ato_rapid_drain,1
403,TRANSFER,8496.24,SYNTH_ATO_0000294,29438.7,20942.46,SYNTH_ATOSINK_0000294,0.0,8496.24,1,0,ato_rapid_drain,1
404,TRANSFER,926.84,SYNTH_ATO_0000294,20942.46,20015.62,SYNTH_ATOSINK_0000294,0.0,926.84,1,0,ato_rapid_drain,1
385,TRANSFER,6794.82,SYNTH_ATO_0000295,26240.29,19445.47,SYNTH_ATOSINK_0000295,0.0,6794.82,1,0,ato_rapid_drain,1
386,TRANSFER,5063.64,SYNTH_ATO_0000295,19445.47,14381.83,SYNTH_ATOSINK_0000295,0.0,5063.64,1,0,ato_rapid_drain,1
387,TRANSFER,2043.23,SYNTH_ATO_0000295,14381.83,12338.6,SYNTH_ATOSINK_0000295,0.0,2043.23,1,0,ato_rapid_drain,1
630,TRANSFER,25304.46,SYNTH_ATO_0000296,38216.97,12912.51,SYNTH_ATOSINK_0000296,0.0,25304.46,1,0,ato_rapid_drain,1
631,TRANSFER,810.78,SYNTH_ATO_0000296,12912.51,12101.73,SYNTH_ATOSINK_0000296,0.0,810.78,1,0,ato_rapid_drain,1
326,TRANSFER,9429.97,SYNTH_ATO_0000297,13189.89,3759.92,SYNTH_ATOSINK_0000297,0.0,9429.97,1,0,ato_rapid_drain,1
327,TRANSFER,2805.8,SYNTH_ATO_0000297,3759.92,954.12,SYNTH_ATOSINK_0000297,0.0,2805.8,1,0,ato_rapid_drain,1
211,TRANSFER,7264.69,SYNTH_ATO_0000298,13887.65,6622.97,SYNTH_ATOSINK_0000298,0.0,7264.69,1,0,ato_rapid_drain,1
212,TRANSFER,5473.05,SYNTH_ATO_0000298,6622.97,1149.92,SYNTH_ATOSINK_0000298,0.0,5473.05,1,0,ato_rapid_drain,1
213,TRANSFER,664.41,SYNTH_ATO_0000298,1149.92,485.51,SYNTH_ATOSINK_0000298,0.0,664.41,1,0,ato_rapid_drain,1
16,TRANSFER,3261.16,SYNTH_ATO_0000299,13528.29,10267.13,SYNTH_ATOSINK_0000299,0.0,3261.16,1,0,ato_rapid_drain,1
17,TRANSFER,179.35,SYNTH_ATO_0000299,10267.13,10087.78,SYNTH_ATOSINK_0000299,0.0,179.35,1,0,ato_rapid_drain,1
270,TRANSFER,6349.98,SYNTH_ATO_0000300,28983.47,22633.49,SYNTH_ATOSINK_0000300,0.0,6349.98,1,0,ato_rapid_drain,1
271,TRANSFER,2566.44,SYNTH_ATO_0000300,22633.49,20067.05,SYNTH_ATOSINK_0000300,0.0,2566.44,1,0,ato_rapid_drain,1
612,TRANSFER,29495.03,SYNTH_ATO_0000301,44312.61,14817.59,SYNTH_ATOSINK_0000301,0.0,29495.03,1,0,ato_rapid_drain,1
613,TRANSFER,5869.98,SYNTH_ATO_0000301,14817.59,8947.61,SYNTH_ATOSINK_0000301,0.0,5869.98,1,0,ato_rapid_drain,1
614,TRANSFER,828.45,SYNTH_ATO_0000301,8947.61,8119.15,SYNTH_ATOSINK_0000301,0.0,828.45,1,0,ato_rapid_drain,1
8,TRANSFER,2977.59,SYNTH_ATO_0000302,13693.76,10716.17,SYNTH_ATOSINK_0000302,0.0,2977.59,1,0,ato_rapid_drain,1
9,TRANSFER,2651.82,SYNTH_ATO_0000302,10716.17,8064.35,SYNTH_ATOSINK_0000302,0.0,2651.82,1,0,ato_rapid_drain,1
663,TRANSFER,12441.67,SYNTH_ATO_0000303,13976.54,1534.87,SYNTH_ATOSINK_0000303,0.0,12441.67,1,0,ato_rapid_drain,1
402,TRANSFER,9060.25,SYNTH_ATO_0000304,21773.44,12713.2,SYNTH_ATOSINK_0000304,0.0,9060.25,1,0,ato_rapid_drain,1
403,TRANSFER,6562.06,SYNTH_ATO_0000304,12713.2,6151.14,SYNTH_ATOSINK_0000304,0.0,6562.06,1,0,ato_rapid_drain,1
105,TRANSFER,3090.09,SYNTH_ATO_0000305,15561.31,12471.22,SYNTH_ATOSINK_0000305,0.0,3090.09,1,0,ato_rapid_drain,1
106,TRANSFER,1379.72,SYNTH_ATO_0000305,12471.22,11091.5,SYNTH_ATOSINK_0000305,0.0,1379.72,1,0,ato_rapid_drain,1
224,TRANSFER,27118.6,SYNTH_ATO_0000306,31927.79,4809.19,SYNTH_ATOSINK_0000306,0.0,27118.6,1,0,ato_rapid_drain,1
411,TRANSFER,1522.63,SYNTH_ATO_0000307,4670.09,3147.46,SYNTH_ATOSINK_0000307,0.0,1522.63,1,0,ato_rapid_drain,1
412,TRANSFER,53.8,SYNTH_ATO_0000307,3147.46,3093.66,SYNTH_ATOSINK_0000307,0.0,53.8,1,0,ato_rapid_drain,1
235,TRANSFER,5351.18,SYNTH_ATO_0000308,10981.61,5630.43,SYNTH_ATOSINK_0000308,0.0,5351.18,1,0,ato_rapid_drain,1
236,TRANSFER,472.66,SYNTH_ATO_0000308,5630.43,5157.77,SYNTH_ATOSINK_0000308,0.0,472.66,1,0,ato_rapid_drain,1
82,TRANSFER,5301.61,SYNTH_ATO_0000309,11277.33,5975.72,SYNTH_ATOSINK_0000309,0.0,5301.61,1,0,ato_rapid_drain,1
83,TRANSFER,1811.05,SYNTH_ATO_0000309,5975.72,4164.67,SYNTH_ATOSINK_0000309,0.0,1811.05,1,0,ato_rapid_drain,1
495,TRANSFER,2646.96,SYNTH_ATO_0000310,4481.83,1834.87,SYNTH_ATOSINK_0000310,0.0,2646.96,1,0,ato_rapid_drain,1
498,TRANSFER,4177.82,SYNTH_ATO_0000311,10115.43,5937.61,SYNTH_ATOSINK_0000311,0.0,4177.82,1,0,ato_rapid_drain,1
499,TRANSFER,3259.11,SYNTH_ATO_0000311,5937.61,2678.49,SYNTH_ATOSINK_0000311,0.0,3259.11,1,0,ato_rapid_drain,1
90,TRANSFER,6025.96,SYNTH_ATO_0000312,10414.0,4388.04,SYNTH_ATOSINK_0000312,0.0,6025.96,1,0,ato_rapid_drain,1
91,TRANSFER,1065.2,SYNTH_ATO_0000312,4388.04,3322.84,SYNTH_ATOSINK_0000312,0.0,1065.2,1,0,ato_rapid_drain,1
92,TRANSFER,293.37,SYNTH_ATO_0000312,3322.84,3029.48,SYNTH_ATOSINK_0000312,0.0,293.37,1,0,ato_rapid_drain,1
210,TRANSFER,15355.4,SYNTH_ATO_0000313,15983.9,628.5,SYNTH_ATOSINK_0000313,0.0,15355.4,1,0,ato_rapid_drain,1
211,TRANSFER,209.61,SYNTH_ATO_0000313,628.5,418.89,SYNTH_ATOSINK_0000313,0.0,209.61,1,0,ato_rapid_drain,1
183,TRANSFER,34444.91,SYNTH_ATO_0000314,35164.05,719.14,SYNTH_ATOSINK_0000314,0.0,34444.91,1,0,ato_rapid_drain,1
490,TRANSFER,6051.47,SYNTH_ATO_0000315,15567.86,9516.39,SYNTH_ATOSINK_0000315,0.0,6051.47,1,0,ato_rapid_drain,1
491,TRANSFER,2658.94,SYNTH_ATO_0000315,9516.39,6857.45,SYNTH_ATOSINK_0000315,0.0,2658.94,1,0,ato_rapid_drain,1
492,TRANSFER,674.49,SYNTH_ATO_0000315,6857.45,6182.96,SYNTH_ATOSINK_0000315,0.0,674.49,1,0,ato_rapid_drain,1
541,TRANSFER,1667.39,SYNTH_ATO_0000316,9715.83,8048.44,SYNTH_ATOSINK_0000316,0.0,1667.39,1,0,ato_rapid_drain,1
542,TRANSFER,906.78,SYNTH_ATO_0000316,8048.44,7141.66,SYNTH_ATOSINK_0000316,0.0,906.78,1,0,ato_rapid_drain,1
543,TRANSFER,90.45,SYNTH_ATO_0000316,7141.66,7051.21,SYNTH_ATOSINK_0000316,0.0,90.45,1,0,ato_rapid_drain,1
539,TRANSFER,8647.04,SYNTH_ATO_0000317,17427.89,8780.86,SYNTH_ATOSINK_0000317,0.0,8647.04,1,0,ato_rapid_drain,1
540,TRANSFER,2573.03,SYNTH_ATO_0000317,8780.86,6207.82,SYNTH_ATOSINK_0000317,0.0,2573.03,1,0,ato_rapid_drain,1
541,TRANSFER,2159.63,SYNTH_ATO_0000317,6207.82,4048.19,SYNTH_ATOSINK_0000317,0.0,2159.63,1,0,ato_rapid_drain,1
694,TRANSFER,32550.67,SYNTH_ATO_0000318,33843.57,1292.89,SYNTH_ATOSINK_0000318,0.0,32550.67,1,0,ato_rapid_drain,1
570,TRANSFER,4501.29,SYNTH_ATO_0000319,10040.93,5539.63,SYNTH_ATOSINK_0000319,0.0,4501.29,1,0,ato_rapid_drain,1
237,TRANSFER,3707.63,SYNTH_ATO_0000320,10442.66,6735.04,SYNTH_ATOSINK_0000320,0.0,3707.63,1,0,ato_rapid_drain,1
238,TRANSFER,2137.58,SYNTH_ATO_0000320,6735.04,4597.46,SYNTH_ATOSINK_0000320,0.0,2137.58,1,0,ato_rapid_drain,1
82,TRANSFER,13396.51,SYNTH_ATO_0000321,25213.36,11816.85,SYNTH_ATOSINK_0000321,0.0,13396.51,1,0,ato_rapid_drain,1
457,TRANSFER,3791.08,SYNTH_ATO_0000322,15789.15,11998.07,SYNTH_ATOSINK_0000322,0.0,3791.08,1,0,ato_rapid_drain,1
677,TRANSFER,19264.76,SYNTH_ATO_0000323,26595.33,7330.57,SYNTH_ATOSINK_0000323,0.0,19264.76,1,0,ato_rapid_drain,1
723,TRANSFER,4572.07,SYNTH_ATO_0000324,17886.69,13314.61,SYNTH_ATOSINK_0000324,0.0,4572.07,1,0,ato_rapid_drain,1
724,TRANSFER,3102.12,SYNTH_ATO_0000324,13314.61,10212.49,SYNTH_ATOSINK_0000324,0.0,3102.12,1,0,ato_rapid_drain,1
725,TRANSFER,832.77,SYNTH_ATO_0000324,10212.49,9379.72,SYNTH_ATOSINK_0000324,0.0,832.77,1,0,ato_rapid_drain,1
171,TRANSFER,22369.99,SYNTH_ATO_0000325,27474.08,5104.08,SYNTH_ATOSINK_0000325,0.0,22369.99,1,0,ato_rapid_drain,1
177,TRANSFER,4215.57,SYNTH_ATO_0000326,9691.0,5475.43,SYNTH_ATOSINK_0000326,0.0,4215.57,1,0,ato_rapid_drain,1
178,TRANSFER,2658.44,SYNTH_ATO_0000326,5475.43,2816.99,SYNTH_ATOSINK_0000326,0.0,2658.44,1,0,ato_rapid_drain,1
179,TRANSFER,1354.17,SYNTH_ATO_0000326,2816.99,1462.82,SYNTH_ATOSINK_0000326,0.0,1354.17,1,0,ato_rapid_drain,1
28,TRANSFER,7809.7,SYNTH_ATO_0000327,17903.46,10093.76,SYNTH_ATOSINK_0000327,0.0,7809.7,1,0,ato_rapid_drain,1
29,TRANSFER,7239.24,SYNTH_ATO_0000327,10093.76,2854.53,SYNTH_ATOSINK_0000327,0.0,7239.24,1,0,ato_rapid_drain,1
106,TRANSFER,8343.42,SYNTH_ATO_0000328,15892.24,7548.82,SYNTH_ATOSINK_0000328,0.0,8343.42,1,0,ato_rapid_drain,1
412,TRANSFER,3919.61,SYNTH_ATO_0000329,8694.67,4775.06,SYNTH_ATOSINK_0000329,0.0,3919.61,1,0,ato_rapid_drain,1
407,TRANSFER,5534.02,SYNTH_ATO_0000330,7057.97,1523.96,SYNTH_ATOSINK_0000330,0.0,5534.02,1,0,ato_rapid_drain,1
276,TRANSFER,12674.59,SYNTH_ATO_0000331,27212.98,14538.4,SYNTH_ATOSINK_0000331,0.0,12674.59,1,0,ato_rapid_drain,1
277,TRANSFER,9778.4,SYNTH_ATO_0000331,14538.4,4759.99,SYNTH_ATOSINK_0000331,0.0,9778.4,1,0,ato_rapid_drain,1
232,TRANSFER,8519.99,SYNTH_ATO_0000332,14609.52,6089.53,SYNTH_ATOSINK_0000332,0.0,8519.99,1,0,ato_rapid_drain,1
616,TRANSFER,8755.58,SYNTH_ATO_0000333,9765.7,1010.12,SYNTH_ATOSINK_0000333,0.0,8755.58,1,0,ato_rapid_drain,1
340,TRANSFER,4487.8,SYNTH_ATO_0000334,17022.52,12534.73,SYNTH_ATOSINK_0000334,0.0,4487.8,1,0,ato_rapid_drain,1
341,TRANSFER,664.55,SYNTH_ATO_0000334,12534.73,11870.18,SYNTH_ATOSINK_0000334,0.0,664.55,1,0,ato_rapid_drain,1
342,TRANSFER,162.92,SYNTH_ATO_0000334,11870.18,11707.26,SYNTH_ATOSINK_0000334,0.0,162.92,1,0,ato_rapid_drain,1
600,TRANSFER,17290.41,SYNTH_ATO_0000335,35483.08,18192.67,SYNTH_ATOSINK_0000335,0.0,17290.41,1,0,ato_rapid_drain,1
601,TRANSFER,11541.06,SYNTH_ATO_0000335,18192.67,6651.61,SYNTH_ATOSINK_0000335,0.0,11541.06,1,0,ato_rapid_drain,1
602,TRANSFER,2594.96,SYNTH_ATO_0000335,6651.61,4056.65,SYNTH_ATOSINK_0000335,0.0,2594.96,1,0,ato_rapid_drain,1
714,TRANSFER,1102.22,SYNTH_ATO_0000336,4589.64,3487.43,SYNTH_ATOSINK_0000336,0.0,1102.22,1,0,ato_rapid_drain,1
715,TRANSFER,159.73,SYNTH_ATO_0000336,3487.43,3327.7,SYNTH_ATOSINK_0000336,0.0,159.73,1,0,ato_rapid_drain,1
236,TRANSFER,2085.4,SYNTH_ATO_0000337,7346.78,5261.38,SYNTH_ATOSINK_0000337,0.0,2085.4,1,0,ato_rapid_drain,1
237,TRANSFER,263.73,SYNTH_ATO_0000337,5261.38,4997.64,SYNTH_ATOSINK_0000337,0.0,263.73,1,0,ato_rapid_drain,1
152,TRANSFER,6389.44,SYNTH_ATO_0000338,10365.81,3976.37,SYNTH_ATOSINK_0000338,0.0,6389.44,1,0,ato_rapid_drain,1
707,TRANSFER,9530.88,SYNTH_ATO_0000339,43334.63,33803.75,SYNTH_ATOSINK_0000339,0.0,9530.88,1,0,ato_rapid_drain,1
708,TRANSFER,1133.96,SYNTH_ATO_0000339,33803.75,32669.79,SYNTH_ATOSINK_0000339,0.0,1133.96,1,0,ato_rapid_drain,1
709,TRANSFER,284.28,SYNTH_ATO_0000339,32669.79,32385.51,SYNTH_ATOSINK_0000339,0.0,284.28,1,0,ato_rapid_drain,1
472,TRANSFER,3442.71,SYNTH_ATO_0000340,21365.92,17923.21,SYNTH_ATOSINK_0000340,0.0,3442.71,1,0,ato_rapid_drain,1
473,TRANSFER,1476.14,SYNTH_ATO_0000340,17923.21,16447.07,SYNTH_ATOSINK_0000340,0.0,1476.14,1,0,ato_rapid_drain,1
474,TRANSFER,234.39,SYNTH_ATO_0000340,16447.07,16212.68,SYNTH_ATOSINK_0000340,0.0,234.39,1,0,ato_rapid_drain,1
217,TRANSFER,5727.15,SYNTH_ATO_0000341,28577.94,22850.79,SYNTH_ATOSINK_0000341,0.0,5727.15,1,0,ato_rapid_drain,1
461,TRANSFER,4916.35,SYNTH_ATO_0000342,9098.85,4182.5,SYNTH_ATOSINK_0000342,0.0,4916.35,1,0,ato_rapid_drain,1
381,TRANSFER,4310.37,SYNTH_ATO_0000343,9212.15,4901.78,SYNTH_ATOSINK_0000343,0.0,4310.37,1,0,ato_rapid_drain,1
382,TRANSFER,3098.1,SYNTH_ATO_0000343,4901.78,1803.68,SYNTH_ATOSINK_0000343,0.0,3098.1,1,0,ato_rapid_drain,1
672,TRANSFER,2862.48,SYNTH_ATO_0000344,23592.6,20730.11,SYNTH_ATOSINK_0000344,0.0,2862.48,1,0,ato_rapid_drain,1
673,TRANSFER,2497.14,SYNTH_ATO_0000344,20730.11,18232.97,SYNTH_ATOSINK_0000344,0.0,2497.14,1,0,ato_rapid_drain,1
191,TRANSFER,13236.42,SYNTH_ATO_0000345,18675.44,5439.02,SYNTH_ATOSINK_0000345,0.0,13236.42,1,0,ato_rapid_drain,1
734,TRANSFER,17749.43,SYNTH_ATO_0000346,25065.39,7315.97,SYNTH_ATOSINK_0000346,0.0,17749.43,1,0,ato_rapid_drain,1
735,TRANSFER,3356.62,SYNTH_ATO_0000346,7315.97,3959.35,SYNTH_ATOSINK_0000346,0.0,3356.62,1,0,ato_rapid_drain,1
692,TRANSFER,3767.18,SYNTH_ATO_0000347,16113.25,12346.07,SYNTH_ATOSINK_0000347,0.0,3767.18,1,0,ato_rapid_drain,1
693,TRANSFER,1566.96,SYNTH_ATO_0000347,12346.07,10779.11,SYNTH_ATOSINK_0000347,0.0,1566.96,1,0,ato_rapid_drain,1
134,TRANSFER,3268.76,SYNTH_ATO_0000348,21309.03,18040.27,SYNTH_ATOSINK_0000348,0.0,3268.76,1,0,ato_rapid_drain,1
135,TRANSFER,3174.15,SYNTH_ATO_0000348,18040.27,14866.12,SYNTH_ATOSINK_0000348,0.0,3174.15,1,0,ato_rapid_drain,1
136,TRANSFER,259.93,SYNTH_ATO_0000348,14866.12,14606.2,SYNTH_ATOSINK_0000348,0.0,259.93,1,0,ato_rapid_drain,1
122,TRANSFER,17278.97,SYNTH_ATO_0000349,19828.42,2549.44,SYNTH_ATOSINK_0000349,0.0,17278.97,1,0,ato_rapid_drain,1
397,TRANSFER,24215.04,SYNTH_ATO_0000350,28757.69,4542.65,SYNTH_ATOSINK_0000350,0.0,24215.04,1,0,ato_rapid_drain,1
34,TRANSFER,18156.3,SYNTH_ATO_0000351,29266.68,11110.38,SYNTH_ATOSINK_0000351,0.0,18156.3,1,0,ato_rapid_drain,1
221,TRANSFER,4748.09,SYNTH_ATO_0000352,6823.15,2075.06,SYNTH_ATOSINK_0000352,0.0,4748.09,1,0,ato_rapid_drain,1
222,TRANSFER,858.35,SYNTH_ATO_0000352,2075.06,1216.72,SYNTH_ATOSINK_0000352,0.0,858.35,1,0,ato_rapid_drain,1
223,TRANSFER,118.03,SYNTH_ATO_0000352,1216.72,1098.69,SYNTH_ATOSINK_0000352,0.0,118.03,1,0,ato_rapid_drain,1
324,TRANSFER,970.26,SYNTH_ATO_0000353,4682.74,3712.48,SYNTH_ATOSINK_0000353,0.0,970.26,1,0,ato_rapid_drain,1
325,TRANSFER,305.09,SYNTH_ATO_0000353,3712.48,3407.4,SYNTH_ATOSINK_0000353,0.0,305.09,1,0,ato_rapid_drain,1
718,TRANSFER,12759.07,SYNTH_ATO_0000354,32894.06,20134.99,SYNTH_ATOSINK_0000354,0.0,12759.07,1,0,ato_rapid_drain,1
719,TRANSFER,3941.1,SYNTH_ATO_0000354,20134.99,16193.89,SYNTH_ATOSINK_0000354,0.0,3941.1,1,0,ato_rapid_drain,1
735,TRANSFER,17219.82,SYNTH_ATO_0000355,36777.26,19557.44,SYNTH_ATOSINK_0000355,0.0,17219.82,1,0,ato_rapid_drain,1
736,TRANSFER,8448.94,SYNTH_ATO_0000355,19557.44,11108.5,SYNTH_ATOSINK_0000355,0.0,8448.94,1,0,ato_rapid_drain,1
737,TRANSFER,2851.34,SYNTH_ATO_0000355,11108.5,8257.15,SYNTH_ATOSINK_0000355,0.0,2851.34,1,0,ato_rapid_drain,1
114,TRANSFER,3918.11,SYNTH_ATO_0000356,9775.42,5857.31,SYNTH_ATOSINK_0000356,0.0,3918.11,1,0,ato_rapid_drain,1
660,TRANSFER,2500.64,SYNTH_ATO_0000357,5908.21,3407.57,SYNTH_ATOSINK_0000357,0.0,2500.64,1,0,ato_rapid_drain,1
661,TRANSFER,1393.03,SYNTH_ATO_0000357,3407.57,2014.54,SYNTH_ATOSINK_0000357,0.0,1393.03,1,0,ato_rapid_drain,1
662,TRANSFER,755.01,SYNTH_ATO_0000357,2014.54,1259.53,SYNTH_ATOSINK_0000357,0.0,755.01,1,0,ato_rapid_drain,1
68,TRANSFER,7368.57,SYNTH_ATO_0000358,19137.8,11769.23,SYNTH_ATOSINK_0000358,0.0,7368.57,1,0,ato_rapid_drain,1
69,TRANSFER,3195.44,SYNTH_ATO_0000358,11769.23,8573.8,SYNTH_ATOSINK_0000358,0.0,3195.44,1,0,ato_rapid_drain,1
70,TRANSFER,789.68,SYNTH_ATO_0000358,8573.8,7784.12,SYNTH_ATOSINK_0000358,0.0,789.68,1,0,ato_rapid_drain,1
556,TRANSFER,17138.89,SYNTH_ATO_0000359,31523.95,14385.06,SYNTH_ATOSINK_0000359,0.0,17138.89,1,0,ato_rapid_drain,1
557,TRANSFER,4219.94,SYNTH_ATO_0000359,14385.06,10165.11,SYNTH_ATOSINK_0000359,0.0,4219.94,1,0,ato_rapid_drain,1
558,TRANSFER,3394.01,SYNTH_ATO_0000359,10165.11,6771.11,SYNTH_ATOSINK_0000359,0.0,3394.01,1,0,ato_rapid_drain,1
625,TRANSFER,15958.99,SYNTH_ATO_0000360,53027.01,37068.02,SYNTH_ATOSINK_0000360,0.0,15958.99,1,0,ato_rapid_drain,1
626,TRANSFER,8692.41,SYNTH_ATO_0000360,37068.02,28375.61,SYNTH_ATOSINK_0000360,0.0,8692.41,1,0,ato_rapid_drain,1
627,TRANSFER,5173.65,SYNTH_ATO_0000360,28375.61,23201.96,SYNTH_ATOSINK_0000360,0.0,5173.65,1,0,ato_rapid_drain,1
660,TRANSFER,4442.02,SYNTH_ATO_0000361,24582.22,20140.19,SYNTH_ATOSINK_0000361,0.0,4442.02,1,0,ato_rapid_drain,1
661,TRANSFER,4034.13,SYNTH_ATO_0000361,20140.19,16106.07,SYNTH_ATOSINK_0000361,0.0,4034.13,1,0,ato_rapid_drain,1
662,TRANSFER,3494.54,SYNTH_ATO_0000361,16106.07,12611.53,SYNTH_ATOSINK_0000361,0.0,3494.54,1,0,ato_rapid_drain,1
168,TRANSFER,3995.34,SYNTH_ATO_0000362,14428.63,10433.29,SYNTH_ATOSINK_0000362,0.0,3995.34,1,0,ato_rapid_drain,1
169,TRANSFER,840.87,SYNTH_ATO_0000362,10433.29,9592.42,SYNTH_ATOSINK_0000362,0.0,840.87,1,0,ato_rapid_drain,1
170,TRANSFER,516.34,SYNTH_ATO_0000362,9592.42,9076.08,SYNTH_ATOSINK_0000362,0.0,516.34,1,0,ato_rapid_drain,1
663,TRANSFER,3825.67,SYNTH_ATO_0000363,10552.54,6726.86,SYNTH_ATOSINK_0000363,0.0,3825.67,1,0,ato_rapid_drain,1
87,TRANSFER,14275.21,SYNTH_ATO_0000364,18158.08,3882.87,SYNTH_ATOSINK_0000364,0.0,14275.21,1,0,ato_rapid_drain,1
386,TRANSFER,2316.22,SYNTH_ATO_0000365,15069.7,12753.48,SYNTH_ATOSINK_0000365,0.0,2316.22,1,0,ato_rapid_drain,1
387,TRANSFER,1285.12,SYNTH_ATO_0000365,12753.48,11468.36,SYNTH_ATOSINK_0000365,0.0,1285.12,1,0,ato_rapid_drain,1
388,TRANSFER,810.32,SYNTH_ATO_0000365,11468.36,10658.04,SYNTH_ATOSINK_0000365,0.0,810.32,1,0,ato_rapid_drain,1
348,TRANSFER,1682.43,SYNTH_ATO_0000366,9808.05,8125.63,SYNTH_ATOSINK_0000366,0.0,1682.43,1,0,ato_rapid_drain,1
349,TRANSFER,547.41,SYNTH_ATO_0000366,8125.63,7578.22,SYNTH_ATOSINK_0000366,0.0,547.41,1,0,ato_rapid_drain,1
350,TRANSFER,389.56,SYNTH_ATO_0000366,7578.22,7188.65,SYNTH_ATOSINK_0000366,0.0,389.56,1,0,ato_rapid_drain,1
235,TRANSFER,17170.54,SYNTH_ATO_0000367,61651.53,44480.99,SYNTH_ATOSINK_0000367,0.0,17170.54,1,0,ato_rapid_drain,1
236,TRANSFER,3637.3,SYNTH_ATO_0000367,44480.99,40843.69,SYNTH_ATOSINK_0000367,0.0,3637.3,1,0,ato_rapid_drain,1
17,TRANSFER,11972.78,SYNTH_ATO_0000368,52633.13,40660.35,SYNTH_ATOSINK_0000368,0.0,11972.78,1,0,ato_rapid_drain,1
18,TRANSFER,5752.49,SYNTH_ATO_0000368,40660.35,34907.86,SYNTH_ATOSINK_0000368,0.0,5752.49,1,0,ato_rapid_drain,1
572,TRANSFER,24866.09,SYNTH_ATO_0000369,35654.45,10788.36,SYNTH_ATOSINK_0000369,0.0,24866.09,1,0,ato_rapid_drain,1
573,TRANSFER,5155.81,SYNTH_ATO_0000369,10788.36,5632.55,SYNTH_ATOSINK_0000369,0.0,5155.81,1,0,ato_rapid_drain,1
249,TRANSFER,5301.69,SYNTH_ATO_0000370,10378.48,5076.79,SYNTH_ATOSINK_0000370,0.0,5301.69,1,0,ato_rapid_drain,1
491,TRANSFER,17993.96,SYNTH_ATO_0000371,30122.02,12128.06,SYNTH_ATOSINK_0000371,0.0,17993.96,1,0,ato_rapid_drain,1
492,TRANSFER,6918.92,SYNTH_ATO_0000371,12128.06,5209.14,SYNTH_ATOSINK_0000371,0.0,6918.92,1,0,ato_rapid_drain,1
493,TRANSFER,4380.87,SYNTH_ATO_0000371,5209.14,828.27,SYNTH_ATOSINK_0000371,0.0,4380.87,1,0,ato_rapid_drain,1
304,TRANSFER,8127.02,SYNTH_ATO_0000372,26470.23,18343.21,SYNTH_ATOSINK_0000372,0.0,8127.02,1,0,ato_rapid_drain,1
279,TRANSFER,7270.47,SYNTH_ATO_0000373,23518.14,16247.68,SYNTH_ATOSINK_0000373,0.0,7270.47,1,0,ato_rapid_drain,1
280,TRANSFER,5043.15,SYNTH_ATO_0000373,16247.68,11204.52,SYNTH_ATOSINK_0000373,0.0,5043.15,1,0,ato_rapid_drain,1
281,TRANSFER,4378.64,SYNTH_ATO_0000373,11204.52,6825.88,SYNTH_ATOSINK_0000373,0.0,4378.64,1,0,ato_rapid_drain,1
657,TRANSFER,16638.21,SYNTH_ATO_0000374,38169.77,21531.57,SYNTH_ATOSINK_0000374,0.0,16638.21,1,0,ato_rapid_drain,1
658,TRANSFER,4355.51,SYNTH_ATO_0000374,21531.57,17176.05,SYNTH_ATOSINK_0000374,0.0,4355.51,1,0,ato_rapid_drain,1
72,TRANSFER,7212.21,SYNTH_ATO_0000375,26402.73,19190.52,SYNTH_ATOSINK_0000375,0.0,7212.21,1,0,ato_rapid_drain,1
73,TRANSFER,6160.14,SYNTH_ATO_0000375,19190.52,13030.38,SYNTH_ATOSINK_0000375,0.0,6160.14,1,0,ato_rapid_drain,1
546,TRANSFER,24812.09,SYNTH_ATO_0000376,28113.59,3301.5,SYNTH_ATOSINK_0000376,0.0,24812.09,1,0,ato_rapid_drain,1
552,TRANSFER,25395.47,SYNTH_ATO_0000377,26427.06,1031.59,SYNTH_ATOSINK_0000377,0.0,25395.47,1,0,ato_rapid_drain,1
281,TRANSFER,19488.59,SYNTH_ATO_0000378,22125.25,2636.67,SYNTH_ATOSINK_0000378,0.0,19488.59,1,0,ato_rapid_drain,1
196,TRANSFER,1639.55,SYNTH_ATO_0000379,6184.7,4545.15,SYNTH_ATOSINK_0000379,0.0,1639.55,1,0,ato_rapid_drain,1
197,TRANSFER,525.06,SYNTH_ATO_0000379,4545.15,4020.09,SYNTH_ATOSINK_0000379,0.0,525.06,1,0,ato_rapid_drain,1
6,TRANSFER,7057.94,SYNTH_ATO_0000380,18961.63,11903.69,SYNTH_ATOSINK_0000380,0.0,7057.94,1,0,ato_rapid_drain,1
694,TRANSFER,9193.38,SYNTH_ATO_0000381,12916.81,3723.43,SYNTH_ATOSINK_0000381,0.0,9193.38,1,0,ato_rapid_drain,1
701,TRANSFER,3150.4,SYNTH_ATO_0000382,8367.37,5216.98,SYNTH_ATOSINK_0000382,0.0,3150.4,1,0,ato_rapid_drain,1
702,TRANSFER,409.8,SYNTH_ATO_0000382,5216.98,4807.18,SYNTH_ATOSINK_0000382,0.0,409.8,1,0,ato_rapid_drain,1
179,TRANSFER,29009.16,SYNTH_ATO_0000383,49468.43,20459.27,SYNTH_ATOSINK_0000383,0.0,29009.16,1,0,ato_rapid_drain,1
180,TRANSFER,7191.79,SYNTH_ATO_0000383,20459.27,13267.49,SYNTH_ATOSINK_0000383,0.0,7191.79,1,0,ato_rapid_drain,1
181,TRANSFER,2042.39,SYNTH_ATO_0000383,13267.49,11225.1,SYNTH_ATOSINK_0000383,0.0,2042.39,1,0,ato_rapid_drain,1
25,TRANSFER,22820.73,SYNTH_ATO_0000384,50888.75,28068.02,SYNTH_ATOSINK_0000384,0.0,22820.73,1,0,ato_rapid_drain,1
26,TRANSFER,5310.77,SYNTH_ATO_0000384,28068.02,22757.25,SYNTH_ATOSINK_0000384,0.0,5310.77,1,0,ato_rapid_drain,1
27,TRANSFER,4529.32,SYNTH_ATO_0000384,22757.25,18227.94,SYNTH_ATOSINK_0000384,0.0,4529.32,1,0,ato_rapid_drain,1
92,TRANSFER,11896.69,SYNTH_ATO_0000385,40763.09,28866.4,SYNTH_ATOSINK_0000385,0.0,11896.69,1,0,ato_rapid_drain,1
93,TRANSFER,7354.29,SYNTH_ATO_0000385,28866.4,21512.11,SYNTH_ATOSINK_0000385,0.0,7354.29,1,0,ato_rapid_drain,1
94,TRANSFER,6417.89,SYNTH_ATO_0000385,21512.11,15094.21,SYNTH_ATOSINK_0000385,0.0,6417.89,1,0,ato_rapid_drain,1
50,TRANSFER,9049.33,SYNTH_ATO_0000386,21017.86,11968.54,SYNTH_ATOSINK_0000386,0.0,9049.33,1,0,ato_rapid_drain,1
51,TRANSFER,5945.23,SYNTH_ATO_0000386,11968.54,6023.31,SYNTH_ATOSINK_0000386,0.0,5945.23,1,0,ato_rapid_drain,1
52,TRANSFER,2792.16,SYNTH_ATO_0000386,6023.31,3231.15,SYNTH_ATOSINK_0000386,0.0,2792.16,1,0,ato_rapid_drain,1
617,TRANSFER,27764.09,SYNTH_ATO_0000387,40553.41,12789.32,SYNTH_ATOSINK_0000387,0.0,27764.09,1,0,ato_rapid_drain,1
618,TRANSFER,2821.92,SYNTH_ATO_0000387,12789.32,9967.4,SYNTH_ATOSINK_0000387,0.0,2821.92,1,0,ato_rapid_drain,1
661,TRANSFER,3872.53,SYNTH_ATO_0000388,18164.64,14292.11,SYNTH_ATOSINK_0000388,0.0,3872.53,1,0,ato_rapid_drain,1
662,TRANSFER,136.96,SYNTH_ATO_0000388,14292.11,14155.14,SYNTH_ATOSINK_0000388,0.0,136.96,1,0,ato_rapid_drain,1
114,TRANSFER,4859.16,SYNTH_ATO_0000389,20367.15,15507.99,SYNTH_ATOSINK_0000389,0.0,4859.16,1,0,ato_rapid_drain,1
552,TRANSFER,6037.37,SYNTH_ATO_0000390,9357.35,3319.98,SYNTH_ATOSINK_0000390,0.0,6037.37,1,0,ato_rapid_drain,1
553,TRANSFER,224.71,SYNTH_ATO_0000390,3319.98,3095.26,SYNTH_ATOSINK_0000390,0.0,224.71,1,0,ato_rapid_drain,1
134,TRANSFER,7979.16,SYNTH_ATO_0000391,22884.03,14904.87,SYNTH_ATOSINK_0000391,0.0,7979.16,1,0,ato_rapid_drain,1
135,TRANSFER,5275.96,SYNTH_ATO_0000391,14904.87,9628.92,SYNTH_ATOSINK_0000391,0.0,5275.96,1,0,ato_rapid_drain,1
274,TRANSFER,5242.81,SYNTH_ATO_0000392,18699.12,13456.31,SYNTH_ATOSINK_0000392,0.0,5242.81,1,0,ato_rapid_drain,1
275,TRANSFER,2291.89,SYNTH_ATO_0000392,13456.31,11164.42,SYNTH_ATOSINK_0000392,0.0,2291.89,1,0,ato_rapid_drain,1
445,TRANSFER,4345.96,SYNTH_ATO_0000393,8253.63,3907.67,SYNTH_ATOSINK_0000393,0.0,4345.96,1,0,ato_rapid_drain,1
534,TRANSFER,7625.02,SYNTH_ATO_0000394,17488.2,9863.18,SYNTH_ATOSINK_0000394,0.0,7625.02,1,0,ato_rapid_drain,1
535,TRANSFER,6211.12,SYNTH_ATO_0000394,9863.18,3652.06,SYNTH_ATOSINK_0000394,0.0,6211.12,1,0,ato_rapid_drain,1
647,TRANSFER,14522.52,SYNTH_ATO_0000395,17191.36,2668.84,SYNTH_ATOSINK_0000395,0.0,14522.52,1,0,ato_rapid_drain,1
36,TRANSFER,23222.11,SYNTH_ATO_0000396,53025.95,29803.84,SYNTH_ATOSINK_0000396,0.0,23222.11,1,0,ato_rapid_drain,1
37,TRANSFER,10595.4,SYNTH_ATO_0000396,29803.84,19208.44,SYNTH_ATOSINK_0000396,0.0,10595.4,1,0,ato_rapid_drain,1
147,TRANSFER,11834.56,SYNTH_ATO_0000397,30838.77,19004.22,SYNTH_ATOSINK_0000397,0.0,11834.56,1,0,ato_rapid_drain,1
148,TRANSFER,3602.97,SYNTH_ATO_0000397,19004.22,15401.25,SYNTH_ATOSINK_0000397,0.0,3602.97,1,0,ato_rapid_drain,1
208,TRANSFER,7465.55,SYNTH_ATO_0000398,18158.01,10692.46,SYNTH_ATOSINK_0000398,0.0,7465.55,1,0,ato_rapid_drain,1
231,TRANSFER,11852.72,SYNTH_ATO_0000399,20936.98,9084.26,SYNTH_ATOSINK_0000399,0.0,11852.72,1,0,ato_rapid_drain,1
232,TRANSFER,858.05,SYNTH_ATO_0000399,9084.26,8226.22,SYNTH_ATOSINK_0000399,0.0,858.05,1,0,ato_rapid_drain,1
532,TRANSFER,6936.38,SYNTH_SMURF_0000000,47282.71,40346.33,SYNTH_SMURFSINK_0000000,0.0,6936.38,1,0,structuring_smurfing,1
320,TRANSFER,9473.56,SYNTH_SMURF_0000000,40346.33,30872.77,SYNTH_SMURFSINK_0000000,0.0,9473.56,1,0,structuring_smurfing,1
688,TRANSFER,6497.27,SYNTH_SMURF_0000000,30872.77,24375.51,SYNTH_SMURFSINK_0000000,0.0,6497.27,1,0,structuring_smurfing,1
489,TRANSFER,9095.64,SYNTH_SMURF_0000000,24375.51,15279.86,SYNTH_SMURFSINK_0000000,0.0,9095.64,1,0,structuring_smurfing,1
395,TRANSFER,8317.61,SYNTH_SMURF_0000000,15279.86,6962.26,SYNTH_SMURFSINK_0000000,0.0,8317.61,1,0,structuring_smurfing,1
711,TRANSFER,3393.42,SYNTH_SMURF_0000000,6962.26,3568.84,SYNTH_SMURFSINK_0000000,0.0,3393.42,1,0,structuring_smurfing,1
312,TRANSFER,8035.18,SYNTH_SMURF_0000001,57467.35,49432.16,SYNTH_SMURFSINK_0000001,0.0,8035.18,1,0,structuring_smurfing,1
525,TRANSFER,6401.44,SYNTH_SMURF_0000001,49432.16,43030.73,SYNTH_SMURFSINK_0000001,0.0,6401.44,1,0,structuring_smurfing,1
415,TRANSFER,7846.99,SYNTH_SMURF_0000001,43030.73,35183.74,SYNTH_SMURFSINK_0000001,0.0,7846.99,1,0,structuring_smurfing,1
611,TRANSFER,8824.72,SYNTH_SMURF_0000001,35183.74,26359.01,SYNTH_SMURFSINK_0000001,0.0,8824.72,1,0,structuring_smurfing,1
399,TRANSFER,7213.95,SYNTH_SMURF_0000001,26359.01,19145.06,SYNTH_SMURFSINK_0000001,0.0,7213.95,1,0,structuring_smurfing,1
614,TRANSFER,7103.34,SYNTH_SMURF_0000001,19145.06,12041.72,SYNTH_SMURFSINK_0000001,0.0,7103.34,1,0,structuring_smurfing,1
484,TRANSFER,7344.26,SYNTH_SMURF_0000002,42671.79,35327.53,SYNTH_SMURFSINK_0000002,0.0,7344.26,1,0,structuring_smurfing,1
74,TRANSFER,5815.49,SYNTH_SMURF_0000002,35327.53,29512.04,SYNTH_SMURFSINK_0000002,0.0,5815.49,1,0,structuring_smurfing,1
357,TRANSFER,4260.3,SYNTH_SMURF_0000002,29512.04,25251.74,SYNTH_SMURFSINK_0000002,0.0,4260.3,1,0,structuring_smurfing,1
631,TRANSFER,5271.46,SYNTH_SMURF_0000002,25251.74,19980.28,SYNTH_SMURFSINK_0000002,0.0,5271.46,1,0,structuring_smurfing,1
503,TRANSFER,7715.31,SYNTH_SMURF_0000002,19980.28,12264.97,SYNTH_SMURFSINK_0000002,0.0,7715.31,1,0,structuring_smurfing,1
577,TRANSFER,4369.21,SYNTH_SMURF_0000002,12264.97,7895.76,SYNTH_SMURFSINK_0000002,0.0,4369.21,1,0,structuring_smurfing,1
639,TRANSFER,7090.5,SYNTH_SMURF_0000003,36614.65,29524.15,SYNTH_SMURFSINK_0000003,0.0,7090.5,1,0,structuring_smurfing,1
40,TRANSFER,5061.11,SYNTH_SMURF_0000003,29524.15,24463.04,SYNTH_SMURFSINK_0000003,0.0,5061.11,1,0,structuring_smurfing,1
674,TRANSFER,5004.14,SYNTH_SMURF_0000003,24463.04,19458.9,SYNTH_SMURFSINK_0000003,0.0,5004.14,1,0,structuring_smurfing,1
529,TRANSFER,3264.81,SYNTH_SMURF_0000003,19458.9,16194.09,SYNTH_SMURFSINK_0000003,0.0,3264.81,1,0,structuring_smurfing,1
697,TRANSFER,7880.83,SYNTH_SMURF_0000003,16194.09,8313.27,SYNTH_SMURFSINK_0000003,0.0,7880.83,1,0,structuring_smurfing,1
682,TRANSFER,3289.27,SYNTH_SMURF_0000003,8313.27,5023.99,SYNTH_SMURFSINK_0000003,0.0,3289.27,1,0,structuring_smurfing,1
610,TRANSFER,5175.11,SYNTH_SMURF_0000004,53675.32,48500.2,SYNTH_SMURFSINK_0000004,0.0,5175.11,1,0,structuring_smurfing,1
71,TRANSFER,6495.49,SYNTH_SMURF_0000004,48500.2,42004.72,SYNTH_SMURFSINK_0000004,0.0,6495.49,1,0,structuring_smurfing,1
280,TRANSFER,5888.71,SYNTH_SMURF_0000004,42004.72,36116.01,SYNTH_SMURFSINK_0000004,0.0,5888.71,1,0,structuring_smurfing,1
280,TRANSFER,7007.72,SYNTH_SMURF_0000004,36116.01,29108.28,SYNTH_SMURFSINK_0000004,0.0,7007.72,1,0,structuring_smurfing,1
16,TRANSFER,9017.4,SYNTH_SMURF_0000004,29108.28,20090.88,SYNTH_SMURFSINK_0000004,0.0,9017.4,1,0,structuring_smurfing,1
134,TRANSFER,9666.56,SYNTH_SMURF_0000004,20090.88,10424.31,SYNTH_SMURFSINK_0000004,0.0,9666.56,1,0,structuring_smurfing,1
209,TRANSFER,6325.13,SYNTH_SMURF_0000005,37515.68,31190.54,SYNTH_SMURFSINK_0000005,0.0,6325.13,1,0,structuring_smurfing,1
192,TRANSFER,9158.95,SYNTH_SMURF_0000005,31190.54,22031.6,SYNTH_SMURFSINK_0000005,0.0,9158.95,1,0,structuring_smurfing,1
282,TRANSFER,3218.37,SYNTH_SMURF_0000005,22031.6,18813.23,SYNTH_SMURFSINK_0000005,0.0,3218.37,1,0,structuring_smurfing,1
712,TRANSFER,3448.75,SYNTH_SMURF_0000005,18813.23,15364.47,SYNTH_SMURFSINK_0000005,0.0,3448.75,1,0,structuring_smurfing,1
251,TRANSFER,5701.93,SYNTH_SMURF_0000005,15364.47,9662.54,SYNTH_SMURFSINK_0000005,0.0,5701.93,1,0,structuring_smurfing,1
169,TRANSFER,3537.86,SYNTH_SMURF_0000005,9662.54,6124.68,SYNTH_SMURFSINK_0000005,0.0,3537.86,1,0,structuring_smurfing,1
593,TRANSFER,5524.13,SYNTH_SMURF_0000006,45218.04,39693.91,SYNTH_SMURFSINK_0000006,0.0,5524.13,1,0,structuring_smurfing,1
265,TRANSFER,8539.31,SYNTH_SMURF_0000006,39693.91,31154.6,SYNTH_SMURFSINK_0000006,0.0,8539.31,1,0,structuring_smurfing,1
419,TRANSFER,3928.49,SYNTH_SMURF_0000006,31154.6,27226.11,SYNTH_SMURFSINK_0000006,0.0,3928.49,1,0,structuring_smurfing,1
398,TRANSFER,5870.23,SYNTH_SMURF_0000006,27226.11,21355.88,SYNTH_SMURFSINK_0000006,0.0,5870.23,1,0,structuring_smurfing,1
478,TRANSFER,7621.4,SYNTH_SMURF_0000006,21355.88,13734.48,SYNTH_SMURFSINK_0000006,0.0,7621.4,1,0,structuring_smurfing,1
82,TRANSFER,8817.18,SYNTH_SMURF_0000006,13734.48,4917.29,SYNTH_SMURFSINK_0000006,0.0,8817.18,1,0,structuring_smurfing,1
639,TRANSFER,7849.09,SYNTH_SMURF_0000007,41527.32,33678.22,SYNTH_SMURFSINK_0000007,0.0,7849.09,1,0,structuring_smurfing,1
66,TRANSFER,3444.87,SYNTH_SMURF_0000007,33678.22,30233.35,SYNTH_SMURFSINK_0000007,0.0,3444.87,1,0,structuring_smurfing,1
414,TRANSFER,8779.07,SYNTH_SMURF_0000007,30233.35,21454.28,SYNTH_SMURFSINK_0000007,0.0,8779.07,1,0,structuring_smurfing,1
613,TRANSFER,8598.05,SYNTH_SMURF_0000007,21454.28,12856.23,SYNTH_SMURFSINK_0000007,0.0,8598.05,1,0,structuring_smurfing,1
524,TRANSFER,3595.82,SYNTH_SMURF_0000007,12856.23,9260.41,SYNTH_SMURFSINK_0000007,0.0,3595.82,1,0,structuring_smurfing,1
201,TRANSFER,3159.17,SYNTH_SMURF_0000007,9260.41,6101.24,SYNTH_SMURFSINK_0000007,0.0,3159.17,1,0,structuring_smurfing,1
105,TRANSFER,6354.43,SYNTH_SMURF_0000008,44971.63,38617.2,SYNTH_SMURFSINK_0000008,0.0,6354.43,1,0,structuring_smurfing,1
628,TRANSFER,9626.92,SYNTH_SMURF_0000008,38617.2,28990.28,SYNTH_SMURFSINK_0000008,0.0,9626.92,1,0,structuring_smurfing,1
117,TRANSFER,4005.87,SYNTH_SMURF_0000008,28990.28,24984.41,SYNTH_SMURFSINK_0000008,0.0,4005.87,1,0,structuring_smurfing,1
482,TRANSFER,8565.72,SYNTH_SMURF_0000008,24984.41,16418.7,SYNTH_SMURFSINK_0000008,0.0,8565.72,1,0,structuring_smurfing,1
640,TRANSFER,3346.72,SYNTH_SMURF_0000008,16418.7,13071.97,SYNTH_SMURFSINK_0000008,0.0,3346.72,1,0,structuring_smurfing,1
493,TRANSFER,6200.25,SYNTH_SMURF_0000008,13071.97,6871.73,SYNTH_SMURFSINK_0000008,0.0,6200.25,1,0,structuring_smurfing,1
581,TRANSFER,6096.93,SYNTH_SMURF_0000009,33135.27,27038.34,SYNTH_SMURFSINK_0000009,0.0,6096.93,1,0,structuring_smurfing,1
639,TRANSFER,5190.22,SYNTH_SMURF_0000009,27038.34,21848.12,SYNTH_SMURFSINK_0000009,0.0,5190.22,1,0,structuring_smurfing,1
194,TRANSFER,5046.72,SYNTH_SMURF_0000009,21848.12,16801.4,SYNTH_SMURFSINK_0000009,0.0,5046.72,1,0,structuring_smurfing,1
458,TRANSFER,4680.71,SYNTH_SMURF_0000009,16801.4,12120.69,SYNTH_SMURFSINK_0000009,0.0,4680.71,1,0,structuring_smurfing,1
403,TRANSFER,5445.82,SYNTH_SMURF_0000009,12120.69,6674.87,SYNTH_SMURFSINK_0000009,0.0,5445.82,1,0,structuring_smurfing,1
104,TRANSFER,4004.61,SYNTH_SMURF_0000009,6674.87,2670.26,SYNTH_SMURFSINK_0000009,0.0,4004.61,1,0,structuring_smurfing,1
115,TRANSFER,3057.74,SYNTH_SMURF_0000010,45953.31,42895.58,SYNTH_SMURFSINK_0000010,0.0,3057.74,1,0,structuring_smurfing,1
67,TRANSFER,3316.58,SYNTH_SMURF_0000010,42895.58,39579.0,SYNTH_SMURFSINK_0000010,0.0,3316.58,1,0,structuring_smurfing,1
616,TRANSFER,8107.08,SYNTH_SMURF_0000010,39579.0,31471.91,SYNTH_SMURFSINK_0000010,0.0,8107.08,1,0,structuring_smurfing,1
411,TRANSFER,9614.15,SYNTH_SMURF_0000010,31471.91,21857.77,SYNTH_SMURFSINK_0000010,0.0,9614.15,1,0,structuring_smurfing,1
253,TRANSFER,3300.7,SYNTH_SMURF_0000010,21857.77,18557.07,SYNTH_SMURFSINK_0000010,0.0,3300.7,1,0,structuring_smurfing,1
553,TRANSFER,8012.08,SYNTH_SMURF_0000010,18557.07,10544.99,SYNTH_SMURFSINK_0000010,0.0,8012.08,1,0,structuring_smurfing,1
490,TRANSFER,4726.04,SYNTH_SMURF_0000011,39466.37,34740.33,SYNTH_SMURFSINK_0000011,0.0,4726.04,1,0,structuring_smurfing,1
534,TRANSFER,4269.59,SYNTH_SMURF_0000011,34740.33,30470.74,SYNTH_SMURFSINK_0000011,0.0,4269.59,1,0,structuring_smurfing,1
350,TRANSFER,3830.3,SYNTH_SMURF_0000011,30470.74,26640.44,SYNTH_SMURFSINK_0000011,0.0,3830.3,1,0,structuring_smurfing,1
646,TRANSFER,6720.21,SYNTH_SMURF_0000011,26640.44,19920.22,SYNTH_SMURFSINK_0000011,0.0,6720.21,1,0,structuring_smurfing,1
306,TRANSFER,6996.18,SYNTH_SMURF_0000011,19920.22,12924.04,SYNTH_SMURFSINK_0000011,0.0,6996.18,1,0,structuring_smurfing,1
574,TRANSFER,8308.21,SYNTH_SMURF_0000011,12924.04,4615.83,SYNTH_SMURFSINK_0000011,0.0,8308.21,1,0,structuring_smurfing,1
248,TRANSFER,9244.03,SYNTH_SMURF_0000012,49477.62,40233.59,SYNTH_SMURFSINK_0000012,0.0,9244.03,1,0,structuring_smurfing,1
78,TRANSFER,7568.7,SYNTH_SMURF_0000012,40233.59,32664.89,SYNTH_SMURFSINK_0000012,0.0,7568.7,1,0,structuring_smurfing,1
311,TRANSFER,9529.76,SYNTH_SMURF_0000012,32664.89,23135.13,SYNTH_SMURFSINK_0000012,0.0,9529.76,1,0,structuring_smurfing,1
209,TRANSFER,5793.31,SYNTH_SMURF_0000012,23135.13,17341.82,SYNTH_SMURFSINK_0000012,0.0,5793.31,1,0,structuring_smurfing,1
714,TRANSFER,6600.83,SYNTH_SMURF_0000012,17341.82,10740.99,SYNTH_SMURFSINK_0000012,0.0,6600.83,1,0,structuring_smurfing,1
372,TRANSFER,6263.67,SYNTH_SMURF_0000012,10740.99,4477.31,SYNTH_SMURFSINK_0000012,0.0,6263.67,1,0,structuring_smurfing,1
630,TRANSFER,8127.65,SYNTH_SMURF_0000013,48686.62,40558.97,SYNTH_SMURFSINK_0000013,0.0,8127.65,1,0,structuring_smurfing,1
473,TRANSFER,3649.46,SYNTH_SMURF_0000013,40558.97,36909.51,SYNTH_SMURFSINK_0000013,0.0,3649.46,1,0,structuring_smurfing,1
224,TRANSFER,9031.86,SYNTH_SMURF_0000013,36909.51,27877.65,SYNTH_SMURFSINK_0000013,0.0,9031.86,1,0,structuring_smurfing,1
554,TRANSFER,7862.2,SYNTH_SMURF_0000013,27877.65,20015.45,SYNTH_SMURFSINK_0000013,0.0,7862.2,1,0,structuring_smurfing,1
64,TRANSFER,3459.76,SYNTH_SMURF_0000013,20015.45,16555.69,SYNTH_SMURFSINK_0000013,0.0,3459.76,1,0,structuring_smurfing,1
590,TRANSFER,7635.38,SYNTH_SMURF_0000013,16555.69,8920.32,SYNTH_SMURFSINK_0000013,0.0,7635.38,1,0,structuring_smurfing,1
362,TRANSFER,9411.71,SYNTH_SMURF_0000014,54650.87,45239.16,SYNTH_SMURFSINK_0000014,0.0,9411.71,1,0,structuring_smurfing,1
135,TRANSFER,6936.4,SYNTH_SMURF_0000014,45239.16,38302.76,SYNTH_SMURFSINK_0000014,0.0,6936.4,1,0,structuring_smurfing,1
45,TRANSFER,7451.11,SYNTH_SMURF_0000014,38302.76,30851.65,SYNTH_SMURFSINK_0000014,0.0,7451.11,1,0,structuring_smurfing,1
168,TRANSFER,5928.76,SYNTH_SMURF_0000014,30851.65,24922.89,SYNTH_SMURFSINK_0000014,0.0,5928.76,1,0,structuring_smurfing,1
482,TRANSFER,8066.01,SYNTH_SMURF_0000014,24922.89,16856.88,SYNTH_SMURFSINK_0000014,0.0,8066.01,1,0,structuring_smurfing,1
377,TRANSFER,9684.37,SYNTH_SMURF_0000014,16856.88,7172.51,SYNTH_SMURFSINK_0000014,0.0,9684.37,1,0,structuring_smurfing,1
592,TRANSFER,6905.95,SYNTH_SMURF_0000015,56626.35,49720.4,SYNTH_SMURFSINK_0000015,0.0,6905.95,1,0,structuring_smurfing,1
438,TRANSFER,6920.78,SYNTH_SMURF_0000015,49720.4,42799.62,SYNTH_SMURFSINK_0000015,0.0,6920.78,1,0,structuring_smurfing,1
663,TRANSFER,7404.14,SYNTH_SMURF_0000015,42799.62,35395.48,SYNTH_SMURFSINK_0000015,0.0,7404.14,1,0,structuring_smurfing,1
387,TRANSFER,7825.45,SYNTH_SMURF_0000015,35395.48,27570.03,SYNTH_SMURFSINK_0000015,0.0,7825.45,1,0,structuring_smurfing,1
58,TRANSFER,7298.37,SYNTH_SMURF_0000015,27570.03,20271.67,SYNTH_SMURFSINK_0000015,0.0,7298.37,1,0,structuring_smurfing,1
446,TRANSFER,8294.63,SYNTH_SMURF_0000015,20271.67,11977.04,SYNTH_SMURFSINK_0000015,0.0,8294.63,1,0,structuring_smurfing,1
298,TRANSFER,7549.65,SYNTH_SMURF_0000016,46101.41,38551.76,SYNTH_SMURFSINK_0000016,0.0,7549.65,1,0,structuring_smurfing,1
433,TRANSFER,3605.73,SYNTH_SMURF_0000016,38551.76,34946.03,SYNTH_SMURFSINK_0000016,0.0,3605.73,1,0,structuring_smurfing,1
707,TRANSFER,6968.24,SYNTH_SMURF_0000016,34946.03,27977.79,SYNTH_SMURFSINK_0000016,0.0,6968.24,1,0,structuring_smurfing,1
452,TRANSFER,4485.64,SYNTH_SMURF_0000016,27977.79,23492.14,SYNTH_SMURFSINK_0000016,0.0,4485.64,1,0,structuring_smurfing,1
207,TRANSFER,7917.91,SYNTH_SMURF_0000016,23492.14,15574.23,SYNTH_SMURFSINK_0000016,0.0,7917.91,1,0,structuring_smurfing,1
269,TRANSFER,8543.85,SYNTH_SMURF_0000016,15574.23,7030.38,SYNTH_SMURFSINK_0000016,0.0,8543.85,1,0,structuring_smurfing,1
275,TRANSFER,5467.16,SYNTH_SMURF_0000017,39635.29,34168.13,SYNTH_SMURFSINK_0000017,0.0,5467.16,1,0,structuring_smurfing,1
367,TRANSFER,3337.54,SYNTH_SMURF_0000017,34168.13,30830.59,SYNTH_SMURFSINK_0000017,0.0,3337.54,1,0,structuring_smurfing,1
686,TRANSFER,3958.15,SYNTH_SMURF_0000017,30830.59,26872.44,SYNTH_SMURFSINK_0000017,0.0,3958.15,1,0,structuring_smurfing,1
202,TRANSFER,4293.27,SYNTH_SMURF_0000017,26872.44,22579.17,SYNTH_SMURFSINK_0000017,0.0,4293.27,1,0,structuring_smurfing,1
697,TRANSFER,5501.67,SYNTH_SMURF_0000017,22579.17,17077.5,SYNTH_SMURFSINK_0000017,0.0,5501.67,1,0,structuring_smurfing,1
92,TRANSFER,9325.76,SYNTH_SMURF_0000017,17077.5,7751.73,SYNTH_SMURFSINK_0000017,0.0,9325.76,1,0,structuring_smurfing,1
718,TRANSFER,8378.12,SYNTH_SMURF_0000018,44237.6,35859.47,SYNTH_SMURFSINK_0000018,0.0,8378.12,1,0,structuring_smurfing,1
667,TRANSFER,3742.5,SYNTH_SMURF_0000018,35859.47,32116.98,SYNTH_SMURFSINK_0000018,0.0,3742.5,1,0,structuring_smurfing,1
677,TRANSFER,7078.02,SYNTH_SMURF_0000018,32116.98,25038.95,SYNTH_SMURFSINK_0000018,0.0,7078.02,1,0,structuring_smurfing,1
624,TRANSFER,9425.94,SYNTH_SMURF_0000018,25038.95,15613.01,SYNTH_SMURFSINK_0000018,0.0,9425.94,1,0,structuring_smurfing,1
486,TRANSFER,5694.33,SYNTH_SMURF_0000018,15613.01,9918.69,SYNTH_SMURFSINK_0000018,0.0,5694.33,1,0,structuring_smurfing,1
402,TRANSFER,3341.33,SYNTH_SMURF_0000018,9918.69,6577.36,SYNTH_SMURFSINK_0000018,0.0,3341.33,1,0,structuring_smurfing,1
453,TRANSFER,3226.98,SYNTH_SMURF_0000019,39891.53,36664.55,SYNTH_SMURFSINK_0000019,0.0,3226.98,1,0,structuring_smurfing,1
683,TRANSFER,7576.2,SYNTH_SMURF_0000019,36664.55,29088.35,SYNTH_SMURFSINK_0000019,0.0,7576.2,1,0,structuring_smurfing,1
500,TRANSFER,9368.33,SYNTH_SMURF_0000019,29088.35,19720.03,SYNTH_SMURFSINK_0000019,0.0,9368.33,1,0,structuring_smurfing,1
673,TRANSFER,8555.31,SYNTH_SMURF_0000019,19720.03,11164.72,SYNTH_SMURFSINK_0000019,0.0,8555.31,1,0,structuring_smurfing,1
71,TRANSFER,4857.23,SYNTH_SMURF_0000019,11164.72,6307.49,SYNTH_SMURFSINK_0000019,0.0,4857.23,1,0,structuring_smurfing,1
390,TRANSFER,3357.28,SYNTH_SMURF_0000019,6307.49,2950.21,SYNTH_SMURFSINK_0000019,0.0,3357.28,1,0,structuring_smurfing,1
729,TRANSFER,3648.24,SYNTH_SMURF_0000020,34791.32,31143.07,SYNTH_SMURFSINK_0000020,0.0,3648.24,1,0,structuring_smurfing,1
167,TRANSFER,4559.31,SYNTH_SMURF_0000020,31143.07,26583.77,SYNTH_SMURFSINK_0000020,0.0,4559.31,1,0,structuring_smurfing,1
281,TRANSFER,8605.49,SYNTH_SMURF_0000020,26583.77,17978.28,SYNTH_SMURFSINK_0000020,0.0,8605.49,1,0,structuring_smurfing,1
144,TRANSFER,3977.08,SYNTH_SMURF_0000020,17978.28,14001.2,SYNTH_SMURFSINK_0000020,0.0,3977.08,1,0,structuring_smurfing,1
291,TRANSFER,4518.88,SYNTH_SMURF_0000020,14001.2,9482.32,SYNTH_SMURFSINK_0000020,0.0,4518.88,1,0,structuring_smurfing,1
434,TRANSFER,6675.71,SYNTH_SMURF_0000020,9482.32,2806.6,SYNTH_SMURFSINK_0000020,0.0,6675.71,1,0,structuring_smurfing,1
400,TRANSFER,9120.01,SYNTH_SMURF_0000021,50958.31,41838.31,SYNTH_SMURFSINK_0000021,0.0,9120.01,1,0,structuring_smurfing,1
508,TRANSFER,9046.68,SYNTH_SMURF_0000021,41838.31,32791.63,SYNTH_SMURFSINK_0000021,0.0,9046.68,1,0,structuring_smurfing,1
374,TRANSFER,8554.89,SYNTH_SMURF_0000021,32791.63,24236.74,SYNTH_SMURFSINK_0000021,0.0,8554.89,1,0,structuring_smurfing,1
49,TRANSFER,7229.62,SYNTH_SMURF_0000021,24236.74,17007.12,SYNTH_SMURFSINK_0000021,0.0,7229.62,1,0,structuring_smurfing,1
31,TRANSFER,7154.98,SYNTH_SMURF_0000021,17007.12,9852.14,SYNTH_SMURFSINK_0000021,0.0,7154.98,1,0,structuring_smurfing,1
683,TRANSFER,7282.72,SYNTH_SMURF_0000021,9852.14,2569.42,SYNTH_SMURFSINK_0000021,0.0,7282.72,1,0,structuring_smurfing,1
645,TRANSFER,6415.22,SYNTH_SMURF_0000022,41383.88,34968.65,SYNTH_SMURFSINK_0000022,0.0,6415.22,1,0,structuring_smurfing,1
276,TRANSFER,6398.17,SYNTH_SMURF_0000022,34968.65,28570.48,SYNTH_SMURFSINK_0000022,0.0,6398.17,1,0,structuring_smurfing,1
78,TRANSFER,5927.83,SYNTH_SMURF_0000022,28570.48,22642.65,SYNTH_SMURFSINK_0000022,0.0,5927.83,1,0,structuring_smurfing,1
688,TRANSFER,5276.1,SYNTH_SMURF_0000022,22642.65,17366.55,SYNTH_SMURFSINK_0000022,0.0,5276.1,1,0,structuring_smurfing,1
335,TRANSFER,4673.83,SYNTH_SMURF_0000022,17366.55,12692.71,SYNTH_SMURFSINK_0000022,0.0,4673.83,1,0,structuring_smurfing,1
147,TRANSFER,6534.55,SYNTH_SMURF_0000022,12692.71,6158.16,SYNTH_SMURFSINK_0000022,0.0,6534.55,1,0,structuring_smurfing,1
207,TRANSFER,7313.06,SYNTH_SMURF_0000023,44624.32,37311.26,SYNTH_SMURFSINK_0000023,0.0,7313.06,1,0,structuring_smurfing,1
354,TRANSFER,9365.01,SYNTH_SMURF_0000023,37311.26,27946.24,SYNTH_SMURFSINK_0000023,0.0,9365.01,1,0,structuring_smurfing,1
611,TRANSFER,4910.98,SYNTH_SMURF_0000023,27946.24,23035.26,SYNTH_SMURFSINK_0000023,0.0,4910.98,1,0,structuring_smurfing,1
57,TRANSFER,7641.57,SYNTH_SMURF_0000023,23035.26,15393.69,SYNTH_SMURFSINK_0000023,0.0,7641.57,1,0,structuring_smurfing,1
578,TRANSFER,3167.77,SYNTH_SMURF_0000023,15393.69,12225.92,SYNTH_SMURFSINK_0000023,0.0,3167.77,1,0,structuring_smurfing,1
453,TRANSFER,4758.0,SYNTH_SMURF_0000023,12225.92,7467.92,SYNTH_SMURFSINK_0000023,0.0,4758.0,1,0,structuring_smurfing,1
475,TRANSFER,5653.64,SYNTH_SMURF_0000024,41438.35,35784.72,SYNTH_SMURFSINK_0000024,0.0,5653.64,1,0,structuring_smurfing,1
413,TRANSFER,3276.4,SYNTH_SMURF_0000024,35784.72,32508.32,SYNTH_SMURFSINK_0000024,0.0,3276.4,1,0,structuring_smurfing,1
452,TRANSFER,3669.68,SYNTH_SMURF_0000024,32508.32,28838.64,SYNTH_SMURFSINK_0000024,0.0,3669.68,1,0,structuring_smurfing,1
551,TRANSFER,7388.47,SYNTH_SMURF_0000024,28838.64,21450.17,SYNTH_SMURFSINK_0000024,0.0,7388.47,1,0,structuring_smurfing,1
343,TRANSFER,9670.22,SYNTH_SMURF_0000024,21450.17,11779.95,SYNTH_SMURFSINK_0000024,0.0,9670.22,1,0,structuring_smurfing,1
607,TRANSFER,3105.88,SYNTH_SMURF_0000024,11779.95,8674.07,SYNTH_SMURFSINK_0000024,0.0,3105.88,1,0,structuring_smurfing,1
254,TRANSFER,3819.34,SYNTH_SMURF_0000025,40511.01,36691.67,SYNTH_SMURFSINK_0000025,0.0,3819.34,1,0,structuring_smurfing,1
10,TRANSFER,9205.42,SYNTH_SMURF_0000025,36691.67,27486.25,SYNTH_SMURFSINK_0000025,0.0,9205.42,1,0,structuring_smurfing,1
427,TRANSFER,3174.32,SYNTH_SMURF_0000025,27486.25,24311.93,SYNTH_SMURFSINK_0000025,0.0,3174.32,1,0,structuring_smurfing,1
331,TRANSFER,8602.54,SYNTH_SMURF_0000025,24311.93,15709.39,SYNTH_SMURFSINK_0000025,0.0,8602.54,1,0,structuring_smurfing,1
606,TRANSFER,3514.16,SYNTH_SMURF_0000025,15709.39,12195.23,SYNTH_SMURFSINK_0000025,0.0,3514.16,1,0,structuring_smurfing,1
252,TRANSFER,4304.01,SYNTH_SMURF_0000025,12195.23,7891.22,SYNTH_SMURFSINK_0000025,0.0,4304.01,1,0,structuring_smurfing,1
277,TRANSFER,8983.97,SYNTH_SMURF_0000026,46912.49,37928.51,SYNTH_SMURFSINK_0000026,0.0,8983.97,1,0,structuring_smurfing,1
302,TRANSFER,7372.2,SYNTH_SMURF_0000026,37928.51,30556.31,SYNTH_SMURFSINK_0000026,0.0,7372.2,1,0,structuring_smurfing,1
691,TRANSFER,3833.55,SYNTH_SMURF_0000026,30556.31,26722.76,SYNTH_SMURFSINK_0000026,0.0,3833.55,1,0,structuring_smurfing,1
687,TRANSFER,4979.12,SYNTH_SMURF_0000026,26722.76,21743.64,SYNTH_SMURFSINK_0000026,0.0,4979.12,1,0,structuring_smurfing,1
420,TRANSFER,9119.23,SYNTH_SMURF_0000026,21743.64,12624.41,SYNTH_SMURFSINK_0000026,0.0,9119.23,1,0,structuring_smurfing,1
681,TRANSFER,3594.52,SYNTH_SMURF_0000026,12624.41,9029.89,SYNTH_SMURFSINK_0000026,0.0,3594.52,1,0,structuring_smurfing,1
225,TRANSFER,3211.59,SYNTH_SMURF_0000027,34813.13,31601.54,SYNTH_SMURFSINK_0000027,0.0,3211.59,1,0,structuring_smurfing,1
653,TRANSFER,3965.85,SYNTH_SMURF_0000027,31601.54,27635.68,SYNTH_SMURFSINK_0000027,0.0,3965.85,1,0,structuring_smurfing,1
644,TRANSFER,7115.13,SYNTH_SMURF_0000027,27635.68,20520.55,SYNTH_SMURFSINK_0000027,0.0,7115.13,1,0,structuring_smurfing,1
582,TRANSFER,4558.1,SYNTH_SMURF_0000027,20520.55,15962.45,SYNTH_SMURFSINK_0000027,0.0,4558.1,1,0,structuring_smurfing,1
373,TRANSFER,7462.55,SYNTH_SMURF_0000027,15962.45,8499.9,SYNTH_SMURFSINK_0000027,0.0,7462.55,1,0,structuring_smurfing,1
366,TRANSFER,5353.19,SYNTH_SMURF_0000027,8499.9,3146.71,SYNTH_SMURFSINK_0000027,0.0,5353.19,1,0,structuring_smurfing,1
440,TRANSFER,8767.94,SYNTH_SMURF_0000028,54589.46,45821.52,SYNTH_SMURFSINK_0000028,0.0,8767.94,1,0,structuring_smurfing,1
673,TRANSFER,8514.55,SYNTH_SMURF_0000028,45821.52,37306.97,SYNTH_SMURFSINK_0000028,0.0,8514.55,1,0,structuring_smurfing,1
642,TRANSFER,9044.4,SYNTH_SMURF_0000028,37306.97,28262.56,SYNTH_SMURFSINK_0000028,0.0,9044.4,1,0,structuring_smurfing,1
413,TRANSFER,8879.1,SYNTH_SMURF_0000028,28262.56,19383.47,SYNTH_SMURFSINK_0000028,0.0,8879.1,1,0,structuring_smurfing,1
106,TRANSFER,9429.29,SYNTH_SMURF_0000028,19383.47,9954.17,SYNTH_SMURFSINK_0000028,0.0,9429.29,1,0,structuring_smurfing,1
307,TRANSFER,4529.85,SYNTH_SMURF_0000028,9954.17,5424.32,SYNTH_SMURFSINK_0000028,0.0,4529.85,1,0,structuring_smurfing,1
186,TRANSFER,3552.27,SYNTH_SMURF_0000029,45852.33,42300.06,SYNTH_SMURFSINK_0000029,0.0,3552.27,1,0,structuring_smurfing,1
332,TRANSFER,6326.98,SYNTH_SMURF_0000029,42300.06,35973.08,SYNTH_SMURFSINK_0000029,0.0,6326.98,1,0,structuring_smurfing,1
461,TRANSFER,8948.0,SYNTH_SMURF_0000029,35973.08,27025.08,SYNTH_SMURFSINK_0000029,0.0,8948.0,1,0,structuring_smurfing,1
180,TRANSFER,7222.02,SYNTH_SMURF_0000029,27025.08,19803.06,SYNTH_SMURFSINK_0000029,0.0,7222.02,1,0,structuring_smurfing,1
213,TRANSFER,6490.54,SYNTH_SMURF_0000029,19803.06,13312.52,SYNTH_SMURFSINK_0000029,0.0,6490.54,1,0,structuring_smurfing,1
608,TRANSFER,5871.57,SYNTH_SMURF_0000029,13312.52,7440.95,SYNTH_SMURFSINK_0000029,0.0,5871.57,1,0,structuring_smurfing,1
129,TRANSFER,8781.61,SYNTH_SMURF_0000030,59382.68,50601.07,SYNTH_SMURFSINK_0000030,0.0,8781.61,1,0,structuring_smurfing,1
627,TRANSFER,4950.04,SYNTH_SMURF_0000030,50601.07,45651.03,SYNTH_SMURFSINK_0000030,0.0,4950.04,1,0,structuring_smurfing,1
65,TRANSFER,8906.84,SYNTH_SMURF_0000030,45651.03,36744.2,SYNTH_SMURFSINK_0000030,0.0,8906.84,1,0,structuring_smurfing,1
725,TRANSFER,7887.05,SYNTH_SMURF_0000030,36744.2,28857.15,SYNTH_SMURFSINK_0000030,0.0,7887.05,1,0,structuring_smurfing,1
127,TRANSFER,8351.62,SYNTH_SMURF_0000030,28857.15,20505.53,SYNTH_SMURFSINK_0000030,0.0,8351.62,1,0,structuring_smurfing,1
313,TRANSFER,7452.68,SYNTH_SMURF_0000030,20505.53,13052.84,SYNTH_SMURFSINK_0000030,0.0,7452.68,1,0,structuring_smurfing,1
661,TRANSFER,5642.65,SYNTH_SMURF_0000031,41712.06,36069.4,SYNTH_SMURFSINK_0000031,0.0,5642.65,1,0,structuring_smurfing,1
312,TRANSFER,6788.62,SYNTH_SMURF_0000031,36069.4,29280.78,SYNTH_SMURFSINK_0000031,0.0,6788.62,1,0,structuring_smurfing,1
411,TRANSFER,3709.81,SYNTH_SMURF_0000031,29280.78,25570.97,SYNTH_SMURFSINK_0000031,0.0,3709.81,1,0,structuring_smurfing,1
213,TRANSFER,4512.69,SYNTH_SMURF_0000031,25570.97,21058.28,SYNTH_SMURFSINK_0000031,0.0,4512.69,1,0,structuring_smurfing,1
157,TRANSFER,8632.66,SYNTH_SMURF_0000031,21058.28,12425.61,SYNTH_SMURFSINK_0000031,0.0,8632.66,1,0,structuring_smurfing,1
345,TRANSFER,5656.9,SYNTH_SMURF_0000031,12425.61,6768.71,SYNTH_SMURFSINK_0000031,0.0,5656.9,1,0,structuring_smurfing,1
191,TRANSFER,6130.73,SYNTH_SMURF_0000032,47978.2,41847.47,SYNTH_SMURFSINK_0000032,0.0,6130.73,1,0,structuring_smurfing,1
383,TRANSFER,7115.69,SYNTH_SMURF_0000032,41847.47,34731.78,SYNTH_SMURFSINK_0000032,0.0,7115.69,1,0,structuring_smurfing,1
88,TRANSFER,5996.75,SYNTH_SMURF_0000032,34731.78,28735.03,SYNTH_SMURFSINK_0000032,0.0,5996.75,1,0,structuring_smurfing,1
344,TRANSFER,5670.92,SYNTH_SMURF_0000032,28735.03,23064.11,SYNTH_SMURFSINK_0000032,0.0,5670.92,1,0,structuring_smurfing,1
576,TRANSFER,6161.6,SYNTH_SMURF_0000032,23064.11,16902.51,SYNTH_SMURFSINK_0000032,0.0,6161.6,1,0,structuring_smurfing,1
606,TRANSFER,6899.39,SYNTH_SMURF_0000032,16902.51,10003.12,SYNTH_SMURFSINK_0000032,0.0,6899.39,1,0,structuring_smurfing,1
137,TRANSFER,4028.4,SYNTH_SMURF_0000033,45540.04,41511.64,SYNTH_SMURFSINK_0000033,0.0,4028.4,1,0,structuring_smurfing,1
196,TRANSFER,6903.97,SYNTH_SMURF_0000033,41511.64,34607.67,SYNTH_SMURFSINK_0000033,0.0,6903.97,1,0,structuring_smurfing,1
340,TRANSFER,4911.59,SYNTH_SMURF_0000033,34607.67,29696.08,SYNTH_SMURFSINK_0000033,0.0,4911.59,1,0,structuring_smurfing,1
397,TRANSFER,7952.45,SYNTH_SMURF_0000033,29696.08,21743.62,SYNTH_SMURFSINK_0000033,0.0,7952.45,1,0,structuring_smurfing,1
127,TRANSFER,4599.86,SYNTH_SMURF_0000033,21743.62,17143.76,SYNTH_SMURFSINK_0000033,0.0,4599.86,1,0,structuring_smurfing,1
706,TRANSFER,7498.4,SYNTH_SMURF_0000033,17143.76,9645.36,SYNTH_SMURFSINK_0000033,0.0,7498.4,1,0,structuring_smurfing,1
494,TRANSFER,4111.3,SYNTH_SMURF_0000034,41976.07,37864.77,SYNTH_SMURFSINK_0000034,0.0,4111.3,1,0,structuring_smurfing,1
404,TRANSFER,8491.71,SYNTH_SMURF_0000034,37864.77,29373.06,SYNTH_SMURFSINK_0000034,0.0,8491.71,1,0,structuring_smurfing,1
19,TRANSFER,3215.4,SYNTH_SMURF_0000034,29373.06,26157.66,SYNTH_SMURFSINK_0000034,0.0,3215.4,1,0,structuring_smurfing,1
292,TRANSFER,5635.12,SYNTH_SMURF_0000034,26157.66,20522.54,SYNTH_SMURFSINK_0000034,0.0,5635.12,1,0,structuring_smurfing,1
531,TRANSFER,8833.91,SYNTH_SMURF_0000034,20522.54,11688.62,SYNTH_SMURFSINK_0000034,0.0,8833.91,1,0,structuring_smurfing,1
606,TRANSFER,7614.64,SYNTH_SMURF_0000034,11688.62,4073.98,SYNTH_SMURFSINK_0000034,0.0,7614.64,1,0,structuring_smurfing,1
46,TRANSFER,4141.62,SYNTH_SMURF_0000035,40319.31,36177.69,SYNTH_SMURFSINK_0000035,0.0,4141.62,1,0,structuring_smurfing,1
645,TRANSFER,7306.79,SYNTH_SMURF_0000035,36177.69,28870.91,SYNTH_SMURFSINK_0000035,0.0,7306.79,1,0,structuring_smurfing,1
687,TRANSFER,9512.36,SYNTH_SMURF_0000035,28870.91,19358.54,SYNTH_SMURFSINK_0000035,0.0,9512.36,1,0,structuring_smurfing,1
158,TRANSFER,4656.62,SYNTH_SMURF_0000035,19358.54,14701.93,SYNTH_SMURFSINK_0000035,0.0,4656.62,1,0,structuring_smurfing,1
252,TRANSFER,4672.79,SYNTH_SMURF_0000035,14701.93,10029.13,SYNTH_SMURFSINK_0000035,0.0,4672.79,1,0,structuring_smurfing,1
376,TRANSFER,3934.64,SYNTH_SMURF_0000035,10029.13,6094.49,SYNTH_SMURFSINK_0000035,0.0,3934.64,1,0,structuring_smurfing,1
257,TRANSFER,8409.9,SYNTH_SMURF_0000036,45211.45,36801.56,SYNTH_SMURFSINK_0000036,0.0,8409.9,1,0,structuring_smurfing,1
95,TRANSFER,5380.39,SYNTH_SMURF_0000036,36801.56,31421.17,SYNTH_SMURFSINK_0000036,0.0,5380.39,1,0,structuring_smurfing,1
144,TRANSFER,5749.29,SYNTH_SMURF_0000036,31421.17,25671.88,SYNTH_SMURFSINK_0000036,0.0,5749.29,1,0,structuring_smurfing,1
288,TRANSFER,4125.18,SYNTH_SMURF_0000036,25671.88,21546.7,SYNTH_SMURFSINK_0000036,0.0,4125.18,1,0,structuring_smurfing,1
369,TRANSFER,7963.46,SYNTH_SMURF_0000036,21546.7,13583.24,SYNTH_SMURFSINK_0000036,0.0,7963.46,1,0,structuring_smurfing,1
646,TRANSFER,8257.55,SYNTH_SMURF_0000036,13583.24,5325.69,SYNTH_SMURFSINK_0000036,0.0,8257.55,1,0,structuring_smurfing,1
697,TRANSFER,4822.7,SYNTH_SMURF_0000037,39941.75,35119.04,SYNTH_SMURFSINK_0000037,0.0,4822.7,1,0,structuring_smurfing,1
101,TRANSFER,6082.25,SYNTH_SMURF_0000037,35119.04,29036.79,SYNTH_SMURFSINK_0000037,0.0,6082.25,1,0,structuring_smurfing,1
251,TRANSFER,4216.2,SYNTH_SMURF_0000037,29036.79,24820.59,SYNTH_SMURFSINK_0000037,0.0,4216.2,1,0,structuring_smurfing,1
604,TRANSFER,6548.49,SYNTH_SMURF_0000037,24820.59,18272.1,SYNTH_SMURFSINK_0000037,0.0,6548.49,1,0,structuring_smurfing,1
393,TRANSFER,7734.86,SYNTH_SMURF_0000037,18272.1,10537.24,SYNTH_SMURFSINK_0000037,0.0,7734.86,1,0,structuring_smurfing,1
159,TRANSFER,6854.48,SYNTH_SMURF_0000037,10537.24,3682.76,SYNTH_SMURFSINK_0000037,0.0,6854.48,1,0,structuring_smurfing,1
119,TRANSFER,4250.64,SYNTH_SMURF_0000038,41075.5,36824.86,SYNTH_SMURFSINK_0000038,0.0,4250.64,1,0,structuring_smurfing,1
98,TRANSFER,6330.07,SYNTH_SMURF_0000038,36824.86,30494.79,SYNTH_SMURFSINK_0000038,0.0,6330.07,1,0,structuring_smurfing,1
418,TRANSFER,3220.67,SYNTH_SMURF_0000038,30494.79,27274.12,SYNTH_SMURFSINK_0000038,0.0,3220.67,1,0,structuring_smurfing,1
646,TRANSFER,4509.49,SYNTH_SMURF_0000038,27274.12,22764.63,SYNTH_SMURFSINK_0000038,0.0,4509.49,1,0,structuring_smurfing,1
307,TRANSFER,7850.88,SYNTH_SMURF_0000038,22764.63,14913.75,SYNTH_SMURFSINK_0000038,0.0,7850.88,1,0,structuring_smurfing,1
586,TRANSFER,8610.47,SYNTH_SMURF_0000038,14913.75,6303.28,SYNTH_SMURFSINK_0000038,0.0,8610.47,1,0,structuring_smurfing,1
390,TRANSFER,7373.67,SYNTH_SMURF_0000039,48504.09,41130.42,SYNTH_SMURFSINK_0000039,0.0,7373.67,1,0,structuring_smurfing,1
357,TRANSFER,9158.03,SYNTH_SMURF_0000039,41130.42,31972.38,SYNTH_SMURFSINK_0000039,0.0,9158.03,1,0,structuring_smurfing,1
75,TRANSFER,3673.5,SYNTH_SMURF_0000039,31972.38,28298.88,SYNTH_SMURFSINK_0000039,0.0,3673.5,1,0,structuring_smurfing,1
476,TRANSFER,5115.62,SYNTH_SMURF_0000039,28298.88,23183.26,SYNTH_SMURFSINK_0000039,0.0,5115.62,1,0,structuring_smurfing,1
53,TRANSFER,3485.45,SYNTH_SMURF_0000039,23183.26,19697.81,SYNTH_SMURFSINK_0000039,0.0,3485.45,1,0,structuring_smurfing,1
622,TRANSFER,9330.19,SYNTH_SMURF_0000039,19697.81,10367.62,SYNTH_SMURFSINK_0000039,0.0,9330.19,1,0,structuring_smurfing,1
371,TRANSFER,3327.47,SYNTH_SMURF_0000040,43154.41,39826.94,SYNTH_SMURFSINK_0000040,0.0,3327.47,1,0,structuring_smurfing,1
124,TRANSFER,8052.41,SYNTH_SMURF_0000040,39826.94,31774.54,SYNTH_SMURFSINK_0000040,0.0,8052.41,1,0,structuring_smurfing,1
341,TRANSFER,5376.66,SYNTH_SMURF_0000040,31774.54,26397.88,SYNTH_SMURFSINK_0000040,0.0,5376.66,1,0,structuring_smurfing,1
98,TRANSFER,7345.6,SYNTH_SMURF_0000040,26397.88,19052.28,SYNTH_SMURFSINK_0000040,0.0,7345.6,1,0,structuring_smurfing,1
562,TRANSFER,6444.12,SYNTH_SMURF_0000040,19052.28,12608.15,SYNTH_SMURFSINK_0000040,0.0,6444.12,1,0,structuring_smurfing,1
82,TRANSFER,4740.27,SYNTH_SMURF_0000040,12608.15,7867.88,SYNTH_SMURFSINK_0000040,0.0,4740.27,1,0,structuring_smurfing,1
322,TRANSFER,7601.89,SYNTH_SMURF_0000041,50215.43,42613.53,SYNTH_SMURFSINK_0000041,0.0,7601.89,1,0,structuring_smurfing,1
541,TRANSFER,6612.43,SYNTH_SMURF_0000041,42613.53,36001.11,SYNTH_SMURFSINK_0000041,0.0,6612.43,1,0,structuring_smurfing,1
181,TRANSFER,9264.22,SYNTH_SMURF_0000041,36001.11,26736.89,SYNTH_SMURFSINK_0000041,0.0,9264.22,1,0,structuring_smurfing,1
716,TRANSFER,5582.28,SYNTH_SMURF_0000041,26736.89,21154.61,SYNTH_SMURFSINK_0000041,0.0,5582.28,1,0,structuring_smurfing,1
601,TRANSFER,8600.28,SYNTH_SMURF_0000041,21154.61,12554.33,SYNTH_SMURFSINK_0000041,0.0,8600.28,1,0,structuring_smurfing,1
604,TRANSFER,3503.43,SYNTH_SMURF_0000041,12554.33,9050.9,SYNTH_SMURFSINK_0000041,0.0,3503.43,1,0,structuring_smurfing,1
231,TRANSFER,8161.65,SYNTH_SMURF_0000042,48639.34,40477.69,SYNTH_SMURFSINK_0000042,0.0,8161.65,1,0,structuring_smurfing,1
178,TRANSFER,9688.13,SYNTH_SMURF_0000042,40477.69,30789.56,SYNTH_SMURFSINK_0000042,0.0,9688.13,1,0,structuring_smurfing,1
488,TRANSFER,6299.5,SYNTH_SMURF_0000042,30789.56,24490.06,SYNTH_SMURFSINK_0000042,0.0,6299.5,1,0,structuring_smurfing,1
236,TRANSFER,3410.74,SYNTH_SMURF_0000042,24490.06,21079.33,SYNTH_SMURFSINK_0000042,0.0,3410.74,1,0,structuring_smurfing,1
398,TRANSFER,6992.25,SYNTH_SMURF_0000042,21079.33,14087.08,SYNTH_SMURFSINK_0000042,0.0,6992.25,1,0,structuring_smurfing,1
510,TRANSFER,3797.46,SYNTH_SMURF_0000042,14087.08,10289.62,SYNTH_SMURFSINK_0000042,0.0,3797.46,1,0,structuring_smurfing,1
209,TRANSFER,7646.49,SYNTH_SMURF_0000043,42401.72,34755.23,SYNTH_SMURFSINK_0000043,0.0,7646.49,1,0,structuring_smurfing,1
334,TRANSFER,3267.64,SYNTH_SMURF_0000043,34755.23,31487.59,SYNTH_SMURFSINK_0000043,0.0,3267.64,1,0,structuring_smurfing,1
105,TRANSFER,3189.56,SYNTH_SMURF_0000043,31487.59,28298.03,SYNTH_SMURFSINK_0000043,0.0,3189.56,1,0,structuring_smurfing,1
643,TRANSFER,6743.12,SYNTH_SMURF_0000043,28298.03,21554.91,SYNTH_SMURFSINK_0000043,0.0,6743.12,1,0,structuring_smurfing,1
565,TRANSFER,4892.98,SYNTH_SMURF_0000043,21554.91,16661.93,SYNTH_SMURFSINK_0000043,0.0,4892.98,1,0,structuring_smurfing,1
245,TRANSFER,6998.07,SYNTH_SMURF_0000043,16661.93,9663.87,SYNTH_SMURFSINK_0000043,0.0,6998.07,1,0,structuring_smurfing,1
634,TRANSFER,7951.8,SYNTH_SMURF_0000044,44042.18,36090.38,SYNTH_SMURFSINK_0000044,0.0,7951.8,1,0,structuring_smurfing,1
346,TRANSFER,6116.92,SYNTH_SMURF_0000044,36090.38,29973.46,SYNTH_SMURFSINK_0000044,0.0,6116.92,1,0,structuring_smurfing,1
396,TRANSFER,4473.96,SYNTH_SMURF_0000044,29973.46,25499.5,SYNTH_SMURFSINK_0000044,0.0,4473.96,1,0,structuring_smurfing,1
352,TRANSFER,8443.86,SYNTH_SMURF_0000044,25499.5,17055.64,SYNTH_SMURFSINK_0000044,0.0,8443.86,1,0,structuring_smurfing,1
186,TRANSFER,7933.57,SYNTH_SMURF_0000044,17055.64,9122.07,SYNTH_SMURFSINK_0000044,0.0,7933.57,1,0,structuring_smurfing,1
605,TRANSFER,4487.09,SYNTH_SMURF_0000044,9122.07,4634.98,SYNTH_SMURFSINK_0000044,0.0,4487.09,1,0,structuring_smurfing,1
555,TRANSFER,5490.47,SYNTH_SMURF_0000045,38416.82,32926.35,SYNTH_SMURFSINK_0000045,0.0,5490.47,1,0,structuring_smurfing,1
149,TRANSFER,3305.94,SYNTH_SMURF_0000045,32926.35,29620.42,SYNTH_SMURFSINK_0000045,0.0,3305.94,1,0,structuring_smurfing,1
261,TRANSFER,8272.51,SYNTH_SMURF_0000045,29620.42,21347.91,SYNTH_SMURFSINK_0000045,0.0,8272.51,1,0,structuring_smurfing,1
444,TRANSFER,5901.09,SYNTH_SMURF_0000045,21347.91,15446.82,SYNTH_SMURFSINK_0000045,0.0,5901.09,1,0,structuring_smurfing,1
649,TRANSFER,5936.2,SYNTH_SMURF_0000045,15446.82,9510.62,SYNTH_SMURFSINK_0000045,0.0,5936.2,1,0,structuring_smurfing,1
180,TRANSFER,4643.89,SYNTH_SMURF_0000045,9510.62,4866.74,SYNTH_SMURFSINK_0000045,0.0,4643.89,1,0,structuring_smurfing,1
712,TRANSFER,5889.83,SYNTH_SMURF_0000046,47671.56,41781.73,SYNTH_SMURFSINK_0000046,0.0,5889.83,1,0,structuring_smurfing,1
319,TRANSFER,8460.8,SYNTH_SMURF_0000046,41781.73,33320.93,SYNTH_SMURFSINK_0000046,0.0,8460.8,1,0,structuring_smurfing,1
171,TRANSFER,5149.61,SYNTH_SMURF_0000046,33320.93,28171.32,SYNTH_SMURFSINK_0000046,0.0,5149.61,1,0,structuring_smurfing,1
544,TRANSFER,8078.84,SYNTH_SMURF_0000046,28171.32,20092.48,SYNTH_SMURFSINK_0000046,0.0,8078.84,1,0,structuring_smurfing,1
15,TRANSFER,9294.95,SYNTH_SMURF_0000046,20092.48,10797.53,SYNTH_SMURFSINK_0000046,0.0,9294.95,1,0,structuring_smurfing,1
333,TRANSFER,7427.82,SYNTH_SMURF_0000046,10797.53,3369.71,SYNTH_SMURFSINK_0000046,0.0,7427.82,1,0,structuring_smurfing,1
541,TRANSFER,5779.51,SYNTH_SMURF_0000047,38670.6,32891.09,SYNTH_SMURFSINK_0000047,0.0,5779.51,1,0,structuring_smurfing,1
443,TRANSFER,3829.84,SYNTH_SMURF_0000047,32891.09,29061.25,SYNTH_SMURFSINK_0000047,0.0,3829.84,1,0,structuring_smurfing,1
663,TRANSFER,5749.96,SYNTH_SMURF_0000047,29061.25,23311.29,SYNTH_SMURFSINK_0000047,0.0,5749.96,1,0,structuring_smurfing,1
323,TRANSFER,6731.46,SYNTH_SMURF_0000047,23311.29,16579.84,SYNTH_SMURFSINK_0000047,0.0,6731.46,1,0,structuring_smurfing,1
54,TRANSFER,9235.76,SYNTH_SMURF_0000047,16579.84,7344.07,SYNTH_SMURFSINK_0000047,0.0,9235.76,1,0,structuring_smurfing,1
25,TRANSFER,3242.69,SYNTH_SMURF_0000047,7344.07,4101.38,SYNTH_SMURFSINK_0000047,0.0,3242.69,1,0,structuring_smurfing,1
234,TRANSFER,5688.75,SYNTH_SMURF_0000048,32055.73,26366.98,SYNTH_SMURFSINK_0000048,0.0,5688.75,1,0,structuring_smurfing,1
230,TRANSFER,6544.56,SYNTH_SMURF_0000048,26366.98,19822.41,SYNTH_SMURFSINK_0000048,0.0,6544.56,1,0,structuring_smurfing,1
349,TRANSFER,3006.63,SYNTH_SMURF_0000048,19822.41,16815.78,SYNTH_SMURFSINK_0000048,0.0,3006.63,1,0,structuring_smurfing,1
426,TRANSFER,4084.52,SYNTH_SMURF_0000048,16815.78,12731.25,SYNTH_SMURFSINK_0000048,0.0,4084.52,1,0,structuring_smurfing,1
249,TRANSFER,3626.89,SYNTH_SMURF_0000048,12731.25,9104.36,SYNTH_SMURFSINK_0000048,0.0,3626.89,1,0,structuring_smurfing,1
159,TRANSFER,6682.81,SYNTH_SMURF_0000048,9104.36,2421.55,SYNTH_SMURFSINK_0000048,0.0,6682.81,1,0,structuring_smurfing,1
300,TRANSFER,3981.86,SYNTH_SMURF_0000049,44565.56,40583.69,SYNTH_SMURFSINK_0000049,0.0,3981.86,1,0,structuring_smurfing,1
697,TRANSFER,9574.55,SYNTH_SMURF_0000049,40583.69,31009.14,SYNTH_SMURFSINK_0000049,0.0,9574.55,1,0,structuring_smurfing,1
286,TRANSFER,7138.32,SYNTH_SMURF_0000049,31009.14,23870.82,SYNTH_SMURFSINK_0000049,0.0,7138.32,1,0,structuring_smurfing,1
160,TRANSFER,7088.94,SYNTH_SMURF_0000049,23870.82,16781.88,SYNTH_SMURFSINK_0000049,0.0,7088.94,1,0,structuring_smurfing,1
623,TRANSFER,9610.88,SYNTH_SMURF_0000049,16781.88,7171.0,SYNTH_SMURFSINK_0000049,0.0,9610.88,1,0,structuring_smurfing,1
477,TRANSFER,3592.54,SYNTH_SMURF_0000049,7171.0,3578.46,SYNTH_SMURFSINK_0000049,0.0,3592.54,1,0,structuring_smurfing,1
297,TRANSFER,9680.36,SYNTH_SMURF_0000050,48581.37,38901.01,SYNTH_SMURFSINK_0000050,0.0,9680.36,1,0,structuring_smurfing,1
420,TRANSFER,5540.14,SYNTH_SMURF_0000050,38901.01,33360.87,SYNTH_SMURFSINK_0000050,0.0,5540.14,1,0,structuring_smurfing,1
433,TRANSFER,7346.79,SYNTH_SMURF_0000050,33360.87,26014.08,SYNTH_SMURFSINK_0000050,0.0,7346.79,1,0,structuring_smurfing,1
521,TRANSFER,9484.98,SYNTH_SMURF_0000050,26014.08,16529.1,SYNTH_SMURFSINK_0000050,0.0,9484.98,1,0,structuring_smurfing,1
611,TRANSFER,3385.93,SYNTH_SMURF_0000050,16529.1,13143.17,SYNTH_SMURFSINK_0000050,0.0,3385.93,1,0,structuring_smurfing,1
125,TRANSFER,9183.19,SYNTH_SMURF_0000050,13143.17,3959.98,SYNTH_SMURFSINK_0000050,0.0,9183.19,1,0,structuring_smurfing,1
615,TRANSFER,4635.6,SYNTH_SMURF_0000051,42326.58,37690.98,SYNTH_SMURFSINK_0000051,0.0,4635.6,1,0,structuring_smurfing,1
140,TRANSFER,8724.43,SYNTH_SMURF_0000051,37690.98,28966.55,SYNTH_SMURFSINK_0000051,0.0,8724.43,1,0,structuring_smurfing,1
96,TRANSFER,3230.96,SYNTH_SMURF_0000051,28966.55,25735.59,SYNTH_SMURFSINK_0000051,0.0,3230.96,1,0,structuring_smurfing,1
500,TRANSFER,7749.38,SYNTH_SMURF_0000051,25735.59,17986.22,SYNTH_SMURFSINK_0000051,0.0,7749.38,1,0,structuring_smurfing,1
439,TRANSFER,9695.91,SYNTH_SMURF_0000051,17986.22,8290.3,SYNTH_SMURFSINK_0000051,0.0,9695.91,1,0,structuring_smurfing,1
70,TRANSFER,3050.14,SYNTH_SMURF_0000051,8290.3,5240.17,SYNTH_SMURFSINK_0000051,0.0,3050.14,1,0,structuring_smurfing,1
590,TRANSFER,7671.79,SYNTH_SMURF_0000052,46650.89,38979.1,SYNTH_SMURFSINK_0000052,0.0,7671.79,1,0,structuring_smurfing,1
339,TRANSFER,6981.77,SYNTH_SMURF_0000052,38979.1,31997.32,SYNTH_SMURFSINK_0000052,0.0,6981.77,1,0,structuring_smurfing,1
544,TRANSFER,4391.17,SYNTH_SMURF_0000052,31997.32,27606.16,SYNTH_SMURFSINK_0000052,0.0,4391.17,1,0,structuring_smurfing,1
224,TRANSFER,6773.01,SYNTH_SMURF_0000052,27606.16,20833.15,SYNTH_SMURFSINK_0000052,0.0,6773.01,1,0,structuring_smurfing,1
501,TRANSFER,8908.78,SYNTH_SMURF_0000052,20833.15,11924.37,SYNTH_SMURFSINK_0000052,0.0,8908.78,1,0,structuring_smurfing,1
107,TRANSFER,7467.78,SYNTH_SMURF_0000052,11924.37,4456.59,SYNTH_SMURFSINK_0000052,0.0,7467.78,1,0,structuring_smurfing,1
19,TRANSFER,8459.67,SYNTH_SMURF_0000053,43421.75,34962.09,SYNTH_SMURFSINK_0000053,0.0,8459.67,1,0,structuring_smurfing,1
702,TRANSFER,4129.92,SYNTH_SMURF_0000053,34962.09,30832.17,SYNTH_SMURFSINK_0000053,0.0,4129.92,1,0,structuring_smurfing,1
460,TRANSFER,4900.13,SYNTH_SMURF_0000053,30832.17,25932.04,SYNTH_SMURFSINK_0000053,0.0,4900.13,1,0,structuring_smurfing,1
615,TRANSFER,5802.46,SYNTH_SMURF_0000053,25932.04,20129.58,SYNTH_SMURFSINK_0000053,0.0,5802.46,1,0,structuring_smurfing,1
668,TRANSFER,5173.52,SYNTH_SMURF_0000053,20129.58,14956.06,SYNTH_SMURFSINK_0000053,0.0,5173.52,1,0,structuring_smurfing,1
150,TRANSFER,8348.95,SYNTH_SMURF_0000053,14956.06,6607.11,SYNTH_SMURFSINK_0000053,0.0,8348.95,1,0,structuring_smurfing,1
461,TRANSFER,5253.75,SYNTH_SMURF_0000054,38683.1,33429.34,SYNTH_SMURFSINK_0000054,0.0,5253.75,1,0,structuring_smurfing,1
686,TRANSFER,4052.07,SYNTH_SMURF_0000054,33429.34,29377.27,SYNTH_SMURFSINK_0000054,0.0,4052.07,1,0,structuring_smurfing,1
677,TRANSFER,3079.12,SYNTH_SMURF_0000054,29377.27,26298.15,SYNTH_SMURFSINK_0000054,0.0,3079.12,1,0,structuring_smurfing,1
96,TRANSFER,4661.24,SYNTH_SMURF_0000054,26298.15,21636.91,SYNTH_SMURFSINK_0000054,0.0,4661.24,1,0,structuring_smurfing,1
532,TRANSFER,9123.93,SYNTH_SMURF_0000054,21636.91,12512.97,SYNTH_SMURFSINK_0000054,0.0,9123.93,1,0,structuring_smurfing,1
426,TRANSFER,8341.66,SYNTH_SMURF_0000054,12512.97,4171.31,SYNTH_SMURFSINK_0000054,0.0,8341.66,1,0,structuring_smurfing,1
681,TRANSFER,6844.76,SYNTH_SMURF_0000055,45332.65,38487.89,SYNTH_SMURFSINK_0000055,0.0,6844.76,1,0,structuring_smurfing,1
385,TRANSFER,4228.23,SYNTH_SMURF_0000055,38487.89,34259.65,SYNTH_SMURFSINK_0000055,0.0,4228.23,1,0,structuring_smurfing,1
288,TRANSFER,6143.19,SYNTH_SMURF_0000055,34259.65,28116.46,SYNTH_SMURFSINK_0000055,0.0,6143.19,1,0,structuring_smurfing,1
603,TRANSFER,7360.44,SYNTH_SMURF_0000055,28116.46,20756.02,SYNTH_SMURFSINK_0000055,0.0,7360.44,1,0,structuring_smurfing,1
164,TRANSFER,3858.82,SYNTH_SMURF_0000055,20756.02,16897.2,SYNTH_SMURFSINK_0000055,0.0,3858.82,1,0,structuring_smurfing,1
496,TRANSFER,9234.98,SYNTH_SMURF_0000055,16897.2,7662.22,SYNTH_SMURFSINK_0000055,0.0,9234.98,1,0,structuring_smurfing,1
698,TRANSFER,4864.05,SYNTH_SMURF_0000056,32127.41,27263.35,SYNTH_SMURFSINK_0000056,0.0,4864.05,1,0,structuring_smurfing,1
418,TRANSFER,3666.71,SYNTH_SMURF_0000056,27263.35,23596.64,SYNTH_SMURFSINK_0000056,0.0,3666.71,1,0,structuring_smurfing,1
691,TRANSFER,7061.88,SYNTH_SMURF_0000056,23596.64,16534.76,SYNTH_SMURFSINK_0000056,0.0,7061.88,1,0,structuring_smurfing,1
151,TRANSFER,3444.56,SYNTH_SMURF_0000056,16534.76,13090.2,SYNTH_SMURFSINK_0000056,0.0,3444.56,1,0,structuring_smurfing,1
149,TRANSFER,4616.67,SYNTH_SMURF_0000056,13090.2,8473.53,SYNTH_SMURFSINK_0000056,0.0,4616.67,1,0,structuring_smurfing,1
438,TRANSFER,3406.74,SYNTH_SMURF_0000056,8473.53,5066.79,SYNTH_SMURFSINK_0000056,0.0,3406.74,1,0,structuring_smurfing,1
443,TRANSFER,6772.17,SYNTH_SMURF_0000057,45451.48,38679.31,SYNTH_SMURFSINK_0000057,0.0,6772.17,1,0,structuring_smurfing,1
611,TRANSFER,6168.34,SYNTH_SMURF_0000057,38679.31,32510.97,SYNTH_SMURFSINK_0000057,0.0,6168.34,1,0,structuring_smurfing,1
448,TRANSFER,7389.26,SYNTH_SMURF_0000057,32510.97,25121.7,SYNTH_SMURFSINK_0000057,0.0,7389.26,1,0,structuring_smurfing,1
417,TRANSFER,4407.58,SYNTH_SMURF_0000057,25121.7,20714.12,SYNTH_SMURFSINK_0000057,0.0,4407.58,1,0,structuring_smurfing,1
344,TRANSFER,9560.93,SYNTH_SMURF_0000057,20714.12,11153.19,SYNTH_SMURFSINK_0000057,0.0,9560.93,1,0,structuring_smurfing,1
207,TRANSFER,3657.13,SYNTH_SMURF_0000057,11153.19,7496.06,SYNTH_SMURFSINK_0000057,0.0,3657.13,1,0,structuring_smurfing,1
348,TRANSFER,3742.03,SYNTH_SMURF_0000058,41389.02,37646.99,SYNTH_SMURFSINK_0000058,0.0,3742.03,1,0,structuring_smurfing,1
530,TRANSFER,3532.69,SYNTH_SMURF_0000058,37646.99,34114.3,SYNTH_SMURFSINK_0000058,0.0,3532.69,1,0,structuring_smurfing,1
378,TRANSFER,8030.6,SYNTH_SMURF_0000058,34114.3,26083.7,SYNTH_SMURFSINK_0000058,0.0,8030.6,1,0,structuring_smurfing,1
198,TRANSFER,4962.67,SYNTH_SMURF_0000058,26083.7,21121.03,SYNTH_SMURFSINK_0000058,0.0,4962.67,1,0,structuring_smurfing,1
636,TRANSFER,8958.32,SYNTH_SMURF_0000058,21121.03,12162.71,SYNTH_SMURFSINK_0000058,0.0,8958.32,1,0,structuring_smurfing,1
508,TRANSFER,8105.89,SYNTH_SMURF_0000058,12162.71,4056.82,SYNTH_SMURFSINK_0000058,0.0,8105.89,1,0,structuring_smurfing,1
301,TRANSFER,5634.78,SYNTH_SMURF_0000059,39707.78,34073.0,SYNTH_SMURFSINK_0000059,0.0,5634.78,1,0,structuring_smurfing,1
204,TRANSFER,7973.63,SYNTH_SMURF_0000059,34073.0,26099.37,SYNTH_SMURFSINK_0000059,0.0,7973.63,1,0,structuring_smurfing,1
612,TRANSFER,6177.43,SYNTH_SMURF_0000059,26099.37,19921.95,SYNTH_SMURFSINK_0000059,0.0,6177.43,1,0,structuring_smurfing,1
634,TRANSFER,6823.9,SYNTH_SMURF_0000059,19921.95,13098.05,SYNTH_SMURFSINK_0000059,0.0,6823.9,1,0,structuring_smurfing,1
22,TRANSFER,5104.84,SYNTH_SMURF_0000059,13098.05,7993.21,SYNTH_SMURFSINK_0000059,0.0,5104.84,1,0,structuring_smurfing,1
422,TRANSFER,3946.64,SYNTH_SMURF_0000059,7993.21,4046.58,SYNTH_SMURFSINK_0000059,0.0,3946.64,1,0,structuring_smurfing,1
433,TRANSFER,4541.69,SYNTH_SMURF_0000060,46943.42,42401.73,SYNTH_SMURFSINK_0000060,0.0,4541.69,1,0,structuring_smurfing,1
478,TRANSFER,9601.94,SYNTH_SMURF_0000060,42401.73,32799.79,SYNTH_SMURFSINK_0000060,0.0,9601.94,1,0,structuring_smurfing,1
645,TRANSFER,7730.86,SYNTH_SMURF_0000060,32799.79,25068.93,SYNTH_SMURFSINK_0000060,0.0,7730.86,1,0,structuring_smurfing,1
285,TRANSFER,7139.17,SYNTH_SMURF_0000060,25068.93,17929.76,SYNTH_SMURFSINK_0000060,0.0,7139.17,1,0,structuring_smurfing,1
182,TRANSFER,3033.4,SYNTH_SMURF_0000060,17929.76,14896.36,SYNTH_SMURFSINK_0000060,0.0,3033.4,1,0,structuring_smurfing,1
677,TRANSFER,4234.88,SYNTH_SMURF_0000060,14896.36,10661.49,SYNTH_SMURFSINK_0000060,0.0,4234.88,1,0,structuring_smurfing,1
614,TRANSFER,6088.57,SYNTH_SMURF_0000061,43943.93,37855.36,SYNTH_SMURFSINK_0000061,0.0,6088.57,1,0,structuring_smurfing,1
474,TRANSFER,7304.92,SYNTH_SMURF_0000061,37855.36,30550.44,SYNTH_SMURFSINK_0000061,0.0,7304.92,1,0,structuring_smurfing,1
40,TRANSFER,9155.05,SYNTH_SMURF_0000061,30550.44,21395.38,SYNTH_SMURFSINK_0000061,0.0,9155.05,1,0,structuring_smurfing,1
573,TRANSFER,4666.12,SYNTH_SMURF_0000061,21395.38,16729.26,SYNTH_SMURFSINK_0000061,0.0,4666.12,1,0,structuring_smurfing,1
431,TRANSFER,8939.94,SYNTH_SMURF_0000061,16729.26,7789.33,SYNTH_SMURFSINK_0000061,0.0,8939.94,1,0,structuring_smurfing,1
434,TRANSFER,3653.55,SYNTH_SMURF_0000061,7789.33,4135.78,SYNTH_SMURFSINK_0000061,0.0,3653.55,1,0,structuring_smurfing,1
56,TRANSFER,4808.33,SYNTH_SMURF_0000062,47550.59,42742.26,SYNTH_SMURFSINK_0000062,0.0,4808.33,1,0,structuring_smurfing,1
345,TRANSFER,7005.12,SYNTH_SMURF_0000062,42742.26,35737.14,SYNTH_SMURFSINK_0000062,0.0,7005.12,1,0,structuring_smurfing,1
638,TRANSFER,5960.74,SYNTH_SMURF_0000062,35737.14,29776.4,SYNTH_SMURFSINK_0000062,0.0,5960.74,1,0,structuring_smurfing,1
306,TRANSFER,4637.99,SYNTH_SMURF_0000062,29776.4,25138.42,SYNTH_SMURFSINK_0000062,0.0,4637.99,1,0,structuring_smurfing,1
467,TRANSFER,8914.82,SYNTH_SMURF_0000062,25138.42,16223.59,SYNTH_SMURFSINK_0000062,0.0,8914.82,1,0,structuring_smurfing,1
127,TRANSFER,5505.28,SYNTH_SMURF_0000062,16223.59,10718.32,SYNTH_SMURFSINK_0000062,0.0,5505.28,1,0,structuring_smurfing,1
71,TRANSFER,8465.62,SYNTH_SMURF_0000063,57753.67,49288.05,SYNTH_SMURFSINK_0000063,0.0,8465.62,1,0,structuring_smurfing,1
428,TRANSFER,7847.85,SYNTH_SMURF_0000063,49288.05,41440.2,SYNTH_SMURFSINK_0000063,0.0,7847.85,1,0,structuring_smurfing,1
548,TRANSFER,8822.92,SYNTH_SMURF_0000063,41440.2,32617.29,SYNTH_SMURFSINK_0000063,0.0,8822.92,1,0,structuring_smurfing,1
217,TRANSFER,9075.61,SYNTH_SMURF_0000063,32617.29,23541.68,SYNTH_SMURFSINK_0000063,0.0,9075.61,1,0,structuring_smurfing,1
180,TRANSFER,5261.18,SYNTH_SMURF_0000063,23541.68,18280.5,SYNTH_SMURFSINK_0000063,0.0,5261.18,1,0,structuring_smurfing,1
192,TRANSFER,7093.42,SYNTH_SMURF_0000063,18280.5,11187.08,SYNTH_SMURFSINK_0000063,0.0,7093.42,1,0,structuring_smurfing,1
124,TRANSFER,5119.05,SYNTH_SMURF_0000064,46151.04,41031.99,SYNTH_SMURFSINK_0000064,0.0,5119.05,1,0,structuring_smurfing,1
658,TRANSFER,4375.24,SYNTH_SMURF_0000064,41031.99,36656.75,SYNTH_SMURFSINK_0000064,0.0,4375.24,1,0,structuring_smurfing,1
167,TRANSFER,6039.21,SYNTH_SMURF_0000064,36656.75,30617.54,SYNTH_SMURFSINK_0000064,0.0,6039.21,1,0,structuring_smurfing,1
593,TRANSFER,6663.65,SYNTH_SMURF_0000064,30617.54,23953.89,SYNTH_SMURFSINK_0000064,0.0,6663.65,1,0,structuring_smurfing,1
283,TRANSFER,9157.88,SYNTH_SMURF_0000064,23953.89,14796.0,SYNTH_SMURFSINK_0000064,0.0,9157.88,1,0,structuring_smurfing,1
674,TRANSFER,8861.32,SYNTH_SMURF_0000064,14796.0,5934.69,SYNTH_SMURFSINK_0000064,0.0,8861.32,1,0,structuring_smurfing,1
236,TRANSFER,4726.5,SYNTH_SMURF_0000065,45115.11,40388.6,SYNTH_SMURFSINK_0000065,0.0,4726.5,1,0,structuring_smurfing,1
476,TRANSFER,4138.6,SYNTH_SMURF_0000065,40388.6,36250.0,SYNTH_SMURFSINK_0000065,0.0,4138.6,1,0,structuring_smurfing,1
63,TRANSFER,9386.47,SYNTH_SMURF_0000065,36250.0,26863.54,SYNTH_SMURFSINK_0000065,0.0,9386.47,1,0,structuring_smurfing,1
478,TRANSFER,4309.31,SYNTH_SMURF_0000065,26863.54,22554.23,SYNTH_SMURFSINK_0000065,0.0,4309.31,1,0,structuring_smurfing,1
404,TRANSFER,9427.84,SYNTH_SMURF_0000065,22554.23,13126.39,SYNTH_SMURFSINK_0000065,0.0,9427.84,1,0,structuring_smurfing,1
276,TRANSFER,8097.62,SYNTH_SMURF_0000065,13126.39,5028.77,SYNTH_SMURFSINK_0000065,0.0,8097.62,1,0,structuring_smurfing,1
561,TRANSFER,4709.75,SYNTH_SMURF_0000066,43286.71,38576.96,SYNTH_SMURFSINK_0000066,0.0,4709.75,1,0,structuring_smurfing,1
475,TRANSFER,7764.79,SYNTH_SMURF_0000066,38576.96,30812.17,SYNTH_SMURFSINK_0000066,0.0,7764.79,1,0,structuring_smurfing,1
607,TRANSFER,7398.21,SYNTH_SMURF_0000066,30812.17,23413.96,SYNTH_SMURFSINK_0000066,0.0,7398.21,1,0,structuring_smurfing,1
203,TRANSFER,6023.7,SYNTH_SMURF_0000066,23413.96,17390.26,SYNTH_SMURFSINK_0000066,0.0,6023.7,1,0,structuring_smurfing,1
731,TRANSFER,7237.39,SYNTH_SMURF_0000066,17390.26,10152.87,SYNTH_SMURFSINK_0000066,0.0,7237.39,1,0,structuring_smurfing,1
205,TRANSFER,4068.6,SYNTH_SMURF_0000066,10152.87,6084.26,SYNTH_SMURFSINK_0000066,0.0,4068.6,1,0,structuring_smurfing,1
120,TRANSFER,4275.81,SYNTH_SMURF_0000067,45390.23,41114.42,SYNTH_SMURFSINK_0000067,0.0,4275.81,1,0,structuring_smurfing,1
299,TRANSFER,4293.15,SYNTH_SMURF_0000067,41114.42,36821.27,SYNTH_SMURFSINK_0000067,0.0,4293.15,1,0,structuring_smurfing,1
176,TRANSFER,6629.65,SYNTH_SMURF_0000067,36821.27,30191.62,SYNTH_SMURFSINK_0000067,0.0,6629.65,1,0,structuring_smurfing,1
660,TRANSFER,3863.48,SYNTH_SMURF_0000067,30191.62,26328.14,SYNTH_SMURFSINK_0000067,0.0,3863.48,1,0,structuring_smurfing,1
399,TRANSFER,7615.61,SYNTH_SMURF_0000067,26328.14,18712.53,SYNTH_SMURFSINK_0000067,0.0,7615.61,1,0,structuring_smurfing,1
105,TRANSFER,9324.45,SYNTH_SMURF_0000067,18712.53,9388.08,SYNTH_SMURFSINK_0000067,0.0,9324.45,1,0,structuring_smurfing,1
50,TRANSFER,3380.68,SYNTH_SMURF_0000068,39425.3,36044.62,SYNTH_SMURFSINK_0000068,0.0,3380.68,1,0,structuring_smurfing,1
80,TRANSFER,8205.28,SYNTH_SMURF_0000068,36044.62,27839.34,SYNTH_SMURFSINK_0000068,0.0,8205.28,1,0,structuring_smurfing,1
192,TRANSFER,5522.81,SYNTH_SMURF_0000068,27839.34,22316.53,SYNTH_SMURFSINK_0000068,0.0,5522.81,1,0,structuring_smurfing,1
608,TRANSFER,5032.36,SYNTH_SMURF_0000068,22316.53,17284.17,SYNTH_SMURFSINK_0000068,0.0,5032.36,1,0,structuring_smurfing,1
289,TRANSFER,4159.26,SYNTH_SMURF_0000068,17284.17,13124.91,SYNTH_SMURFSINK_0000068,0.0,4159.26,1,0,structuring_smurfing,1
485,TRANSFER,9673.31,SYNTH_SMURF_0000068,13124.91,3451.6,SYNTH_SMURFSINK_0000068,0.0,9673.31,1,0,structuring_smurfing,1
55,TRANSFER,3005.52,SYNTH_SMURF_0000069,31142.47,28136.95,SYNTH_SMURFSINK_0000069,0.0,3005.52,1,0,structuring_smurfing,1
63,TRANSFER,7010.14,SYNTH_SMURF_0000069,28136.95,21126.81,SYNTH_SMURFSINK_0000069,0.0,7010.14,1,0,structuring_smurfing,1
629,TRANSFER,5370.85,SYNTH_SMURF_0000069,21126.81,15755.95,SYNTH_SMURFSINK_0000069,0.0,5370.85,1,0,structuring_smurfing,1
87,TRANSFER,3829.38,SYNTH_SMURF_0000069,15755.95,11926.58,SYNTH_SMURFSINK_0000069,0.0,3829.38,1,0,structuring_smurfing,1
549,TRANSFER,4247.13,SYNTH_SMURF_0000069,11926.58,7679.45,SYNTH_SMURFSINK_0000069,0.0,4247.13,1,0,structuring_smurfing,1
682,TRANSFER,5222.72,SYNTH_SMURF_0000069,7679.45,2456.73,SYNTH_SMURFSINK_0000069,0.0,5222.72,1,0,structuring_smurfing,1
565,TRANSFER,7789.99,SYNTH_SMURF_0000070,35897.41,28107.42,SYNTH_SMURFSINK_0000070,0.0,7789.99,1,0,structuring_smurfing,1
454,TRANSFER,7025.39,SYNTH_SMURF_0000070,28107.42,21082.03,SYNTH_SMURFSINK_0000070,0.0,7025.39,1,0,structuring_smurfing,1
233,TRANSFER,7627.34,SYNTH_SMURF_0000070,21082.03,13454.69,SYNTH_SMURFSINK_0000070,0.0,7627.34,1,0,structuring_smurfing,1
732,TRANSFER,3644.48,SYNTH_SMURF_0000070,13454.69,9810.21,SYNTH_SMURFSINK_0000070,0.0,3644.48,1,0,structuring_smurfing,1
480,TRANSFER,4263.35,SYNTH_SMURF_0000070,9810.21,5546.86,SYNTH_SMURFSINK_0000070,0.0,4263.35,1,0,structuring_smurfing,1
499,TRANSFER,3513.48,SYNTH_SMURF_0000070,5546.86,2033.38,SYNTH_SMURFSINK_0000070,0.0,3513.48,1,0,structuring_smurfing,1
613,TRANSFER,8808.94,SYNTH_SMURF_0000071,40916.16,32107.22,SYNTH_SMURFSINK_0000071,0.0,8808.94,1,0,structuring_smurfing,1
345,TRANSFER,5443.34,SYNTH_SMURF_0000071,32107.22,26663.88,SYNTH_SMURFSINK_0000071,0.0,5443.34,1,0,structuring_smurfing,1
619,TRANSFER,3029.24,SYNTH_SMURF_0000071,26663.88,23634.64,SYNTH_SMURFSINK_0000071,0.0,3029.24,1,0,structuring_smurfing,1
155,TRANSFER,6398.47,SYNTH_SMURF_0000071,23634.64,17236.17,SYNTH_SMURFSINK_0000071,0.0,6398.47,1,0,structuring_smurfing,1
26,TRANSFER,9278.0,SYNTH_SMURF_0000071,17236.17,7958.17,SYNTH_SMURFSINK_0000071,0.0,9278.0,1,0,structuring_smurfing,1
82,TRANSFER,4724.12,SYNTH_SMURF_0000071,7958.17,3234.06,SYNTH_SMURFSINK_0000071,0.0,4724.12,1,0,structuring_smurfing,1
555,TRANSFER,4931.73,SYNTH_SMURF_0000072,43743.85,38812.12,SYNTH_SMURFSINK_0000072,0.0,4931.73,1,0,structuring_smurfing,1
277,TRANSFER,4306.7,SYNTH_SMURF_0000072,38812.12,34505.42,SYNTH_SMURFSINK_0000072,0.0,4306.7,1,0,structuring_smurfing,1
206,TRANSFER,3179.93,SYNTH_SMURF_0000072,34505.42,31325.49,SYNTH_SMURFSINK_0000072,0.0,3179.93,1,0,structuring_smurfing,1
430,TRANSFER,6707.99,SYNTH_SMURF_0000072,31325.49,24617.5,SYNTH_SMURFSINK_0000072,0.0,6707.99,1,0,structuring_smurfing,1
427,TRANSFER,7689.48,SYNTH_SMURF_0000072,24617.5,16928.02,SYNTH_SMURFSINK_0000072,0.0,7689.48,1,0,structuring_smurfing,1
102,TRANSFER,7340.78,SYNTH_SMURF_0000072,16928.02,9587.24,SYNTH_SMURFSINK_0000072,0.0,7340.78,1,0,structuring_smurfing,1
155,TRANSFER,9141.76,SYNTH_SMURF_0000073,41233.84,32092.08,SYNTH_SMURFSINK_0000073,0.0,9141.76,1,0,structuring_smurfing,1
109,TRANSFER,7350.93,SYNTH_SMURF_0000073,32092.08,24741.15,SYNTH_SMURFSINK_0000073,0.0,7350.93,1,0,structuring_smurfing,1
727,TRANSFER,9219.2,SYNTH_SMURF_0000073,24741.15,15521.95,SYNTH_SMURFSINK_0000073,0.0,9219.2,1,0,structuring_smurfing,1
104,TRANSFER,5791.92,SYNTH_SMURF_0000073,15521.95,9730.03,SYNTH_SMURFSINK_0000073,0.0,5791.92,1,0,structuring_smurfing,1
482,TRANSFER,3024.23,SYNTH_SMURF_0000073,9730.03,6705.8,SYNTH_SMURFSINK_0000073,0.0,3024.23,1,0,structuring_smurfing,1
273,TRANSFER,3419.23,SYNTH_SMURF_0000073,6705.8,3286.58,SYNTH_SMURFSINK_0000073,0.0,3419.23,1,0,structuring_smurfing,1
384,TRANSFER,8010.94,SYNTH_SMURF_0000074,34507.81,26496.87,SYNTH_SMURFSINK_0000074,0.0,8010.94,1,0,structuring_smurfing,1
570,TRANSFER,5377.17,SYNTH_SMURF_0000074,26496.87,21119.69,SYNTH_SMURFSINK_0000074,0.0,5377.17,1,0,structuring_smurfing,1
61,TRANSFER,3087.06,SYNTH_SMURF_0000074,21119.69,18032.64,SYNTH_SMURFSINK_0000074,0.0,3087.06,1,0,structuring_smurfing,1
566,TRANSFER,4879.94,SYNTH_SMURF_0000074,18032.64,13152.69,SYNTH_SMURFSINK_0000074,0.0,4879.94,1,0,structuring_smurfing,1
248,TRANSFER,5215.02,SYNTH_SMURF_0000074,13152.69,7937.67,SYNTH_SMURFSINK_0000074,0.0,5215.02,1,0,structuring_smurfing,1
515,TRANSFER,4837.45,SYNTH_SMURF_0000074,7937.67,3100.22,SYNTH_SMURFSINK_0000074,0.0,4837.45,1,0,structuring_smurfing,1
368,TRANSFER,7342.23,SYNTH_SMURF_0000075,42594.37,35252.14,SYNTH_SMURFSINK_0000075,0.0,7342.23,1,0,structuring_smurfing,1
127,TRANSFER,6239.53,SYNTH_SMURF_0000075,35252.14,29012.61,SYNTH_SMURFSINK_0000075,0.0,6239.53,1,0,structuring_smurfing,1
22,TRANSFER,5943.65,SYNTH_SMURF_0000075,29012.61,23068.96,SYNTH_SMURFSINK_0000075,0.0,5943.65,1,0,structuring_smurfing,1
109,TRANSFER,3751.23,SYNTH_SMURF_0000075,23068.96,19317.74,SYNTH_SMURFSINK_0000075,0.0,3751.23,1,0,structuring_smurfing,1
346,TRANSFER,6472.64,SYNTH_SMURF_0000075,19317.74,12845.1,SYNTH_SMURFSINK_0000075,0.0,6472.64,1,0,structuring_smurfing,1
678,TRANSFER,3669.54,SYNTH_SMURF_0000075,12845.1,9175.56,SYNTH_SMURFSINK_0000075,0.0,3669.54,1,0,structuring_smurfing,1
201,TRANSFER,6771.87,SYNTH_SMURF_0000076,43081.01,36309.14,SYNTH_SMURFSINK_0000076,0.0,6771.87,1,0,structuring_smurfing,1
603,TRANSFER,9158.37,SYNTH_SMURF_0000076,36309.14,27150.77,SYNTH_SMURFSINK_0000076,0.0,9158.37,1,0,structuring_smurfing,1
450,TRANSFER,5009.5,SYNTH_SMURF_0000076,27150.77,22141.27,SYNTH_SMURFSINK_0000076,0.0,5009.5,1,0,structuring_smurfing,1
637,TRANSFER,3769.39,SYNTH_SMURF_0000076,22141.27,18371.88,SYNTH_SMURFSINK_0000076,0.0,3769.39,1,0,structuring_smurfing,1
229,TRANSFER,6726.66,SYNTH_SMURF_0000076,18371.88,11645.21,SYNTH_SMURFSINK_0000076,0.0,6726.66,1,0,structuring_smurfing,1
341,TRANSFER,5315.1,SYNTH_SMURF_0000076,11645.21,6330.12,SYNTH_SMURFSINK_0000076,0.0,5315.1,1,0,structuring_smurfing,1
4,TRANSFER,3249.98,SYNTH_SMURF_0000077,33421.18,30171.2,SYNTH_SMURFSINK_0000077,0.0,3249.98,1,0,structuring_smurfing,1
78,TRANSFER,8386.81,SYNTH_SMURF_0000077,30171.2,21784.39,SYNTH_SMURFSINK_0000077,0.0,8386.81,1,0,structuring_smurfing,1
151,TRANSFER,3679.61,SYNTH_SMURF_0000077,21784.39,18104.78,SYNTH_SMURFSINK_0000077,0.0,3679.61,1,0,structuring_smurfing,1
500,TRANSFER,5068.61,SYNTH_SMURF_0000077,18104.78,13036.16,SYNTH_SMURFSINK_0000077,0.0,5068.61,1,0,structuring_smurfing,1
210,TRANSFER,6787.62,SYNTH_SMURF_0000077,13036.16,6248.54,SYNTH_SMURFSINK_0000077,0.0,6787.62,1,0,structuring_smurfing,1
60,TRANSFER,3287.93,SYNTH_SMURF_0000077,6248.54,2960.61,SYNTH_SMURFSINK_0000077,0.0,3287.93,1,0,structuring_smurfing,1
487,TRANSFER,8114.86,SYNTH_SMURF_0000078,48588.37,40473.52,SYNTH_SMURFSINK_0000078,0.0,8114.86,1,0,structuring_smurfing,1
516,TRANSFER,9375.33,SYNTH_SMURF_0000078,40473.52,31098.18,SYNTH_SMURFSINK_0000078,0.0,9375.33,1,0,structuring_smurfing,1
414,TRANSFER,3939.2,SYNTH_SMURF_0000078,31098.18,27158.98,SYNTH_SMURFSINK_0000078,0.0,3939.2,1,0,structuring_smurfing,1
514,TRANSFER,9429.86,SYNTH_SMURF_0000078,27158.98,17729.12,SYNTH_SMURFSINK_0000078,0.0,9429.86,1,0,structuring_smurfing,1
392,TRANSFER,6984.91,SYNTH_SMURF_0000078,17729.12,10744.21,SYNTH_SMURFSINK_0000078,0.0,6984.91,1,0,structuring_smurfing,1
584,TRANSFER,7299.12,SYNTH_SMURF_0000078,10744.21,3445.08,SYNTH_SMURFSINK_0000078,0.0,7299.12,1,0,structuring_smurfing,1
28,TRANSFER,7453.09,SYNTH_SMURF_0000079,36695.45,29242.36,SYNTH_SMURFSINK_0000079,0.0,7453.09,1,0,structuring_smurfing,1
457,TRANSFER,3225.19,SYNTH_SMURF_0000079,29242.36,26017.17,SYNTH_SMURFSINK_0000079,0.0,3225.19,1,0,structuring_smurfing,1
117,TRANSFER,4846.75,SYNTH_SMURF_0000079,26017.17,21170.41,SYNTH_SMURFSINK_0000079,0.0,4846.75,1,0,structuring_smurfing,1
309,TRANSFER,3631.34,SYNTH_SMURF_0000079,21170.41,17539.07,SYNTH_SMURFSINK_0000079,0.0,3631.34,1,0,structuring_smurfing,1
56,TRANSFER,4277.87,SYNTH_SMURF_0000079,17539.07,13261.2,SYNTH_SMURFSINK_0000079,0.0,4277.87,1,0,structuring_smurfing,1
97,TRANSFER,7279.5,SYNTH_SMURF_0000079,13261.2,5981.71,SYNTH_SMURFSINK_0000079,0.0,7279.5,1,0,structuring_smurfing,1
113,TRANSFER,6293.49,SYNTH_SMURF_0000080,45274.97,38981.48,SYNTH_SMURFSINK_0000080,0.0,6293.49,1,0,structuring_smurfing,1
31,TRANSFER,6262.78,SYNTH_SMURF_0000080,38981.48,32718.7,SYNTH_SMURFSINK_0000080,0.0,6262.78,1,0,structuring_smurfing,1
136,TRANSFER,9474.19,SYNTH_SMURF_0000080,32718.7,23244.51,SYNTH_SMURFSINK_0000080,0.0,9474.19,1,0,structuring_smurfing,1
702,TRANSFER,8067.17,SYNTH_SMURF_0000080,23244.51,15177.34,SYNTH_SMURFSINK_0000080,0.0,8067.17,1,0,structuring_smurfing,1
334,TRANSFER,6329.76,SYNTH_SMURF_0000080,15177.34,8847.58,SYNTH_SMURFSINK_0000080,0.0,6329.76,1,0,structuring_smurfing,1
256,TRANSFER,6210.79,SYNTH_SMURF_0000080,8847.58,2636.79,SYNTH_SMURFSINK_0000080,0.0,6210.79,1,0,structuring_smurfing,1
392,TRANSFER,3414.63,SYNTH_SMURF_0000081,38155.82,34741.18,SYNTH_SMURFSINK_0000081,0.0,3414.63,1,0,structuring_smurfing,1
382,TRANSFER,3170.86,SYNTH_SMURF_0000081,34741.18,31570.32,SYNTH_SMURFSINK_0000081,0.0,3170.86,1,0,structuring_smurfing,1
555,TRANSFER,7017.45,SYNTH_SMURF_0000081,31570.32,24552.88,SYNTH_SMURFSINK_0000081,0.0,7017.45,1,0,structuring_smurfing,1
463,TRANSFER,3479.48,SYNTH_SMURF_0000081,24552.88,21073.4,SYNTH_SMURFSINK_0000081,0.0,3479.48,1,0,structuring_smurfing,1
344,TRANSFER,9253.7,SYNTH_SMURF_0000081,21073.4,11819.69,SYNTH_SMURFSINK_0000081,0.0,9253.7,1,0,structuring_smurfing,1
207,TRANSFER,9277.27,SYNTH_SMURF_0000081,11819.69,2542.42,SYNTH_SMURFSINK_0000081,0.0,9277.27,1,0,structuring_smurfing,1
182,TRANSFER,5085.19,SYNTH_SMURF_0000082,41657.63,36572.43,SYNTH_SMURFSINK_0000082,0.0,5085.19,1,0,structuring_smurfing,1
612,TRANSFER,3083.52,SYNTH_SMURF_0000082,36572.43,33488.91,SYNTH_SMURFSINK_0000082,0.0,3083.52,1,0,structuring_smurfing,1
674,TRANSFER,5908.04,SYNTH_SMURF_0000082,33488.91,27580.88,SYNTH_SMURFSINK_0000082,0.0,5908.04,1,0,structuring_smurfing,1
293,TRANSFER,7741.46,SYNTH_SMURF_0000082,27580.88,19839.41,SYNTH_SMURFSINK_0000082,0.0,7741.46,1,0,structuring_smurfing,1
68,TRANSFER,8369.04,SYNTH_SMURF_0000082,19839.41,11470.38,SYNTH_SMURFSINK_0000082,0.0,8369.04,1,0,structuring_smurfing,1
635,TRANSFER,7048.86,SYNTH_SMURF_0000082,11470.38,4421.52,SYNTH_SMURFSINK_0000082,0.0,7048.86,1,0,structuring_smurfing,1
595,TRANSFER,3175.55,SYNTH_SMURF_0000083,40027.83,36852.28,SYNTH_SMURFSINK_0000083,0.0,3175.55,1,0,structuring_smurfing,1
242,TRANSFER,4625.92,SYNTH_SMURF_0000083,36852.28,32226.36,SYNTH_SMURFSINK_0000083,0.0,4625.92,1,0,structuring_smurfing,1
644,TRANSFER,5456.81,SYNTH_SMURF_0000083,32226.36,26769.55,SYNTH_SMURFSINK_0000083,0.0,5456.81,1,0,structuring_smurfing,1
369,TRANSFER,5354.04,SYNTH_SMURF_0000083,26769.55,21415.51,SYNTH_SMURFSINK_0000083,0.0,5354.04,1,0,structuring_smurfing,1
140,TRANSFER,6515.27,SYNTH_SMURF_0000083,21415.51,14900.24,SYNTH_SMURFSINK_0000083,0.0,6515.27,1,0,structuring_smurfing,1
241,TRANSFER,8916.95,SYNTH_SMURF_0000083,14900.24,5983.29,SYNTH_SMURFSINK_0000083,0.0,8916.95,1,0,structuring_smurfing,1
374,TRANSFER,7501.65,SYNTH_SMURF_0000084,46593.49,39091.85,SYNTH_SMURFSINK_0000084,0.0,7501.65,1,0,structuring_smurfing,1
104,TRANSFER,8330.02,SYNTH_SMURF_0000084,39091.85,30761.83,SYNTH_SMURFSINK_0000084,0.0,8330.02,1,0,structuring_smurfing,1
635,TRANSFER,6950.49,SYNTH_SMURF_0000084,30761.83,23811.34,SYNTH_SMURFSINK_0000084,0.0,6950.49,1,0,structuring_smurfing,1
44,TRANSFER,8184.79,SYNTH_SMURF_0000084,23811.34,15626.55,SYNTH_SMURFSINK_0000084,0.0,8184.79,1,0,structuring_smurfing,1
44,TRANSFER,5631.16,SYNTH_SMURF_0000084,15626.55,9995.39,SYNTH_SMURFSINK_0000084,0.0,5631.16,1,0,structuring_smurfing,1
255,TRANSFER,3220.21,SYNTH_SMURF_0000084,9995.39,6775.18,SYNTH_SMURFSINK_0000084,0.0,3220.21,1,0,structuring_smurfing,1
103,TRANSFER,7542.22,SYNTH_SMURF_0000085,50135.3,42593.08,SYNTH_SMURFSINK_0000085,0.0,7542.22,1,0,structuring_smurfing,1
250,TRANSFER,7468.65,SYNTH_SMURF_0000085,42593.08,35124.43,SYNTH_SMURFSINK_0000085,0.0,7468.65,1,0,structuring_smurfing,1
498,TRANSFER,5131.03,SYNTH_SMURF_0000085,35124.43,29993.4,SYNTH_SMURFSINK_0000085,0.0,5131.03,1,0,structuring_smurfing,1
236,TRANSFER,5319.64,SYNTH_SMURF_0000085,29993.4,24673.77,SYNTH_SMURFSINK_0000085,0.0,5319.64,1,0,structuring_smurfing,1
424,TRANSFER,6920.49,SYNTH_SMURF_0000085,24673.77,17753.27,SYNTH_SMURFSINK_0000085,0.0,6920.49,1,0,structuring_smurfing,1
503,TRANSFER,6996.1,SYNTH_SMURF_0000085,17753.27,10757.18,SYNTH_SMURFSINK_0000085,0.0,6996.1,1,0,structuring_smurfing,1
459,TRANSFER,3243.25,SYNTH_SMURF_0000086,37312.15,34068.9,SYNTH_SMURFSINK_0000086,0.0,3243.25,1,0,structuring_smurfing,1
649,TRANSFER,8729.6,SYNTH_SMURF_0000086,34068.9,25339.3,SYNTH_SMURFSINK_0000086,0.0,8729.6,1,0,structuring_smurfing,1
372,TRANSFER,4093.29,SYNTH_SMURF_0000086,25339.3,21246.01,SYNTH_SMURFSINK_0000086,0.0,4093.29,1,0,structuring_smurfing,1
357,TRANSFER,6398.57,SYNTH_SMURF_0000086,21246.01,14847.44,SYNTH_SMURFSINK_0000086,0.0,6398.57,1,0,structuring_smurfing,1
230,TRANSFER,5843.05,SYNTH_SMURF_0000086,14847.44,9004.39,SYNTH_SMURFSINK_0000086,0.0,5843.05,1,0,structuring_smurfing,1
707,TRANSFER,3067.87,SYNTH_SMURF_0000086,9004.39,5936.52,SYNTH_SMURFSINK_0000086,0.0,3067.87,1,0,structuring_smurfing,1
642,TRANSFER,4357.94,SYNTH_SMURF_0000087,41356.12,36998.18,SYNTH_SMURFSINK_0000087,0.0,4357.94,1,0,structuring_smurfing,1
97,TRANSFER,7591.16,SYNTH_SMURF_0000087,36998.18,29407.02,SYNTH_SMURFSINK_0000087,0.0,7591.16,1,0,structuring_smurfing,1
287,TRANSFER,6678.15,SYNTH_SMURF_0000087,29407.02,22728.87,SYNTH_SMURFSINK_0000087,0.0,6678.15,1,0,structuring_smurfing,1
520,TRANSFER,9328.35,SYNTH_SMURF_0000087,22728.87,13400.52,SYNTH_SMURFSINK_0000087,0.0,9328.35,1,0,structuring_smurfing,1
208,TRANSFER,5943.12,SYNTH_SMURF_0000087,13400.52,7457.4,SYNTH_SMURFSINK_0000087,0.0,5943.12,1,0,structuring_smurfing,1
721,TRANSFER,4799.04,SYNTH_SMURF_0000087,7457.4,2658.36,SYNTH_SMURFSINK_0000087,0.0,4799.04,1,0,structuring_smurfing,1
365,TRANSFER,3738.14,SYNTH_SMURF_0000088,40077.46,36339.32,SYNTH_SMURFSINK_0000088,0.0,3738.14,1,0,structuring_smurfing,1
654,TRANSFER,7636.11,SYNTH_SMURF_0000088,36339.32,28703.21,SYNTH_SMURFSINK_0000088,0.0,7636.11,1,0,structuring_smurfing,1
52,TRANSFER,7341.35,SYNTH_SMURF_0000088,28703.21,21361.85,SYNTH_SMURFSINK_0000088,0.0,7341.35,1,0,structuring_smurfing,1
622,TRANSFER,3461.14,SYNTH_SMURF_0000088,21361.85,17900.71,SYNTH_SMURFSINK_0000088,0.0,3461.14,1,0,structuring_smurfing,1
609,TRANSFER,8590.63,SYNTH_SMURF_0000088,17900.71,9310.07,SYNTH_SMURFSINK_0000088,0.0,8590.63,1,0,structuring_smurfing,1
588,TRANSFER,6506.94,SYNTH_SMURF_0000088,9310.07,2803.14,SYNTH_SMURFSINK_0000088,0.0,6506.94,1,0,structuring_smurfing,1
305,TRANSFER,7414.27,SYNTH_SMURF_0000089,37247.68,29833.41,SYNTH_SMURFSINK_0000089,0.0,7414.27,1,0,structuring_smurfing,1
471,TRANSFER,3897.65,SYNTH_SMURF_0000089,29833.41,25935.76,SYNTH_SMURFSINK_0000089,0.0,3897.65,1,0,structuring_smurfing,1
58,TRANSFER,6424.86,SYNTH_SMURF_0000089,25935.76,19510.9,SYNTH_SMURFSINK_0000089,0.0,6424.86,1,0,structuring_smurfing,1
588,TRANSFER,3364.36,SYNTH_SMURF_0000089,19510.9,16146.54,SYNTH_SMURFSINK_0000089,0.0,3364.36,1,0,structuring_smurfing,1
520,TRANSFER,5006.73,SYNTH_SMURF_0000089,16146.54,11139.81,SYNTH_SMURFSINK_0000089,0.0,5006.73,1,0,structuring_smurfing,1
56,TRANSFER,4554.94,SYNTH_SMURF_0000089,11139.81,6584.87,SYNTH_SMURFSINK_0000089,0.0,4554.94,1,0,structuring_smurfing,1
340,TRANSFER,5697.51,SYNTH_SMURF_0000090,45154.79,39457.29,SYNTH_SMURFSINK_0000090,0.0,5697.51,1,0,structuring_smurfing,1
618,TRANSFER,4033.08,SYNTH_SMURF_0000090,39457.29,35424.21,SYNTH_SMURFSINK_0000090,0.0,4033.08,1,0,structuring_smurfing,1
526,TRANSFER,6542.04,SYNTH_SMURF_0000090,35424.21,28882.17,SYNTH_SMURFSINK_0000090,0.0,6542.04,1,0,structuring_smurfing,1
402,TRANSFER,3578.61,SYNTH_SMURF_0000090,28882.17,25303.56,SYNTH_SMURFSINK_0000090,0.0,3578.61,1,0,structuring_smurfing,1
160,TRANSFER,8885.76,SYNTH_SMURF_0000090,25303.56,16417.8,SYNTH_SMURFSINK_0000090,0.0,8885.76,1,0,structuring_smurfing,1
390,TRANSFER,9192.74,SYNTH_SMURF_0000090,16417.8,7225.06,SYNTH_SMURFSINK_0000090,0.0,9192.74,1,0,structuring_smurfing,1
40,TRANSFER,5202.86,SYNTH_SMURF_0000091,33318.32,28115.45,SYNTH_SMURFSINK_0000091,0.0,5202.86,1,0,structuring_smurfing,1
45,TRANSFER,5159.67,SYNTH_SMURF_0000091,28115.45,22955.78,SYNTH_SMURFSINK_0000091,0.0,5159.67,1,0,structuring_smurfing,1
612,TRANSFER,3047.47,SYNTH_SMURF_0000091,22955.78,19908.31,SYNTH_SMURFSINK_0000091,0.0,3047.47,1,0,structuring_smurfing,1
285,TRANSFER,6994.8,SYNTH_SMURF_0000091,19908.31,12913.51,SYNTH_SMURFSINK_0000091,0.0,6994.8,1,0,structuring_smurfing,1
104,TRANSFER,4769.03,SYNTH_SMURF_0000091,12913.51,8144.48,SYNTH_SMURFSINK_0000091,0.0,4769.03,1,0,structuring_smurfing,1
647,TRANSFER,4258.65,SYNTH_SMURF_0000091,8144.48,3885.83,SYNTH_SMURFSINK_0000091,0.0,4258.65,1,0,structuring_smurfing,1
442,TRANSFER,8504.99,SYNTH_SMURF_0000092,48358.88,39853.89,SYNTH_SMURFSINK_0000092,0.0,8504.99,1,0,structuring_smurfing,1
543,TRANSFER,7635.59,SYNTH_SMURF_0000092,39853.89,32218.3,SYNTH_SMURFSINK_0000092,0.0,7635.59,1,0,structuring_smurfing,1
209,TRANSFER,6746.92,SYNTH_SMURF_0000092,32218.3,25471.37,SYNTH_SMURFSINK_0000092,0.0,6746.92,1,0,structuring_smurfing,1
689,TRANSFER,3006.65,SYNTH_SMURF_0000092,25471.37,22464.72,SYNTH_SMURFSINK_0000092,0.0,3006.65,1,0,structuring_smurfing,1
151,TRANSFER,3235.11,SYNTH_SMURF_0000092,22464.72,19229.62,SYNTH_SMURFSINK_0000092,0.0,3235.11,1,0,structuring_smurfing,1
648,TRANSFER,9638.8,SYNTH_SMURF_0000092,19229.62,9590.82,SYNTH_SMURFSINK_0000092,0.0,9638.8,1,0,structuring_smurfing,1
360,TRANSFER,3045.0,SYNTH_SMURF_0000093,43360.46,40315.46,SYNTH_SMURFSINK_0000093,0.0,3045.0,1,0,structuring_smurfing,1
237,TRANSFER,4930.94,SYNTH_SMURF_0000093,40315.46,35384.53,SYNTH_SMURFSINK_0000093,0.0,4930.94,1,0,structuring_smurfing,1
589,TRANSFER,8033.87,SYNTH_SMURF_0000093,35384.53,27350.66,SYNTH_SMURFSINK_0000093,0.0,8033.87,1,0,structuring_smurfing,1
697,TRANSFER,8313.24,SYNTH_SMURF_0000093,27350.66,19037.42,SYNTH_SMURFSINK_0000093,0.0,8313.24,1,0,structuring_smurfing,1
589,TRANSFER,7152.09,SYNTH_SMURF_0000093,19037.42,11885.33,SYNTH_SMURFSINK_0000093,0.0,7152.09,1,0,structuring_smurfing,1
324,TRANSFER,5018.42,SYNTH_SMURF_0000093,11885.33,6866.91,SYNTH_SMURFSINK_0000093,0.0,5018.42,1,0,structuring_smurfing,1
263,TRANSFER,5896.65,SYNTH_SMURF_0000094,56280.32,50383.67,SYNTH_SMURFSINK_0000094,0.0,5896.65,1,0,structuring_smurfing,1
523,TRANSFER,8538.99,SYNTH_SMURF_0000094,50383.67,41844.68,SYNTH_SMURFSINK_0000094,0.0,8538.99,1,0,structuring_smurfing,1
66,TRANSFER,9090.64,SYNTH_SMURF_0000094,41844.68,32754.04,SYNTH_SMURFSINK_0000094,0.0,9090.64,1,0,structuring_smurfing,1
617,TRANSFER,9245.14,SYNTH_SMURF_0000094,32754.04,23508.9,SYNTH_SMURFSINK_0000094,0.0,9245.14,1,0,structuring_smurfing,1
638,TRANSFER,6780.78,SYNTH_SMURF_0000094,23508.9,16728.12,SYNTH_SMURFSINK_0000094,0.0,6780.78,1,0,structuring_smurfing,1
423,TRANSFER,5962.4,SYNTH_SMURF_0000094,16728.12,10765.72,SYNTH_SMURFSINK_0000094,0.0,5962.4,1,0,structuring_smurfing,1
292,TRANSFER,4397.92,SYNTH_SMURF_0000095,42122.78,37724.86,SYNTH_SMURFSINK_0000095,0.0,4397.92,1,0,structuring_smurfing,1
126,TRANSFER,6339.11,SYNTH_SMURF_0000095,37724.86,31385.75,SYNTH_SMURFSINK_0000095,0.0,6339.11,1,0,structuring_smurfing,1
413,TRANSFER,6941.4,SYNTH_SMURF_0000095,31385.75,24444.35,SYNTH_SMURFSINK_0000095,0.0,6941.4,1,0,structuring_smurfing,1
585,TRANSFER,3016.6,SYNTH_SMURF_0000095,24444.35,21427.75,SYNTH_SMURFSINK_0000095,0.0,3016.6,1,0,structuring_smurfing,1
180,TRANSFER,8734.95,SYNTH_SMURF_0000095,21427.75,12692.8,SYNTH_SMURFSINK_0000095,0.0,8734.95,1,0,structuring_smurfing,1
539,TRANSFER,7087.16,SYNTH_SMURF_0000095,12692.8,5605.63,SYNTH_SMURFSINK_0000095,0.0,7087.16,1,0,structuring_smurfing,1
322,TRANSFER,6822.41,SYNTH_SMURF_0000096,49237.8,42415.39,SYNTH_SMURFSINK_0000096,0.0,6822.41,1,0,structuring_smurfing,1
609,TRANSFER,3004.3,SYNTH_SMURF_0000096,42415.39,39411.09,SYNTH_SMURFSINK_0000096,0.0,3004.3,1,0,structuring_smurfing,1
453,TRANSFER,7320.65,SYNTH_SMURF_0000096,39411.09,32090.44,SYNTH_SMURFSINK_0000096,0.0,7320.65,1,0,structuring_smurfing,1
506,TRANSFER,7811.78,SYNTH_SMURF_0000096,32090.44,24278.66,SYNTH_SMURFSINK_0000096,0.0,7811.78,1,0,structuring_smurfing,1
328,TRANSFER,6799.63,SYNTH_SMURF_0000096,24278.66,17479.03,SYNTH_SMURFSINK_0000096,0.0,6799.63,1,0,structuring_smurfing,1
240,TRANSFER,6326.94,SYNTH_SMURF_0000096,17479.03,11152.08,SYNTH_SMURFSINK_0000096,0.0,6326.94,1,0,structuring_smurfing,1
395,TRANSFER,9156.7,SYNTH_SMURF_0000097,46557.38,37400.69,SYNTH_SMURFSINK_0000097,0.0,9156.7,1,0,structuring_smurfing,1
380,TRANSFER,8060.99,SYNTH_SMURF_0000097,37400.69,29339.7,SYNTH_SMURFSINK_0000097,0.0,8060.99,1,0,structuring_smurfing,1
462,TRANSFER,7083.18,SYNTH_SMURF_0000097,29339.7,22256.52,SYNTH_SMURFSINK_0000097,0.0,7083.18,1,0,structuring_smurfing,1
627,TRANSFER,4153.54,SYNTH_SMURF_0000097,22256.52,18102.98,SYNTH_SMURFSINK_0000097,0.0,4153.54,1,0,structuring_smurfing,1
632,TRANSFER,6640.45,SYNTH_SMURF_0000097,18102.98,11462.52,SYNTH_SMURFSINK_0000097,0.0,6640.45,1,0,structuring_smurfing,1
97,TRANSFER,8128.02,SYNTH_SMURF_0000097,11462.52,3334.5,SYNTH_SMURFSINK_0000097,0.0,8128.02,1,0,structuring_smurfing,1
32,TRANSFER,4028.64,SYNTH_SMURF_0000098,35460.38,31431.74,SYNTH_SMURFSINK_0000098,0.0,4028.64,1,0,structuring_smurfing,1
125,TRANSFER,8612.04,SYNTH_SMURF_0000098,31431.74,22819.71,SYNTH_SMURFSINK_0000098,0.0,8612.04,1,0,structuring_smurfing,1
470,TRANSFER,6245.37,SYNTH_SMURF_0000098,22819.71,16574.33,SYNTH_SMURFSINK_0000098,0.0,6245.37,1,0,structuring_smurfing,1
518,TRANSFER,3326.44,SYNTH_SMURF_0000098,16574.33,13247.89,SYNTH_SMURFSINK_0000098,0.0,3326.44,1,0,structuring_smurfing,1
245,TRANSFER,3110.49,SYNTH_SMURF_0000098,13247.89,10137.4,SYNTH_SMURFSINK_0000098,0.0,3110.49,1,0,structuring_smurfing,1
559,TRANSFER,6172.29,SYNTH_SMURF_0000098,10137.4,3965.12,SYNTH_SMURFSINK_0000098,0.0,6172.29,1,0,structuring_smurfing,1
304,TRANSFER,8954.93,SYNTH_SMURF_0000099,45907.89,36952.96,SYNTH_SMURFSINK_0000099,0.0,8954.93,1,0,structuring_smurfing,1
374,TRANSFER,6645.46,SYNTH_SMURF_0000099,36952.96,30307.5,SYNTH_SMURFSINK_0000099,0.0,6645.46,1,0,structuring_smurfing,1
699,TRANSFER,8935.45,SYNTH_SMURF_0000099,30307.5,21372.05,SYNTH_SMURFSINK_0000099,0.0,8935.45,1,0,structuring_smurfing,1
734,TRANSFER,4509.16,SYNTH_SMURF_0000099,21372.05,16862.89,SYNTH_SMURFSINK_0000099,0.0,4509.16,1,0,structuring_smurfing,1
143,TRANSFER,5211.16,SYNTH_SMURF_0000099,16862.89,11651.72,SYNTH_SMURFSINK_0000099,0.0,5211.16,1,0,structuring_smurfing,1
106,TRANSFER,6155.38,SYNTH_SMURF_0000099,11651.72,5496.35,SYNTH_SMURFSINK_0000099,0.0,6155.38,1,0,structuring_smurfing,1
691,TRANSFER,1722.17,SYNTH_MULE0_0000000,1722.17,0.0,SYNTH_MULE0_0000001,0.0,1592.06,1,0,mule_network_layering,1
692,TRANSFER,1592.06,SYNTH_MULE0_0000001,1592.06,0.0,SYNTH_MULE0_0000002,0.0,1500.74,1,0,mule_network_layering,1
693,CASH_OUT,1500.74,SYNTH_MULESINK0_0000000,1500.74,0.0,SYNTH_MERCHANT0_0000000,0.0,1500.74,1,0,mule_network_layering,1
66,TRANSFER,3964.09,SYNTH_MULE1_0000000,3964.09,0.0,SYNTH_MULE1_0000001,0.0,3840.94,1,0,mule_network_layering,1
67,TRANSFER,3840.94,SYNTH_MULE1_0000001,3840.94,0.0,SYNTH_MULE1_0000002,0.0,3539.8,1,0,mule_network_layering,1
68,CASH_OUT,3539.8,SYNTH_MULESINK1_0000000,3539.8,0.0,SYNTH_MERCHANT1_0000000,0.0,3539.8,1,0,mule_network_layering,1
423,TRANSFER,8816.53,SYNTH_MULE2_0000000,8816.53,0.0,SYNTH_MULE2_0000001,0.0,8477.92,1,0,mule_network_layering,1
424,TRANSFER,8477.92,SYNTH_MULE2_0000001,8477.92,0.0,SYNTH_MULE2_0000002,0.0,7920.77,1,0,mule_network_layering,1
425,TRANSFER,7920.77,SYNTH_MULE2_0000002,7920.77,0.0,SYNTH_MULE2_0000003,0.0,7695.61,1,0,mule_network_layering,1
426,CASH_OUT,7695.61,SYNTH_MULESINK2_0000000,7695.61,0.0,SYNTH_MERCHANT2_0000000,0.0,7695.61,1,0,mule_network_layering,1
441,TRANSFER,1810.8,SYNTH_MULE3_0000000,1810.8,0.0,SYNTH_MULE3_0000001,0.0,1685.48,1,0,mule_network_layering,1
442,CASH_OUT,1685.48,SYNTH_MULESINK3_0000000,1685.48,0.0,SYNTH_MERCHANT3_0000000,0.0,1685.48,1,0,mule_network_layering,1
43,TRANSFER,6600.69,SYNTH_MULE4_0000000,6600.69,0.0,SYNTH_MULE4_0000001,0.0,6155.0,1,0,mule_network_layering,1
44,CASH_OUT,6155.0,SYNTH_MULESINK4_0000000,6155.0,0.0,SYNTH_MERCHANT4_0000000,0.0,6155.0,1,0,mule_network_layering,1
666,TRANSFER,5221.46,SYNTH_MULE5_0000000,5221.46,0.0,SYNTH_MULE5_0000001,0.0,4994.71,1,0,mule_network_layering,1
667,TRANSFER,4994.71,SYNTH_MULE5_0000001,4994.71,0.0,SYNTH_MULE5_0000002,0.0,4749.7,1,0,mule_network_layering,1
668,CASH_OUT,4749.7,SYNTH_MULESINK5_0000000,4749.7,0.0,SYNTH_MERCHANT5_0000000,0.0,4749.7,1,0,mule_network_layering,1
48,TRANSFER,1719.58,SYNTH_MULE6_0000000,1719.58,0.0,SYNTH_MULE6_0000001,0.0,1602.03,1,0,mule_network_layering,1
49,TRANSFER,1602.03,SYNTH_MULE6_0000001,1602.03,0.0,SYNTH_MULE6_0000002,0.0,1561.65,1,0,mule_network_layering,1
50,TRANSFER,1561.65,SYNTH_MULE6_0000002,1561.65,0.0,SYNTH_MULE6_0000003,0.0,1526.26,1,0,mule_network_layering,1
51,CASH_OUT,1526.26,SYNTH_MULESINK6_0000000,1526.26,0.0,SYNTH_MERCHANT6_0000000,0.0,1526.26,1,0,mule_network_layering,1
239,TRANSFER,5554.15,SYNTH_MULE7_0000000,5554.15,0.0,SYNTH_MULE7_0000001,0.0,5297.0,1,0,mule_network_layering,1
240,TRANSFER,5297.0,SYNTH_MULE7_0000001,5297.0,0.0,SYNTH_MULE7_0000002,0.0,5099.89,1,0,mule_network_layering,1
241,TRANSFER,5099.89,SYNTH_MULE7_0000002,5099.89,0.0,SYNTH_MULE7_0000003,0.0,4958.11,1,0,mule_network_layering,1
242,CASH_OUT,4958.11,SYNTH_MULESINK7_0000000,4958.11,0.0,SYNTH_MERCHANT7_0000000,0.0,4958.11,1,0,mule_network_layering,1
564,TRANSFER,861.93,SYNTH_MULE8_0000000,861.93,0.0,SYNTH_MULE8_0000001,0.0,837.29,1,0,mule_network_layering,1
565,TRANSFER,837.29,SYNTH_MULE8_0000001,837.29,0.0,SYNTH_MULESINK8_0000000,0.0,808.16,1,0,mule_network_layering,1
566,CASH_OUT,808.16,SYNTH_MULESINK8_0000000,808.16,0.0,SYNTH_MERCHANT8_0000000,0.0,808.16,1,0,mule_network_layering,1
295,TRANSFER,1364.22,SYNTH_MULE9_0000000,1364.22,0.0,SYNTH_MULE9_0000001,0.0,1286.59,1,0,mule_network_layering,1
296,CASH_OUT,1286.59,SYNTH_MULESINK9_0000000,1286.59,0.0,SYNTH_MERCHANT9_0000000,0.0,1286.59,1,0,mule_network_layering,1
326,TRANSFER,2784.12,SYNTH_MULE10_0000000,2784.12,0.0,SYNTH_MULE10_0000001,0.0,2701.76,1,0,mule_network_layering,1
327,TRANSFER,2701.76,SYNTH_MULE10_0000001,2701.76,0.0,SYNTH_MULESINK10_0000000,0.0,2595.75,1,0,mule_network_layering,1
328,TRANSFER,2595.75,SYNTH_MULESINK10_0000000,2595.75,0.0,SYNTH_MULESINK10_0000000,0.0,2393.66,1,0,mule_network_layering,1
329,CASH_OUT,2393.66,SYNTH_MULESINK10_0000000,2393.66,0.0,SYNTH_MERCHANT10_0000000,0.0,2393.66,1,0,mule_network_layering,1
118,TRANSFER,1879.98,SYNTH_MULE11_0000000,1879.98,0.0,SYNTH_MULE11_0000001,0.0,1766.98,1,0,mule_network_layering,1
119,TRANSFER,1766.98,SYNTH_MULE11_0000001,1766.98,0.0,SYNTH_MULE11_0000002,0.0,1672.2,1,0,mule_network_layering,1
120,CASH_OUT,1672.2,SYNTH_MULESINK11_0000000,1672.2,0.0,SYNTH_MERCHANT11_0000000,0.0,1672.2,1,0,mule_network_layering,1
107,TRANSFER,3211.65,SYNTH_MULE12_0000000,3211.65,0.0,SYNTH_MULE12_0000001,0.0,3126.92,1,0,mule_network_layering,1
108,TRANSFER,3126.92,SYNTH_MULE12_0000001,3126.92,0.0,SYNTH_MULE12_0000002,0.0,2883.3,1,0,mule_network_layering,1
109,TRANSFER,2883.3,SYNTH_MULE12_0000002,2883.3,0.0,SYNTH_MULE12_0000003,0.0,2722.04,1,0,mule_network_layering,1
110,CASH_OUT,2722.04,SYNTH_MULESINK12_0000000,2722.04,0.0,SYNTH_MERCHANT12_0000000,0.0,2722.04,1,0,mule_network_layering,1
424,TRANSFER,1805.65,SYNTH_MULE13_0000000,1805.65,0.0,SYNTH_MULE13_0000001,0.0,1746.07,1,0,mule_network_layering,1
425,TRANSFER,1746.07,SYNTH_MULE13_0000001,1746.07,0.0,SYNTH_MULE13_0000002,0.0,1626.86,1,0,mule_network_layering,1
426,CASH_OUT,1626.86,SYNTH_MULESINK13_0000000,1626.86,0.0,SYNTH_MERCHANT13_0000000,0.0,1626.86,1,0,mule_network_layering,1
93,TRANSFER,1564.51,SYNTH_MULE14_0000000,1564.51,0.0,SYNTH_MULE14_0000001,0.0,1516.66,1,0,mule_network_layering,1
94,TRANSFER,1516.66,SYNTH_MULE14_0000001,1516.66,0.0,SYNTH_MULE14_0000002,0.0,1481.61,1,0,mule_network_layering,1
95,CASH_OUT,1481.61,SYNTH_MULESINK14_0000000,1481.61,0.0,SYNTH_MERCHANT14_0000000,0.0,1481.61,1,0,mule_network_layering,1
201,TRANSFER,1490.93,SYNTH_MULE15_0000000,1490.93,0.0,SYNTH_MULE15_0000001,0.0,1384.26,1,0,mule_network_layering,1
202,TRANSFER,1384.26,SYNTH_MULE15_0000001,1384.26,0.0,SYNTH_MULE15_0000002,0.0,1331.88,1,0,mule_network_layering,1
203,TRANSFER,1331.88,SYNTH_MULE15_0000002,1331.88,0.0,SYNTH_MULE15_0000003,0.0,1288.44,1,0,mule_network_layering,1
204,CASH_OUT,1288.44,SYNTH_MULESINK15_0000000,1288.44,0.0,SYNTH_MERCHANT15_0000000,0.0,1288.44,1,0,mule_network_layering,1
637,TRANSFER,1477.57,SYNTH_MULE16_0000000,1477.57,0.0,SYNTH_MULE16_0000001,0.0,1433.97,1,0,mule_network_layering,1
638,CASH_OUT,1433.97,SYNTH_MULESINK16_0000000,1433.97,0.0,SYNTH_MERCHANT16_0000000,0.0,1433.97,1,0,mule_network_layering,1
164,TRANSFER,4700.01,SYNTH_MULE17_0000000,4700.01,0.0,SYNTH_MULE17_0000001,0.0,4349.86,1,0,mule_network_layering,1
165,TRANSFER,4349.86,SYNTH_MULE17_0000001,4349.86,0.0,SYNTH_MULE17_0000002,0.0,4030.57,1,0,mule_network_layering,1
166,CASH_OUT,4030.57,SYNTH_MULESINK17_0000000,4030.57,0.0,SYNTH_MERCHANT17_0000000,0.0,4030.57,1,0,mule_network_layering,1
250,TRANSFER,1570.56,SYNTH_MULE18_0000000,1570.56,0.0,SYNTH_MULE18_0000001,0.0,1527.04,1,0,mule_network_layering,1
251,TRANSFER,1527.04,SYNTH_MULE18_0000001,1527.04,0.0,SYNTH_MULE18_0000002,0.0,1461.68,1,0,mule_network_layering,1
252,TRANSFER,1461.68,SYNTH_MULE18_0000002,1461.68,0.0,SYNTH_MULESINK18_0000000,0.0,1381.95,1,0,mule_network_layering,1
253,CASH_OUT,1381.95,SYNTH_MULESINK18_0000000,1381.95,0.0,SYNTH_MERCHANT18_0000000,0.0,1381.95,1,0,mule_network_layering,1
31,TRANSFER,3322.07,SYNTH_MULE19_0000000,3322.07,0.0,SYNTH_MULE19_0000001,0.0,3098.03,1,0,mule_network_layering,1
32,TRANSFER,3098.03,SYNTH_MULE19_0000001,3098.03,0.0,SYNTH_MULE19_0000002,0.0,2872.81,1,0,mule_network_layering,1
33,CASH_OUT,2872.81,SYNTH_MULESINK19_0000000,2872.81,0.0,SYNTH_MERCHANT19_0000000,0.0,2872.81,1,0,mule_network_layering,1
641,TRANSFER,3321.08,SYNTH_MULE20_0000000,3321.08,0.0,SYNTH_MULE20_0000001,0.0,3107.63,1,0,mule_network_layering,1
642,CASH_OUT,3107.63,SYNTH_MULESINK20_0000000,3107.63,0.0,SYNTH_MERCHANT20_0000000,0.0,3107.63,1,0,mule_network_layering,1
69,TRANSFER,947.95,SYNTH_MULE21_0000000,947.95,0.0,SYNTH_MULE21_0000001,0.0,923.62,1,0,mule_network_layering,1
70,CASH_OUT,923.62,SYNTH_MULESINK21_0000000,923.62,0.0,SYNTH_MERCHANT21_0000000,0.0,923.62,1,0,mule_network_layering,1
260,TRANSFER,12887.11,SYNTH_MULE22_0000000,12887.11,0.0,SYNTH_MULE22_0000001,0.0,12599.28,1,0,mule_network_layering,1
261,TRANSFER,12599.28,SYNTH_MULE22_0000001,12599.28,0.0,SYNTH_MULE22_0000002,0.0,11893.52,1,0,mule_network_layering,1
262,CASH_OUT,11893.52,SYNTH_MULESINK22_0000000,11893.52,0.0,SYNTH_MERCHANT22_0000000,0.0,11893.52,1,0,mule_network_layering,1
729,TRANSFER,2542.23,SYNTH_MULE23_0000000,2542.23,0.0,SYNTH_MULE23_0000001,0.0,2445.71,1,0,mule_network_layering,1
730,CASH_OUT,2445.71,SYNTH_MULESINK23_0000000,2445.71,0.0,SYNTH_MERCHANT23_0000000,0.0,2445.71,1,0,mule_network_layering,1
314,TRANSFER,337.26,SYNTH_MULE24_0000000,337.26,0.0,SYNTH_MULE24_0000001,0.0,316.67,1,0,mule_network_layering,1
315,CASH_OUT,316.67,SYNTH_MULESINK24_0000000,316.67,0.0,SYNTH_MERCHANT24_0000000,0.0,316.67,1,0,mule_network_layering,1
184,TRANSFER,877.02,SYNTH_MULE25_0000000,877.02,0.0,SYNTH_MULE25_0000001,0.0,836.38,1,0,mule_network_layering,1
185,CASH_OUT,836.38,SYNTH_MULESINK25_0000000,836.38,0.0,SYNTH_MERCHANT25_0000000,0.0,836.38,1,0,mule_network_layering,1
711,TRANSFER,5672.85,SYNTH_MULE26_0000000,5672.85,0.0,SYNTH_MULE26_0000001,0.0,5302.63,1,0,mule_network_layering,1
712,TRANSFER,5302.63,SYNTH_MULE26_0000001,5302.63,0.0,SYNTH_MULE26_0000002,0.0,4925.45,1,0,mule_network_layering,1
713,TRANSFER,4925.45,SYNTH_MULE26_0000002,4925.45,0.0,SYNTH_MULE26_0000003,0.0,4580.95,1,0,mule_network_layering,1
714,CASH_OUT,4580.95,SYNTH_MULESINK26_0000000,4580.95,0.0,SYNTH_MERCHANT26_0000000,0.0,4580.95,1,0,mule_network_layering,1
435,TRANSFER,7948.55,SYNTH_MULE27_0000000,7948.55,0.0,SYNTH_MULE27_0000001,0.0,7485.17,1,0,mule_network_layering,1
436,TRANSFER,7485.17,SYNTH_MULE27_0000001,7485.17,0.0,SYNTH_MULE27_0000002,0.0,7104.2,1,0,mule_network_layering,1
437,TRANSFER,7104.2,SYNTH_MULE27_0000002,7104.2,0.0,SYNTH_MULE27_0000003,0.0,6599.36,1,0,mule_network_layering,1
438,CASH_OUT,6599.36,SYNTH_MULESINK27_0000000,6599.36,0.0,SYNTH_MERCHANT27_0000000,0.0,6599.36,1,0,mule_network_layering,1
636,TRANSFER,5677.42,SYNTH_MULE28_0000000,5677.42,0.0,SYNTH_MULE28_0000001,0.0,5479.08,1,0,mule_network_layering,1
637,TRANSFER,5479.08,SYNTH_MULE28_0000001,5479.08,0.0,SYNTH_MULE28_0000002,0.0,5136.21,1,0,mule_network_layering,1
638,CASH_OUT,5136.21,SYNTH_MULESINK28_0000000,5136.21,0.0,SYNTH_MERCHANT28_0000000,0.0,5136.21,1,0,mule_network_layering,1
334,TRANSFER,6192.53,SYNTH_MULE29_0000000,6192.53,0.0,SYNTH_MULE29_0000001,0.0,5853.5,1,0,mule_network_layering,1
335,TRANSFER,5853.5,SYNTH_MULE29_0000001,5853.5,0.0,SYNTH_MULESINK29_0000000,0.0,5677.67,1,0,mule_network_layering,1
336,TRANSFER,5677.67,SYNTH_MULESINK29_0000000,5677.67,0.0,SYNTH_MULESINK29_0000000,0.0,5231.99,1,0,mule_network_layering,1
337,CASH_OUT,5231.99,SYNTH_MULESINK29_0000000,5231.99,0.0,SYNTH_MERCHANT29_0000000,0.0,5231.99,1,0,mule_network_layering,1
585,TRANSFER,4512.1,SYNTH_MULE30_0000000,4512.1,0.0,SYNTH_MULE30_0000001,0.0,4364.68,1,0,mule_network_layering,1
586,CASH_OUT,4364.68,SYNTH_MULESINK30_0000000,4364.68,0.0,SYNTH_MERCHANT30_0000000,0.0,4364.68,1,0,mule_network_layering,1
12,TRANSFER,5156.95,SYNTH_MULE31_0000000,5156.95,0.0,SYNTH_MULE31_0000001,0.0,4831.95,1,0,mule_network_layering,1
13,CASH_OUT,4831.95,SYNTH_MULESINK31_0000000,4831.95,0.0,SYNTH_MERCHANT31_0000000,0.0,4831.95,1,0,mule_network_layering,1
426,TRANSFER,6988.09,SYNTH_MULE32_0000000,6988.09,0.0,SYNTH_MULE32_0000001,0.0,6812.75,1,0,mule_network_layering,1
427,CASH_OUT,6812.75,SYNTH_MULESINK32_0000000,6812.75,0.0,SYNTH_MERCHANT32_0000000,0.0,6812.75,1,0,mule_network_layering,1
466,TRANSFER,2060.42,SYNTH_MULE33_0000000,2060.42,0.0,SYNTH_MULE33_0000001,0.0,1976.71,1,0,mule_network_layering,1
467,TRANSFER,1976.71,SYNTH_MULE33_0000001,1976.71,0.0,SYNTH_MULE33_0000002,0.0,1906.14,1,0,mule_network_layering,1
468,CASH_OUT,1906.14,SYNTH_MULESINK33_0000000,1906.14,0.0,SYNTH_MERCHANT33_0000000,0.0,1906.14,1,0,mule_network_layering,1
122,TRANSFER,8488.67,SYNTH_MULE34_0000000,8488.67,0.0,SYNTH_MULE34_0000001,0.0,8152.39,1,0,mule_network_layering,1
123,CASH_OUT,8152.39,SYNTH_MULESINK34_0000000,8152.39,0.0,SYNTH_MERCHANT34_0000000,0.0,8152.39,1,0,mule_network_layering,1
320,TRANSFER,1581.39,SYNTH_MULE35_0000000,1581.39,0.0,SYNTH_MULE35_0000001,0.0,1501.13,1,0,mule_network_layering,1
321,CASH_OUT,1501.13,SYNTH_MULESINK35_0000000,1501.13,0.0,SYNTH_MERCHANT35_0000000,0.0,1501.13,1,0,mule_network_layering,1
490,TRANSFER,3676.93,SYNTH_MULE36_0000000,3676.93,0.0,SYNTH_MULE36_0000001,0.0,3391.32,1,0,mule_network_layering,1
491,TRANSFER,3391.32,SYNTH_MULE36_0000001,3391.32,0.0,SYNTH_MULE36_0000002,0.0,3184.99,1,0,mule_network_layering,1
492,CASH_OUT,3184.99,SYNTH_MULESINK36_0000000,3184.99,0.0,SYNTH_MERCHANT36_0000000,0.0,3184.99,1,0,mule_network_layering,1
373,TRANSFER,13789.42,SYNTH_MULE37_0000000,13789.42,0.0,SYNTH_MULE37_0000001,0.0,13448.88,1,0,mule_network_layering,1
374,TRANSFER,13448.88,SYNTH_MULE37_0000001,13448.88,0.0,SYNTH_MULE37_0000002,0.0,12568.23,1,0,mule_network_layering,1
375,TRANSFER,12568.23,SYNTH_MULE37_0000002,12568.23,0.0,SYNTH_MULE37_0000003,0.0,11591.55,1,0,mule_network_layering,1
376,CASH_OUT,11591.55,SYNTH_MULESINK37_0000000,11591.55,0.0,SYNTH_MERCHANT37_0000000,0.0,11591.55,1,0,mule_network_layering,1
308,TRANSFER,3922.12,SYNTH_MULE38_0000000,3922.12,0.0,SYNTH_MULE38_0000001,0.0,3720.17,1,0,mule_network_layering,1
309,CASH_OUT,3720.17,SYNTH_MULESINK38_0000000,3720.17,0.0,SYNTH_MERCHANT38_0000000,0.0,3720.17,1,0,mule_network_layering,1
681,TRANSFER,7189.49,SYNTH_MULE39_0000000,7189.49,0.0,SYNTH_MULE39_0000001,0.0,6744.54,1,0,mule_network_layering,1
682,TRANSFER,6744.54,SYNTH_MULE39_0000001,6744.54,0.0,SYNTH_MULE39_0000002,0.0,6519.99,1,0,mule_network_layering,1
683,TRANSFER,6519.99,SYNTH_MULE39_0000002,6519.99,0.0,SYNTH_MULE39_0000003,0.0,6262.54,1,0,mule_network_layering,1
684,CASH_OUT,6262.54,SYNTH_MULESINK39_0000000,6262.54,0.0,SYNTH_MERCHANT39_0000000,0.0,6262.54,1,0,mule_network_layering,1
94,TRANSFER,1239.65,SYNTH_MULE40_0000000,1239.65,0.0,SYNTH_MULE40_0000001,0.0,1166.59,1,0,mule_network_layering,1
95,CASH_OUT,1166.59,SYNTH_MULESINK40_0000000,1166.59,0.0,SYNTH_MERCHANT40_0000000,0.0,1166.59,1,0,mule_network_layering,1
96,TRANSFER,1771.13,SYNTH_MULE41_0000000,1771.13,0.0,SYNTH_MULE41_0000001,0.0,1713.75,1,0,mule_network_layering,1
97,TRANSFER,1713.75,SYNTH_MULE41_0000001,1713.75,0.0,SYNTH_MULE41_0000002,0.0,1647.35,1,0,mule_network_layering,1
98,TRANSFER,1647.35,SYNTH_MULE41_0000002,1647.35,0.0,SYNTH_MULE41_0000003,0.0,1596.79,1,0,mule_network_layering,1
99,CASH_OUT,1596.79,SYNTH_MULESINK41_0000000,1596.79,0.0,SYNTH_MERCHANT41_0000000,0.0,1596.79,1,0,mule_network_layering,1
583,TRANSFER,1103.19,SYNTH_MULE42_0000000,1103.19,0.0,SYNTH_MULE42_0000001,0.0,1019.19,1,0,mule_network_layering,1
584,CASH_OUT,1019.19,SYNTH_MULESINK42_0000000,1019.19,0.0,SYNTH_MERCHANT42_0000000,0.0,1019.19,1,0,mule_network_layering,1
648,TRANSFER,2641.44,SYNTH_MULE43_0000000,2641.44,0.0,SYNTH_MULE43_0000001,0.0,2578.85,1,0,mule_network_layering,1
649,TRANSFER,2578.85,SYNTH_MULE43_0000001,2578.85,0.0,SYNTH_MULE43_0000002,0.0,2460.6,1,0,mule_network_layering,1
650,TRANSFER,2460.6,SYNTH_MULE43_0000002,2460.6,0.0,SYNTH_MULESINK43_0000000,0.0,2353.77,1,0,mule_network_layering,1
651,CASH_OUT,2353.77,SYNTH_MULESINK43_0000000,2353.77,0.0,SYNTH_MERCHANT43_0000000,0.0,2353.77,1,0,mule_network_layering,1
595,TRANSFER,1772.43,SYNTH_MULE44_0000000,1772.43,0.0,SYNTH_MULE44_0000001,0.0,1655.25,1,0,mule_network_layering,1
596,TRANSFER,1655.25,SYNTH_MULE44_0000001,1655.25,0.0,SYNTH_MULE44_0000002,0.0,1559.8,1,0,mule_network_layering,1
597,CASH_OUT,1559.8,SYNTH_MULESINK44_0000000,1559.8,0.0,SYNTH_MERCHANT44_0000000,0.0,1559.8,1,0,mule_network_layering,1
275,TRANSFER,1333.4,SYNTH_MULE45_0000000,1333.4,0.0,SYNTH_MULE45_0000001,0.0,1285.08,1,0,mule_network_layering,1
276,TRANSFER,1285.08,SYNTH_MULE45_0000001,1285.08,0.0,SYNTH_MULESINK45_0000000,0.0,1234.1,1,0,mule_network_layering,1
277,CASH_OUT,1234.1,SYNTH_MULESINK45_0000000,1234.1,0.0,SYNTH_MERCHANT45_0000000,0.0,1234.1,1,0,mule_network_layering,1
316,TRANSFER,4079.08,SYNTH_MULE46_0000000,4079.08,0.0,SYNTH_MULE46_0000001,0.0,3896.24,1,0,mule_network_layering,1
317,TRANSFER,3896.24,SYNTH_MULE46_0000001,3896.24,0.0,SYNTH_MULE46_0000002,0.0,3708.4,1,0,mule_network_layering,1
318,TRANSFER,3708.4,SYNTH_MULE46_0000002,3708.4,0.0,SYNTH_MULE46_0000003,0.0,3569.64,1,0,mule_network_layering,1
319,CASH_OUT,3569.64,SYNTH_MULESINK46_0000000,3569.64,0.0,SYNTH_MERCHANT46_0000000,0.0,3569.64,1,0,mule_network_layering,1
565,TRANSFER,3298.32,SYNTH_MULE47_0000000,3298.32,0.0,SYNTH_MULE47_0000001,0.0,3176.35,1,0,mule_network_layering,1
566,TRANSFER,3176.35,SYNTH_MULE47_0000001,3176.35,0.0,SYNTH_MULESINK47_0000000,0.0,2982.74,1,0,mule_network_layering,1
567,CASH_OUT,2982.74,SYNTH_MULESINK47_0000000,2982.74,0.0,SYNTH_MERCHANT47_0000000,0.0,2982.74,1,0,mule_network_layering,1
282,TRANSFER,3140.19,SYNTH_MULE48_0000000,3140.19,0.0,SYNTH_MULE48_0000001,0.0,2944.47,1,0,mule_network_layering,1
283,TRANSFER,2944.47,SYNTH_MULE48_0000001,2944.47,0.0,SYNTH_MULE48_0000002,0.0,2843.84,1,0,mule_network_layering,1
284,CASH_OUT,2843.84,SYNTH_MULESINK48_0000000,2843.84,0.0,SYNTH_MERCHANT48_0000000,0.0,2843.84,1,0,mule_network_layering,1
689,TRANSFER,2167.35,SYNTH_MULE49_0000000,2167.35,0.0,SYNTH_MULE49_0000001,0.0,2073.17,1,0,mule_network_layering,1
690,CASH_OUT,2073.17,SYNTH_MULESINK49_0000000,2073.17,0.0,SYNTH_MERCHANT49_0000000,0.0,2073.17,1,0,mule_network_layering,1
329,PAYMENT,1.88,SYNTH_CARDTEST_0000000,3202.83,3200.95,SYNTH_MERCH0_0000000,0.0,1.88,1,0,card_testing_burst,1
329,PAYMENT,4.22,SYNTH_CARDTEST_0000000,3200.95,3196.74,SYNTH_MERCH0_0000001,0.0,4.22,1,0,card_testing_burst,1
329,PAYMENT,2.75,SYNTH_CARDTEST_0000000,3196.74,3193.99,SYNTH_MERCH0_0000002,0.0,2.75,1,0,card_testing_burst,1
329,PAYMENT,3.82,SYNTH_CARDTEST_0000000,3193.99,3190.16,SYNTH_MERCH0_0000003,0.0,3.82,1,0,card_testing_burst,1
329,PAYMENT,1.33,SYNTH_CARDTEST_0000000,3190.16,3188.84,SYNTH_MERCH0_0000004,0.0,1.33,1,0,card_testing_burst,1
329,PAYMENT,2.88,SYNTH_CARDTEST_0000000,3188.84,3185.96,SYNTH_MERCH0_0000005,0.0,2.88,1,0,card_testing_burst,1
329,PAYMENT,1.11,SYNTH_CARDTEST_0000000,3185.96,3184.84,SYNTH_MERCH0_0000006,0.0,1.11,1,0,card_testing_burst,1
329,PAYMENT,3.7,SYNTH_CARDTEST_0000000,3184.84,3181.14,SYNTH_MERCH0_0000007,0.0,3.7,1,0,card_testing_burst,1
329,PAYMENT,2.37,SYNTH_CARDTEST_0000000,3181.14,3178.76,SYNTH_MERCH0_0000008,0.0,2.37,1,0,card_testing_burst,1
329,PAYMENT,4.8,SYNTH_CARDTEST_0000000,3178.76,3173.97,SYNTH_MERCH0_0000009,0.0,4.8,1,0,card_testing_burst,1
329,PAYMENT,2.3,SYNTH_CARDTEST_0000000,3173.97,3171.67,SYNTH_MERCH0_0000010,0.0,2.3,1,0,card_testing_burst,1
329,PAYMENT,3.26,SYNTH_CARDTEST_0000000,3171.67,3168.42,SYNTH_MERCH0_0000011,0.0,3.26,1,0,card_testing_burst,1
329,PAYMENT,2.03,SYNTH_CARDTEST_0000000,3168.42,3166.39,SYNTH_MERCH0_0000012,0.0,2.03,1,0,card_testing_burst,1
329,PAYMENT,3.48,SYNTH_CARDTEST_0000000,3166.39,3162.91,SYNTH_MERCH0_0000013,0.0,3.48,1,0,card_testing_burst,1
329,PAYMENT,2.87,SYNTH_CARDTEST_0000000,3162.91,3160.04,SYNTH_MERCH0_0000014,0.0,2.87,1,0,card_testing_burst,1
329,PAYMENT,2.48,SYNTH_CARDTEST_0000000,3160.04,3157.55,SYNTH_MERCH0_0000015,0.0,2.48,1,0,card_testing_burst,1
329,PAYMENT,1.81,SYNTH_CARDTEST_0000000,3157.55,3155.74,SYNTH_MERCH0_0000016,0.0,1.81,1,0,card_testing_burst,1
329,PAYMENT,1.45,SYNTH_CARDTEST_0000000,3155.74,3154.29,SYNTH_MERCH0_0000017,0.0,1.45,1,0,card_testing_burst,1
329,PAYMENT,1.48,SYNTH_CARDTEST_0000000,3154.29,3152.81,SYNTH_MERCH0_0000018,0.0,1.48,1,0,card_testing_burst,1
329,PAYMENT,5.0,SYNTH_CARDTEST_0000000,3152.81,3147.82,SYNTH_MERCH0_0000019,0.0,5.0,1,0,card_testing_burst,1
448,PAYMENT,1.01,SYNTH_CARDTEST_0000001,1666.88,1665.87,SYNTH_MERCH1_0000000,0.0,1.01,1,0,card_testing_burst,1
448,PAYMENT,4.81,SYNTH_CARDTEST_0000001,1665.87,1661.06,SYNTH_MERCH1_0000001,0.0,4.81,1,0,card_testing_burst,1
448,PAYMENT,1.08,SYNTH_CARDTEST_0000001,1661.06,1659.98,SYNTH_MERCH1_0000002,0.0,1.08,1,0,card_testing_burst,1
448,PAYMENT,2.67,SYNTH_CARDTEST_0000001,1659.98,1657.31,SYNTH_MERCH1_0000003,0.0,2.67,1,0,card_testing_burst,1
448,PAYMENT,3.87,SYNTH_CARDTEST_0000001,1657.31,1653.44,SYNTH_MERCH1_0000004,0.0,3.87,1,0,card_testing_burst,1
448,PAYMENT,4.66,SYNTH_CARDTEST_0000001,1653.44,1648.78,SYNTH_MERCH1_0000005,0.0,4.66,1,0,card_testing_burst,1
448,PAYMENT,3.85,SYNTH_CARDTEST_0000001,1648.78,1644.93,SYNTH_MERCH1_0000006,0.0,3.85,1,0,card_testing_burst,1
448,PAYMENT,2.85,SYNTH_CARDTEST_0000001,1644.93,1642.07,SYNTH_MERCH1_0000007,0.0,2.85,1,0,card_testing_burst,1
448,PAYMENT,4.9,SYNTH_CARDTEST_0000001,1642.07,1637.18,SYNTH_MERCH1_0000008,0.0,4.9,1,0,card_testing_burst,1
448,PAYMENT,1.16,SYNTH_CARDTEST_0000001,1637.18,1636.02,SYNTH_MERCH1_0000009,0.0,1.16,1,0,card_testing_burst,1
448,PAYMENT,4.95,SYNTH_CARDTEST_0000001,1636.02,1631.07,SYNTH_MERCH1_0000010,0.0,4.95,1,0,card_testing_burst,1
448,PAYMENT,4.4,SYNTH_CARDTEST_0000001,1631.07,1626.67,SYNTH_MERCH1_0000011,0.0,4.4,1,0,card_testing_burst,1
448,PAYMENT,4.72,SYNTH_CARDTEST_0000001,1626.67,1621.96,SYNTH_MERCH1_0000012,0.0,4.72,1,0,card_testing_burst,1
448,PAYMENT,2.02,SYNTH_CARDTEST_0000001,1621.96,1619.94,SYNTH_MERCH1_0000013,0.0,2.02,1,0,card_testing_burst,1
448,PAYMENT,1.57,SYNTH_CARDTEST_0000001,1619.94,1618.37,SYNTH_MERCH1_0000014,0.0,1.57,1,0,card_testing_burst,1
448,PAYMENT,3.65,SYNTH_CARDTEST_0000001,1618.37,1614.72,SYNTH_MERCH1_0000015,0.0,3.65,1,0,card_testing_burst,1
448,PAYMENT,3.06,SYNTH_CARDTEST_0000001,1614.72,1611.65,SYNTH_MERCH1_0000016,0.0,3.06,1,0,card_testing_burst,1
448,PAYMENT,3.09,SYNTH_CARDTEST_0000001,1611.65,1608.56,SYNTH_MERCH1_0000017,0.0,3.09,1,0,card_testing_burst,1
448,PAYMENT,4.7,SYNTH_CARDTEST_0000001,1608.56,1603.86,SYNTH_MERCH1_0000018,0.0,4.7,1,0,card_testing_burst,1
448,PAYMENT,3.48,SYNTH_CARDTEST_0000001,1603.86,1600.38,SYNTH_MERCH1_0000019,0.0,3.48,1,0,card_testing_burst,1
29,PAYMENT,1.53,SYNTH_CARDTEST_0000002,6636.32,6634.79,SYNTH_MERCH2_0000000,0.0,1.53,1,0,card_testing_burst,1
29,PAYMENT,1.77,SYNTH_CARDTEST_0000002,6634.79,6633.02,SYNTH_MERCH2_0000001,0.0,1.77,1,0,card_testing_burst,1
29,PAYMENT,1.57,SYNTH_CARDTEST_0000002,6633.02,6631.44,SYNTH_MERCH2_0000002,0.0,1.57,1,0,card_testing_burst,1
29,PAYMENT,4.24,SYNTH_CARDTEST_0000002,6631.44,6627.2,SYNTH_MERCH2_0000003,0.0,4.24,1,0,card_testing_burst,1
29,PAYMENT,3.82,SYNTH_CARDTEST_0000002,6627.2,6623.38,SYNTH_MERCH2_0000004,0.0,3.82,1,0,card_testing_burst,1
29,PAYMENT,3.12,SYNTH_CARDTEST_0000002,6623.38,6620.26,SYNTH_MERCH2_0000005,0.0,3.12,1,0,card_testing_burst,1
29,PAYMENT,2.5,SYNTH_CARDTEST_0000002,6620.26,6617.76,SYNTH_MERCH2_0000006,0.0,2.5,1,0,card_testing_burst,1
29,PAYMENT,3.67,SYNTH_CARDTEST_0000002,6617.76,6614.09,SYNTH_MERCH2_0000007,0.0,3.67,1,0,card_testing_burst,1
29,PAYMENT,4.25,SYNTH_CARDTEST_0000002,6614.09,6609.84,SYNTH_MERCH2_0000008,0.0,4.25,1,0,card_testing_burst,1
29,PAYMENT,4.52,SYNTH_CARDTEST_0000002,6609.84,6605.31,SYNTH_MERCH2_0000009,0.0,4.52,1,0,card_testing_burst,1
29,PAYMENT,3.19,SYNTH_CARDTEST_0000002,6605.31,6602.13,SYNTH_MERCH2_0000010,0.0,3.19,1,0,card_testing_burst,1
29,PAYMENT,4.28,SYNTH_CARDTEST_0000002,6602.13,6597.85,SYNTH_MERCH2_0000011,0.0,4.28,1,0,card_testing_burst,1
29,PAYMENT,3.05,SYNTH_CARDTEST_0000002,6597.85,6594.8,SYNTH_MERCH2_0000012,0.0,3.05,1,0,card_testing_burst,1
29,PAYMENT,2.9,SYNTH_CARDTEST_0000002,6594.8,6591.9,SYNTH_MERCH2_0000013,0.0,2.9,1,0,card_testing_burst,1
29,PAYMENT,4.46,SYNTH_CARDTEST_0000002,6591.9,6587.44,SYNTH_MERCH2_0000014,0.0,4.46,1,0,card_testing_burst,1
29,PAYMENT,2.55,SYNTH_CARDTEST_0000002,6587.44,6584.9,SYNTH_MERCH2_0000015,0.0,2.55,1,0,card_testing_burst,1
29,PAYMENT,2.58,SYNTH_CARDTEST_0000002,6584.9,6582.31,SYNTH_MERCH2_0000016,0.0,2.58,1,0,card_testing_burst,1
29,PAYMENT,2.22,SYNTH_CARDTEST_0000002,6582.31,6580.09,SYNTH_MERCH2_0000017,0.0,2.22,1,0,card_testing_burst,1
29,PAYMENT,3.07,SYNTH_CARDTEST_0000002,6580.09,6577.02,SYNTH_MERCH2_0000018,0.0,3.07,1,0,card_testing_burst,1
29,PAYMENT,3.18,SYNTH_CARDTEST_0000002,6577.02,6573.84,SYNTH_MERCH2_0000019,0.0,3.18,1,0,card_testing_burst,1
297,PAYMENT,2.72,SYNTH_CARDTEST_0000003,15157.88,15155.16,SYNTH_MERCH3_0000000,0.0,2.72,1,0,card_testing_burst,1
297,PAYMENT,1.87,SYNTH_CARDTEST_0000003,15155.16,15153.29,SYNTH_MERCH3_0000001,0.0,1.87,1,0,card_testing_burst,1
297,PAYMENT,4.47,SYNTH_CARDTEST_0000003,15153.29,15148.82,SYNTH_MERCH3_0000002,0.0,4.47,1,0,card_testing_burst,1
297,PAYMENT,2.38,SYNTH_CARDTEST_0000003,15148.82,15146.44,SYNTH_MERCH3_0000003,0.0,2.38,1,0,card_testing_burst,1
297,PAYMENT,4.69,SYNTH_CARDTEST_0000003,15146.44,15141.75,SYNTH_MERCH3_0000004,0.0,4.69,1,0,card_testing_burst,1
297,PAYMENT,1.83,SYNTH_CARDTEST_0000003,15141.75,15139.92,SYNTH_MERCH3_0000005,0.0,1.83,1,0,card_testing_burst,1
297,PAYMENT,3.24,SYNTH_CARDTEST_0000003,15139.92,15136.68,SYNTH_MERCH3_0000006,0.0,3.24,1,0,card_testing_burst,1
297,PAYMENT,3.15,SYNTH_CARDTEST_0000003,15136.68,15133.53,SYNTH_MERCH3_0000007,0.0,3.15,1,0,card_testing_burst,1
297,PAYMENT,4.31,SYNTH_CARDTEST_0000003,15133.53,15129.22,SYNTH_MERCH3_0000008,0.0,4.31,1,0,card_testing_burst,1
297,PAYMENT,1.56,SYNTH_CARDTEST_0000003,15129.22,15127.66,SYNTH_MERCH3_0000009,0.0,1.56,1,0,card_testing_burst,1
297,PAYMENT,4.64,SYNTH_CARDTEST_0000003,15127.66,15123.02,SYNTH_MERCH3_0000010,0.0,4.64,1,0,card_testing_burst,1
297,PAYMENT,3.13,SYNTH_CARDTEST_0000003,15123.02,15119.9,SYNTH_MERCH3_0000011,0.0,3.13,1,0,card_testing_burst,1
297,PAYMENT,3.34,SYNTH_CARDTEST_0000003,15119.9,15116.55,SYNTH_MERCH3_0000012,0.0,3.34,1,0,card_testing_burst,1
297,PAYMENT,3.04,SYNTH_CARDTEST_0000003,15116.55,15113.51,SYNTH_MERCH3_0000013,0.0,3.04,1,0,card_testing_burst,1
297,PAYMENT,1.14,SYNTH_CARDTEST_0000003,15113.51,15112.37,SYNTH_MERCH3_0000014,0.0,1.14,1,0,card_testing_burst,1
297,PAYMENT,2.99,SYNTH_CARDTEST_0000003,15112.37,15109.38,SYNTH_MERCH3_0000015,0.0,2.99,1,0,card_testing_burst,1
297,PAYMENT,2.05,SYNTH_CARDTEST_0000003,15109.38,15107.32,SYNTH_MERCH3_0000016,0.0,2.05,1,0,card_testing_burst,1
297,PAYMENT,2.37,SYNTH_CARDTEST_0000003,15107.32,15104.95,SYNTH_MERCH3_0000017,0.0,2.37,1,0,card_testing_burst,1
297,PAYMENT,3.6,SYNTH_CARDTEST_0000003,15104.95,15101.36,SYNTH_MERCH3_0000018,0.0,3.6,1,0,card_testing_burst,1
297,PAYMENT,2.99,SYNTH_CARDTEST_0000003,15101.36,15098.37,SYNTH_MERCH3_0000019,0.0,2.99,1,0,card_testing_burst,1
267,PAYMENT,1.74,SYNTH_CARDTEST_0000004,5028.1,5026.36,SYNTH_MERCH4_0000000,0.0,1.74,1,0,card_testing_burst,1
267,PAYMENT,1.76,SYNTH_CARDTEST_0000004,5026.36,5024.6,SYNTH_MERCH4_0000001,0.0,1.76,1,0,card_testing_burst,1
267,PAYMENT,3.43,SYNTH_CARDTEST_0000004,5024.6,5021.16,SYNTH_MERCH4_0000002,0.0,3.43,1,0,card_testing_burst,1
267,PAYMENT,1.71,SYNTH_CARDTEST_0000004,5021.16,5019.45,SYNTH_MERCH4_0000003,0.0,1.71,1,0,card_testing_burst,1
267,PAYMENT,4.53,SYNTH_CARDTEST_0000004,5019.45,5014.93,SYNTH_MERCH4_0000004,0.0,4.53,1,0,card_testing_burst,1
267,PAYMENT,1.84,SYNTH_CARDTEST_0000004,5014.93,5013.09,SYNTH_MERCH4_0000005,0.0,1.84,1,0,card_testing_burst,1
267,PAYMENT,1.36,SYNTH_CARDTEST_0000004,5013.09,5011.72,SYNTH_MERCH4_0000006,0.0,1.36,1,0,card_testing_burst,1
267,PAYMENT,4.5,SYNTH_CARDTEST_0000004,5011.72,5007.22,SYNTH_MERCH4_0000007,0.0,4.5,1,0,card_testing_burst,1
267,PAYMENT,2.18,SYNTH_CARDTEST_0000004,5007.22,5005.04,SYNTH_MERCH4_0000008,0.0,2.18,1,0,card_testing_burst,1
267,PAYMENT,2.7,SYNTH_CARDTEST_0000004,5005.04,5002.34,SYNTH_MERCH4_0000009,0.0,2.7,1,0,card_testing_burst,1
267,PAYMENT,4.84,SYNTH_CARDTEST_0000004,5002.34,4997.5,SYNTH_MERCH4_0000010,0.0,4.84,1,0,card_testing_burst,1
267,PAYMENT,4.78,SYNTH_CARDTEST_0000004,4997.5,4992.72,SYNTH_MERCH4_0000011,0.0,4.78,1,0,card_testing_burst,1
267,PAYMENT,3.86,SYNTH_CARDTEST_0000004,4992.72,4988.86,SYNTH_MERCH4_0000012,0.0,3.86,1,0,card_testing_burst,1
267,PAYMENT,1.28,SYNTH_CARDTEST_0000004,4988.86,4987.59,SYNTH_MERCH4_0000013,0.0,1.28,1,0,card_testing_burst,1
267,PAYMENT,3.37,SYNTH_CARDTEST_0000004,4987.59,4984.21,SYNTH_MERCH4_0000014,0.0,3.37,1,0,card_testing_burst,1
267,PAYMENT,4.96,SYNTH_CARDTEST_0000004,4984.21,4979.26,SYNTH_MERCH4_0000015,0.0,4.96,1,0,card_testing_burst,1
267,PAYMENT,4.79,SYNTH_CARDTEST_0000004,4979.26,4974.47,SYNTH_MERCH4_0000016,0.0,4.79,1,0,card_testing_burst,1
267,PAYMENT,1.42,SYNTH_CARDTEST_0000004,4974.47,4973.05,SYNTH_MERCH4_0000017,0.0,1.42,1,0,card_testing_burst,1
267,PAYMENT,2.58,SYNTH_CARDTEST_0000004,4973.05,4970.46,SYNTH_MERCH4_0000018,0.0,2.58,1,0,card_testing_burst,1
267,PAYMENT,2.26,SYNTH_CARDTEST_0000004,4970.46,4968.2,SYNTH_MERCH4_0000019,0.0,2.26,1,0,card_testing_burst,1
55,PAYMENT,3.78,SYNTH_CARDTEST_0000005,1012.16,1008.39,SYNTH_MERCH5_0000000,0.0,3.78,1,0,card_testing_burst,1
55,PAYMENT,2.1,SYNTH_CARDTEST_0000005,1008.39,1006.29,SYNTH_MERCH5_0000001,0.0,2.1,1,0,card_testing_burst,1
55,PAYMENT,2.38,SYNTH_CARDTEST_0000005,1006.29,1003.91,SYNTH_MERCH5_0000002,0.0,2.38,1,0,card_testing_burst,1
55,PAYMENT,1.36,SYNTH_CARDTEST_0000005,1003.91,1002.55,SYNTH_MERCH5_0000003,0.0,1.36,1,0,card_testing_burst,1
55,PAYMENT,2.99,SYNTH_CARDTEST_0000005,1002.55,999.56,SYNTH_MERCH5_0000004,0.0,2.99,1,0,card_testing_burst,1
55,PAYMENT,1.63,SYNTH_CARDTEST_0000005,999.56,997.92,SYNTH_MERCH5_0000005,0.0,1.63,1,0,card_testing_burst,1
55,PAYMENT,2.73,SYNTH_CARDTEST_0000005,997.92,995.2,SYNTH_MERCH5_0000006,0.0,2.73,1,0,card_testing_burst,1
55,PAYMENT,1.57,SYNTH_CARDTEST_0000005,995.2,993.62,SYNTH_MERCH5_0000007,0.0,1.57,1,0,card_testing_burst,1
55,PAYMENT,4.82,SYNTH_CARDTEST_0000005,993.62,988.81,SYNTH_MERCH5_0000008,0.0,4.82,1,0,card_testing_burst,1
55,PAYMENT,1.58,SYNTH_CARDTEST_0000005,988.81,987.23,SYNTH_MERCH5_0000009,0.0,1.58,1,0,card_testing_burst,1
55,PAYMENT,3.09,SYNTH_CARDTEST_0000005,987.23,984.14,SYNTH_MERCH5_0000010,0.0,3.09,1,0,card_testing_burst,1
55,PAYMENT,1.79,SYNTH_CARDTEST_0000005,984.14,982.35,SYNTH_MERCH5_0000011,0.0,1.79,1,0,card_testing_burst,1
55,PAYMENT,1.31,SYNTH_CARDTEST_0000005,982.35,981.05,SYNTH_MERCH5_0000012,0.0,1.31,1,0,card_testing_burst,1
55,PAYMENT,1.81,SYNTH_CARDTEST_0000005,981.05,979.24,SYNTH_MERCH5_0000013,0.0,1.81,1,0,card_testing_burst,1
55,PAYMENT,1.22,SYNTH_CARDTEST_0000005,979.24,978.02,SYNTH_MERCH5_0000014,0.0,1.22,1,0,card_testing_burst,1
55,PAYMENT,1.56,SYNTH_CARDTEST_0000005,978.02,976.46,SYNTH_MERCH5_0000015,0.0,1.56,1,0,card_testing_burst,1
55,PAYMENT,2.97,SYNTH_CARDTEST_0000005,976.46,973.49,SYNTH_MERCH5_0000016,0.0,2.97,1,0,card_testing_burst,1
55,PAYMENT,3.61,SYNTH_CARDTEST_0000005,973.49,969.88,SYNTH_MERCH5_0000017,0.0,3.61,1,0,card_testing_burst,1
55,PAYMENT,1.35,SYNTH_CARDTEST_0000005,969.88,968.53,SYNTH_MERCH5_0000018,0.0,1.35,1,0,card_testing_burst,1
55,PAYMENT,2.76,SYNTH_CARDTEST_0000005,968.53,965.77,SYNTH_MERCH5_0000019,0.0,2.76,1,0,card_testing_burst,1
156,PAYMENT,2.49,SYNTH_CARDTEST_0000006,2647.91,2645.42,SYNTH_MERCH6_0000000,0.0,2.49,1,0,card_testing_burst,1
156,PAYMENT,1.29,SYNTH_CARDTEST_0000006,2645.42,2644.13,SYNTH_MERCH6_0000001,0.0,1.29,1,0,card_testing_burst,1
156,PAYMENT,1.88,SYNTH_CARDTEST_0000006,2644.13,2642.25,SYNTH_MERCH6_0000002,0.0,1.88,1,0,card_testing_burst,1
156,PAYMENT,2.87,SYNTH_CARDTEST_0000006,2642.25,2639.39,SYNTH_MERCH6_0000003,0.0,2.87,1,0,card_testing_burst,1
156,PAYMENT,4.96,SYNTH_CARDTEST_0000006,2639.39,2634.43,SYNTH_MERCH6_0000004,0.0,4.96,1,0,card_testing_burst,1
156,PAYMENT,4.99,SYNTH_CARDTEST_0000006,2634.43,2629.44,SYNTH_MERCH6_0000005,0.0,4.99,1,0,card_testing_burst,1
156,PAYMENT,4.92,SYNTH_CARDTEST_0000006,2629.44,2624.52,SYNTH_MERCH6_0000006,0.0,4.92,1,0,card_testing_burst,1
156,PAYMENT,2.69,SYNTH_CARDTEST_0000006,2624.52,2621.83,SYNTH_MERCH6_0000007,0.0,2.69,1,0,card_testing_burst,1
156,PAYMENT,1.32,SYNTH_CARDTEST_0000006,2621.83,2620.51,SYNTH_MERCH6_0000008,0.0,1.32,1,0,card_testing_burst,1
156,PAYMENT,2.29,SYNTH_CARDTEST_0000006,2620.51,2618.21,SYNTH_MERCH6_0000009,0.0,2.29,1,0,card_testing_burst,1
156,PAYMENT,1.95,SYNTH_CARDTEST_0000006,2618.21,2616.26,SYNTH_MERCH6_0000010,0.0,1.95,1,0,card_testing_burst,1
156,PAYMENT,1.06,SYNTH_CARDTEST_0000006,2616.26,2615.21,SYNTH_MERCH6_0000011,0.0,1.06,1,0,card_testing_burst,1
156,PAYMENT,1.38,SYNTH_CARDTEST_0000006,2615.21,2613.82,SYNTH_MERCH6_0000012,0.0,1.38,1,0,card_testing_burst,1
156,PAYMENT,2.81,SYNTH_CARDTEST_0000006,2613.82,2611.01,SYNTH_MERCH6_0000013,0.0,2.81,1,0,card_testing_burst,1
156,PAYMENT,2.36,SYNTH_CARDTEST_0000006,2611.01,2608.65,SYNTH_MERCH6_0000014,0.0,2.36,1,0,card_testing_burst,1
156,PAYMENT,1.72,SYNTH_CARDTEST_0000006,2608.65,2606.93,SYNTH_MERCH6_0000015,0.0,1.72,1,0,card_testing_burst,1
156,PAYMENT,3.86,SYNTH_CARDTEST_0000006,2606.93,2603.07,SYNTH_MERCH6_0000016,0.0,3.86,1,0,card_testing_burst,1
156,PAYMENT,2.43,SYNTH_CARDTEST_0000006,2603.07,2600.64,SYNTH_MERCH6_0000017,0.0,2.43,1,0,card_testing_burst,1
156,PAYMENT,4.41,SYNTH_CARDTEST_0000006,2600.64,2596.23,SYNTH_MERCH6_0000018,0.0,4.41,1,0,card_testing_burst,1
156,PAYMENT,1.96,SYNTH_CARDTEST_0000006,2596.23,2594.27,SYNTH_MERCH6_0000019,0.0,1.96,1,0,card_testing_burst,1
174,PAYMENT,1.74,SYNTH_CARDTEST_0000007,20515.57,20513.83,SYNTH_MERCH7_0000000,0.0,1.74,1,0,card_testing_burst,1
174,PAYMENT,2.98,SYNTH_CARDTEST_0000007,20513.83,20510.85,SYNTH_MERCH7_0000001,0.0,2.98,1,0,card_testing_burst,1
174,PAYMENT,1.61,SYNTH_CARDTEST_0000007,20510.85,20509.24,SYNTH_MERCH7_0000002,0.0,1.61,1,0,card_testing_burst,1
174,PAYMENT,1.65,SYNTH_CARDTEST_0000007,20509.24,20507.59,SYNTH_MERCH7_0000003,0.0,1.65,1,0,card_testing_burst,1
174,PAYMENT,3.45,SYNTH_CARDTEST_0000007,20507.59,20504.14,SYNTH_MERCH7_0000004,0.0,3.45,1,0,card_testing_burst,1
174,PAYMENT,2.06,SYNTH_CARDTEST_0000007,20504.14,20502.09,SYNTH_MERCH7_0000005,0.0,2.06,1,0,card_testing_burst,1
174,PAYMENT,1.69,SYNTH_CARDTEST_0000007,20502.09,20500.4,SYNTH_MERCH7_0000006,0.0,1.69,1,0,card_testing_burst,1
174,PAYMENT,4.72,SYNTH_CARDTEST_0000007,20500.4,20495.68,SYNTH_MERCH7_0000007,0.0,4.72,1,0,card_testing_burst,1
174,PAYMENT,1.17,SYNTH_CARDTEST_0000007,20495.68,20494.51,SYNTH_MERCH7_0000008,0.0,1.17,1,0,card_testing_burst,1
174,PAYMENT,3.26,SYNTH_CARDTEST_0000007,20494.51,20491.25,SYNTH_MERCH7_0000009,0.0,3.26,1,0,card_testing_burst,1
174,PAYMENT,3.19,SYNTH_CARDTEST_0000007,20491.25,20488.05,SYNTH_MERCH7_0000010,0.0,3.19,1,0,card_testing_burst,1
174,PAYMENT,2.0,SYNTH_CARDTEST_0000007,20488.05,20486.05,SYNTH_MERCH7_0000011,0.0,2.0,1,0,card_testing_burst,1
174,PAYMENT,2.81,SYNTH_CARDTEST_0000007,20486.05,20483.24,SYNTH_MERCH7_0000012,0.0,2.81,1,0,card_testing_burst,1
174,PAYMENT,1.35,SYNTH_CARDTEST_0000007,20483.24,20481.89,SYNTH_MERCH7_0000013,0.0,1.35,1,0,card_testing_burst,1
174,PAYMENT,3.89,SYNTH_CARDTEST_0000007,20481.89,20478.0,SYNTH_MERCH7_0000014,0.0,3.89,1,0,card_testing_burst,1
174,PAYMENT,1.89,SYNTH_CARDTEST_0000007,20478.0,20476.12,SYNTH_MERCH7_0000015,0.0,1.89,1,0,card_testing_burst,1
174,PAYMENT,1.77,SYNTH_CARDTEST_0000007,20476.12,20474.34,SYNTH_MERCH7_0000016,0.0,1.77,1,0,card_testing_burst,1
174,PAYMENT,2.26,SYNTH_CARDTEST_0000007,20474.34,20472.08,SYNTH_MERCH7_0000017,0.0,2.26,1,0,card_testing_burst,1
174,PAYMENT,4.61,SYNTH_CARDTEST_0000007,20472.08,20467.47,SYNTH_MERCH7_0000018,0.0,4.61,1,0,card_testing_burst,1
174,PAYMENT,4.19,SYNTH_CARDTEST_0000007,20467.47,20463.29,SYNTH_MERCH7_0000019,0.0,4.19,1,0,card_testing_burst,1
323,PAYMENT,3.65,SYNTH_CARDTEST_0000008,5083.48,5079.83,SYNTH_MERCH8_0000000,0.0,3.65,1,0,card_testing_burst,1
323,PAYMENT,2.92,SYNTH_CARDTEST_0000008,5079.83,5076.91,SYNTH_MERCH8_0000001,0.0,2.92,1,0,card_testing_burst,1
323,PAYMENT,4.62,SYNTH_CARDTEST_0000008,5076.91,5072.28,SYNTH_MERCH8_0000002,0.0,4.62,1,0,card_testing_burst,1
323,PAYMENT,3.04,SYNTH_CARDTEST_0000008,5072.28,5069.24,SYNTH_MERCH8_0000003,0.0,3.04,1,0,card_testing_burst,1
323,PAYMENT,2.42,SYNTH_CARDTEST_0000008,5069.24,5066.82,SYNTH_MERCH8_0000004,0.0,2.42,1,0,card_testing_burst,1
323,PAYMENT,3.56,SYNTH_CARDTEST_0000008,5066.82,5063.26,SYNTH_MERCH8_0000005,0.0,3.56,1,0,card_testing_burst,1
323,PAYMENT,3.18,SYNTH_CARDTEST_0000008,5063.26,5060.07,SYNTH_MERCH8_0000006,0.0,3.18,1,0,card_testing_burst,1
323,PAYMENT,1.5,SYNTH_CARDTEST_0000008,5060.07,5058.58,SYNTH_MERCH8_0000007,0.0,1.5,1,0,card_testing_burst,1
323,PAYMENT,2.57,SYNTH_CARDTEST_0000008,5058.58,5056.01,SYNTH_MERCH8_0000008,0.0,2.57,1,0,card_testing_burst,1
323,PAYMENT,2.25,SYNTH_CARDTEST_0000008,5056.01,5053.75,SYNTH_MERCH8_0000009,0.0,2.25,1,0,card_testing_burst,1
323,PAYMENT,4.39,SYNTH_CARDTEST_0000008,5053.75,5049.37,SYNTH_MERCH8_0000010,0.0,4.39,1,0,card_testing_burst,1
323,PAYMENT,2.52,SYNTH_CARDTEST_0000008,5049.37,5046.85,SYNTH_MERCH8_0000011,0.0,2.52,1,0,card_testing_burst,1
323,PAYMENT,4.29,SYNTH_CARDTEST_0000008,5046.85,5042.57,SYNTH_MERCH8_0000012,0.0,4.29,1,0,card_testing_burst,1
323,PAYMENT,2.77,SYNTH_CARDTEST_0000008,5042.57,5039.8,SYNTH_MERCH8_0000013,0.0,2.77,1,0,card_testing_burst,1
323,PAYMENT,4.01,SYNTH_CARDTEST_0000008,5039.8,5035.78,SYNTH_MERCH8_0000014,0.0,4.01,1,0,card_testing_burst,1
323,PAYMENT,1.54,SYNTH_CARDTEST_0000008,5035.78,5034.24,SYNTH_MERCH8_0000015,0.0,1.54,1,0,card_testing_burst,1
323,PAYMENT,4.7,SYNTH_CARDTEST_0000008,5034.24,5029.54,SYNTH_MERCH8_0000016,0.0,4.7,1,0,card_testing_burst,1
323,PAYMENT,2.92,SYNTH_CARDTEST_0000008,5029.54,5026.62,SYNTH_MERCH8_0000017,0.0,2.92,1,0,card_testing_burst,1
323,PAYMENT,2.04,SYNTH_CARDTEST_0000008,5026.62,5024.58,SYNTH_MERCH8_0000018,0.0,2.04,1,0,card_testing_burst,1
323,PAYMENT,1.97,SYNTH_CARDTEST_0000008,5024.58,5022.61,SYNTH_MERCH8_0000019,0.0,1.97,1,0,card_testing_burst,1
484,PAYMENT,3.87,SYNTH_CARDTEST_0000009,7222.31,7218.44,SYNTH_MERCH9_0000000,0.0,3.87,1,0,card_testing_burst,1
484,PAYMENT,4.8,SYNTH_CARDTEST_0000009,7218.44,7213.65,SYNTH_MERCH9_0000001,0.0,4.8,1,0,card_testing_burst,1
484,PAYMENT,3.68,SYNTH_CARDTEST_0000009,7213.65,7209.97,SYNTH_MERCH9_0000002,0.0,3.68,1,0,card_testing_burst,1
484,PAYMENT,3.19,SYNTH_CARDTEST_0000009,7209.97,7206.78,SYNTH_MERCH9_0000003,0.0,3.19,1,0,card_testing_burst,1
484,PAYMENT,2.79,SYNTH_CARDTEST_0000009,7206.78,7203.99,SYNTH_MERCH9_0000004,0.0,2.79,1,0,card_testing_burst,1
484,PAYMENT,4.31,SYNTH_CARDTEST_0000009,7203.99,7199.67,SYNTH_MERCH9_0000005,0.0,4.31,1,0,card_testing_burst,1
484,PAYMENT,4.4,SYNTH_CARDTEST_0000009,7199.67,7195.28,SYNTH_MERCH9_0000006,0.0,4.4,1,0,card_testing_burst,1
484,PAYMENT,2.17,SYNTH_CARDTEST_0000009,7195.28,7193.1,SYNTH_MERCH9_0000007,0.0,2.17,1,0,card_testing_burst,1
484,PAYMENT,4.81,SYNTH_CARDTEST_0000009,7193.1,7188.29,SYNTH_MERCH9_0000008,0.0,4.81,1,0,card_testing_burst,1
484,PAYMENT,2.58,SYNTH_CARDTEST_0000009,7188.29,7185.71,SYNTH_MERCH9_0000009,0.0,2.58,1,0,card_testing_burst,1
484,PAYMENT,4.2,SYNTH_CARDTEST_0000009,7185.71,7181.51,SYNTH_MERCH9_0000010,0.0,4.2,1,0,card_testing_burst,1
484,PAYMENT,4.87,SYNTH_CARDTEST_0000009,7181.51,7176.64,SYNTH_MERCH9_0000011,0.0,4.87,1,0,card_testing_burst,1
484,PAYMENT,3.81,SYNTH_CARDTEST_0000009,7176.64,7172.83,SYNTH_MERCH9_0000012,0.0,3.81,1,0,card_testing_burst,1
484,PAYMENT,1.65,SYNTH_CARDTEST_0000009,7172.83,7171.18,SYNTH_MERCH9_0000013,0.0,1.65,1,0,card_testing_burst,1
484,PAYMENT,3.34,SYNTH_CARDTEST_0000009,7171.18,7167.84,SYNTH_MERCH9_0000014,0.0,3.34,1,0,card_testing_burst,1
484,PAYMENT,1.48,SYNTH_CARDTEST_0000009,7167.84,7166.36,SYNTH_MERCH9_0000015,0.0,1.48,1,0,card_testing_burst,1
484,PAYMENT,4.16,SYNTH_CARDTEST_0000009,7166.36,7162.2,SYNTH_MERCH9_0000016,0.0,4.16,1,0,card_testing_burst,1
484,PAYMENT,2.13,SYNTH_CARDTEST_0000009,7162.2,7160.08,SYNTH_MERCH9_0000017,0.0,2.13,1,0,card_testing_burst,1
484,PAYMENT,3.78,SYNTH_CARDTEST_0000009,7160.08,7156.3,SYNTH_MERCH9_0000018,0.0,3.78,1,0,card_testing_burst,1
484,PAYMENT,4.64,SYNTH_CARDTEST_0000009,7156.3,7151.66,SYNTH_MERCH9_0000019,0.0,4.64,1,0,card_testing_burst,1
571,PAYMENT,3.59,SYNTH_CARDTEST_0000010,3570.86,3567.28,SYNTH_MERCH10_0000000,0.0,3.59,1,0,card_testing_burst,1
571,PAYMENT,2.68,SYNTH_CARDTEST_0000010,3567.28,3564.6,SYNTH_MERCH10_0000001,0.0,2.68,1,0,card_testing_burst,1
571,PAYMENT,1.7,SYNTH_CARDTEST_0000010,3564.6,3562.9,SYNTH_MERCH10_0000002,0.0,1.7,1,0,card_testing_burst,1
571,PAYMENT,1.12,SYNTH_CARDTEST_0000010,3562.9,3561.78,SYNTH_MERCH10_0000003,0.0,1.12,1,0,card_testing_burst,1
571,PAYMENT,2.63,SYNTH_CARDTEST_0000010,3561.78,3559.16,SYNTH_MERCH10_0000004,0.0,2.63,1,0,card_testing_burst,1
571,PAYMENT,3.6,SYNTH_CARDTEST_0000010,3559.16,3555.56,SYNTH_MERCH10_0000005,0.0,3.6,1,0,card_testing_burst,1
571,PAYMENT,3.3,SYNTH_CARDTEST_0000010,3555.56,3552.26,SYNTH_MERCH10_0000006,0.0,3.3,1,0,card_testing_burst,1
571,PAYMENT,1.62,SYNTH_CARDTEST_0000010,3552.26,3550.64,SYNTH_MERCH10_0000007,0.0,1.62,1,0,card_testing_burst,1
571,PAYMENT,2.8,SYNTH_CARDTEST_0000010,3550.64,3547.83,SYNTH_MERCH10_0000008,0.0,2.8,1,0,card_testing_burst,1
571,PAYMENT,2.48,SYNTH_CARDTEST_0000010,3547.83,3545.36,SYNTH_MERCH10_0000009,0.0,2.48,1,0,card_testing_burst,1
571,PAYMENT,2.1,SYNTH_CARDTEST_0000010,3545.36,3543.26,SYNTH_MERCH10_0000010,0.0,2.1,1,0,card_testing_burst,1
571,PAYMENT,3.92,SYNTH_CARDTEST_0000010,3543.26,3539.34,SYNTH_MERCH10_0000011,0.0,3.92,1,0,card_testing_burst,1
571,PAYMENT,2.24,SYNTH_CARDTEST_0000010,3539.34,3537.1,SYNTH_MERCH10_0000012,0.0,2.24,1,0,card_testing_burst,1
571,PAYMENT,3.16,SYNTH_CARDTEST_0000010,3537.1,3533.94,SYNTH_MERCH10_0000013,0.0,3.16,1,0,card_testing_burst,1
571,PAYMENT,4.69,SYNTH_CARDTEST_0000010,3533.94,3529.25,SYNTH_MERCH10_0000014,0.0,4.69,1,0,card_testing_burst,1
571,PAYMENT,3.16,SYNTH_CARDTEST_0000010,3529.25,3526.09,SYNTH_MERCH10_0000015,0.0,3.16,1,0,card_testing_burst,1
571,PAYMENT,3.47,SYNTH_CARDTEST_0000010,3526.09,3522.63,SYNTH_MERCH10_0000016,0.0,3.47,1,0,card_testing_burst,1
571,PAYMENT,1.29,SYNTH_CARDTEST_0000010,3522.63,3521.33,SYNTH_MERCH10_0000017,0.0,1.29,1,0,card_testing_burst,1
571,PAYMENT,1.71,SYNTH_CARDTEST_0000010,3521.33,3519.62,SYNTH_MERCH10_0000018,0.0,1.71,1,0,card_testing_burst,1
571,PAYMENT,1.4,SYNTH_CARDTEST_0000010,3519.62,3518.22,SYNTH_MERCH10_0000019,0.0,1.4,1,0,card_testing_burst,1
292,PAYMENT,4.34,SYNTH_CARDTEST_0000011,3238.05,3233.71,SYNTH_MERCH11_0000000,0.0,4.34,1,0,card_testing_burst,1
292,PAYMENT,1.75,SYNTH_CARDTEST_0000011,3233.71,3231.96,SYNTH_MERCH11_0000001,0.0,1.75,1,0,card_testing_burst,1
292,PAYMENT,1.88,SYNTH_CARDTEST_0000011,3231.96,3230.08,SYNTH_MERCH11_0000002,0.0,1.88,1,0,card_testing_burst,1
292,PAYMENT,2.29,SYNTH_CARDTEST_0000011,3230.08,3227.79,SYNTH_MERCH11_0000003,0.0,2.29,1,0,card_testing_burst,1
292,PAYMENT,3.36,SYNTH_CARDTEST_0000011,3227.79,3224.43,SYNTH_MERCH11_0000004,0.0,3.36,1,0,card_testing_burst,1
292,PAYMENT,3.49,SYNTH_CARDTEST_0000011,3224.43,3220.94,SYNTH_MERCH11_0000005,0.0,3.49,1,0,card_testing_burst,1
292,PAYMENT,3.75,SYNTH_CARDTEST_0000011,3220.94,3217.19,SYNTH_MERCH11_0000006,0.0,3.75,1,0,card_testing_burst,1
292,PAYMENT,4.62,SYNTH_CARDTEST_0000011,3217.19,3212.57,SYNTH_MERCH11_0000007,0.0,4.62,1,0,card_testing_burst,1
292,PAYMENT,2.18,SYNTH_CARDTEST_0000011,3212.57,3210.39,SYNTH_MERCH11_0000008,0.0,2.18,1,0,card_testing_burst,1
292,PAYMENT,3.64,SYNTH_CARDTEST_0000011,3210.39,3206.75,SYNTH_MERCH11_0000009,0.0,3.64,1,0,card_testing_burst,1
292,PAYMENT,3.24,SYNTH_CARDTEST_0000011,3206.75,3203.52,SYNTH_MERCH11_0000010,0.0,3.24,1,0,card_testing_burst,1
292,PAYMENT,2.22,SYNTH_CARDTEST_0000011,3203.52,3201.29,SYNTH_MERCH11_0000011,0.0,2.22,1,0,card_testing_burst,1
292,PAYMENT,4.63,SYNTH_CARDTEST_0000011,3201.29,3196.66,SYNTH_MERCH11_0000012,0.0,4.63,1,0,card_testing_burst,1
292,PAYMENT,1.38,SYNTH_CARDTEST_0000011,3196.66,3195.28,SYNTH_MERCH11_0000013,0.0,1.38,1,0,card_testing_burst,1
292,PAYMENT,3.85,SYNTH_CARDTEST_0000011,3195.28,3191.43,SYNTH_MERCH11_0000014,0.0,3.85,1,0,card_testing_burst,1
292,PAYMENT,3.91,SYNTH_CARDTEST_0000011,3191.43,3187.52,SYNTH_MERCH11_0000015,0.0,3.91,1,0,card_testing_burst,1
292,PAYMENT,4.66,SYNTH_CARDTEST_0000011,3187.52,3182.86,SYNTH_MERCH11_0000016,0.0,4.66,1,0,card_testing_burst,1
292,PAYMENT,3.07,SYNTH_CARDTEST_0000011,3182.86,3179.79,SYNTH_MERCH11_0000017,0.0,3.07,1,0,card_testing_burst,1
292,PAYMENT,2.29,SYNTH_CARDTEST_0000011,3179.79,3177.5,SYNTH_MERCH11_0000018,0.0,2.29,1,0,card_testing_burst,1
292,PAYMENT,4.31,SYNTH_CARDTEST_0000011,3177.5,3173.19,SYNTH_MERCH11_0000019,0.0,4.31,1,0,card_testing_burst,1
452,PAYMENT,4.07,SYNTH_CARDTEST_0000012,5540.45,5536.37,SYNTH_MERCH12_0000000,0.0,4.07,1,0,card_testing_burst,1
452,PAYMENT,2.07,SYNTH_CARDTEST_0000012,5536.37,5534.3,SYNTH_MERCH12_0000001,0.0,2.07,1,0,card_testing_burst,1
452,PAYMENT,3.36,SYNTH_CARDTEST_0000012,5534.3,5530.94,SYNTH_MERCH12_0000002,0.0,3.36,1,0,card_testing_burst,1
452,PAYMENT,4.46,SYNTH_CARDTEST_0000012,5530.94,5526.48,SYNTH_MERCH12_0000003,0.0,4.46,1,0,card_testing_burst,1
452,PAYMENT,2.27,SYNTH_CARDTEST_0000012,5526.48,5524.21,SYNTH_MERCH12_0000004,0.0,2.27,1,0,card_testing_burst,1
452,PAYMENT,2.93,SYNTH_CARDTEST_0000012,5524.21,5521.28,SYNTH_MERCH12_0000005,0.0,2.93,1,0,card_testing_burst,1
452,PAYMENT,4.8,SYNTH_CARDTEST_0000012,5521.28,5516.47,SYNTH_MERCH12_0000006,0.0,4.8,1,0,card_testing_burst,1
452,PAYMENT,4.19,SYNTH_CARDTEST_0000012,5516.47,5512.28,SYNTH_MERCH12_0000007,0.0,4.19,1,0,card_testing_burst,1
452,PAYMENT,4.55,SYNTH_CARDTEST_0000012,5512.28,5507.73,SYNTH_MERCH12_0000008,0.0,4.55,1,0,card_testing_burst,1
452,PAYMENT,2.54,SYNTH_CARDTEST_0000012,5507.73,5505.19,SYNTH_MERCH12_0000009,0.0,2.54,1,0,card_testing_burst,1
452,PAYMENT,4.99,SYNTH_CARDTEST_0000012,5505.19,5500.21,SYNTH_MERCH12_0000010,0.0,4.99,1,0,card_testing_burst,1
452,PAYMENT,1.61,SYNTH_CARDTEST_0000012,5500.21,5498.6,SYNTH_MERCH12_0000011,0.0,1.61,1,0,card_testing_burst,1
452,PAYMENT,3.08,SYNTH_CARDTEST_0000012,5498.6,5495.52,SYNTH_MERCH12_0000012,0.0,3.08,1,0,card_testing_burst,1
452,PAYMENT,2.92,SYNTH_CARDTEST_0000012,5495.52,5492.6,SYNTH_MERCH12_0000013,0.0,2.92,1,0,card_testing_burst,1
452,PAYMENT,4.19,SYNTH_CARDTEST_0000012,5492.6,5488.41,SYNTH_MERCH12_0000014,0.0,4.19,1,0,card_testing_burst,1
452,PAYMENT,4.63,SYNTH_CARDTEST_0000012,5488.41,5483.78,SYNTH_MERCH12_0000015,0.0,4.63,1,0,card_testing_burst,1
452,PAYMENT,3.92,SYNTH_CARDTEST_0000012,5483.78,5479.85,SYNTH_MERCH12_0000016,0.0,3.92,1,0,card_testing_burst,1
452,PAYMENT,3.51,SYNTH_CARDTEST_0000012,5479.85,5476.34,SYNTH_MERCH12_0000017,0.0,3.51,1,0,card_testing_burst,1
452,PAYMENT,2.71,SYNTH_CARDTEST_0000012,5476.34,5473.63,SYNTH_MERCH12_0000018,0.0,2.71,1,0,card_testing_burst,1
452,PAYMENT,3.04,SYNTH_CARDTEST_0000012,5473.63,5470.59,SYNTH_MERCH12_0000019,0.0,3.04,1,0,card_testing_burst,1
371,PAYMENT,1.08,SYNTH_CARDTEST_0000013,4324.52,4323.44,SYNTH_MERCH13_0000000,0.0,1.08,1,0,card_testing_burst,1
371,PAYMENT,3.01,SYNTH_CARDTEST_0000013,4323.44,4320.43,SYNTH_MERCH13_0000001,0.0,3.01,1,0,card_testing_burst,1
371,PAYMENT,4.42,SYNTH_CARDTEST_0000013,4320.43,4316.01,SYNTH_MERCH13_0000002,0.0,4.42,1,0,card_testing_burst,1
371,PAYMENT,3.84,SYNTH_CARDTEST_0000013,4316.01,4312.17,SYNTH_MERCH13_0000003,0.0,3.84,1,0,card_testing_burst,1
371,PAYMENT,4.18,SYNTH_CARDTEST_0000013,4312.17,4307.99,SYNTH_MERCH13_0000004,0.0,4.18,1,0,card_testing_burst,1
371,PAYMENT,2.56,SYNTH_CARDTEST_0000013,4307.99,4305.42,SYNTH_MERCH13_0000005,0.0,2.56,1,0,card_testing_burst,1
371,PAYMENT,3.12,SYNTH_CARDTEST_0000013,4305.42,4302.31,SYNTH_MERCH13_0000006,0.0,3.12,1,0,card_testing_burst,1
371,PAYMENT,1.13,SYNTH_CARDTEST_0000013,4302.31,4301.17,SYNTH_MERCH13_0000007,0.0,1.13,1,0,card_testing_burst,1
371,PAYMENT,2.53,SYNTH_CARDTEST_0000013,4301.17,4298.64,SYNTH_MERCH13_0000008,0.0,2.53,1,0,card_testing_burst,1
371,PAYMENT,2.9,SYNTH_CARDTEST_0000013,4298.64,4295.75,SYNTH_MERCH13_0000009,0.0,2.9,1,0,card_testing_burst,1
371,PAYMENT,2.02,SYNTH_CARDTEST_0000013,4295.75,4293.72,SYNTH_MERCH13_0000010,0.0,2.02,1,0,card_testing_burst,1
371,PAYMENT,1.12,SYNTH_CARDTEST_0000013,4293.72,4292.6,SYNTH_MERCH13_0000011,0.0,1.12,1,0,card_testing_burst,1
371,PAYMENT,3.76,SYNTH_CARDTEST_0000013,4292.6,4288.84,SYNTH_MERCH13_0000012,0.0,3.76,1,0,card_testing_burst,1
371,PAYMENT,2.74,SYNTH_CARDTEST_0000013,4288.84,4286.1,SYNTH_MERCH13_0000013,0.0,2.74,1,0,card_testing_burst,1
371,PAYMENT,2.66,SYNTH_CARDTEST_0000013,4286.1,4283.43,SYNTH_MERCH13_0000014,0.0,2.66,1,0,card_testing_burst,1
371,PAYMENT,2.0,SYNTH_CARDTEST_0000013,4283.43,4281.43,SYNTH_MERCH13_0000015,0.0,2.0,1,0,card_testing_burst,1
371,PAYMENT,3.15,SYNTH_CARDTEST_0000013,4281.43,4278.28,SYNTH_MERCH13_0000016,0.0,3.15,1,0,card_testing_burst,1
371,PAYMENT,2.75,SYNTH_CARDTEST_0000013,4278.28,4275.53,SYNTH_MERCH13_0000017,0.0,2.75,1,0,card_testing_burst,1
371,PAYMENT,2.9,SYNTH_CARDTEST_0000013,4275.53,4272.64,SYNTH_MERCH13_0000018,0.0,2.9,1,0,card_testing_burst,1
371,PAYMENT,3.32,SYNTH_CARDTEST_0000013,4272.64,4269.31,SYNTH_MERCH13_0000019,0.0,3.32,1,0,card_testing_burst,1
305,PAYMENT,1.28,SYNTH_CARDTEST_0000014,15045.03,15043.74,SYNTH_MERCH14_0000000,0.0,1.28,1,0,card_testing_burst,1
305,PAYMENT,2.8,SYNTH_CARDTEST_0000014,15043.74,15040.94,SYNTH_MERCH14_0000001,0.0,2.8,1,0,card_testing_burst,1
305,PAYMENT,1.83,SYNTH_CARDTEST_0000014,15040.94,15039.11,SYNTH_MERCH14_0000002,0.0,1.83,1,0,card_testing_burst,1
305,PAYMENT,3.1,SYNTH_CARDTEST_0000014,15039.11,15036.01,SYNTH_MERCH14_0000003,0.0,3.1,1,0,card_testing_burst,1
305,PAYMENT,2.12,SYNTH_CARDTEST_0000014,15036.01,15033.89,SYNTH_MERCH14_0000004,0.0,2.12,1,0,card_testing_burst,1
305,PAYMENT,4.44,SYNTH_CARDTEST_0000014,15033.89,15029.45,SYNTH_MERCH14_0000005,0.0,4.44,1,0,card_testing_burst,1
305,PAYMENT,2.59,SYNTH_CARDTEST_0000014,15029.45,15026.87,SYNTH_MERCH14_0000006,0.0,2.59,1,0,card_testing_burst,1
305,PAYMENT,3.56,SYNTH_CARDTEST_0000014,15026.87,15023.31,SYNTH_MERCH14_0000007,0.0,3.56,1,0,card_testing_burst,1
305,PAYMENT,2.0,SYNTH_CARDTEST_0000014,15023.31,15021.32,SYNTH_MERCH14_0000008,0.0,2.0,1,0,card_testing_burst,1
305,PAYMENT,1.08,SYNTH_CARDTEST_0000014,15021.32,15020.24,SYNTH_MERCH14_0000009,0.0,1.08,1,0,card_testing_burst,1
305,PAYMENT,2.62,SYNTH_CARDTEST_0000014,15020.24,15017.62,SYNTH_MERCH14_0000010,0.0,2.62,1,0,card_testing_burst,1
305,PAYMENT,3.15,SYNTH_CARDTEST_0000014,15017.62,15014.48,SYNTH_MERCH14_0000011,0.0,3.15,1,0,card_testing_burst,1
305,PAYMENT,2.84,SYNTH_CARDTEST_0000014,15014.48,15011.64,SYNTH_MERCH14_0000012,0.0,2.84,1,0,card_testing_burst,1
305,PAYMENT,4.85,SYNTH_CARDTEST_0000014,15011.64,15006.79,SYNTH_MERCH14_0000013,0.0,4.85,1,0,card_testing_burst,1
305,PAYMENT,3.83,SYNTH_CARDTEST_0000014,15006.79,15002.96,SYNTH_MERCH14_0000014,0.0,3.83,1,0,card_testing_burst,1
305,PAYMENT,4.98,SYNTH_CARDTEST_0000014,15002.96,14997.98,SYNTH_MERCH14_0000015,0.0,4.98,1,0,card_testing_burst,1
305,PAYMENT,2.18,SYNTH_CARDTEST_0000014,14997.98,14995.8,SYNTH_MERCH14_0000016,0.0,2.18,1,0,card_testing_burst,1
305,PAYMENT,4.16,SYNTH_CARDTEST_0000014,14995.8,14991.64,SYNTH_MERCH14_0000017,0.0,4.16,1,0,card_testing_burst,1
305,PAYMENT,3.22,SYNTH_CARDTEST_0000014,14991.64,14988.42,SYNTH_MERCH14_0000018,0.0,3.22,1,0,card_testing_burst,1
305,PAYMENT,3.45,SYNTH_CARDTEST_0000014,14988.42,14984.98,SYNTH_MERCH14_0000019,0.0,3.45,1,0,card_testing_burst,1
673,PAYMENT,3.62,SYNTH_CARDTEST_0000015,1787.26,1783.64,SYNTH_MERCH15_0000000,0.0,3.62,1,0,card_testing_burst,1
673,PAYMENT,4.6,SYNTH_CARDTEST_0000015,1783.64,1779.05,SYNTH_MERCH15_0000001,0.0,4.6,1,0,card_testing_burst,1
673,PAYMENT,3.9,SYNTH_CARDTEST_0000015,1779.05,1775.15,SYNTH_MERCH15_0000002,0.0,3.9,1,0,card_testing_burst,1
673,PAYMENT,1.51,SYNTH_CARDTEST_0000015,1775.15,1773.64,SYNTH_MERCH15_0000003,0.0,1.51,1,0,card_testing_burst,1
673,PAYMENT,3.8,SYNTH_CARDTEST_0000015,1773.64,1769.84,SYNTH_MERCH15_0000004,0.0,3.8,1,0,card_testing_burst,1
673,PAYMENT,2.94,SYNTH_CARDTEST_0000015,1769.84,1766.9,SYNTH_MERCH15_0000005,0.0,2.94,1,0,card_testing_burst,1
673,PAYMENT,4.68,SYNTH_CARDTEST_0000015,1766.9,1762.23,SYNTH_MERCH15_0000006,0.0,4.68,1,0,card_testing_burst,1
673,PAYMENT,4.23,SYNTH_CARDTEST_0000015,1762.23,1758.0,SYNTH_MERCH15_0000007,0.0,4.23,1,0,card_testing_burst,1
673,PAYMENT,1.42,SYNTH_CARDTEST_0000015,1758.0,1756.58,SYNTH_MERCH15_0000008,0.0,1.42,1,0,card_testing_burst,1
673,PAYMENT,1.54,SYNTH_CARDTEST_0000015,1756.58,1755.05,SYNTH_MERCH15_0000009,0.0,1.54,1,0,card_testing_burst,1
673,PAYMENT,1.28,SYNTH_CARDTEST_0000015,1755.05,1753.77,SYNTH_MERCH15_0000010,0.0,1.28,1,0,card_testing_burst,1
673,PAYMENT,2.97,SYNTH_CARDTEST_0000015,1753.77,1750.8,SYNTH_MERCH15_0000011,0.0,2.97,1,0,card_testing_burst,1
673,PAYMENT,1.32,SYNTH_CARDTEST_0000015,1750.8,1749.47,SYNTH_MERCH15_0000012,0.0,1.32,1,0,card_testing_burst,1
673,PAYMENT,3.89,SYNTH_CARDTEST_0000015,1749.47,1745.58,SYNTH_MERCH15_0000013,0.0,3.89,1,0,card_testing_burst,1
673,PAYMENT,3.21,SYNTH_CARDTEST_0000015,1745.58,1742.37,SYNTH_MERCH15_0000014,0.0,3.21,1,0,card_testing_burst,1
673,PAYMENT,4.34,SYNTH_CARDTEST_0000015,1742.37,1738.02,SYNTH_MERCH15_0000015,0.0,4.34,1,0,card_testing_burst,1
673,PAYMENT,2.12,SYNTH_CARDTEST_0000015,1738.02,1735.91,SYNTH_MERCH15_0000016,0.0,2.12,1,0,card_testing_burst,1
673,PAYMENT,3.08,SYNTH_CARDTEST_0000015,1735.91,1732.83,SYNTH_MERCH15_0000017,0.0,3.08,1,0,card_testing_burst,1
673,PAYMENT,1.47,SYNTH_CARDTEST_0000015,1732.83,1731.36,SYNTH_MERCH15_0000018,0.0,1.47,1,0,card_testing_burst,1
673,PAYMENT,4.54,SYNTH_CARDTEST_0000015,1731.36,1726.82,SYNTH_MERCH15_0000019,0.0,4.54,1,0,card_testing_burst,1
664,PAYMENT,1.82,SYNTH_CARDTEST_0000016,12976.57,12974.75,SYNTH_MERCH16_0000000,0.0,1.82,1,0,card_testing_burst,1
664,PAYMENT,4.22,SYNTH_CARDTEST_0000016,12974.75,12970.53,SYNTH_MERCH16_0000001,0.0,4.22,1,0,card_testing_burst,1
664,PAYMENT,1.42,SYNTH_CARDTEST_0000016,12970.53,12969.1,SYNTH_MERCH16_0000002,0.0,1.42,1,0,card_testing_burst,1
664,PAYMENT,3.46,SYNTH_CARDTEST_0000016,12969.1,12965.65,SYNTH_MERCH16_0000003,0.0,3.46,1,0,card_testing_burst,1
664,PAYMENT,3.98,SYNTH_CARDTEST_0000016,12965.65,12961.66,SYNTH_MERCH16_0000004,0.0,3.98,1,0,card_testing_burst,1
664,PAYMENT,4.0,SYNTH_CARDTEST_0000016,12961.66,12957.66,SYNTH_MERCH16_0000005,0.0,4.0,1,0,card_testing_burst,1
664,PAYMENT,1.76,SYNTH_CARDTEST_0000016,12957.66,12955.9,SYNTH_MERCH16_0000006,0.0,1.76,1,0,card_testing_burst,1
664,PAYMENT,1.25,SYNTH_CARDTEST_0000016,12955.9,12954.65,SYNTH_MERCH16_0000007,0.0,1.25,1,0,card_testing_burst,1
664,PAYMENT,2.8,SYNTH_CARDTEST_0000016,12954.65,12951.85,SYNTH_MERCH16_0000008,0.0,2.8,1,0,card_testing_burst,1
664,PAYMENT,1.81,SYNTH_CARDTEST_0000016,12951.85,12950.04,SYNTH_MERCH16_0000009,0.0,1.81,1,0,card_testing_burst,1
664,PAYMENT,3.8,SYNTH_CARDTEST_0000016,12950.04,12946.25,SYNTH_MERCH16_0000010,0.0,3.8,1,0,card_testing_burst,1
664,PAYMENT,2.43,SYNTH_CARDTEST_0000016,12946.25,12943.82,SYNTH_MERCH16_0000011,0.0,2.43,1,0,card_testing_burst,1
664,PAYMENT,2.8,SYNTH_CARDTEST_0000016,12943.82,12941.02,SYNTH_MERCH16_0000012,0.0,2.8,1,0,card_testing_burst,1
664,PAYMENT,1.45,SYNTH_CARDTEST_0000016,12941.02,12939.57,SYNTH_MERCH16_0000013,0.0,1.45,1,0,card_testing_burst,1
664,PAYMENT,3.27,SYNTH_CARDTEST_0000016,12939.57,12936.3,SYNTH_MERCH16_0000014,0.0,3.27,1,0,card_testing_burst,1
664,PAYMENT,1.74,SYNTH_CARDTEST_0000016,12936.3,12934.56,SYNTH_MERCH16_0000015,0.0,1.74,1,0,card_testing_burst,1
664,PAYMENT,3.72,SYNTH_CARDTEST_0000016,12934.56,12930.84,SYNTH_MERCH16_0000016,0.0,3.72,1,0,card_testing_burst,1
664,PAYMENT,1.28,SYNTH_CARDTEST_0000016,12930.84,12929.56,SYNTH_MERCH16_0000017,0.0,1.28,1,0,card_testing_burst,1
664,PAYMENT,4.9,SYNTH_CARDTEST_0000016,12929.56,12924.65,SYNTH_MERCH16_0000018,0.0,4.9,1,0,card_testing_burst,1
664,PAYMENT,3.74,SYNTH_CARDTEST_0000016,12924.65,12920.92,SYNTH_MERCH16_0000019,0.0,3.74,1,0,card_testing_burst,1
76,PAYMENT,1.06,SYNTH_CARDTEST_0000017,31133.39,31132.34,SYNTH_MERCH17_0000000,0.0,1.06,1,0,card_testing_burst,1
76,PAYMENT,2.34,SYNTH_CARDTEST_0000017,31132.34,31130.0,SYNTH_MERCH17_0000001,0.0,2.34,1,0,card_testing_burst,1
76,PAYMENT,1.61,SYNTH_CARDTEST_0000017,31130.0,31128.39,SYNTH_MERCH17_0000002,0.0,1.61,1,0,card_testing_burst,1
76,PAYMENT,1.87,SYNTH_CARDTEST_0000017,31128.39,31126.52,SYNTH_MERCH17_0000003,0.0,1.87,1,0,card_testing_burst,1
76,PAYMENT,4.49,SYNTH_CARDTEST_0000017,31126.52,31122.02,SYNTH_MERCH17_0000004,0.0,4.49,1,0,card_testing_burst,1
76,PAYMENT,3.41,SYNTH_CARDTEST_0000017,31122.02,31118.61,SYNTH_MERCH17_0000005,0.0,3.41,1,0,card_testing_burst,1
76,PAYMENT,1.71,SYNTH_CARDTEST_0000017,31118.61,31116.91,SYNTH_MERCH17_0000006,0.0,1.71,1,0,card_testing_burst,1
76,PAYMENT,3.23,SYNTH_CARDTEST_0000017,31116.91,31113.68,SYNTH_MERCH17_0000007,0.0,3.23,1,0,card_testing_burst,1
76,PAYMENT,2.02,SYNTH_CARDTEST_0000017,31113.68,31111.66,SYNTH_MERCH17_0000008,0.0,2.02,1,0,card_testing_burst,1
76,PAYMENT,4.9,SYNTH_CARDTEST_0000017,31111.66,31106.75,SYNTH_MERCH17_0000009,0.0,4.9,1,0,card_testing_burst,1
76,PAYMENT,1.13,SYNTH_CARDTEST_0000017,31106.75,31105.62,SYNTH_MERCH17_0000010,0.0,1.13,1,0,card_testing_burst,1
76,PAYMENT,3.93,SYNTH_CARDTEST_0000017,31105.62,31101.69,SYNTH_MERCH17_0000011,0.0,3.93,1,0,card_testing_burst,1
76,PAYMENT,4.09,SYNTH_CARDTEST_0000017,31101.69,31097.6,SYNTH_MERCH17_0000012,0.0,4.09,1,0,card_testing_burst,1
76,PAYMENT,1.27,SYNTH_CARDTEST_0000017,31097.6,31096.33,SYNTH_MERCH17_0000013,0.0,1.27,1,0,card_testing_burst,1
76,PAYMENT,1.69,SYNTH_CARDTEST_0000017,31096.33,31094.64,SYNTH_MERCH17_0000014,0.0,1.69,1,0,card_testing_burst,1
76,PAYMENT,2.54,SYNTH_CARDTEST_0000017,31094.64,31092.11,SYNTH_MERCH17_0000015,0.0,2.54,1,0,card_testing_burst,1
76,PAYMENT,4.47,SYNTH_CARDTEST_0000017,31092.11,31087.63,SYNTH_MERCH17_0000016,0.0,4.47,1,0,card_testing_burst,1
76,PAYMENT,3.15,SYNTH_CARDTEST_0000017,31087.63,31084.48,SYNTH_MERCH17_0000017,0.0,3.15,1,0,card_testing_burst,1
76,PAYMENT,3.62,SYNTH_CARDTEST_0000017,31084.48,31080.86,SYNTH_MERCH17_0000018,0.0,3.62,1,0,card_testing_burst,1
76,PAYMENT,4.13,SYNTH_CARDTEST_0000017,31080.86,31076.73,SYNTH_MERCH17_0000019,0.0,4.13,1,0,card_testing_burst,1
100,PAYMENT,3.04,SYNTH_CARDTEST_0000018,1120.05,1117.01,SYNTH_MERCH18_0000000,0.0,3.04,1,0,card_testing_burst,1
100,PAYMENT,3.87,SYNTH_CARDTEST_0000018,1117.01,1113.14,SYNTH_MERCH18_0000001,0.0,3.87,1,0,card_testing_burst,1
100,PAYMENT,2.05,SYNTH_CARDTEST_0000018,1113.14,1111.09,SYNTH_MERCH18_0000002,0.0,2.05,1,0,card_testing_burst,1
100,PAYMENT,4.42,SYNTH_CARDTEST_0000018,1111.09,1106.67,SYNTH_MERCH18_0000003,0.0,4.42,1,0,card_testing_burst,1
100,PAYMENT,1.08,SYNTH_CARDTEST_0000018,1106.67,1105.59,SYNTH_MERCH18_0000004,0.0,1.08,1,0,card_testing_burst,1
100,PAYMENT,1.78,SYNTH_CARDTEST_0000018,1105.59,1103.8,SYNTH_MERCH18_0000005,0.0,1.78,1,0,card_testing_burst,1
100,PAYMENT,4.2,SYNTH_CARDTEST_0000018,1103.8,1099.6,SYNTH_MERCH18_0000006,0.0,4.2,1,0,card_testing_burst,1
100,PAYMENT,2.36,SYNTH_CARDTEST_0000018,1099.6,1097.24,SYNTH_MERCH18_0000007,0.0,2.36,1,0,card_testing_burst,1
100,PAYMENT,1.6,SYNTH_CARDTEST_0000018,1097.24,1095.64,SYNTH_MERCH18_0000008,0.0,1.6,1,0,card_testing_burst,1
100,PAYMENT,1.75,SYNTH_CARDTEST_0000018,1095.64,1093.9,SYNTH_MERCH18_0000009,0.0,1.75,1,0,card_testing_burst,1
100,PAYMENT,3.12,SYNTH_CARDTEST_0000018,1093.9,1090.77,SYNTH_MERCH18_0000010,0.0,3.12,1,0,card_testing_burst,1
100,PAYMENT,4.38,SYNTH_CARDTEST_0000018,1090.77,1086.39,SYNTH_MERCH18_0000011,0.0,4.38,1,0,card_testing_burst,1
100,PAYMENT,1.28,SYNTH_CARDTEST_0000018,1086.39,1085.11,SYNTH_MERCH18_0000012,0.0,1.28,1,0,card_testing_burst,1
100,PAYMENT,1.12,SYNTH_CARDTEST_0000018,1085.11,1083.98,SYNTH_MERCH18_0000013,0.0,1.12,1,0,card_testing_burst,1
100,PAYMENT,2.86,SYNTH_CARDTEST_0000018,1083.98,1081.12,SYNTH_MERCH18_0000014,0.0,2.86,1,0,card_testing_burst,1
100,PAYMENT,4.82,SYNTH_CARDTEST_0000018,1081.12,1076.3,SYNTH_MERCH18_0000015,0.0,4.82,1,0,card_testing_burst,1
100,PAYMENT,2.12,SYNTH_CARDTEST_0000018,1076.3,1074.18,SYNTH_MERCH18_0000016,0.0,2.12,1,0,card_testing_burst,1
100,PAYMENT,4.84,SYNTH_CARDTEST_0000018,1074.18,1069.35,SYNTH_MERCH18_0000017,0.0,4.84,1,0,card_testing_burst,1
100,PAYMENT,4.55,SYNTH_CARDTEST_0000018,1069.35,1064.8,SYNTH_MERCH18_0000018,0.0,4.55,1,0,card_testing_burst,1
100,PAYMENT,2.13,SYNTH_CARDTEST_0000018,1064.8,1062.66,SYNTH_MERCH18_0000019,0.0,2.13,1,0,card_testing_burst,1
353,PAYMENT,3.74,SYNTH_CARDTEST_0000019,8100.12,8096.38,SYNTH_MERCH19_0000000,0.0,3.74,1,0,card_testing_burst,1
353,PAYMENT,3.05,SYNTH_CARDTEST_0000019,8096.38,8093.33,SYNTH_MERCH19_0000001,0.0,3.05,1,0,card_testing_burst,1
353,PAYMENT,2.69,SYNTH_CARDTEST_0000019,8093.33,8090.64,SYNTH_MERCH19_0000002,0.0,2.69,1,0,card_testing_burst,1
353,PAYMENT,4.26,SYNTH_CARDTEST_0000019,8090.64,8086.38,SYNTH_MERCH19_0000003,0.0,4.26,1,0,card_testing_burst,1
353,PAYMENT,4.17,SYNTH_CARDTEST_0000019,8086.38,8082.2,SYNTH_MERCH19_0000004,0.0,4.17,1,0,card_testing_burst,1
353,PAYMENT,4.03,SYNTH_CARDTEST_0000019,8082.2,8078.18,SYNTH_MERCH19_0000005,0.0,4.03,1,0,card_testing_burst,1
353,PAYMENT,4.99,SYNTH_CARDTEST_0000019,8078.18,8073.18,SYNTH_MERCH19_0000006,0.0,4.99,1,0,card_testing_burst,1
353,PAYMENT,2.91,SYNTH_CARDTEST_0000019,8073.18,8070.27,SYNTH_MERCH19_0000007,0.0,2.91,1,0,card_testing_burst,1
353,PAYMENT,4.23,SYNTH_CARDTEST_0000019,8070.27,8066.04,SYNTH_MERCH19_0000008,0.0,4.23,1,0,card_testing_burst,1
353,PAYMENT,4.45,SYNTH_CARDTEST_0000019,8066.04,8061.59,SYNTH_MERCH19_0000009,0.0,4.45,1,0,card_testing_burst,1
353,PAYMENT,1.85,SYNTH_CARDTEST_0000019,8061.59,8059.74,SYNTH_MERCH19_0000010,0.0,1.85,1,0,card_testing_burst,1
353,PAYMENT,1.17,SYNTH_CARDTEST_0000019,8059.74,8058.58,SYNTH_MERCH19_0000011,0.0,1.17,1,0,card_testing_burst,1
353,PAYMENT,2.62,SYNTH_CARDTEST_0000019,8058.58,8055.96,SYNTH_MERCH19_0000012,0.0,2.62,1,0,card_testing_burst,1
353,PAYMENT,4.43,SYNTH_CARDTEST_0000019,8055.96,8051.53,SYNTH_MERCH19_0000013,0.0,4.43,1,0,card_testing_burst,1
353,PAYMENT,2.16,SYNTH_CARDTEST_0000019,8051.53,8049.37,SYNTH_MERCH19_0000014,0.0,2.16,1,0,card_testing_burst,1
353,PAYMENT,3.8,SYNTH_CARDTEST_0000019,8049.37,8045.57,SYNTH_MERCH19_0000015,0.0,3.8,1,0,card_testing_burst,1
353,PAYMENT,1.03,SYNTH_CARDTEST_0000019,8045.57,8044.54,SYNTH_MERCH19_0000016,0.0,1.03,1,0,card_testing_burst,1
353,PAYMENT,2.42,SYNTH_CARDTEST_0000019,8044.54,8042.12,SYNTH_MERCH19_0000017,0.0,2.42,1,0,card_testing_burst,1
353,PAYMENT,3.46,SYNTH_CARDTEST_0000019,8042.12,8038.66,SYNTH_MERCH19_0000018,0.0,3.46,1,0,card_testing_burst,1
353,PAYMENT,1.52,SYNTH_CARDTEST_0000019,8038.66,8037.14,SYNTH_MERCH19_0000019,0.0,1.52,1,0,card_testing_burst,1
692,PAYMENT,4.64,SYNTH_CARDTEST_0000020,15584.28,15579.64,SYNTH_MERCH20_0000000,0.0,4.64,1,0,card_testing_burst,1
692,PAYMENT,1.87,SYNTH_CARDTEST_0000020,15579.64,15577.78,SYNTH_MERCH20_0000001,0.0,1.87,1,0,card_testing_burst,1
692,PAYMENT,4.98,SYNTH_CARDTEST_0000020,15577.78,15572.8,SYNTH_MERCH20_0000002,0.0,4.98,1,0,card_testing_burst,1
692,PAYMENT,3.42,SYNTH_CARDTEST_0000020,15572.8,15569.38,SYNTH_MERCH20_0000003,0.0,3.42,1,0,card_testing_burst,1
692,PAYMENT,1.34,SYNTH_CARDTEST_0000020,15569.38,15568.04,SYNTH_MERCH20_0000004,0.0,1.34,1,0,card_testing_burst,1
692,PAYMENT,1.26,SYNTH_CARDTEST_0000020,15568.04,15566.78,SYNTH_MERCH20_0000005,0.0,1.26,1,0,card_testing_burst,1
692,PAYMENT,1.3,SYNTH_CARDTEST_0000020,15566.78,15565.48,SYNTH_MERCH20_0000006,0.0,1.3,1,0,card_testing_burst,1
692,PAYMENT,3.36,SYNTH_CARDTEST_0000020,15565.48,15562.12,SYNTH_MERCH20_0000007,0.0,3.36,1,0,card_testing_burst,1
692,PAYMENT,4.24,SYNTH_CARDTEST_0000020,15562.12,15557.89,SYNTH_MERCH20_0000008,0.0,4.24,1,0,card_testing_burst,1
692,PAYMENT,2.61,SYNTH_CARDTEST_0000020,15557.89,15555.27,SYNTH_MERCH20_0000009,0.0,2.61,1,0,card_testing_burst,1
692,PAYMENT,2.78,SYNTH_CARDTEST_0000020,15555.27,15552.49,SYNTH_MERCH20_0000010,0.0,2.78,1,0,card_testing_burst,1
692,PAYMENT,3.36,SYNTH_CARDTEST_0000020,15552.49,15549.14,SYNTH_MERCH20_0000011,0.0,3.36,1,0,card_testing_burst,1
692,PAYMENT,3.13,SYNTH_CARDTEST_0000020,15549.14,15546.0,SYNTH_MERCH20_0000012,0.0,3.13,1,0,card_testing_burst,1
692,PAYMENT,3.75,SYNTH_CARDTEST_0000020,15546.0,15542.25,SYNTH_MERCH20_0000013,0.0,3.75,1,0,card_testing_burst,1
692,PAYMENT,2.89,SYNTH_CARDTEST_0000020,15542.25,15539.37,SYNTH_MERCH20_0000014,0.0,2.89,1,0,card_testing_burst,1
692,PAYMENT,3.86,SYNTH_CARDTEST_0000020,15539.37,15535.51,SYNTH_MERCH20_0000015,0.0,3.86,1,0,card_testing_burst,1
692,PAYMENT,4.99,SYNTH_CARDTEST_0000020,15535.51,15530.52,SYNTH_MERCH20_0000016,0.0,4.99,1,0,card_testing_burst,1
692,PAYMENT,2.4,SYNTH_CARDTEST_0000020,15530.52,15528.12,SYNTH_MERCH20_0000017,0.0,2.4,1,0,card_testing_burst,1
692,PAYMENT,1.05,SYNTH_CARDTEST_0000020,15528.12,15527.07,SYNTH_MERCH20_0000018,0.0,1.05,1,0,card_testing_burst,1
692,PAYMENT,1.5,SYNTH_CARDTEST_0000020,15527.07,15525.57,SYNTH_MERCH20_0000019,0.0,1.5,1,0,card_testing_burst,1
116,PAYMENT,2.38,SYNTH_CARDTEST_0000021,62018.05,62015.67,SYNTH_MERCH21_0000000,0.0,2.38,1,0,card_testing_burst,1
116,PAYMENT,4.76,SYNTH_CARDTEST_0000021,62015.67,62010.91,SYNTH_MERCH21_0000001,0.0,4.76,1,0,card_testing_burst,1
116,PAYMENT,3.51,SYNTH_CARDTEST_0000021,62010.91,62007.4,SYNTH_MERCH21_0000002,0.0,3.51,1,0,card_testing_burst,1
116,PAYMENT,3.08,SYNTH_CARDTEST_0000021,62007.4,62004.32,SYNTH_MERCH21_0000003,0.0,3.08,1,0,card_testing_burst,1
116,PAYMENT,4.19,SYNTH_CARDTEST_0000021,62004.32,62000.13,SYNTH_MERCH21_0000004,0.0,4.19,1,0,card_testing_burst,1
116,PAYMENT,2.03,SYNTH_CARDTEST_0000021,62000.13,61998.09,SYNTH_MERCH21_0000005,0.0,2.03,1,0,card_testing_burst,1
116,PAYMENT,4.28,SYNTH_CARDTEST_0000021,61998.09,61993.81,SYNTH_MERCH21_0000006,0.0,4.28,1,0,card_testing_burst,1
116,PAYMENT,1.01,SYNTH_CARDTEST_0000021,61993.81,61992.8,SYNTH_MERCH21_0000007,0.0,1.01,1,0,card_testing_burst,1
116,PAYMENT,3.48,SYNTH_CARDTEST_0000021,61992.8,61989.32,SYNTH_MERCH21_0000008,0.0,3.48,1,0,card_testing_burst,1
116,PAYMENT,4.74,SYNTH_CARDTEST_0000021,61989.32,61984.58,SYNTH_MERCH21_0000009,0.0,4.74,1,0,card_testing_burst,1
116,PAYMENT,4.15,SYNTH_CARDTEST_0000021,61984.58,61980.43,SYNTH_MERCH21_0000010,0.0,4.15,1,0,card_testing_burst,1
116,PAYMENT,4.41,SYNTH_CARDTEST_0000021,61980.43,61976.02,SYNTH_MERCH21_0000011,0.0,4.41,1,0,card_testing_burst,1
116,PAYMENT,2.59,SYNTH_CARDTEST_0000021,61976.02,61973.43,SYNTH_MERCH21_0000012,0.0,2.59,1,0,card_testing_burst,1
116,PAYMENT,4.3,SYNTH_CARDTEST_0000021,61973.43,61969.13,SYNTH_MERCH21_0000013,0.0,4.3,1,0,card_testing_burst,1
116,PAYMENT,3.2,SYNTH_CARDTEST_0000021,61969.13,61965.93,SYNTH_MERCH21_0000014,0.0,3.2,1,0,card_testing_burst,1
116,PAYMENT,3.47,SYNTH_CARDTEST_0000021,61965.93,61962.45,SYNTH_MERCH21_0000015,0.0,3.47,1,0,card_testing_burst,1
116,PAYMENT,1.24,SYNTH_CARDTEST_0000021,61962.45,61961.22,SYNTH_MERCH21_0000016,0.0,1.24,1,0,card_testing_burst,1
116,PAYMENT,1.81,SYNTH_CARDTEST_0000021,61961.22,61959.41,SYNTH_MERCH21_0000017,0.0,1.81,1,0,card_testing_burst,1
116,PAYMENT,3.2,SYNTH_CARDTEST_0000021,61959.41,61956.21,SYNTH_MERCH21_0000018,0.0,3.2,1,0,card_testing_burst,1
116,PAYMENT,1.24,SYNTH_CARDTEST_0000021,61956.21,61954.97,SYNTH_MERCH21_0000019,0.0,1.24,1,0,card_testing_burst,1
280,PAYMENT,4.68,SYNTH_CARDTEST_0000022,9424.4,9419.72,SYNTH_MERCH22_0000000,0.0,4.68,1,0,card_testing_burst,1
280,PAYMENT,1.41,SYNTH_CARDTEST_0000022,9419.72,9418.31,SYNTH_MERCH22_0000001,0.0,1.41,1,0,card_testing_burst,1
280,PAYMENT,4.76,SYNTH_CARDTEST_0000022,9418.31,9413.55,SYNTH_MERCH22_0000002,0.0,4.76,1,0,card_testing_burst,1
280,PAYMENT,1.27,SYNTH_CARDTEST_0000022,9413.55,9412.28,SYNTH_MERCH22_0000003,0.0,1.27,1,0,card_testing_burst,1
280,PAYMENT,2.9,SYNTH_CARDTEST_0000022,9412.28,9409.38,SYNTH_MERCH22_0000004,0.0,2.9,1,0,card_testing_burst,1
280,PAYMENT,4.36,SYNTH_CARDTEST_0000022,9409.38,9405.02,SYNTH_MERCH22_0000005,0.0,4.36,1,0,card_testing_burst,1
280,PAYMENT,1.28,SYNTH_CARDTEST_0000022,9405.02,9403.74,SYNTH_MERCH22_0000006,0.0,1.28,1,0,card_testing_burst,1
280,PAYMENT,1.07,SYNTH_CARDTEST_0000022,9403.74,9402.67,SYNTH_MERCH22_0000007,0.0,1.07,1,0,card_testing_burst,1
280,PAYMENT,1.1,SYNTH_CARDTEST_0000022,9402.67,9401.57,SYNTH_MERCH22_0000008,0.0,1.1,1,0,card_testing_burst,1
280,PAYMENT,3.05,SYNTH_CARDTEST_0000022,9401.57,9398.52,SYNTH_MERCH22_0000009,0.0,3.05,1,0,card_testing_burst,1
280,PAYMENT,4.25,SYNTH_CARDTEST_0000022,9398.52,9394.28,SYNTH_MERCH22_0000010,0.0,4.25,1,0,card_testing_burst,1
280,PAYMENT,1.51,SYNTH_CARDTEST_0000022,9394.28,9392.77,SYNTH_MERCH22_0000011,0.0,1.51,1,0,card_testing_burst,1
280,PAYMENT,1.5,SYNTH_CARDTEST_0000022,9392.77,9391.27,SYNTH_MERCH22_0000012,0.0,1.5,1,0,card_testing_burst,1
280,PAYMENT,3.27,SYNTH_CARDTEST_0000022,9391.27,9387.99,SYNTH_MERCH22_0000013,0.0,3.27,1,0,card_testing_burst,1
280,PAYMENT,1.94,SYNTH_CARDTEST_0000022,9387.99,9386.06,SYNTH_MERCH22_0000014,0.0,1.94,1,0,card_testing_burst,1
280,PAYMENT,3.92,SYNTH_CARDTEST_0000022,9386.06,9382.14,SYNTH_MERCH22_0000015,0.0,3.92,1,0,card_testing_burst,1
280,PAYMENT,4.8,SYNTH_CARDTEST_0000022,9382.14,9377.34,SYNTH_MERCH22_0000016,0.0,4.8,1,0,card_testing_burst,1
280,PAYMENT,4.06,SYNTH_CARDTEST_0000022,9377.34,9373.27,SYNTH_MERCH22_0000017,0.0,4.06,1,0,card_testing_burst,1
280,PAYMENT,4.51,SYNTH_CARDTEST_0000022,9373.27,9368.77,SYNTH_MERCH22_0000018,0.0,4.51,1,0,card_testing_burst,1
280,PAYMENT,3.08,SYNTH_CARDTEST_0000022,9368.77,9365.69,SYNTH_MERCH22_0000019,0.0,3.08,1,0,card_testing_burst,1
623,PAYMENT,1.73,SYNTH_CARDTEST_0000023,7672.83,7671.1,SYNTH_MERCH23_0000000,0.0,1.73,1,0,card_testing_burst,1
623,PAYMENT,1.27,SYNTH_CARDTEST_0000023,7671.1,7669.83,SYNTH_MERCH23_0000001,0.0,1.27,1,0,card_testing_burst,1
623,PAYMENT,3.62,SYNTH_CARDTEST_0000023,7669.83,7666.21,SYNTH_MERCH23_0000002,0.0,3.62,1,0,card_testing_burst,1
623,PAYMENT,1.21,SYNTH_CARDTEST_0000023,7666.21,7665.0,SYNTH_MERCH23_0000003,0.0,1.21,1,0,card_testing_burst,1
623,PAYMENT,4.57,SYNTH_CARDTEST_0000023,7665.0,7660.43,SYNTH_MERCH23_0000004,0.0,4.57,1,0,card_testing_burst,1
623,PAYMENT,3.77,SYNTH_CARDTEST_0000023,7660.43,7656.66,SYNTH_MERCH23_0000005,0.0,3.77,1,0,card_testing_burst,1
623,PAYMENT,4.81,SYNTH_CARDTEST_0000023,7656.66,7651.85,SYNTH_MERCH23_0000006,0.0,4.81,1,0,card_testing_burst,1
623,PAYMENT,2.26,SYNTH_CARDTEST_0000023,7651.85,7649.6,SYNTH_MERCH23_0000007,0.0,2.26,1,0,card_testing_burst,1
623,PAYMENT,2.94,SYNTH_CARDTEST_0000023,7649.6,7646.65,SYNTH_MERCH23_0000008,0.0,2.94,1,0,card_testing_burst,1
623,PAYMENT,3.97,SYNTH_CARDTEST_0000023,7646.65,7642.69,SYNTH_MERCH23_0000009,0.0,3.97,1,0,card_testing_burst,1
623,PAYMENT,1.97,SYNTH_CARDTEST_0000023,7642.69,7640.71,SYNTH_MERCH23_0000010,0.0,1.97,1,0,card_testing_burst,1
623,PAYMENT,3.17,SYNTH_CARDTEST_0000023,7640.71,7637.55,SYNTH_MERCH23_0000011,0.0,3.17,1,0,card_testing_burst,1
623,PAYMENT,3.64,SYNTH_CARDTEST_0000023,7637.55,7633.91,SYNTH_MERCH23_0000012,0.0,3.64,1,0,card_testing_burst,1
623,PAYMENT,4.92,SYNTH_CARDTEST_0000023,7633.91,7628.99,SYNTH_MERCH23_0000013,0.0,4.92,1,0,card_testing_burst,1
623,PAYMENT,3.98,SYNTH_CARDTEST_0000023,7628.99,7625.02,SYNTH_MERCH23_0000014,0.0,3.98,1,0,card_testing_burst,1
623,PAYMENT,1.47,SYNTH_CARDTEST_0000023,7625.02,7623.54,SYNTH_MERCH23_0000015,0.0,1.47,1,0,card_testing_burst,1
623,PAYMENT,2.9,SYNTH_CARDTEST_0000023,7623.54,7620.64,SYNTH_MERCH23_0000016,0.0,2.9,1,0,card_testing_burst,1
623,PAYMENT,3.36,SYNTH_CARDTEST_0000023,7620.64,7617.29,SYNTH_MERCH23_0000017,0.0,3.36,1,0,card_testing_burst,1
623,PAYMENT,1.59,SYNTH_CARDTEST_0000023,7617.29,7615.7,SYNTH_MERCH23_0000018,0.0,1.59,1,0,card_testing_burst,1
623,PAYMENT,2.73,SYNTH_CARDTEST_0000023,7615.7,7612.97,SYNTH_MERCH23_0000019,0.0,2.73,1,0,card_testing_burst,1
652,PAYMENT,3.05,SYNTH_CARDTEST_0000024,8416.94,8413.89,SYNTH_MERCH24_0000000,0.0,3.05,1,0,card_testing_burst,1
652,PAYMENT,1.66,SYNTH_CARDTEST_0000024,8413.89,8412.23,SYNTH_MERCH24_0000001,0.0,1.66,1,0,card_testing_burst,1
652,PAYMENT,3.36,SYNTH_CARDTEST_0000024,8412.23,8408.87,SYNTH_MERCH24_0000002,0.0,3.36,1,0,card_testing_burst,1
652,PAYMENT,1.68,SYNTH_CARDTEST_0000024,8408.87,8407.19,SYNTH_MERCH24_0000003,0.0,1.68,1,0,card_testing_burst,1
652,PAYMENT,3.89,SYNTH_CARDTEST_0000024,8407.19,8403.29,SYNTH_MERCH24_0000004,0.0,3.89,1,0,card_testing_burst,1
652,PAYMENT,1.78,SYNTH_CARDTEST_0000024,8403.29,8401.51,SYNTH_MERCH24_0000005,0.0,1.78,1,0,card_testing_burst,1
652,PAYMENT,4.59,SYNTH_CARDTEST_0000024,8401.51,8396.93,SYNTH_MERCH24_0000006,0.0,4.59,1,0,card_testing_burst,1
652,PAYMENT,1.1,SYNTH_CARDTEST_0000024,8396.93,8395.82,SYNTH_MERCH24_0000007,0.0,1.1,1,0,card_testing_burst,1
652,PAYMENT,3.09,SYNTH_CARDTEST_0000024,8395.82,8392.73,SYNTH_MERCH24_0000008,0.0,3.09,1,0,card_testing_burst,1
652,PAYMENT,2.28,SYNTH_CARDTEST_0000024,8392.73,8390.45,SYNTH_MERCH24_0000009,0.0,2.28,1,0,card_testing_burst,1
652,PAYMENT,1.9,SYNTH_CARDTEST_0000024,8390.45,8388.55,SYNTH_MERCH24_0000010,0.0,1.9,1,0,card_testing_burst,1
652,PAYMENT,2.89,SYNTH_CARDTEST_0000024,8388.55,8385.67,SYNTH_MERCH24_0000011,0.0,2.89,1,0,card_testing_burst,1
652,PAYMENT,4.37,SYNTH_CARDTEST_0000024,8385.67,8381.3,SYNTH_MERCH24_0000012,0.0,4.37,1,0,card_testing_burst,1
652,PAYMENT,4.66,SYNTH_CARDTEST_0000024,8381.3,8376.64,SYNTH_MERCH24_0000013,0.0,4.66,1,0,card_testing_burst,1
652,PAYMENT,2.21,SYNTH_CARDTEST_0000024,8376.64,8374.43,SYNTH_MERCH24_0000014,0.0,2.21,1,0,card_testing_burst,1
652,PAYMENT,1.62,SYNTH_CARDTEST_0000024,8374.43,8372.81,SYNTH_MERCH24_0000015,0.0,1.62,1,0,card_testing_burst,1
652,PAYMENT,3.88,SYNTH_CARDTEST_0000024,8372.81,8368.93,SYNTH_MERCH24_0000016,0.0,3.88,1,0,card_testing_burst,1
652,PAYMENT,3.33,SYNTH_CARDTEST_0000024,8368.93,8365.6,SYNTH_MERCH24_0000017,0.0,3.33,1,0,card_testing_burst,1
652,PAYMENT,1.8,SYNTH_CARDTEST_0000024,8365.6,8363.8,SYNTH_MERCH24_0000018,0.0,1.8,1,0,card_testing_burst,1
652,PAYMENT,4.04,SYNTH_CARDTEST_0000024,8363.8,8359.75,SYNTH_MERCH24_0000019,0.0,4.04,1,0,card_testing_burst,1
89,PAYMENT,3.61,SYNTH_CARDTEST_0000025,7511.49,7507.87,SYNTH_MERCH25_0000000,0.0,3.61,1,0,card_testing_burst,1
89,PAYMENT,2.44,SYNTH_CARDTEST_0000025,7507.87,7505.44,SYNTH_MERCH25_0000001,0.0,2.44,1,0,card_testing_burst,1
89,PAYMENT,2.76,SYNTH_CARDTEST_0000025,7505.44,7502.68,SYNTH_MERCH25_0000002,0.0,2.76,1,0,card_testing_burst,1
89,PAYMENT,1.72,SYNTH_CARDTEST_0000025,7502.68,7500.96,SYNTH_MERCH25_0000003,0.0,1.72,1,0,card_testing_burst,1
89,PAYMENT,4.03,SYNTH_CARDTEST_0000025,7500.96,7496.93,SYNTH_MERCH25_0000004,0.0,4.03,1,0,card_testing_burst,1
89,PAYMENT,1.63,SYNTH_CARDTEST_0000025,7496.93,7495.3,SYNTH_MERCH25_0000005,0.0,1.63,1,0,card_testing_burst,1
89,PAYMENT,4.11,SYNTH_CARDTEST_0000025,7495.3,7491.19,SYNTH_MERCH25_0000006,0.0,4.11,1,0,card_testing_burst,1
89,PAYMENT,4.19,SYNTH_CARDTEST_0000025,7491.19,7487.0,SYNTH_MERCH25_0000007,0.0,4.19,1,0,card_testing_burst,1
89,PAYMENT,3.99,SYNTH_CARDTEST_0000025,7487.0,7483.01,SYNTH_MERCH25_0000008,0.0,3.99,1,0,card_testing_burst,1
89,PAYMENT,1.08,SYNTH_CARDTEST_0000025,7483.01,7481.93,SYNTH_MERCH25_0000009,0.0,1.08,1,0,card_testing_burst,1
89,PAYMENT,2.09,SYNTH_CARDTEST_0000025,7481.93,7479.84,SYNTH_MERCH25_0000010,0.0,2.09,1,0,card_testing_burst,1
89,PAYMENT,2.87,SYNTH_CARDTEST_0000025,7479.84,7476.97,SYNTH_MERCH25_0000011,0.0,2.87,1,0,card_testing_burst,1
89,PAYMENT,3.38,SYNTH_CARDTEST_0000025,7476.97,7473.59,SYNTH_MERCH25_0000012,0.0,3.38,1,0,card_testing_burst,1
89,PAYMENT,4.68,SYNTH_CARDTEST_0000025,7473.59,7468.91,SYNTH_MERCH25_0000013,0.0,4.68,1,0,card_testing_burst,1
89,PAYMENT,2.5,SYNTH_CARDTEST_0000025,7468.91,7466.41,SYNTH_MERCH25_0000014,0.0,2.5,1,0,card_testing_burst,1
89,PAYMENT,4.5,SYNTH_CARDTEST_0000025,7466.41,7461.91,SYNTH_MERCH25_0000015,0.0,4.5,1,0,card_testing_burst,1
89,PAYMENT,1.65,SYNTH_CARDTEST_0000025,7461.91,7460.25,SYNTH_MERCH25_0000016,0.0,1.65,1,0,card_testing_burst,1
89,PAYMENT,2.49,SYNTH_CARDTEST_0000025,7460.25,7457.77,SYNTH_MERCH25_0000017,0.0,2.49,1,0,card_testing_burst,1
89,PAYMENT,1.21,SYNTH_CARDTEST_0000025,7457.77,7456.56,SYNTH_MERCH25_0000018,0.0,1.21,1,0,card_testing_burst,1
89,PAYMENT,3.97,SYNTH_CARDTEST_0000025,7456.56,7452.59,SYNTH_MERCH25_0000019,0.0,3.97,1,0,card_testing_burst,1
466,PAYMENT,4.1,SYNTH_CARDTEST_0000026,1043.73,1039.63,SYNTH_MERCH26_0000000,0.0,4.1,1,0,card_testing_burst,1
466,PAYMENT,3.14,SYNTH_CARDTEST_0000026,1039.63,1036.49,SYNTH_MERCH26_0000001,0.0,3.14,1,0,card_testing_burst,1
466,PAYMENT,1.06,SYNTH_CARDTEST_0000026,1036.49,1035.43,SYNTH_MERCH26_0000002,0.0,1.06,1,0,card_testing_burst,1
466,PAYMENT,1.01,SYNTH_CARDTEST_0000026,1035.43,1034.42,SYNTH_MERCH26_0000003,0.0,1.01,1,0,card_testing_burst,1
466,PAYMENT,3.04,SYNTH_CARDTEST_0000026,1034.42,1031.38,SYNTH_MERCH26_0000004,0.0,3.04,1,0,card_testing_burst,1
466,PAYMENT,2.22,SYNTH_CARDTEST_0000026,1031.38,1029.16,SYNTH_MERCH26_0000005,0.0,2.22,1,0,card_testing_burst,1
466,PAYMENT,1.72,SYNTH_CARDTEST_0000026,1029.16,1027.44,SYNTH_MERCH26_0000006,0.0,1.72,1,0,card_testing_burst,1
466,PAYMENT,3.45,SYNTH_CARDTEST_0000026,1027.44,1023.99,SYNTH_MERCH26_0000007,0.0,3.45,1,0,card_testing_burst,1
466,PAYMENT,1.91,SYNTH_CARDTEST_0000026,1023.99,1022.07,SYNTH_MERCH26_0000008,0.0,1.91,1,0,card_testing_burst,1
466,PAYMENT,3.37,SYNTH_CARDTEST_0000026,1022.07,1018.7,SYNTH_MERCH26_0000009,0.0,3.37,1,0,card_testing_burst,1
466,PAYMENT,2.52,SYNTH_CARDTEST_0000026,1018.7,1016.19,SYNTH_MERCH26_0000010,0.0,2.52,1,0,card_testing_burst,1
466,PAYMENT,1.75,SYNTH_CARDTEST_0000026,1016.19,1014.44,SYNTH_MERCH26_0000011,0.0,1.75,1,0,card_testing_burst,1
466,PAYMENT,1.55,SYNTH_CARDTEST_0000026,1014.44,1012.89,SYNTH_MERCH26_0000012,0.0,1.55,1,0,card_testing_burst,1
466,PAYMENT,1.95,SYNTH_CARDTEST_0000026,1012.89,1010.94,SYNTH_MERCH26_0000013,0.0,1.95,1,0,card_testing_burst,1
466,PAYMENT,1.12,SYNTH_CARDTEST_0000026,1010.94,1009.82,SYNTH_MERCH26_0000014,0.0,1.12,1,0,card_testing_burst,1
466,PAYMENT,2.23,SYNTH_CARDTEST_0000026,1009.82,1007.59,SYNTH_MERCH26_0000015,0.0,2.23,1,0,card_testing_burst,1
466,PAYMENT,4.61,SYNTH_CARDTEST_0000026,1007.59,1002.98,SYNTH_MERCH26_0000016,0.0,4.61,1,0,card_testing_burst,1
466,PAYMENT,4.33,SYNTH_CARDTEST_0000026,1002.98,998.65,SYNTH_MERCH26_0000017,0.0,4.33,1,0,card_testing_burst,1
466,PAYMENT,2.49,SYNTH_CARDTEST_0000026,998.65,996.17,SYNTH_MERCH26_0000018,0.0,2.49,1,0,card_testing_burst,1
466,PAYMENT,3.3,SYNTH_CARDTEST_0000026,996.17,992.86,SYNTH_MERCH26_0000019,0.0,3.3,1,0,card_testing_burst,1
191,PAYMENT,4.31,SYNTH_CARDTEST_0000027,5517.15,5512.83,SYNTH_MERCH27_0000000,0.0,4.31,1,0,card_testing_burst,1
191,PAYMENT,1.95,SYNTH_CARDTEST_0000027,5512.83,5510.89,SYNTH_MERCH27_0000001,0.0,1.95,1,0,card_testing_burst,1
191,PAYMENT,2.19,SYNTH_CARDTEST_0000027,5510.89,5508.7,SYNTH_MERCH27_0000002,0.0,2.19,1,0,card_testing_burst,1
191,PAYMENT,2.21,SYNTH_CARDTEST_0000027,5508.7,5506.49,SYNTH_MERCH27_0000003,0.0,2.21,1,0,card_testing_burst,1
191,PAYMENT,1.16,SYNTH_CARDTEST_0000027,5506.49,5505.33,SYNTH_MERCH27_0000004,0.0,1.16,1,0,card_testing_burst,1
191,PAYMENT,2.26,SYNTH_CARDTEST_0000027,5505.33,5503.07,SYNTH_MERCH27_0000005,0.0,2.26,1,0,card_testing_burst,1
191,PAYMENT,4.51,SYNTH_CARDTEST_0000027,5503.07,5498.56,SYNTH_MERCH27_0000006,0.0,4.51,1,0,card_testing_burst,1
191,PAYMENT,4.65,SYNTH_CARDTEST_0000027,5498.56,5493.91,SYNTH_MERCH27_0000007,0.0,4.65,1,0,card_testing_burst,1
191,PAYMENT,1.44,SYNTH_CARDTEST_0000027,5493.91,5492.47,SYNTH_MERCH27_0000008,0.0,1.44,1,0,card_testing_burst,1
191,PAYMENT,2.83,SYNTH_CARDTEST_0000027,5492.47,5489.64,SYNTH_MERCH27_0000009,0.0,2.83,1,0,card_testing_burst,1
191,PAYMENT,2.53,SYNTH_CARDTEST_0000027,5489.64,5487.12,SYNTH_MERCH27_0000010,0.0,2.53,1,0,card_testing_burst,1
191,PAYMENT,2.96,SYNTH_CARDTEST_0000027,5487.12,5484.16,SYNTH_MERCH27_0000011,0.0,2.96,1,0,card_testing_burst,1
191,PAYMENT,3.22,SYNTH_CARDTEST_0000027,5484.16,5480.94,SYNTH_MERCH27_0000012,0.0,3.22,1,0,card_testing_burst,1
191,PAYMENT,1.08,SYNTH_CARDTEST_0000027,5480.94,5479.86,SYNTH_MERCH27_0000013,0.0,1.08,1,0,card_testing_burst,1
191,PAYMENT,4.37,SYNTH_CARDTEST_0000027,5479.86,5475.49,SYNTH_MERCH27_0000014,0.0,4.37,1,0,card_testing_burst,1
191,PAYMENT,4.89,SYNTH_CARDTEST_0000027,5475.49,5470.6,SYNTH_MERCH27_0000015,0.0,4.89,1,0,card_testing_burst,1
191,PAYMENT,3.61,SYNTH_CARDTEST_0000027,5470.6,5466.98,SYNTH_MERCH27_0000016,0.0,3.61,1,0,card_testing_burst,1
191,PAYMENT,3.64,SYNTH_CARDTEST_0000027,5466.98,5463.34,SYNTH_MERCH27_0000017,0.0,3.64,1,0,card_testing_burst,1
191,PAYMENT,3.11,SYNTH_CARDTEST_0000027,5463.34,5460.23,SYNTH_MERCH27_0000018,0.0,3.11,1,0,card_testing_burst,1
191,PAYMENT,2.34,SYNTH_CARDTEST_0000027,5460.23,5457.89,SYNTH_MERCH27_0000019,0.0,2.34,1,0,card_testing_burst,1
498,PAYMENT,1.18,SYNTH_CARDTEST_0000028,15342.04,15340.86,SYNTH_MERCH28_0000000,0.0,1.18,1,0,card_testing_burst,1
498,PAYMENT,4.3,SYNTH_CARDTEST_0000028,15340.86,15336.56,SYNTH_MERCH28_0000001,0.0,4.3,1,0,card_testing_burst,1
498,PAYMENT,2.68,SYNTH_CARDTEST_0000028,15336.56,15333.88,SYNTH_MERCH28_0000002,0.0,2.68,1,0,card_testing_burst,1
498,PAYMENT,2.66,SYNTH_CARDTEST_0000028,15333.88,15331.22,SYNTH_MERCH28_0000003,0.0,2.66,1,0,card_testing_burst,1
498,PAYMENT,2.31,SYNTH_CARDTEST_0000028,15331.22,15328.91,SYNTH_MERCH28_0000004,0.0,2.31,1,0,card_testing_burst,1
498,PAYMENT,4.88,SYNTH_CARDTEST_0000028,15328.91,15324.04,SYNTH_MERCH28_0000005,0.0,4.88,1,0,card_testing_burst,1
498,PAYMENT,1.7,SYNTH_CARDTEST_0000028,15324.04,15322.34,SYNTH_MERCH28_0000006,0.0,1.7,1,0,card_testing_burst,1
498,PAYMENT,1.61,SYNTH_CARDTEST_0000028,15322.34,15320.73,SYNTH_MERCH28_0000007,0.0,1.61,1,0,card_testing_burst,1
498,PAYMENT,1.66,SYNTH_CARDTEST_0000028,15320.73,15319.07,SYNTH_MERCH28_0000008,0.0,1.66,1,0,card_testing_burst,1
498,PAYMENT,3.63,SYNTH_CARDTEST_0000028,15319.07,15315.43,SYNTH_MERCH28_0000009,0.0,3.63,1,0,card_testing_burst,1
498,PAYMENT,4.97,SYNTH_CARDTEST_0000028,15315.43,15310.47,SYNTH_MERCH28_0000010,0.0,4.97,1,0,card_testing_burst,1
498,PAYMENT,1.94,SYNTH_CARDTEST_0000028,15310.47,15308.52,SYNTH_MERCH28_0000011,0.0,1.94,1,0,card_testing_burst,1
498,PAYMENT,4.62,SYNTH_CARDTEST_0000028,15308.52,15303.9,SYNTH_MERCH28_0000012,0.0,4.62,1,0,card_testing_burst,1
498,PAYMENT,2.11,SYNTH_CARDTEST_0000028,15303.9,15301.79,SYNTH_MERCH28_0000013,0.0,2.11,1,0,card_testing_burst,1
498,PAYMENT,3.59,SYNTH_CARDTEST_0000028,15301.79,15298.2,SYNTH_MERCH28_0000014,0.0,3.59,1,0,card_testing_burst,1
498,PAYMENT,1.16,SYNTH_CARDTEST_0000028,15298.2,15297.03,SYNTH_MERCH28_0000015,0.0,1.16,1,0,card_testing_burst,1
498,PAYMENT,2.98,SYNTH_CARDTEST_0000028,15297.03,15294.05,SYNTH_MERCH28_0000016,0.0,2.98,1,0,card_testing_burst,1
498,PAYMENT,3.62,SYNTH_CARDTEST_0000028,15294.05,15290.43,SYNTH_MERCH28_0000017,0.0,3.62,1,0,card_testing_burst,1
498,PAYMENT,3.15,SYNTH_CARDTEST_0000028,15290.43,15287.29,SYNTH_MERCH28_0000018,0.0,3.15,1,0,card_testing_burst,1
498,PAYMENT,1.95,SYNTH_CARDTEST_0000028,15287.29,15285.34,SYNTH_MERCH28_0000019,0.0,1.95,1,0,card_testing_burst,1
433,PAYMENT,4.88,SYNTH_CARDTEST_0000029,6804.82,6799.94,SYNTH_MERCH29_0000000,0.0,4.88,1,0,card_testing_burst,1
433,PAYMENT,2.84,SYNTH_CARDTEST_0000029,6799.94,6797.11,SYNTH_MERCH29_0000001,0.0,2.84,1,0,card_testing_burst,1
433,PAYMENT,3.54,SYNTH_CARDTEST_0000029,6797.11,6793.56,SYNTH_MERCH29_0000002,0.0,3.54,1,0,card_testing_burst,1
433,PAYMENT,4.16,SYNTH_CARDTEST_0000029,6793.56,6789.4,SYNTH_MERCH29_0000003,0.0,4.16,1,0,card_testing_burst,1
433,PAYMENT,1.97,SYNTH_CARDTEST_0000029,6789.4,6787.43,SYNTH_MERCH29_0000004,0.0,1.97,1,0,card_testing_burst,1
433,PAYMENT,4.46,SYNTH_CARDTEST_0000029,6787.43,6782.98,SYNTH_MERCH29_0000005,0.0,4.46,1,0,card_testing_burst,1
433,PAYMENT,2.12,SYNTH_CARDTEST_0000029,6782.98,6780.86,SYNTH_MERCH29_0000006,0.0,2.12,1,0,card_testing_burst,1
433,PAYMENT,4.1,SYNTH_CARDTEST_0000029,6780.86,6776.75,SYNTH_MERCH29_0000007,0.0,4.1,1,0,card_testing_burst,1
433,PAYMENT,1.45,SYNTH_CARDTEST_0000029,6776.75,6775.3,SYNTH_MERCH29_0000008,0.0,1.45,1,0,card_testing_burst,1
433,PAYMENT,2.15,SYNTH_CARDTEST_0000029,6775.3,6773.15,SYNTH_MERCH29_0000009,0.0,2.15,1,0,card_testing_burst,1
433,PAYMENT,3.13,SYNTH_CARDTEST_0000029,6773.15,6770.02,SYNTH_MERCH29_0000010,0.0,3.13,1,0,card_testing_burst,1
433,PAYMENT,3.1,SYNTH_CARDTEST_0000029,6770.02,6766.92,SYNTH_MERCH29_0000011,0.0,3.1,1,0,card_testing_burst,1
433,PAYMENT,4.4,SYNTH_CARDTEST_0000029,6766.92,6762.52,SYNTH_MERCH29_0000012,0.0,4.4,1,0,card_testing_burst,1
433,PAYMENT,4.98,SYNTH_CARDTEST_0000029,6762.52,6757.53,SYNTH_MERCH29_0000013,0.0,4.98,1,0,card_testing_burst,1
433,PAYMENT,1.43,SYNTH_CARDTEST_0000029,6757.53,6756.1,SYNTH_MERCH29_0000014,0.0,1.43,1,0,card_testing_burst,1
433,PAYMENT,2.09,SYNTH_CARDTEST_0000029,6756.1,6754.02,SYNTH_MERCH29_0000015,0.0,2.09,1,0,card_testing_burst,1
433,PAYMENT,2.43,SYNTH_CARDTEST_0000029,6754.02,6751.59,SYNTH_MERCH29_0000016,0.0,2.43,1,0,card_testing_burst,1
433,PAYMENT,2.92,SYNTH_CARDTEST_0000029,6751.59,6748.67,SYNTH_MERCH29_0000017,0.0,2.92,1,0,card_testing_burst,1
433,PAYMENT,2.98,SYNTH_CARDTEST_0000029,6748.67,6745.69,SYNTH_MERCH29_0000018,0.0,2.98,1,0,card_testing_burst,1
433,PAYMENT,4.42,SYNTH_CARDTEST_0000029,6745.69,6741.27,SYNTH_MERCH29_0000019,0.0,4.42,1,0,card_testing_burst,1
331,PAYMENT,2.82,SYNTH_CARDTEST_0000030,7367.49,7364.67,SYNTH_MERCH30_0000000,0.0,2.82,1,0,card_testing_burst,1
331,PAYMENT,3.47,SYNTH_CARDTEST_0000030,7364.67,7361.2,SYNTH_MERCH30_0000001,0.0,3.47,1,0,card_testing_burst,1
331,PAYMENT,2.84,SYNTH_CARDTEST_0000030,7361.2,7358.35,SYNTH_MERCH30_0000002,0.0,2.84,1,0,card_testing_burst,1
331,PAYMENT,1.52,SYNTH_CARDTEST_0000030,7358.35,7356.83,SYNTH_MERCH30_0000003,0.0,1.52,1,0,card_testing_burst,1
331,PAYMENT,2.59,SYNTH_CARDTEST_0000030,7356.83,7354.24,SYNTH_MERCH30_0000004,0.0,2.59,1,0,card_testing_burst,1
331,PAYMENT,2.65,SYNTH_CARDTEST_0000030,7354.24,7351.6,SYNTH_MERCH30_0000005,0.0,2.65,1,0,card_testing_burst,1
331,PAYMENT,1.75,SYNTH_CARDTEST_0000030,7351.6,7349.84,SYNTH_MERCH30_0000006,0.0,1.75,1,0,card_testing_burst,1
331,PAYMENT,4.03,SYNTH_CARDTEST_0000030,7349.84,7345.82,SYNTH_MERCH30_0000007,0.0,4.03,1,0,card_testing_burst,1
331,PAYMENT,2.29,SYNTH_CARDTEST_0000030,7345.82,7343.53,SYNTH_MERCH30_0000008,0.0,2.29,1,0,card_testing_burst,1
331,PAYMENT,3.36,SYNTH_CARDTEST_0000030,7343.53,7340.18,SYNTH_MERCH30_0000009,0.0,3.36,1,0,card_testing_burst,1
331,PAYMENT,3.06,SYNTH_CARDTEST_0000030,7340.18,7337.11,SYNTH_MERCH30_0000010,0.0,3.06,1,0,card_testing_burst,1
331,PAYMENT,4.51,SYNTH_CARDTEST_0000030,7337.11,7332.61,SYNTH_MERCH30_0000011,0.0,4.51,1,0,card_testing_burst,1
331,PAYMENT,1.49,SYNTH_CARDTEST_0000030,7332.61,7331.12,SYNTH_MERCH30_0000012,0.0,1.49,1,0,card_testing_burst,1
331,PAYMENT,1.46,SYNTH_CARDTEST_0000030,7331.12,7329.66,SYNTH_MERCH30_0000013,0.0,1.46,1,0,card_testing_burst,1
331,PAYMENT,2.2,SYNTH_CARDTEST_0000030,7329.66,7327.46,SYNTH_MERCH30_0000014,0.0,2.2,1,0,card_testing_burst,1
331,PAYMENT,2.72,SYNTH_CARDTEST_0000030,7327.46,7324.73,SYNTH_MERCH30_0000015,0.0,2.72,1,0,card_testing_burst,1
331,PAYMENT,2.19,SYNTH_CARDTEST_0000030,7324.73,7322.54,SYNTH_MERCH30_0000016,0.0,2.19,1,0,card_testing_burst,1
331,PAYMENT,4.05,SYNTH_CARDTEST_0000030,7322.54,7318.49,SYNTH_MERCH30_0000017,0.0,4.05,1,0,card_testing_burst,1
331,PAYMENT,1.98,SYNTH_CARDTEST_0000030,7318.49,7316.51,SYNTH_MERCH30_0000018,0.0,1.98,1,0,card_testing_burst,1
331,PAYMENT,1.34,SYNTH_CARDTEST_0000030,7316.51,7315.17,SYNTH_MERCH30_0000019,0.0,1.34,1,0,card_testing_burst,1
14,PAYMENT,4.09,SYNTH_CARDTEST_0000031,14235.46,14231.36,SYNTH_MERCH31_0000000,0.0,4.09,1,0,card_testing_burst,1
14,PAYMENT,4.4,SYNTH_CARDTEST_0000031,14231.36,14226.96,SYNTH_MERCH31_0000001,0.0,4.4,1,0,card_testing_burst,1
14,PAYMENT,3.93,SYNTH_CARDTEST_0000031,14226.96,14223.03,SYNTH_MERCH31_0000002,0.0,3.93,1,0,card_testing_burst,1
14,PAYMENT,3.23,SYNTH_CARDTEST_0000031,14223.03,14219.8,SYNTH_MERCH31_0000003,0.0,3.23,1,0,card_testing_burst,1
14,PAYMENT,3.9,SYNTH_CARDTEST_0000031,14219.8,14215.9,SYNTH_MERCH31_0000004,0.0,3.9,1,0,card_testing_burst,1
14,PAYMENT,3.73,SYNTH_CARDTEST_0000031,14215.9,14212.17,SYNTH_MERCH31_0000005,0.0,3.73,1,0,card_testing_burst,1
14,PAYMENT,1.94,SYNTH_CARDTEST_0000031,14212.17,14210.24,SYNTH_MERCH31_0000006,0.0,1.94,1,0,card_testing_burst,1
14,PAYMENT,3.2,SYNTH_CARDTEST_0000031,14210.24,14207.03,SYNTH_MERCH31_0000007,0.0,3.2,1,0,card_testing_burst,1
14,PAYMENT,4.08,SYNTH_CARDTEST_0000031,14207.03,14202.95,SYNTH_MERCH31_0000008,0.0,4.08,1,0,card_testing_burst,1
14,PAYMENT,2.27,SYNTH_CARDTEST_0000031,14202.95,14200.68,SYNTH_MERCH31_0000009,0.0,2.27,1,0,card_testing_burst,1
14,PAYMENT,3.62,SYNTH_CARDTEST_0000031,14200.68,14197.07,SYNTH_MERCH31_0000010,0.0,3.62,1,0,card_testing_burst,1
14,PAYMENT,2.93,SYNTH_CARDTEST_0000031,14197.07,14194.14,SYNTH_MERCH31_0000011,0.0,2.93,1,0,card_testing_burst,1
14,PAYMENT,3.01,SYNTH_CARDTEST_0000031,14194.14,14191.13,SYNTH_MERCH31_0000012,0.0,3.01,1,0,card_testing_burst,1
14,PAYMENT,1.36,SYNTH_CARDTEST_0000031,14191.13,14189.77,SYNTH_MERCH31_0000013,0.0,1.36,1,0,card_testing_burst,1
14,PAYMENT,3.66,SYNTH_CARDTEST_0000031,14189.77,14186.1,SYNTH_MERCH31_0000014,0.0,3.66,1,0,card_testing_burst,1
14,PAYMENT,4.46,SYNTH_CARDTEST_0000031,14186.1,14181.64,SYNTH_MERCH31_0000015,0.0,4.46,1,0,card_testing_burst,1
14,PAYMENT,1.57,SYNTH_CARDTEST_0000031,14181.64,14180.07,SYNTH_MERCH31_0000016,0.0,1.57,1,0,card_testing_burst,1
14,PAYMENT,2.46,SYNTH_CARDTEST_0000031,14180.07,14177.61,SYNTH_MERCH31_0000017,0.0,2.46,1,0,card_testing_burst,1
14,PAYMENT,1.19,SYNTH_CARDTEST_0000031,14177.61,14176.42,SYNTH_MERCH31_0000018,0.0,1.19,1,0,card_testing_burst,1
14,PAYMENT,1.12,SYNTH_CARDTEST_0000031,14176.42,14175.3,SYNTH_MERCH31_0000019,0.0,1.12,1,0,card_testing_burst,1
507,PAYMENT,2.42,SYNTH_CARDTEST_0000032,6475.28,6472.86,SYNTH_MERCH32_0000000,0.0,2.42,1,0,card_testing_burst,1
507,PAYMENT,2.1,SYNTH_CARDTEST_0000032,6472.86,6470.76,SYNTH_MERCH32_0000001,0.0,2.1,1,0,card_testing_burst,1
507,PAYMENT,4.92,SYNTH_CARDTEST_0000032,6470.76,6465.84,SYNTH_MERCH32_0000002,0.0,4.92,1,0,card_testing_burst,1
507,PAYMENT,2.01,SYNTH_CARDTEST_0000032,6465.84,6463.83,SYNTH_MERCH32_0000003,0.0,2.01,1,0,card_testing_burst,1
507,PAYMENT,3.9,SYNTH_CARDTEST_0000032,6463.83,6459.93,SYNTH_MERCH32_0000004,0.0,3.9,1,0,card_testing_burst,1
507,PAYMENT,2.14,SYNTH_CARDTEST_0000032,6459.93,6457.8,SYNTH_MERCH32_0000005,0.0,2.14,1,0,card_testing_burst,1
507,PAYMENT,1.28,SYNTH_CARDTEST_0000032,6457.8,6456.51,SYNTH_MERCH32_0000006,0.0,1.28,1,0,card_testing_burst,1
507,PAYMENT,3.73,SYNTH_CARDTEST_0000032,6456.51,6452.78,SYNTH_MERCH32_0000007,0.0,3.73,1,0,card_testing_burst,1
507,PAYMENT,1.01,SYNTH_CARDTEST_0000032,6452.78,6451.77,SYNTH_MERCH32_0000008,0.0,1.01,1,0,card_testing_burst,1
507,PAYMENT,3.7,SYNTH_CARDTEST_0000032,6451.77,6448.07,SYNTH_MERCH32_0000009,0.0,3.7,1,0,card_testing_burst,1
507,PAYMENT,2.0,SYNTH_CARDTEST_0000032,6448.07,6446.07,SYNTH_MERCH32_0000010,0.0,2.0,1,0,card_testing_burst,1
507,PAYMENT,3.98,SYNTH_CARDTEST_0000032,6446.07,6442.09,SYNTH_MERCH32_0000011,0.0,3.98,1,0,card_testing_burst,1
507,PAYMENT,4.08,SYNTH_CARDTEST_0000032,6442.09,6438.01,SYNTH_MERCH32_0000012,0.0,4.08,1,0,card_testing_burst,1
507,PAYMENT,3.9,SYNTH_CARDTEST_0000032,6438.01,6434.11,SYNTH_MERCH32_0000013,0.0,3.9,1,0,card_testing_burst,1
507,PAYMENT,1.1,SYNTH_CARDTEST_0000032,6434.11,6433.01,SYNTH_MERCH32_0000014,0.0,1.1,1,0,card_testing_burst,1
507,PAYMENT,3.81,SYNTH_CARDTEST_0000032,6433.01,6429.2,SYNTH_MERCH32_0000015,0.0,3.81,1,0,card_testing_burst,1
507,PAYMENT,4.96,SYNTH_CARDTEST_0000032,6429.2,6424.24,SYNTH_MERCH32_0000016,0.0,4.96,1,0,card_testing_burst,1
507,PAYMENT,1.97,SYNTH_CARDTEST_0000032,6424.24,6422.27,SYNTH_MERCH32_0000017,0.0,1.97,1,0,card_testing_burst,1
507,PAYMENT,2.1,SYNTH_CARDTEST_0000032,6422.27,6420.17,SYNTH_MERCH32_0000018,0.0,2.1,1,0,card_testing_burst,1
507,PAYMENT,4.25,SYNTH_CARDTEST_0000032,6420.17,6415.91,SYNTH_MERCH32_0000019,0.0,4.25,1,0,card_testing_burst,1
366,PAYMENT,3.64,SYNTH_CARDTEST_0000033,6505.53,6501.89,SYNTH_MERCH33_0000000,0.0,3.64,1,0,card_testing_burst,1
366,PAYMENT,4.02,SYNTH_CARDTEST_0000033,6501.89,6497.87,SYNTH_MERCH33_0000001,0.0,4.02,1,0,card_testing_burst,1
366,PAYMENT,1.15,SYNTH_CARDTEST_0000033,6497.87,6496.72,SYNTH_MERCH33_0000002,0.0,1.15,1,0,card_testing_burst,1
366,PAYMENT,3.22,SYNTH_CARDTEST_0000033,6496.72,6493.51,SYNTH_MERCH33_0000003,0.0,3.22,1,0,card_testing_burst,1
366,PAYMENT,3.3,SYNTH_CARDTEST_0000033,6493.51,6490.2,SYNTH_MERCH33_0000004,0.0,3.3,1,0,card_testing_burst,1
366,PAYMENT,2.21,SYNTH_CARDTEST_0000033,6490.2,6487.99,SYNTH_MERCH33_0000005,0.0,2.21,1,0,card_testing_burst,1
366,PAYMENT,4.51,SYNTH_CARDTEST_0000033,6487.99,6483.48,SYNTH_MERCH33_0000006,0.0,4.51,1,0,card_testing_burst,1
366,PAYMENT,1.65,SYNTH_CARDTEST_0000033,6483.48,6481.83,SYNTH_MERCH33_0000007,0.0,1.65,1,0,card_testing_burst,1
366,PAYMENT,2.46,SYNTH_CARDTEST_0000033,6481.83,6479.38,SYNTH_MERCH33_0000008,0.0,2.46,1,0,card_testing_burst,1
366,PAYMENT,4.39,SYNTH_CARDTEST_0000033,6479.38,6474.98,SYNTH_MERCH33_0000009,0.0,4.39,1,0,card_testing_burst,1
366,PAYMENT,1.76,SYNTH_CARDTEST_0000033,6474.98,6473.22,SYNTH_MERCH33_0000010,0.0,1.76,1,0,card_testing_burst,1
366,PAYMENT,4.29,SYNTH_CARDTEST_0000033,6473.22,6468.93,SYNTH_MERCH33_0000011,0.0,4.29,1,0,card_testing_burst,1
366,PAYMENT,1.32,SYNTH_CARDTEST_0000033,6468.93,6467.62,SYNTH_MERCH33_0000012,0.0,1.32,1,0,card_testing_burst,1
366,PAYMENT,2.96,SYNTH_CARDTEST_0000033,6467.62,6464.66,SYNTH_MERCH33_0000013,0.0,2.96,1,0,card_testing_burst,1
366,PAYMENT,1.3,SYNTH_CARDTEST_0000033,6464.66,6463.36,SYNTH_MERCH33_0000014,0.0,1.3,1,0,card_testing_burst,1
366,PAYMENT,3.71,SYNTH_CARDTEST_0000033,6463.36,6459.65,SYNTH_MERCH33_0000015,0.0,3.71,1,0,card_testing_burst,1
366,PAYMENT,4.16,SYNTH_CARDTEST_0000033,6459.65,6455.49,SYNTH_MERCH33_0000016,0.0,4.16,1,0,card_testing_burst,1
366,PAYMENT,4.4,SYNTH_CARDTEST_0000033,6455.49,6451.09,SYNTH_MERCH33_0000017,0.0,4.4,1,0,card_testing_burst,1
366,PAYMENT,4.93,SYNTH_CARDTEST_0000033,6451.09,6446.16,SYNTH_MERCH33_0000018,0.0,4.93,1,0,card_testing_burst,1
366,PAYMENT,3.69,SYNTH_CARDTEST_0000033,6446.16,6442.47,SYNTH_MERCH33_0000019,0.0,3.69,1,0,card_testing_burst,1
53,PAYMENT,4.65,SYNTH_CARDTEST_0000034,897.88,893.23,SYNTH_MERCH34_0000000,0.0,4.65,1,0,card_testing_burst,1
53,PAYMENT,3.58,SYNTH_CARDTEST_0000034,893.23,889.65,SYNTH_MERCH34_0000001,0.0,3.58,1,0,card_testing_burst,1
53,PAYMENT,4.53,SYNTH_CARDTEST_0000034,889.65,885.12,SYNTH_MERCH34_0000002,0.0,4.53,1,0,card_testing_burst,1
53,PAYMENT,1.94,SYNTH_CARDTEST_0000034,885.12,883.17,SYNTH_MERCH34_0000003,0.0,1.94,1,0,card_testing_burst,1
53,PAYMENT,2.99,SYNTH_CARDTEST_0000034,883.17,880.19,SYNTH_MERCH34_0000004,0.0,2.99,1,0,card_testing_burst,1
53,PAYMENT,3.92,SYNTH_CARDTEST_0000034,880.19,876.27,SYNTH_MERCH34_0000005,0.0,3.92,1,0,card_testing_burst,1
53,PAYMENT,1.81,SYNTH_CARDTEST_0000034,876.27,874.46,SYNTH_MERCH34_0000006,0.0,1.81,1,0,card_testing_burst,1
53,PAYMENT,1.85,SYNTH_CARDTEST_0000034,874.46,872.61,SYNTH_MERCH34_0000007,0.0,1.85,1,0,card_testing_burst,1
53,PAYMENT,4.91,SYNTH_CARDTEST_0000034,872.61,867.7,SYNTH_MERCH34_0000008,0.0,4.91,1,0,card_testing_burst,1
53,PAYMENT,2.74,SYNTH_CARDTEST_0000034,867.7,864.96,SYNTH_MERCH34_0000009,0.0,2.74,1,0,card_testing_burst,1
53,PAYMENT,1.73,SYNTH_CARDTEST_0000034,864.96,863.23,SYNTH_MERCH34_0000010,0.0,1.73,1,0,card_testing_burst,1
53,PAYMENT,2.33,SYNTH_CARDTEST_0000034,863.23,860.91,SYNTH_MERCH34_0000011,0.0,2.33,1,0,card_testing_burst,1
53,PAYMENT,2.59,SYNTH_CARDTEST_0000034,860.91,858.32,SYNTH_MERCH34_0000012,0.0,2.59,1,0,card_testing_burst,1
53,PAYMENT,3.49,SYNTH_CARDTEST_0000034,858.32,854.83,SYNTH_MERCH34_0000013,0.0,3.49,1,0,card_testing_burst,1
53,PAYMENT,4.69,SYNTH_CARDTEST_0000034,854.83,850.13,SYNTH_MERCH34_0000014,0.0,4.69,1,0,card_testing_burst,1
53,PAYMENT,4.95,SYNTH_CARDTEST_0000034,850.13,845.19,SYNTH_MERCH34_0000015,0.0,4.95,1,0,card_testing_burst,1
53,PAYMENT,3.61,SYNTH_CARDTEST_0000034,845.19,841.58,SYNTH_MERCH34_0000016,0.0,3.61,1,0,card_testing_burst,1
53,PAYMENT,3.8,SYNTH_CARDTEST_0000034,841.58,837.78,SYNTH_MERCH34_0000017,0.0,3.8,1,0,card_testing_burst,1
53,PAYMENT,2.29,SYNTH_CARDTEST_0000034,837.78,835.49,SYNTH_MERCH34_0000018,0.0,2.29,1,0,card_testing_burst,1
53,PAYMENT,4.43,SYNTH_CARDTEST_0000034,835.49,831.07,SYNTH_MERCH34_0000019,0.0,4.43,1,0,card_testing_burst,1
375,PAYMENT,1.43,SYNTH_CARDTEST_0000035,7434.35,7432.93,SYNTH_MERCH35_0000000,0.0,1.43,1,0,card_testing_burst,1
375,PAYMENT,4.89,SYNTH_CARDTEST_0000035,7432.93,7428.04,SYNTH_MERCH35_0000001,0.0,4.89,1,0,card_testing_burst,1
375,PAYMENT,4.46,SYNTH_CARDTEST_0000035,7428.04,7423.58,SYNTH_MERCH35_0000002,0.0,4.46,1,0,card_testing_burst,1
375,PAYMENT,2.21,SYNTH_CARDTEST_0000035,7423.58,7421.36,SYNTH_MERCH35_0000003,0.0,2.21,1,0,card_testing_burst,1
375,PAYMENT,3.7,SYNTH_CARDTEST_0000035,7421.36,7417.66,SYNTH_MERCH35_0000004,0.0,3.7,1,0,card_testing_burst,1
375,PAYMENT,2.87,SYNTH_CARDTEST_0000035,7417.66,7414.8,SYNTH_MERCH35_0000005,0.0,2.87,1,0,card_testing_burst,1
375,PAYMENT,2.29,SYNTH_CARDTEST_0000035,7414.8,7412.5,SYNTH_MERCH35_0000006,0.0,2.29,1,0,card_testing_burst,1
375,PAYMENT,2.15,SYNTH_CARDTEST_0000035,7412.5,7410.36,SYNTH_MERCH35_0000007,0.0,2.15,1,0,card_testing_burst,1
375,PAYMENT,1.54,SYNTH_CARDTEST_0000035,7410.36,7408.81,SYNTH_MERCH35_0000008,0.0,1.54,1,0,card_testing_burst,1
375,PAYMENT,3.2,SYNTH_CARDTEST_0000035,7408.81,7405.61,SYNTH_MERCH35_0000009,0.0,3.2,1,0,card_testing_burst,1
375,PAYMENT,2.79,SYNTH_CARDTEST_0000035,7405.61,7402.83,SYNTH_MERCH35_0000010,0.0,2.79,1,0,card_testing_burst,1
375,PAYMENT,3.05,SYNTH_CARDTEST_0000035,7402.83,7399.78,SYNTH_MERCH35_0000011,0.0,3.05,1,0,card_testing_burst,1
375,PAYMENT,1.86,SYNTH_CARDTEST_0000035,7399.78,7397.92,SYNTH_MERCH35_0000012,0.0,1.86,1,0,card_testing_burst,1
375,PAYMENT,4.75,SYNTH_CARDTEST_0000035,7397.92,7393.16,SYNTH_MERCH35_0000013,0.0,4.75,1,0,card_testing_burst,1
375,PAYMENT,3.55,SYNTH_CARDTEST_0000035,7393.16,7389.61,SYNTH_MERCH35_0000014,0.0,3.55,1,0,card_testing_burst,1
375,PAYMENT,4.6,SYNTH_CARDTEST_0000035,7389.61,7385.01,SYNTH_MERCH35_0000015,0.0,4.6,1,0,card_testing_burst,1
375,PAYMENT,1.44,SYNTH_CARDTEST_0000035,7385.01,7383.57,SYNTH_MERCH35_0000016,0.0,1.44,1,0,card_testing_burst,1
375,PAYMENT,3.49,SYNTH_CARDTEST_0000035,7383.57,7380.08,SYNTH_MERCH35_0000017,0.0,3.49,1,0,card_testing_burst,1
375,PAYMENT,4.4,SYNTH_CARDTEST_0000035,7380.08,7375.68,SYNTH_MERCH35_0000018,0.0,4.4,1,0,card_testing_burst,1
375,PAYMENT,2.32,SYNTH_CARDTEST_0000035,7375.68,7373.36,SYNTH_MERCH35_0000019,0.0,2.32,1,0,card_testing_burst,1
133,PAYMENT,2.09,SYNTH_CARDTEST_0000036,1398.52,1396.43,SYNTH_MERCH36_0000000,0.0,2.09,1,0,card_testing_burst,1
133,PAYMENT,2.79,SYNTH_CARDTEST_0000036,1396.43,1393.64,SYNTH_MERCH36_0000001,0.0,2.79,1,0,card_testing_burst,1
133,PAYMENT,2.3,SYNTH_CARDTEST_0000036,1393.64,1391.33,SYNTH_MERCH36_0000002,0.0,2.3,1,0,card_testing_burst,1
133,PAYMENT,2.09,SYNTH_CARDTEST_0000036,1391.33,1389.25,SYNTH_MERCH36_0000003,0.0,2.09,1,0,card_testing_burst,1
133,PAYMENT,3.59,SYNTH_CARDTEST_0000036,1389.25,1385.65,SYNTH_MERCH36_0000004,0.0,3.59,1,0,card_testing_burst,1
133,PAYMENT,1.21,SYNTH_CARDTEST_0000036,1385.65,1384.44,SYNTH_MERCH36_0000005,0.0,1.21,1,0,card_testing_burst,1
133,PAYMENT,2.36,SYNTH_CARDTEST_0000036,1384.44,1382.08,SYNTH_MERCH36_0000006,0.0,2.36,1,0,card_testing_burst,1
133,PAYMENT,3.76,SYNTH_CARDTEST_0000036,1382.08,1378.32,SYNTH_MERCH36_0000007,0.0,3.76,1,0,card_testing_burst,1
133,PAYMENT,1.7,SYNTH_CARDTEST_0000036,1378.32,1376.62,SYNTH_MERCH36_0000008,0.0,1.7,1,0,card_testing_burst,1
133,PAYMENT,1.88,SYNTH_CARDTEST_0000036,1376.62,1374.73,SYNTH_MERCH36_0000009,0.0,1.88,1,0,card_testing_burst,1
133,PAYMENT,1.8,SYNTH_CARDTEST_0000036,1374.73,1372.93,SYNTH_MERCH36_0000010,0.0,1.8,1,0,card_testing_burst,1
133,PAYMENT,1.0,SYNTH_CARDTEST_0000036,1372.93,1371.93,SYNTH_MERCH36_0000011,0.0,1.0,1,0,card_testing_burst,1
133,PAYMENT,2.9,SYNTH_CARDTEST_0000036,1371.93,1369.03,SYNTH_MERCH36_0000012,0.0,2.9,1,0,card_testing_burst,1
133,PAYMENT,1.16,SYNTH_CARDTEST_0000036,1369.03,1367.88,SYNTH_MERCH36_0000013,0.0,1.16,1,0,card_testing_burst,1
133,PAYMENT,2.09,SYNTH_CARDTEST_0000036,1367.88,1365.79,SYNTH_MERCH36_0000014,0.0,2.09,1,0,card_testing_burst,1
133,PAYMENT,4.98,SYNTH_CARDTEST_0000036,1365.79,1360.81,SYNTH_MERCH36_0000015,0.0,4.98,1,0,card_testing_burst,1
133,PAYMENT,4.67,SYNTH_CARDTEST_0000036,1360.81,1356.13,SYNTH_MERCH36_0000016,0.0,4.67,1,0,card_testing_burst,1
133,PAYMENT,1.86,SYNTH_CARDTEST_0000036,1356.13,1354.27,SYNTH_MERCH36_0000017,0.0,1.86,1,0,card_testing_burst,1
133,PAYMENT,2.24,SYNTH_CARDTEST_0000036,1354.27,1352.03,SYNTH_MERCH36_0000018,0.0,2.24,1,0,card_testing_burst,1
133,PAYMENT,2.85,SYNTH_CARDTEST_0000036,1352.03,1349.18,SYNTH_MERCH36_0000019,0.0,2.85,1,0,card_testing_burst,1
197,PAYMENT,4.21,SYNTH_CARDTEST_0000037,1892.6,1888.39,SYNTH_MERCH37_0000000,0.0,4.21,1,0,card_testing_burst,1
197,PAYMENT,1.5,SYNTH_CARDTEST_0000037,1888.39,1886.88,SYNTH_MERCH37_0000001,0.0,1.5,1,0,card_testing_burst,1
197,PAYMENT,1.5,SYNTH_CARDTEST_0000037,1886.88,1885.38,SYNTH_MERCH37_0000002,0.0,1.5,1,0,card_testing_burst,1
197,PAYMENT,2.67,SYNTH_CARDTEST_0000037,1885.38,1882.72,SYNTH_MERCH37_0000003,0.0,2.67,1,0,card_testing_burst,1
197,PAYMENT,4.48,SYNTH_CARDTEST_0000037,1882.72,1878.23,SYNTH_MERCH37_0000004,0.0,4.48,1,0,card_testing_burst,1
197,PAYMENT,4.53,SYNTH_CARDTEST_0000037,1878.23,1873.71,SYNTH_MERCH37_0000005,0.0,4.53,1,0,card_testing_burst,1
197,PAYMENT,1.43,SYNTH_CARDTEST_0000037,1873.71,1872.28,SYNTH_MERCH37_0000006,0.0,1.43,1,0,card_testing_burst,1
197,PAYMENT,3.3,SYNTH_CARDTEST_0000037,1872.28,1868.98,SYNTH_MERCH37_0000007,0.0,3.3,1,0,card_testing_burst,1
197,PAYMENT,1.62,SYNTH_CARDTEST_0000037,1868.98,1867.36,SYNTH_MERCH37_0000008,0.0,1.62,1,0,card_testing_burst,1
197,PAYMENT,3.74,SYNTH_CARDTEST_0000037,1867.36,1863.61,SYNTH_MERCH37_0000009,0.0,3.74,1,0,card_testing_burst,1
197,PAYMENT,4.67,SYNTH_CARDTEST_0000037,1863.61,1858.95,SYNTH_MERCH37_0000010,0.0,4.67,1,0,card_testing_burst,1
197,PAYMENT,2.82,SYNTH_CARDTEST_0000037,1858.95,1856.13,SYNTH_MERCH37_0000011,0.0,2.82,1,0,card_testing_burst,1
197,PAYMENT,1.33,SYNTH_CARDTEST_0000037,1856.13,1854.8,SYNTH_MERCH37_0000012,0.0,1.33,1,0,card_testing_burst,1
197,PAYMENT,3.32,SYNTH_CARDTEST_0000037,1854.8,1851.48,SYNTH_MERCH37_0000013,0.0,3.32,1,0,card_testing_burst,1
197,PAYMENT,2.63,SYNTH_CARDTEST_0000037,1851.48,1848.84,SYNTH_MERCH37_0000014,0.0,2.63,1,0,card_testing_burst,1
197,PAYMENT,4.24,SYNTH_CARDTEST_0000037,1848.84,1844.6,SYNTH_MERCH37_0000015,0.0,4.24,1,0,card_testing_burst,1
197,PAYMENT,2.36,SYNTH_CARDTEST_0000037,1844.6,1842.24,SYNTH_MERCH37_0000016,0.0,2.36,1,0,card_testing_burst,1
197,PAYMENT,4.5,SYNTH_CARDTEST_0000037,1842.24,1837.74,SYNTH_MERCH37_0000017,0.0,4.5,1,0,card_testing_burst,1
197,PAYMENT,2.09,SYNTH_CARDTEST_0000037,1837.74,1835.65,SYNTH_MERCH37_0000018,0.0,2.09,1,0,card_testing_burst,1
197,PAYMENT,1.63,SYNTH_CARDTEST_0000037,1835.65,1834.02,SYNTH_MERCH37_0000019,0.0,1.63,1,0,card_testing_burst,1
736,PAYMENT,2.12,SYNTH_CARDTEST_0000038,13216.6,13214.48,SYNTH_MERCH38_0000000,0.0,2.12,1,0,card_testing_burst,1
736,PAYMENT,3.64,SYNTH_CARDTEST_0000038,13214.48,13210.84,SYNTH_MERCH38_0000001,0.0,3.64,1,0,card_testing_burst,1
736,PAYMENT,1.57,SYNTH_CARDTEST_0000038,13210.84,13209.27,SYNTH_MERCH38_0000002,0.0,1.57,1,0,card_testing_burst,1
736,PAYMENT,1.45,SYNTH_CARDTEST_0000038,13209.27,13207.82,SYNTH_MERCH38_0000003,0.0,1.45,1,0,card_testing_burst,1
736,PAYMENT,1.53,SYNTH_CARDTEST_0000038,13207.82,13206.29,SYNTH_MERCH38_0000004,0.0,1.53,1,0,card_testing_burst,1
736,PAYMENT,1.31,SYNTH_CARDTEST_0000038,13206.29,13204.98,SYNTH_MERCH38_0000005,0.0,1.31,1,0,card_testing_burst,1
736,PAYMENT,4.5,SYNTH_CARDTEST_0000038,13204.98,13200.49,SYNTH_MERCH38_0000006,0.0,4.5,1,0,card_testing_burst,1
736,PAYMENT,4.78,SYNTH_CARDTEST_0000038,13200.49,13195.71,SYNTH_MERCH38_0000007,0.0,4.78,1,0,card_testing_burst,1
736,PAYMENT,1.19,SYNTH_CARDTEST_0000038,13195.71,13194.52,SYNTH_MERCH38_0000008,0.0,1.19,1,0,card_testing_burst,1
736,PAYMENT,4.04,SYNTH_CARDTEST_0000038,13194.52,13190.48,SYNTH_MERCH38_0000009,0.0,4.04,1,0,card_testing_burst,1
736,PAYMENT,3.95,SYNTH_CARDTEST_0000038,13190.48,13186.53,SYNTH_MERCH38_0000010,0.0,3.95,1,0,card_testing_burst,1
736,PAYMENT,4.99,SYNTH_CARDTEST_0000038,13186.53,13181.55,SYNTH_MERCH38_0000011,0.0,4.99,1,0,card_testing_burst,1
736,PAYMENT,2.39,SYNTH_CARDTEST_0000038,13181.55,13179.15,SYNTH_MERCH38_0000012,0.0,2.39,1,0,card_testing_burst,1
736,PAYMENT,2.14,SYNTH_CARDTEST_0000038,13179.15,13177.01,SYNTH_MERCH38_0000013,0.0,2.14,1,0,card_testing_burst,1
736,PAYMENT,2.81,SYNTH_CARDTEST_0000038,13177.01,13174.2,SYNTH_MERCH38_0000014,0.0,2.81,1,0,card_testing_burst,1
736,PAYMENT,4.43,SYNTH_CARDTEST_0000038,13174.2,13169.77,SYNTH_MERCH38_0000015,0.0,4.43,1,0,card_testing_burst,1
736,PAYMENT,3.91,SYNTH_CARDTEST_0000038,13169.77,13165.86,SYNTH_MERCH38_0000016,0.0,3.91,1,0,card_testing_burst,1
736,PAYMENT,2.89,SYNTH_CARDTEST_0000038,13165.86,13162.97,SYNTH_MERCH38_0000017,0.0,2.89,1,0,card_testing_burst,1
736,PAYMENT,1.98,SYNTH_CARDTEST_0000038,13162.97,13160.99,SYNTH_MERCH38_0000018,0.0,1.98,1,0,card_testing_burst,1
736,PAYMENT,3.91,SYNTH_CARDTEST_0000038,13160.99,13157.09,SYNTH_MERCH38_0000019,0.0,3.91,1,0,card_testing_burst,1
26,PAYMENT,2.6,SYNTH_CARDTEST_0000039,7550.73,7548.13,SYNTH_MERCH39_0000000,0.0,2.6,1,0,card_testing_burst,1
26,PAYMENT,3.67,SYNTH_CARDTEST_0000039,7548.13,7544.46,SYNTH_MERCH39_0000001,0.0,3.67,1,0,card_testing_burst,1
26,PAYMENT,2.6,SYNTH_CARDTEST_0000039,7544.46,7541.85,SYNTH_MERCH39_0000002,0.0,2.6,1,0,card_testing_burst,1
26,PAYMENT,2.91,SYNTH_CARDTEST_0000039,7541.85,7538.94,SYNTH_MERCH39_0000003,0.0,2.91,1,0,card_testing_burst,1
26,PAYMENT,3.1,SYNTH_CARDTEST_0000039,7538.94,7535.84,SYNTH_MERCH39_0000004,0.0,3.1,1,0,card_testing_burst,1
26,PAYMENT,4.1,SYNTH_CARDTEST_0000039,7535.84,7531.74,SYNTH_MERCH39_0000005,0.0,4.1,1,0,card_testing_burst,1
26,PAYMENT,4.91,SYNTH_CARDTEST_0000039,7531.74,7526.83,SYNTH_MERCH39_0000006,0.0,4.91,1,0,card_testing_burst,1
26,PAYMENT,2.78,SYNTH_CARDTEST_0000039,7526.83,7524.05,SYNTH_MERCH39_0000007,0.0,2.78,1,0,card_testing_burst,1
26,PAYMENT,2.37,SYNTH_CARDTEST_0000039,7524.05,7521.68,SYNTH_MERCH39_0000008,0.0,2.37,1,0,card_testing_burst,1
26,PAYMENT,2.49,SYNTH_CARDTEST_0000039,7521.68,7519.19,SYNTH_MERCH39_0000009,0.0,2.49,1,0,card_testing_burst,1
26,PAYMENT,1.54,SYNTH_CARDTEST_0000039,7519.19,7517.65,SYNTH_MERCH39_0000010,0.0,1.54,1,0,card_testing_burst,1
26,PAYMENT,2.19,SYNTH_CARDTEST_0000039,7517.65,7515.46,SYNTH_MERCH39_0000011,0.0,2.19,1,0,card_testing_burst,1
26,PAYMENT,1.35,SYNTH_CARDTEST_0000039,7515.46,7514.12,SYNTH_MERCH39_0000012,0.0,1.35,1,0,card_testing_burst,1
26,PAYMENT,2.71,SYNTH_CARDTEST_0000039,7514.12,7511.41,SYNTH_MERCH39_0000013,0.0,2.71,1,0,card_testing_burst,1
26,PAYMENT,1.67,SYNTH_CARDTEST_0000039,7511.41,7509.74,SYNTH_MERCH39_0000014,0.0,1.67,1,0,card_testing_burst,1
26,PAYMENT,2.39,SYNTH_CARDTEST_0000039,7509.74,7507.35,SYNTH_MERCH39_0000015,0.0,2.39,1,0,card_testing_burst,1
26,PAYMENT,4.17,SYNTH_CARDTEST_0000039,7507.35,7503.18,SYNTH_MERCH39_0000016,0.0,4.17,1,0,card_testing_burst,1
26,PAYMENT,1.98,SYNTH_CARDTEST_0000039,7503.18,7501.19,SYNTH_MERCH39_0000017,0.0,1.98,1,0,card_testing_burst,1
26,PAYMENT,3.45,SYNTH_CARDTEST_0000039,7501.19,7497.75,SYNTH_MERCH39_0000018,0.0,3.45,1,0,card_testing_burst,1
26,PAYMENT,4.6,SYNTH_CARDTEST_0000039,7497.75,7493.14,SYNTH_MERCH39_0000019,0.0,4.6,1,0,card_testing_burst,1
347,PAYMENT,401.12,SYNTH_ATOLS_0000000,5046.67,4645.55,SYNTH_ATOLSSINK_0000000,0.0,401.12,1,0,ato_lowandslow_exfiltration,1
366,PAYMENT,435.16,SYNTH_ATOLS_0000000,4645.55,4210.39,SYNTH_ATOLSSINK_0000000,0.0,435.16,1,0,ato_lowandslow_exfiltration,1
387,PAYMENT,411.37,SYNTH_ATOLS_0000000,4210.39,3799.02,SYNTH_ATOLSSINK_0000000,0.0,411.37,1,0,ato_lowandslow_exfiltration,1
405,PAYMENT,394.35,SYNTH_ATOLS_0000000,3799.02,3404.67,SYNTH_ATOLSSINK_0000000,0.0,394.35,1,0,ato_lowandslow_exfiltration,1
185,PAYMENT,211.07,SYNTH_ATOLS_0000001,16229.6,16018.53,SYNTH_ATOLSSINK_0000001,0.0,211.07,1,0,ato_lowandslow_exfiltration,1
209,PAYMENT,232.83,SYNTH_ATOLS_0000001,16018.53,15785.7,SYNTH_ATOLSSINK_0000001,0.0,232.83,1,0,ato_lowandslow_exfiltration,1
234,PAYMENT,208.2,SYNTH_ATOLS_0000001,15785.7,15577.5,SYNTH_ATOLSSINK_0000001,0.0,208.2,1,0,ato_lowandslow_exfiltration,1
255,PAYMENT,232.54,SYNTH_ATOLS_0000001,15577.5,15344.96,SYNTH_ATOLSSINK_0000001,0.0,232.54,1,0,ato_lowandslow_exfiltration,1
280,PAYMENT,225.51,SYNTH_ATOLS_0000001,15344.96,15119.45,SYNTH_ATOLSSINK_0000001,0.0,225.51,1,0,ato_lowandslow_exfiltration,1
303,PAYMENT,195.58,SYNTH_ATOLS_0000001,15119.45,14923.87,SYNTH_ATOLSSINK_0000001,0.0,195.58,1,0,ato_lowandslow_exfiltration,1
324,PAYMENT,199.09,SYNTH_ATOLS_0000001,14923.87,14724.78,SYNTH_ATOLSSINK_0000001,0.0,199.09,1,0,ato_lowandslow_exfiltration,1
214,PAYMENT,288.37,SYNTH_ATOLS_0000002,3555.06,3266.69,SYNTH_ATOLSSINK_0000002,0.0,288.37,1,0,ato_lowandslow_exfiltration,1
228,PAYMENT,286.16,SYNTH_ATOLS_0000002,3266.69,2980.53,SYNTH_ATOLSSINK_0000002,0.0,286.16,1,0,ato_lowandslow_exfiltration,1
243,PAYMENT,322.79,SYNTH_ATOLS_0000002,2980.53,2657.74,SYNTH_ATOLSSINK_0000002,0.0,322.79,1,0,ato_lowandslow_exfiltration,1
260,PAYMENT,338.67,SYNTH_ATOLS_0000002,2657.74,2319.07,SYNTH_ATOLSSINK_0000002,0.0,338.67,1,0,ato_lowandslow_exfiltration,1
271,PAYMENT,296.26,SYNTH_ATOLS_0000002,2319.07,2022.81,SYNTH_ATOLSSINK_0000002,0.0,296.26,1,0,ato_lowandslow_exfiltration,1
286,PAYMENT,317.28,SYNTH_ATOLS_0000002,2022.81,1705.53,SYNTH_ATOLSSINK_0000002,0.0,317.28,1,0,ato_lowandslow_exfiltration,1
543,PAYMENT,104.62,SYNTH_ATOLS_0000003,3417.72,3313.1,SYNTH_ATOLSSINK_0000003,0.0,104.62,1,0,ato_lowandslow_exfiltration,1
580,PAYMENT,87.0,SYNTH_ATOLS_0000003,3313.1,3226.1,SYNTH_ATOLSSINK_0000003,0.0,87.0,1,0,ato_lowandslow_exfiltration,1
615,PAYMENT,95.32,SYNTH_ATOLS_0000003,3226.1,3130.78,SYNTH_ATOLSSINK_0000003,0.0,95.32,1,0,ato_lowandslow_exfiltration,1
648,PAYMENT,95.36,SYNTH_ATOLS_0000003,3130.78,3035.42,SYNTH_ATOLSSINK_0000003,0.0,95.36,1,0,ato_lowandslow_exfiltration,1
685,PAYMENT,95.43,SYNTH_ATOLS_0000003,3035.42,2939.99,SYNTH_ATOLSSINK_0000003,0.0,95.43,1,0,ato_lowandslow_exfiltration,1
423,PAYMENT,242.79,SYNTH_ATOLS_0000004,2788.4,2545.61,SYNTH_ATOLSSINK_0000004,0.0,242.79,1,0,ato_lowandslow_exfiltration,1
449,PAYMENT,264.92,SYNTH_ATOLS_0000004,2545.61,2280.69,SYNTH_ATOLSSINK_0000004,0.0,264.92,1,0,ato_lowandslow_exfiltration,1
474,PAYMENT,252.21,SYNTH_ATOLS_0000004,2280.69,2028.48,SYNTH_ATOLSSINK_0000004,0.0,252.21,1,0,ato_lowandslow_exfiltration,1
496,PAYMENT,254.75,SYNTH_ATOLS_0000004,2028.48,1773.73,SYNTH_ATOLSSINK_0000004,0.0,254.75,1,0,ato_lowandslow_exfiltration,1
353,PAYMENT,193.99,SYNTH_ATOLS_0000005,1856.3,1662.31,SYNTH_ATOLSSINK_0000005,0.0,193.99,1,0,ato_lowandslow_exfiltration,1
368,PAYMENT,195.33,SYNTH_ATOLS_0000005,1662.31,1466.98,SYNTH_ATOLSSINK_0000005,0.0,195.33,1,0,ato_lowandslow_exfiltration,1
384,PAYMENT,223.31,SYNTH_ATOLS_0000005,1466.98,1243.67,SYNTH_ATOLSSINK_0000005,0.0,223.31,1,0,ato_lowandslow_exfiltration,1
399,PAYMENT,206.56,SYNTH_ATOLS_0000005,1243.67,1037.11,SYNTH_ATOLSSINK_0000005,0.0,206.56,1,0,ato_lowandslow_exfiltration,1
414,PAYMENT,222.07,SYNTH_ATOLS_0000005,1037.11,815.04,SYNTH_ATOLSSINK_0000005,0.0,222.07,1,0,ato_lowandslow_exfiltration,1
429,PAYMENT,195.74,SYNTH_ATOLS_0000005,815.04,619.3,SYNTH_ATOLSSINK_0000005,0.0,195.74,1,0,ato_lowandslow_exfiltration,1
441,PAYMENT,213.24,SYNTH_ATOLS_0000005,619.3,406.06,SYNTH_ATOLSSINK_0000005,0.0,213.24,1,0,ato_lowandslow_exfiltration,1
428,PAYMENT,233.53,SYNTH_ATOLS_0000006,5798.09,5564.56,SYNTH_ATOLSSINK_0000006,0.0,233.53,1,0,ato_lowandslow_exfiltration,1
455,PAYMENT,206.16,SYNTH_ATOLS_0000006,5564.56,5358.4,SYNTH_ATOLSSINK_0000006,0.0,206.16,1,0,ato_lowandslow_exfiltration,1
480,PAYMENT,200.66,SYNTH_ATOLS_0000006,5358.4,5157.74,SYNTH_ATOLSSINK_0000006,0.0,200.66,1,0,ato_lowandslow_exfiltration,1
509,PAYMENT,213.15,SYNTH_ATOLS_0000006,5157.74,4944.59,SYNTH_ATOLSSINK_0000006,0.0,213.15,1,0,ato_lowandslow_exfiltration,1
267,PAYMENT,250.33,SYNTH_ATOLS_0000007,3329.33,3079.0,SYNTH_ATOLSSINK_0000007,0.0,250.33,1,0,ato_lowandslow_exfiltration,1
299,PAYMENT,268.09,SYNTH_ATOLS_0000007,3079.0,2810.91,SYNTH_ATOLSSINK_0000007,0.0,268.09,1,0,ato_lowandslow_exfiltration,1
327,PAYMENT,247.6,SYNTH_ATOLS_0000007,2810.91,2563.31,SYNTH_ATOLSSINK_0000007,0.0,247.6,1,0,ato_lowandslow_exfiltration,1
355,PAYMENT,256.99,SYNTH_ATOLS_0000007,2563.31,2306.32,SYNTH_ATOLSSINK_0000007,0.0,256.99,1,0,ato_lowandslow_exfiltration,1
384,PAYMENT,256.2,SYNTH_ATOLS_0000007,2306.32,2050.12,SYNTH_ATOLSSINK_0000007,0.0,256.2,1,0,ato_lowandslow_exfiltration,1
412,PAYMENT,253.1,SYNTH_ATOLS_0000007,2050.12,1797.02,SYNTH_ATOLSSINK_0000007,0.0,253.1,1,0,ato_lowandslow_exfiltration,1
443,PAYMENT,252.6,SYNTH_ATOLS_0000007,1797.02,1544.42,SYNTH_ATOLSSINK_0000007,0.0,252.6,1,0,ato_lowandslow_exfiltration,1
21,PAYMENT,303.38,SYNTH_ATOLS_0000008,9390.69,9087.31,SYNTH_ATOLSSINK_0000008,0.0,303.38,1,0,ato_lowandslow_exfiltration,1
57,PAYMENT,306.52,SYNTH_ATOLS_0000008,9087.31,8780.79,SYNTH_ATOLSSINK_0000008,0.0,306.52,1,0,ato_lowandslow_exfiltration,1
95,PAYMENT,316.36,SYNTH_ATOLS_0000008,8780.79,8464.43,SYNTH_ATOLSSINK_0000008,0.0,316.36,1,0,ato_lowandslow_exfiltration,1
132,PAYMENT,313.35,SYNTH_ATOLS_0000008,8464.43,8151.08,SYNTH_ATOLSSINK_0000008,0.0,313.35,1,0,ato_lowandslow_exfiltration,1
173,PAYMENT,315.72,SYNTH_ATOLS_0000008,8151.08,7835.36,SYNTH_ATOLSSINK_0000008,0.0,315.72,1,0,ato_lowandslow_exfiltration,1
291,PAYMENT,238.42,SYNTH_ATOLS_0000009,6347.83,6109.41,SYNTH_ATOLSSINK_0000009,0.0,238.42,1,0,ato_lowandslow_exfiltration,1
324,PAYMENT,224.52,SYNTH_ATOLS_0000009,6109.41,5884.89,SYNTH_ATOLSSINK_0000009,0.0,224.52,1,0,ato_lowandslow_exfiltration,1
360,PAYMENT,228.43,SYNTH_ATOLS_0000009,5884.89,5656.46,SYNTH_ATOLSSINK_0000009,0.0,228.43,1,0,ato_lowandslow_exfiltration,1
394,PAYMENT,230.98,SYNTH_ATOLS_0000009,5656.46,5425.48,SYNTH_ATOLSSINK_0000009,0.0,230.98,1,0,ato_lowandslow_exfiltration,1
430,PAYMENT,234.79,SYNTH_ATOLS_0000009,5425.48,5190.69,SYNTH_ATOLSSINK_0000009,0.0,234.79,1,0,ato_lowandslow_exfiltration,1
468,PAYMENT,275.75,SYNTH_ATOLS_0000010,2852.97,2577.22,SYNTH_ATOLSSINK_0000010,0.0,275.75,1,0,ato_lowandslow_exfiltration,1
484,PAYMENT,244.78,SYNTH_ATOLS_0000010,2577.22,2332.44,SYNTH_ATOLSSINK_0000010,0.0,244.78,1,0,ato_lowandslow_exfiltration,1
499,PAYMENT,252.69,SYNTH_ATOLS_0000010,2332.44,2079.75,SYNTH_ATOLSSINK_0000010,0.0,252.69,1,0,ato_lowandslow_exfiltration,1
515,PAYMENT,246.14,SYNTH_ATOLS_0000010,2079.75,1833.61,SYNTH_ATOLSSINK_0000010,0.0,246.14,1,0,ato_lowandslow_exfiltration,1
530,PAYMENT,237.76,SYNTH_ATOLS_0000010,1833.61,1595.85,SYNTH_ATOLSSINK_0000010,0.0,237.76,1,0,ato_lowandslow_exfiltration,1
549,PAYMENT,237.69,SYNTH_ATOLS_0000010,1595.85,1358.16,SYNTH_ATOLSSINK_0000010,0.0,237.69,1,0,ato_lowandslow_exfiltration,1
562,PAYMENT,270.44,SYNTH_ATOLS_0000010,1358.16,1087.72,SYNTH_ATOLSSINK_0000010,0.0,270.44,1,0,ato_lowandslow_exfiltration,1
498,PAYMENT,136.17,SYNTH_ATOLS_0000011,3075.78,2939.61,SYNTH_ATOLSSINK_0000011,0.0,136.17,1,0,ato_lowandslow_exfiltration,1
517,PAYMENT,124.01,SYNTH_ATOLS_0000011,2939.61,2815.6,SYNTH_ATOLSSINK_0000011,0.0,124.01,1,0,ato_lowandslow_exfiltration,1
533,PAYMENT,113.02,SYNTH_ATOLS_0000011,2815.6,2702.58,SYNTH_ATOLSSINK_0000011,0.0,113.02,1,0,ato_lowandslow_exfiltration,1
550,PAYMENT,119.41,SYNTH_ATOLS_0000011,2702.58,2583.17,SYNTH_ATOLSSINK_0000011,0.0,119.41,1,0,ato_lowandslow_exfiltration,1
336,PAYMENT,220.62,SYNTH_ATOLS_0000012,7722.76,7502.14,SYNTH_ATOLSSINK_0000012,0.0,220.62,1,0,ato_lowandslow_exfiltration,1
356,PAYMENT,229.13,SYNTH_ATOLS_0000012,7502.14,7273.01,SYNTH_ATOLSSINK_0000012,0.0,229.13,1,0,ato_lowandslow_exfiltration,1
378,PAYMENT,236.26,SYNTH_ATOLS_0000012,7273.01,7036.75,SYNTH_ATOLSSINK_0000012,0.0,236.26,1,0,ato_lowandslow_exfiltration,1
400,PAYMENT,245.48,SYNTH_ATOLS_0000012,7036.75,6791.27,SYNTH_ATOLSSINK_0000012,0.0,245.48,1,0,ato_lowandslow_exfiltration,1
423,PAYMENT,226.79,SYNTH_ATOLS_0000012,6791.27,6564.48,SYNTH_ATOLSSINK_0000012,0.0,226.79,1,0,ato_lowandslow_exfiltration,1
444,PAYMENT,248.37,SYNTH_ATOLS_0000012,6564.48,6316.11,SYNTH_ATOLSSINK_0000012,0.0,248.37,1,0,ato_lowandslow_exfiltration,1
458,PAYMENT,251.57,SYNTH_ATOLS_0000013,3541.14,3289.57,SYNTH_ATOLSSINK_0000013,0.0,251.57,1,0,ato_lowandslow_exfiltration,1
481,PAYMENT,250.33,SYNTH_ATOLS_0000013,3289.57,3039.24,SYNTH_ATOLSSINK_0000013,0.0,250.33,1,0,ato_lowandslow_exfiltration,1
501,PAYMENT,262.34,SYNTH_ATOLS_0000013,3039.24,2776.9,SYNTH_ATOLSSINK_0000013,0.0,262.34,1,0,ato_lowandslow_exfiltration,1
524,PAYMENT,262.64,SYNTH_ATOLS_0000013,2776.9,2514.26,SYNTH_ATOLSSINK_0000013,0.0,262.64,1,0,ato_lowandslow_exfiltration,1
546,PAYMENT,275.88,SYNTH_ATOLS_0000013,2514.26,2238.38,SYNTH_ATOLSSINK_0000013,0.0,275.88,1,0,ato_lowandslow_exfiltration,1
571,PAYMENT,275.14,SYNTH_ATOLS_0000013,2238.38,1963.24,SYNTH_ATOLSSINK_0000013,0.0,275.14,1,0,ato_lowandslow_exfiltration,1
344,PAYMENT,378.18,SYNTH_ATOLS_0000014,14811.63,14433.45,SYNTH_ATOLSSINK_0000014,0.0,378.18,1,0,ato_lowandslow_exfiltration,1
378,PAYMENT,390.96,SYNTH_ATOLS_0000014,14433.45,14042.49,SYNTH_ATOLSSINK_0000014,0.0,390.96,1,0,ato_lowandslow_exfiltration,1
413,PAYMENT,410.73,SYNTH_ATOLS_0000014,14042.49,13631.76,SYNTH_ATOLSSINK_0000014,0.0,410.73,1,0,ato_lowandslow_exfiltration,1
448,PAYMENT,394.03,SYNTH_ATOLS_0000014,13631.76,13237.73,SYNTH_ATOLSSINK_0000014,0.0,394.03,1,0,ato_lowandslow_exfiltration,1
625,PAYMENT,229.37,SYNTH_ATOLS_0000015,10263.76,10034.39,SYNTH_ATOLSSINK_0000015,0.0,229.37,1,0,ato_lowandslow_exfiltration,1
656,PAYMENT,224.17,SYNTH_ATOLS_0000015,10034.39,9810.22,SYNTH_ATOLSSINK_0000015,0.0,224.17,1,0,ato_lowandslow_exfiltration,1
686,PAYMENT,249.57,SYNTH_ATOLS_0000015,9810.22,9560.65,SYNTH_ATOLSSINK_0000015,0.0,249.57,1,0,ato_lowandslow_exfiltration,1
713,PAYMENT,242.96,SYNTH_ATOLS_0000015,9560.65,9317.69,SYNTH_ATOLSSINK_0000015,0.0,242.96,1,0,ato_lowandslow_exfiltration,1
460,PAYMENT,440.3,SYNTH_ATOLS_0000016,760.3,320.0,SYNTH_ATOLSSINK_0000016,0.0,440.3,1,0,ato_lowandslow_exfiltration,1
484,PAYMENT,433.37,SYNTH_ATOLS_0000016,320.0,0.0,SYNTH_ATOLSSINK_0000016,0.0,433.37,1,0,ato_lowandslow_exfiltration,1
505,PAYMENT,427.74,SYNTH_ATOLS_0000016,0.0,0.0,SYNTH_ATOLSSINK_0000016,0.0,427.74,1,0,ato_lowandslow_exfiltration,1
523,PAYMENT,471.27,SYNTH_ATOLS_0000016,0.0,0.0,SYNTH_ATOLSSINK_0000016,0.0,471.27,1,0,ato_lowandslow_exfiltration,1
546,PAYMENT,458.24,SYNTH_ATOLS_0000016,0.0,0.0,SYNTH_ATOLSSINK_0000016,0.0,458.24,1,0,ato_lowandslow_exfiltration,1
564,PAYMENT,480.63,SYNTH_ATOLS_0000016,0.0,0.0,SYNTH_ATOLSSINK_0000016,0.0,480.63,1,0,ato_lowandslow_exfiltration,1
587,PAYMENT,433.57,SYNTH_ATOLS_0000016,0.0,0.0,SYNTH_ATOLSSINK_0000016,0.0,433.57,1,0,ato_lowandslow_exfiltration,1
488,PAYMENT,278.82,SYNTH_ATOLS_0000017,8816.65,8537.83,SYNTH_ATOLSSINK_0000017,0.0,278.82,1,0,ato_lowandslow_exfiltration,1
504,PAYMENT,287.09,SYNTH_ATOLS_0000017,8537.83,8250.74,SYNTH_ATOLSSINK_0000017,0.0,287.09,1,0,ato_lowandslow_exfiltration,1
523,PAYMENT,300.43,SYNTH_ATOLS_0000017,8250.74,7950.31,SYNTH_ATOLSSINK_0000017,0.0,300.43,1,0,ato_lowandslow_exfiltration,1
542,PAYMENT,302.8,SYNTH_ATOLS_0000017,7950.31,7647.51,SYNTH_ATOLSSINK_0000017,0.0,302.8,1,0,ato_lowandslow_exfiltration,1
563,PAYMENT,295.43,SYNTH_ATOLS_0000017,7647.51,7352.08,SYNTH_ATOLSSINK_0000017,0.0,295.43,1,0,ato_lowandslow_exfiltration,1
582,PAYMENT,273.61,SYNTH_ATOLS_0000017,7352.08,7078.47,SYNTH_ATOLSSINK_0000017,0.0,273.61,1,0,ato_lowandslow_exfiltration,1
496,PAYMENT,264.66,SYNTH_ATOLS_0000018,15192.02,14927.36,SYNTH_ATOLSSINK_0000018,0.0,264.66,1,0,ato_lowandslow_exfiltration,1
524,PAYMENT,276.35,SYNTH_ATOLS_0000018,14927.36,14651.01,SYNTH_ATOLSSINK_0000018,0.0,276.35,1,0,ato_lowandslow_exfiltration,1
555,PAYMENT,234.83,SYNTH_ATOLS_0000018,14651.01,14416.18,SYNTH_ATOLSSINK_0000018,0.0,234.83,1,0,ato_lowandslow_exfiltration,1
586,PAYMENT,282.82,SYNTH_ATOLS_0000018,14416.18,14133.36,SYNTH_ATOLSSINK_0000018,0.0,282.82,1,0,ato_lowandslow_exfiltration,1
616,PAYMENT,259.49,SYNTH_ATOLS_0000018,14133.36,13873.87,SYNTH_ATOLSSINK_0000018,0.0,259.49,1,0,ato_lowandslow_exfiltration,1
586,PAYMENT,190.36,SYNTH_ATOLS_0000019,10618.01,10427.65,SYNTH_ATOLSSINK_0000019,0.0,190.36,1,0,ato_lowandslow_exfiltration,1
612,PAYMENT,211.05,SYNTH_ATOLS_0000019,10427.65,10216.6,SYNTH_ATOLSSINK_0000019,0.0,211.05,1,0,ato_lowandslow_exfiltration,1
636,PAYMENT,220.67,SYNTH_ATOLS_0000019,10216.6,9995.93,SYNTH_ATOLSSINK_0000019,0.0,220.67,1,0,ato_lowandslow_exfiltration,1
665,PAYMENT,190.36,SYNTH_ATOLS_0000019,9995.93,9805.57,SYNTH_ATOLSSINK_0000019,0.0,190.36,1,0,ato_lowandslow_exfiltration,1
688,PAYMENT,215.76,SYNTH_ATOLS_0000019,9805.57,9589.81,SYNTH_ATOLSSINK_0000019,0.0,215.76,1,0,ato_lowandslow_exfiltration,1
713,PAYMENT,190.97,SYNTH_ATOLS_0000019,9589.81,9398.84,SYNTH_ATOLSSINK_0000019,0.0,190.97,1,0,ato_lowandslow_exfiltration,1
740,PAYMENT,209.96,SYNTH_ATOLS_0000019,9398.84,9188.88,SYNTH_ATOLSSINK_0000019,0.0,209.96,1,0,ato_lowandslow_exfiltration,1
131,PAYMENT,245.16,SYNTH_ATOLS_0000020,1955.4,1710.24,SYNTH_ATOLSSINK_0000020,0.0,245.16,1,0,ato_lowandslow_exfiltration,1
148,PAYMENT,252.14,SYNTH_ATOLS_0000020,1710.24,1458.1,SYNTH_ATOLSSINK_0000020,0.0,252.14,1,0,ato_lowandslow_exfiltration,1
168,PAYMENT,249.44,SYNTH_ATOLS_0000020,1458.1,1208.66,SYNTH_ATOLSSINK_0000020,0.0,249.44,1,0,ato_lowandslow_exfiltration,1
184,PAYMENT,265.12,SYNTH_ATOLS_0000020,1208.66,943.54,SYNTH_ATOLSSINK_0000020,0.0,265.12,1,0,ato_lowandslow_exfiltration,1
155,PAYMENT,225.86,SYNTH_ATOLS_0000021,16685.19,16459.33,SYNTH_ATOLSSINK_0000021,0.0,225.86,1,0,ato_lowandslow_exfiltration,1
185,PAYMENT,220.65,SYNTH_ATOLS_0000021,16459.33,16238.68,SYNTH_ATOLSSINK_0000021,0.0,220.65,1,0,ato_lowandslow_exfiltration,1
216,PAYMENT,209.24,SYNTH_ATOLS_0000021,16238.68,16029.44,SYNTH_ATOLSSINK_0000021,0.0,209.24,1,0,ato_lowandslow_exfiltration,1
247,PAYMENT,240.6,SYNTH_ATOLS_0000021,16029.44,15788.84,SYNTH_ATOLSSINK_0000021,0.0,240.6,1,0,ato_lowandslow_exfiltration,1
276,PAYMENT,240.45,SYNTH_ATOLS_0000021,15788.84,15548.39,SYNTH_ATOLSSINK_0000021,0.0,240.45,1,0,ato_lowandslow_exfiltration,1
304,PAYMENT,213.79,SYNTH_ATOLS_0000021,15548.39,15334.6,SYNTH_ATOLSSINK_0000021,0.0,213.79,1,0,ato_lowandslow_exfiltration,1
174,PAYMENT,267.32,SYNTH_ATOLS_0000022,5176.61,4909.29,SYNTH_ATOLSSINK_0000022,0.0,267.32,1,0,ato_lowandslow_exfiltration,1
196,PAYMENT,262.38,SYNTH_ATOLS_0000022,4909.29,4646.91,SYNTH_ATOLSSINK_0000022,0.0,262.38,1,0,ato_lowandslow_exfiltration,1
212,PAYMENT,256.9,SYNTH_ATOLS_0000022,4646.91,4390.01,SYNTH_ATOLSSINK_0000022,0.0,256.9,1,0,ato_lowandslow_exfiltration,1
234,PAYMENT,296.62,SYNTH_ATOLS_0000022,4390.01,4093.39,SYNTH_ATOLSSINK_0000022,0.0,296.62,1,0,ato_lowandslow_exfiltration,1
252,PAYMENT,276.76,SYNTH_ATOLS_0000022,4093.39,3816.63,SYNTH_ATOLSSINK_0000022,0.0,276.76,1,0,ato_lowandslow_exfiltration,1
270,PAYMENT,269.25,SYNTH_ATOLS_0000022,3816.63,3547.38,SYNTH_ATOLSSINK_0000022,0.0,269.25,1,0,ato_lowandslow_exfiltration,1
291,PAYMENT,266.1,SYNTH_ATOLS_0000022,3547.38,3281.28,SYNTH_ATOLSSINK_0000022,0.0,266.1,1,0,ato_lowandslow_exfiltration,1
400,PAYMENT,306.59,SYNTH_ATOLS_0000023,3551.81,3245.22,SYNTH_ATOLSSINK_0000023,0.0,306.59,1,0,ato_lowandslow_exfiltration,1
432,PAYMENT,271.65,SYNTH_ATOLS_0000023,3245.22,2973.57,SYNTH_ATOLSSINK_0000023,0.0,271.65,1,0,ato_lowandslow_exfiltration,1
457,PAYMENT,287.54,SYNTH_ATOLS_0000023,2973.57,2686.03,SYNTH_ATOLSSINK_0000023,0.0,287.54,1,0,ato_lowandslow_exfiltration,1
489,PAYMENT,307.01,SYNTH_ATOLS_0000023,2686.03,2379.02,SYNTH_ATOLSSINK_0000023,0.0,307.01,1,0,ato_lowandslow_exfiltration,1
518,PAYMENT,302.81,SYNTH_ATOLS_0000023,2379.02,2076.21,SYNTH_ATOLSSINK_0000023,0.0,302.81,1,0,ato_lowandslow_exfiltration,1
439,PAYMENT,364.33,SYNTH_ATOLS_0000024,2037.86,1673.53,SYNTH_ATOLSSINK_0000024,0.0,364.33,1,0,ato_lowandslow_exfiltration,1
461,PAYMENT,334.01,SYNTH_ATOLS_0000024,1673.53,1339.52,SYNTH_ATOLSSINK_0000024,0.0,334.01,1,0,ato_lowandslow_exfiltration,1
489,PAYMENT,349.01,SYNTH_ATOLS_0000024,1339.52,990.51,SYNTH_ATOLSSINK_0000024,0.0,349.01,1,0,ato_lowandslow_exfiltration,1
513,PAYMENT,355.59,SYNTH_ATOLS_0000024,990.51,634.92,SYNTH_ATOLSSINK_0000024,0.0,355.59,1,0,ato_lowandslow_exfiltration,1
538,PAYMENT,344.2,SYNTH_ATOLS_0000024,634.92,290.72,SYNTH_ATOLSSINK_0000024,0.0,344.2,1,0,ato_lowandslow_exfiltration,1
565,PAYMENT,372.25,SYNTH_ATOLS_0000024,290.72,0.0,SYNTH_ATOLSSINK_0000024,0.0,372.25,1,0,ato_lowandslow_exfiltration,1
588,PAYMENT,374.99,SYNTH_ATOLS_0000024,0.0,0.0,SYNTH_ATOLSSINK_0000024,0.0,374.99,1,0,ato_lowandslow_exfiltration,1
488,PAYMENT,263.25,SYNTH_ATOLS_0000025,7871.76,7608.51,SYNTH_ATOLSSINK_0000025,0.0,263.25,1,0,ato_lowandslow_exfiltration,1
509,PAYMENT,233.97,SYNTH_ATOLS_0000025,7608.51,7374.54,SYNTH_ATOLSSINK_0000025,0.0,233.97,1,0,ato_lowandslow_exfiltration,1
532,PAYMENT,276.68,SYNTH_ATOLS_0000025,7374.54,7097.86,SYNTH_ATOLSSINK_0000025,0.0,276.68,1,0,ato_lowandslow_exfiltration,1
558,PAYMENT,235.05,SYNTH_ATOLS_0000025,7097.86,6862.81,SYNTH_ATOLSSINK_0000025,0.0,235.05,1,0,ato_lowandslow_exfiltration,1
580,PAYMENT,264.44,SYNTH_ATOLS_0000025,6862.81,6598.37,SYNTH_ATOLSSINK_0000025,0.0,264.44,1,0,ato_lowandslow_exfiltration,1
602,PAYMENT,242.89,SYNTH_ATOLS_0000025,6598.37,6355.48,SYNTH_ATOLSSINK_0000025,0.0,242.89,1,0,ato_lowandslow_exfiltration,1
671,PAYMENT,135.49,SYNTH_ATOLS_0000026,8810.29,8674.8,SYNTH_ATOLSSINK_0000026,0.0,135.49,1,0,ato_lowandslow_exfiltration,1
699,PAYMENT,140.31,SYNTH_ATOLS_0000026,8674.8,8534.49,SYNTH_ATOLSSINK_0000026,0.0,140.31,1,0,ato_lowandslow_exfiltration,1
727,PAYMENT,138.25,SYNTH_ATOLS_0000026,8534.49,8396.24,SYNTH_ATOLSSINK_0000026,0.0,138.25,1,0,ato_lowandslow_exfiltration,1
757,PAYMENT,160.19,SYNTH_ATOLS_0000026,8396.24,8236.05,SYNTH_ATOLSSINK_0000026,0.0,160.19,1,0,ato_lowandslow_exfiltration,1
785,PAYMENT,155.29,SYNTH_ATOLS_0000026,8236.05,8080.76,SYNTH_ATOLSSINK_0000026,0.0,155.29,1,0,ato_lowandslow_exfiltration,1
816,PAYMENT,135.73,SYNTH_ATOLS_0000026,8080.76,7945.03,SYNTH_ATOLSSINK_0000026,0.0,135.73,1,0,ato_lowandslow_exfiltration,1
846,PAYMENT,137.66,SYNTH_ATOLS_0000026,7945.03,7807.37,SYNTH_ATOLSSINK_0000026,0.0,137.66,1,0,ato_lowandslow_exfiltration,1
441,PAYMENT,177.77,SYNTH_ATOLS_0000027,6780.33,6602.56,SYNTH_ATOLSSINK_0000027,0.0,177.77,1,0,ato_lowandslow_exfiltration,1
468,PAYMENT,188.01,SYNTH_ATOLS_0000027,6602.56,6414.55,SYNTH_ATOLSSINK_0000027,0.0,188.01,1,0,ato_lowandslow_exfiltration,1
493,PAYMENT,189.98,SYNTH_ATOLS_0000027,6414.55,6224.57,SYNTH_ATOLSSINK_0000027,0.0,189.98,1,0,ato_lowandslow_exfiltration,1
516,PAYMENT,173.82,SYNTH_ATOLS_0000027,6224.57,6050.75,SYNTH_ATOLSSINK_0000027,0.0,173.82,1,0,ato_lowandslow_exfiltration,1
545,PAYMENT,173.55,SYNTH_ATOLS_0000027,6050.75,5877.2,SYNTH_ATOLSSINK_0000027,0.0,173.55,1,0,ato_lowandslow_exfiltration,1
567,PAYMENT,172.94,SYNTH_ATOLS_0000027,5877.2,5704.26,SYNTH_ATOLSSINK_0000027,0.0,172.94,1,0,ato_lowandslow_exfiltration,1
592,PAYMENT,201.87,SYNTH_ATOLS_0000027,5704.26,5502.39,SYNTH_ATOLSSINK_0000027,0.0,201.87,1,0,ato_lowandslow_exfiltration,1
270,PAYMENT,413.56,SYNTH_ATOLS_0000028,4840.74,4427.18,SYNTH_ATOLSSINK_0000028,0.0,413.56,1,0,ato_lowandslow_exfiltration,1
286,PAYMENT,417.82,SYNTH_ATOLS_0000028,4427.18,4009.36,SYNTH_ATOLSSINK_0000028,0.0,417.82,1,0,ato_lowandslow_exfiltration,1
303,PAYMENT,431.8,SYNTH_ATOLS_0000028,4009.36,3577.56,SYNTH_ATOLSSINK_0000028,0.0,431.8,1,0,ato_lowandslow_exfiltration,1
320,PAYMENT,473.08,SYNTH_ATOLS_0000028,3577.56,3104.48,SYNTH_ATOLSSINK_0000028,0.0,473.08,1,0,ato_lowandslow_exfiltration,1
334,PAYMENT,430.27,SYNTH_ATOLS_0000028,3104.48,2674.21,SYNTH_ATOLSSINK_0000028,0.0,430.27,1,0,ato_lowandslow_exfiltration,1
349,PAYMENT,401.07,SYNTH_ATOLS_0000028,2674.21,2273.14,SYNTH_ATOLSSINK_0000028,0.0,401.07,1,0,ato_lowandslow_exfiltration,1
177,PAYMENT,267.39,SYNTH_ATOLS_0000029,7157.71,6890.32,SYNTH_ATOLSSINK_0000029,0.0,267.39,1,0,ato_lowandslow_exfiltration,1
211,PAYMENT,319.17,SYNTH_ATOLS_0000029,6890.32,6571.15,SYNTH_ATOLSSINK_0000029,0.0,319.17,1,0,ato_lowandslow_exfiltration,1
249,PAYMENT,310.41,SYNTH_ATOLS_0000029,6571.15,6260.74,SYNTH_ATOLSSINK_0000029,0.0,310.41,1,0,ato_lowandslow_exfiltration,1
286,PAYMENT,288.82,SYNTH_ATOLS_0000029,6260.74,5971.92,SYNTH_ATOLSSINK_0000029,0.0,288.82,1,0,ato_lowandslow_exfiltration,1
323,PAYMENT,281.42,SYNTH_ATOLS_0000029,5971.92,5690.5,SYNTH_ATOLSSINK_0000029,0.0,281.42,1,0,ato_lowandslow_exfiltration,1
519,PAYMENT,254.92,SYNTH_ATOLS_0000030,8896.73,8641.81,SYNTH_ATOLSSINK_0000030,0.0,254.92,1,0,ato_lowandslow_exfiltration,1
546,PAYMENT,240.75,SYNTH_ATOLS_0000030,8641.81,8401.06,SYNTH_ATOLSSINK_0000030,0.0,240.75,1,0,ato_lowandslow_exfiltration,1
572,PAYMENT,238.62,SYNTH_ATOLS_0000030,8401.06,8162.44,SYNTH_ATOLSSINK_0000030,0.0,238.62,1,0,ato_lowandslow_exfiltration,1
598,PAYMENT,248.75,SYNTH_ATOLS_0000030,8162.44,7913.69,SYNTH_ATOLSSINK_0000030,0.0,248.75,1,0,ato_lowandslow_exfiltration,1
623,PAYMENT,234.9,SYNTH_ATOLS_0000030,7913.69,7678.79,SYNTH_ATOLSSINK_0000030,0.0,234.9,1,0,ato_lowandslow_exfiltration,1
645,PAYMENT,209.82,SYNTH_ATOLS_0000030,7678.79,7468.97,SYNTH_ATOLSSINK_0000030,0.0,209.82,1,0,ato_lowandslow_exfiltration,1
672,PAYMENT,237.27,SYNTH_ATOLS_0000030,7468.97,7231.7,SYNTH_ATOLSSINK_0000030,0.0,237.27,1,0,ato_lowandslow_exfiltration,1
253,PAYMENT,169.62,SYNTH_ATOLS_0000031,5798.66,5629.04,SYNTH_ATOLSSINK_0000031,0.0,169.62,1,0,ato_lowandslow_exfiltration,1
290,PAYMENT,148.48,SYNTH_ATOLS_0000031,5629.04,5480.56,SYNTH_ATOLSSINK_0000031,0.0,148.48,1,0,ato_lowandslow_exfiltration,1
327,PAYMENT,166.97,SYNTH_ATOLS_0000031,5480.56,5313.59,SYNTH_ATOLSSINK_0000031,0.0,166.97,1,0,ato_lowandslow_exfiltration,1
360,PAYMENT,172.77,SYNTH_ATOLS_0000031,5313.59,5140.82,SYNTH_ATOLSSINK_0000031,0.0,172.77,1,0,ato_lowandslow_exfiltration,1
396,PAYMENT,172.47,SYNTH_ATOLS_0000031,5140.82,4968.35,SYNTH_ATOLSSINK_0000031,0.0,172.47,1,0,ato_lowandslow_exfiltration,1
436,PAYMENT,162.14,SYNTH_ATOLS_0000031,4968.35,4806.21,SYNTH_ATOLSSINK_0000031,0.0,162.14,1,0,ato_lowandslow_exfiltration,1
471,PAYMENT,144.73,SYNTH_ATOLS_0000031,4806.21,4661.48,SYNTH_ATOLSSINK_0000031,0.0,144.73,1,0,ato_lowandslow_exfiltration,1
366,PAYMENT,189.23,SYNTH_ATOLS_0000032,4106.43,3917.2,SYNTH_ATOLSSINK_0000032,0.0,189.23,1,0,ato_lowandslow_exfiltration,1
392,PAYMENT,170.05,SYNTH_ATOLS_0000032,3917.2,3747.15,SYNTH_ATOLSSINK_0000032,0.0,170.05,1,0,ato_lowandslow_exfiltration,1
417,PAYMENT,184.93,SYNTH_ATOLS_0000032,3747.15,3562.22,SYNTH_ATOLSSINK_0000032,0.0,184.93,1,0,ato_lowandslow_exfiltration,1
445,PAYMENT,202.8,SYNTH_ATOLS_0000032,3562.22,3359.42,SYNTH_ATOLSSINK_0000032,0.0,202.8,1,0,ato_lowandslow_exfiltration,1
471,PAYMENT,205.04,SYNTH_ATOLS_0000032,3359.42,3154.38,SYNTH_ATOLSSINK_0000032,0.0,205.04,1,0,ato_lowandslow_exfiltration,1
185,PAYMENT,281.79,SYNTH_ATOLS_0000033,13422.12,13140.33,SYNTH_ATOLSSINK_0000033,0.0,281.79,1,0,ato_lowandslow_exfiltration,1
218,PAYMENT,280.83,SYNTH_ATOLS_0000033,13140.33,12859.5,SYNTH_ATOLSSINK_0000033,0.0,280.83,1,0,ato_lowandslow_exfiltration,1
246,PAYMENT,330.49,SYNTH_ATOLS_0000033,12859.5,12529.01,SYNTH_ATOLSSINK_0000033,0.0,330.49,1,0,ato_lowandslow_exfiltration,1
276,PAYMENT,316.8,SYNTH_ATOLS_0000033,12529.01,12212.21,SYNTH_ATOLSSINK_0000033,0.0,316.8,1,0,ato_lowandslow_exfiltration,1
309,PAYMENT,298.09,SYNTH_ATOLS_0000033,12212.21,11914.12,SYNTH_ATOLSSINK_0000033,0.0,298.09,1,0,ato_lowandslow_exfiltration,1
341,PAYMENT,216.26,SYNTH_ATOLS_0000034,3805.56,3589.3,SYNTH_ATOLSSINK_0000034,0.0,216.26,1,0,ato_lowandslow_exfiltration,1
381,PAYMENT,207.3,SYNTH_ATOLS_0000034,3589.3,3382.0,SYNTH_ATOLSSINK_0000034,0.0,207.3,1,0,ato_lowandslow_exfiltration,1
415,PAYMENT,223.86,SYNTH_ATOLS_0000034,3382.0,3158.14,SYNTH_ATOLSSINK_0000034,0.0,223.86,1,0,ato_lowandslow_exfiltration,1
453,PAYMENT,215.85,SYNTH_ATOLS_0000034,3158.14,2942.29,SYNTH_ATOLSSINK_0000034,0.0,215.85,1,0,ato_lowandslow_exfiltration,1
491,PAYMENT,204.71,SYNTH_ATOLS_0000034,2942.29,2737.58,SYNTH_ATOLSSINK_0000034,0.0,204.71,1,0,ato_lowandslow_exfiltration,1
529,PAYMENT,195.44,SYNTH_ATOLS_0000034,2737.58,2542.14,SYNTH_ATOLSSINK_0000034,0.0,195.44,1,0,ato_lowandslow_exfiltration,1
259,PAYMENT,172.83,SYNTH_ATOLS_0000035,3094.25,2921.42,SYNTH_ATOLSSINK_0000035,0.0,172.83,1,0,ato_lowandslow_exfiltration,1
284,PAYMENT,145.59,SYNTH_ATOLS_0000035,2921.42,2775.83,SYNTH_ATOLSSINK_0000035,0.0,145.59,1,0,ato_lowandslow_exfiltration,1
306,PAYMENT,154.7,SYNTH_ATOLS_0000035,2775.83,2621.13,SYNTH_ATOLSSINK_0000035,0.0,154.7,1,0,ato_lowandslow_exfiltration,1
329,PAYMENT,164.72,SYNTH_ATOLS_0000035,2621.13,2456.41,SYNTH_ATOLSSINK_0000035,0.0,164.72,1,0,ato_lowandslow_exfiltration,1
350,PAYMENT,153.17,SYNTH_ATOLS_0000035,2456.41,2303.24,SYNTH_ATOLSSINK_0000035,0.0,153.17,1,0,ato_lowandslow_exfiltration,1
557,PAYMENT,291.82,SYNTH_ATOLS_0000036,9060.72,8768.9,SYNTH_ATOLSSINK_0000036,0.0,291.82,1,0,ato_lowandslow_exfiltration,1
589,PAYMENT,300.01,SYNTH_ATOLS_0000036,8768.9,8468.89,SYNTH_ATOLSSINK_0000036,0.0,300.01,1,0,ato_lowandslow_exfiltration,1
616,PAYMENT,301.14,SYNTH_ATOLS_0000036,8468.89,8167.75,SYNTH_ATOLSSINK_0000036,0.0,301.14,1,0,ato_lowandslow_exfiltration,1
647,PAYMENT,289.09,SYNTH_ATOLS_0000036,8167.75,7878.66,SYNTH_ATOLSSINK_0000036,0.0,289.09,1,0,ato_lowandslow_exfiltration,1
680,PAYMENT,322.72,SYNTH_ATOLS_0000036,7878.66,7555.94,SYNTH_ATOLSSINK_0000036,0.0,322.72,1,0,ato_lowandslow_exfiltration,1
711,PAYMENT,331.04,SYNTH_ATOLS_0000036,7555.94,7224.9,SYNTH_ATOLSSINK_0000036,0.0,331.04,1,0,ato_lowandslow_exfiltration,1
432,PAYMENT,223.63,SYNTH_ATOLS_0000037,2735.77,2512.14,SYNTH_ATOLSSINK_0000037,0.0,223.63,1,0,ato_lowandslow_exfiltration,1
455,PAYMENT,248.74,SYNTH_ATOLS_0000037,2512.14,2263.4,SYNTH_ATOLSSINK_0000037,0.0,248.74,1,0,ato_lowandslow_exfiltration,1
478,PAYMENT,250.82,SYNTH_ATOLS_0000037,2263.4,2012.58,SYNTH_ATOLSSINK_0000037,0.0,250.82,1,0,ato_lowandslow_exfiltration,1
496,PAYMENT,252.59,SYNTH_ATOLS_0000037,2012.58,1759.99,SYNTH_ATOLSSINK_0000037,0.0,252.59,1,0,ato_lowandslow_exfiltration,1
519,PAYMENT,228.56,SYNTH_ATOLS_0000037,1759.99,1531.43,SYNTH_ATOLSSINK_0000037,0.0,228.56,1,0,ato_lowandslow_exfiltration,1
255,PAYMENT,233.63,SYNTH_ATOLS_0000038,4161.36,3927.73,SYNTH_ATOLSSINK_0000038,0.0,233.63,1,0,ato_lowandslow_exfiltration,1
286,PAYMENT,243.2,SYNTH_ATOLS_0000038,3927.73,3684.53,SYNTH_ATOLSSINK_0000038,0.0,243.2,1,0,ato_lowandslow_exfiltration,1
317,PAYMENT,229.43,SYNTH_ATOLS_0000038,3684.53,3455.1,SYNTH_ATOLSSINK_0000038,0.0,229.43,1,0,ato_lowandslow_exfiltration,1
345,PAYMENT,225.23,SYNTH_ATOLS_0000038,3455.1,3229.87,SYNTH_ATOLSSINK_0000038,0.0,225.23,1,0,ato_lowandslow_exfiltration,1
349,PAYMENT,219.4,SYNTH_ATOLS_0000039,4304.9,4085.5,SYNTH_ATOLSSINK_0000039,0.0,219.4,1,0,ato_lowandslow_exfiltration,1
375,PAYMENT,184.79,SYNTH_ATOLS_0000039,4085.5,3900.71,SYNTH_ATOLSSINK_0000039,0.0,184.79,1,0,ato_lowandslow_exfiltration,1
405,PAYMENT,200.06,SYNTH_ATOLS_0000039,3900.71,3700.65,SYNTH_ATOLSSINK_0000039,0.0,200.06,1,0,ato_lowandslow_exfiltration,1
428,PAYMENT,220.73,SYNTH_ATOLS_0000039,3700.65,3479.92,SYNTH_ATOLSSINK_0000039,0.0,220.73,1,0,ato_lowandslow_exfiltration,1
454,PAYMENT,218.64,SYNTH_ATOLS_0000039,3479.92,3261.28,SYNTH_ATOLSSINK_0000039,0.0,218.64,1,0,ato_lowandslow_exfiltration,1
323,PAYMENT,151.33,SYNTH_ATOLS_0000040,4223.19,4071.86,SYNTH_ATOLSSINK_0000040,0.0,151.33,1,0,ato_lowandslow_exfiltration,1
345,PAYMENT,150.67,SYNTH_ATOLS_0000040,4071.86,3921.19,SYNTH_ATOLSSINK_0000040,0.0,150.67,1,0,ato_lowandslow_exfiltration,1
367,PAYMENT,150.55,SYNTH_ATOLS_0000040,3921.19,3770.64,SYNTH_ATOLSSINK_0000040,0.0,150.55,1,0,ato_lowandslow_exfiltration,1
388,PAYMENT,150.69,SYNTH_ATOLS_0000040,3770.64,3619.95,SYNTH_ATOLSSINK_0000040,0.0,150.69,1,0,ato_lowandslow_exfiltration,1
409,PAYMENT,161.79,SYNTH_ATOLS_0000040,3619.95,3458.16,SYNTH_ATOLSSINK_0000040,0.0,161.79,1,0,ato_lowandslow_exfiltration,1
230,PAYMENT,262.25,SYNTH_ATOLS_0000041,8383.46,8121.21,SYNTH_ATOLSSINK_0000041,0.0,262.25,1,0,ato_lowandslow_exfiltration,1
252,PAYMENT,242.74,SYNTH_ATOLS_0000041,8121.21,7878.47,SYNTH_ATOLSSINK_0000041,0.0,242.74,1,0,ato_lowandslow_exfiltration,1
269,PAYMENT,242.69,SYNTH_ATOLS_0000041,7878.47,7635.78,SYNTH_ATOLSSINK_0000041,0.0,242.69,1,0,ato_lowandslow_exfiltration,1
287,PAYMENT,253.67,SYNTH_ATOLS_0000041,7635.78,7382.11,SYNTH_ATOLSSINK_0000041,0.0,253.67,1,0,ato_lowandslow_exfiltration,1
303,PAYMENT,231.76,SYNTH_ATOLS_0000041,7382.11,7150.35,SYNTH_ATOLSSINK_0000041,0.0,231.76,1,0,ato_lowandslow_exfiltration,1
320,PAYMENT,244.3,SYNTH_ATOLS_0000041,7150.35,6906.05,SYNTH_ATOLSSINK_0000041,0.0,244.3,1,0,ato_lowandslow_exfiltration,1
339,PAYMENT,250.6,SYNTH_ATOLS_0000041,6906.05,6655.45,SYNTH_ATOLSSINK_0000041,0.0,250.6,1,0,ato_lowandslow_exfiltration,1
345,PAYMENT,203.94,SYNTH_ATOLS_0000042,2093.14,1889.2,SYNTH_ATOLSSINK_0000042,0.0,203.94,1,0,ato_lowandslow_exfiltration,1
363,PAYMENT,198.25,SYNTH_ATOLS_0000042,1889.2,1690.95,SYNTH_ATOLSSINK_0000042,0.0,198.25,1,0,ato_lowandslow_exfiltration,1
379,PAYMENT,182.17,SYNTH_ATOLS_0000042,1690.95,1508.78,SYNTH_ATOLSSINK_0000042,0.0,182.17,1,0,ato_lowandslow_exfiltration,1
395,PAYMENT,210.62,SYNTH_ATOLS_0000042,1508.78,1298.16,SYNTH_ATOLSSINK_0000042,0.0,210.62,1,0,ato_lowandslow_exfiltration,1
149,PAYMENT,284.72,SYNTH_ATOLS_0000043,4950.07,4665.35,SYNTH_ATOLSSINK_0000043,0.0,284.72,1,0,ato_lowandslow_exfiltration,1
170,PAYMENT,270.22,SYNTH_ATOLS_0000043,4665.35,4395.13,SYNTH_ATOLSSINK_0000043,0.0,270.22,1,0,ato_lowandslow_exfiltration,1
195,PAYMENT,260.93,SYNTH_ATOLS_0000043,4395.13,4134.2,SYNTH_ATOLSSINK_0000043,0.0,260.93,1,0,ato_lowandslow_exfiltration,1
221,PAYMENT,248.61,SYNTH_ATOLS_0000043,4134.2,3885.59,SYNTH_ATOLSSINK_0000043,0.0,248.61,1,0,ato_lowandslow_exfiltration,1
244,PAYMENT,269.32,SYNTH_ATOLS_0000043,3885.59,3616.27,SYNTH_ATOLSSINK_0000043,0.0,269.32,1,0,ato_lowandslow_exfiltration,1
528,PAYMENT,223.71,SYNTH_ATOLS_0000044,3674.52,3450.81,SYNTH_ATOLSSINK_0000044,0.0,223.71,1,0,ato_lowandslow_exfiltration,1
546,PAYMENT,251.0,SYNTH_ATOLS_0000044,3450.81,3199.81,SYNTH_ATOLSSINK_0000044,0.0,251.0,1,0,ato_lowandslow_exfiltration,1
562,PAYMENT,231.24,SYNTH_ATOLS_0000044,3199.81,2968.57,SYNTH_ATOLSSINK_0000044,0.0,231.24,1,0,ato_lowandslow_exfiltration,1
582,PAYMENT,249.07,SYNTH_ATOLS_0000044,2968.57,2719.5,SYNTH_ATOLSSINK_0000044,0.0,249.07,1,0,ato_lowandslow_exfiltration,1
600,PAYMENT,246.75,SYNTH_ATOLS_0000044,2719.5,2472.75,SYNTH_ATOLSSINK_0000044,0.0,246.75,1,0,ato_lowandslow_exfiltration,1
594,PAYMENT,223.27,SYNTH_ATOLS_0000045,7309.18,7085.91,SYNTH_ATOLSSINK_0000045,0.0,223.27,1,0,ato_lowandslow_exfiltration,1
634,PAYMENT,249.69,SYNTH_ATOLS_0000045,7085.91,6836.22,SYNTH_ATOLSSINK_0000045,0.0,249.69,1,0,ato_lowandslow_exfiltration,1
674,PAYMENT,229.23,SYNTH_ATOLS_0000045,6836.22,6606.99,SYNTH_ATOLSSINK_0000045,0.0,229.23,1,0,ato_lowandslow_exfiltration,1
709,PAYMENT,261.86,SYNTH_ATOLS_0000045,6606.99,6345.13,SYNTH_ATOLSSINK_0000045,0.0,261.86,1,0,ato_lowandslow_exfiltration,1
749,PAYMENT,224.32,SYNTH_ATOLS_0000045,6345.13,6120.81,SYNTH_ATOLSSINK_0000045,0.0,224.32,1,0,ato_lowandslow_exfiltration,1
787,PAYMENT,220.14,SYNTH_ATOLS_0000045,6120.81,5900.67,SYNTH_ATOLSSINK_0000045,0.0,220.14,1,0,ato_lowandslow_exfiltration,1
829,PAYMENT,241.27,SYNTH_ATOLS_0000045,5900.67,5659.4,SYNTH_ATOLSSINK_0000045,0.0,241.27,1,0,ato_lowandslow_exfiltration,1
467,PAYMENT,148.89,SYNTH_ATOLS_0000046,9043.43,8894.54,SYNTH_ATOLSSINK_0000046,0.0,148.89,1,0,ato_lowandslow_exfiltration,1
491,PAYMENT,146.11,SYNTH_ATOLS_0000046,8894.54,8748.43,SYNTH_ATOLSSINK_0000046,0.0,146.11,1,0,ato_lowandslow_exfiltration,1
511,PAYMENT,141.14,SYNTH_ATOLS_0000046,8748.43,8607.29,SYNTH_ATOLSSINK_0000046,0.0,141.14,1,0,ato_lowandslow_exfiltration,1
536,PAYMENT,131.64,SYNTH_ATOLS_0000046,8607.29,8475.65,SYNTH_ATOLSSINK_0000046,0.0,131.64,1,0,ato_lowandslow_exfiltration,1
558,PAYMENT,132.22,SYNTH_ATOLS_0000046,8475.65,8343.43,SYNTH_ATOLSSINK_0000046,0.0,132.22,1,0,ato_lowandslow_exfiltration,1
576,PAYMENT,140.32,SYNTH_ATOLS_0000046,8343.43,8203.11,SYNTH_ATOLSSINK_0000046,0.0,140.32,1,0,ato_lowandslow_exfiltration,1
601,PAYMENT,141.97,SYNTH_ATOLS_0000046,8203.11,8061.14,SYNTH_ATOLSSINK_0000046,0.0,141.97,1,0,ato_lowandslow_exfiltration,1
79,PAYMENT,187.54,SYNTH_ATOLS_0000047,29665.6,29478.06,SYNTH_ATOLSSINK_0000047,0.0,187.54,1,0,ato_lowandslow_exfiltration,1
96,PAYMENT,191.46,SYNTH_ATOLS_0000047,29478.06,29286.6,SYNTH_ATOLSSINK_0000047,0.0,191.46,1,0,ato_lowandslow_exfiltration,1
116,PAYMENT,190.22,SYNTH_ATOLS_0000047,29286.6,29096.38,SYNTH_ATOLSSINK_0000047,0.0,190.22,1,0,ato_lowandslow_exfiltration,1
134,PAYMENT,194.07,SYNTH_ATOLS_0000047,29096.38,28902.31,SYNTH_ATOLSSINK_0000047,0.0,194.07,1,0,ato_lowandslow_exfiltration,1
155,PAYMENT,193.99,SYNTH_ATOLS_0000047,28902.31,28708.32,SYNTH_ATOLSSINK_0000047,0.0,193.99,1,0,ato_lowandslow_exfiltration,1
173,PAYMENT,196.03,SYNTH_ATOLS_0000047,28708.32,28512.29,SYNTH_ATOLSSINK_0000047,0.0,196.03,1,0,ato_lowandslow_exfiltration,1
372,PAYMENT,277.21,SYNTH_ATOLS_0000048,8622.93,8345.72,SYNTH_ATOLSSINK_0000048,0.0,277.21,1,0,ato_lowandslow_exfiltration,1
387,PAYMENT,289.61,SYNTH_ATOLS_0000048,8345.72,8056.11,SYNTH_ATOLSSINK_0000048,0.0,289.61,1,0,ato_lowandslow_exfiltration,1
401,PAYMENT,250.81,SYNTH_ATOLS_0000048,8056.11,7805.3,SYNTH_ATOLSSINK_0000048,0.0,250.81,1,0,ato_lowandslow_exfiltration,1
420,PAYMENT,250.87,SYNTH_ATOLS_0000048,7805.3,7554.43,SYNTH_ATOLSSINK_0000048,0.0,250.87,1,0,ato_lowandslow_exfiltration,1
266,PAYMENT,193.77,SYNTH_ATOLS_0000049,4268.55,4074.78,SYNTH_ATOLSSINK_0000049,0.0,193.77,1,0,ato_lowandslow_exfiltration,1
301,PAYMENT,175.44,SYNTH_ATOLS_0000049,4074.78,3899.34,SYNTH_ATOLSSINK_0000049,0.0,175.44,1,0,ato_lowandslow_exfiltration,1
333,PAYMENT,179.55,SYNTH_ATOLS_0000049,3899.34,3719.79,SYNTH_ATOLSSINK_0000049,0.0,179.55,1,0,ato_lowandslow_exfiltration,1
368,PAYMENT,194.99,SYNTH_ATOLS_0000049,3719.79,3524.8,SYNTH_ATOLSSINK_0000049,0.0,194.99,1,0,ato_lowandslow_exfiltration,1
404,PAYMENT,190.93,SYNTH_ATOLS_0000049,3524.8,3333.87,SYNTH_ATOLSSINK_0000049,0.0,190.93,1,0,ato_lowandslow_exfiltration,1
436,PAYMENT,196.98,SYNTH_ATOLS_0000049,3333.87,3136.89,SYNTH_ATOLSSINK_0000049,0.0,196.98,1,0,ato_lowandslow_exfiltration,1
147,PAYMENT,189.54,SYNTH_ATOLS_0000050,8354.14,8164.6,SYNTH_ATOLSSINK_0000050,0.0,189.54,1,0,ato_lowandslow_exfiltration,1
178,PAYMENT,180.5,SYNTH_ATOLS_0000050,8164.6,7984.1,SYNTH_ATOLSSINK_0000050,0.0,180.5,1,0,ato_lowandslow_exfiltration,1
210,PAYMENT,207.34,SYNTH_ATOLS_0000050,7984.1,7776.76,SYNTH_ATOLSSINK_0000050,0.0,207.34,1,0,ato_lowandslow_exfiltration,1
242,PAYMENT,204.08,SYNTH_ATOLS_0000050,7776.76,7572.68,SYNTH_ATOLSSINK_0000050,0.0,204.08,1,0,ato_lowandslow_exfiltration,1
272,PAYMENT,213.84,SYNTH_ATOLS_0000050,7572.68,7358.84,SYNTH_ATOLSSINK_0000050,0.0,213.84,1,0,ato_lowandslow_exfiltration,1
471,PAYMENT,244.59,SYNTH_ATOLS_0000051,4076.33,3831.74,SYNTH_ATOLSSINK_0000051,0.0,244.59,1,0,ato_lowandslow_exfiltration,1
503,PAYMENT,221.54,SYNTH_ATOLS_0000051,3831.74,3610.2,SYNTH_ATOLSSINK_0000051,0.0,221.54,1,0,ato_lowandslow_exfiltration,1
535,PAYMENT,219.15,SYNTH_ATOLS_0000051,3610.2,3391.05,SYNTH_ATOLSSINK_0000051,0.0,219.15,1,0,ato_lowandslow_exfiltration,1
571,PAYMENT,231.81,SYNTH_ATOLS_0000051,3391.05,3159.24,SYNTH_ATOLSSINK_0000051,0.0,231.81,1,0,ato_lowandslow_exfiltration,1
604,PAYMENT,206.25,SYNTH_ATOLS_0000051,3159.24,2952.99,SYNTH_ATOLSSINK_0000051,0.0,206.25,1,0,ato_lowandslow_exfiltration,1
567,PAYMENT,207.34,SYNTH_ATOLS_0000052,3231.63,3024.29,SYNTH_ATOLSSINK_0000052,0.0,207.34,1,0,ato_lowandslow_exfiltration,1
590,PAYMENT,209.08,SYNTH_ATOLS_0000052,3024.29,2815.21,SYNTH_ATOLSSINK_0000052,0.0,209.08,1,0,ato_lowandslow_exfiltration,1
618,PAYMENT,182.28,SYNTH_ATOLS_0000052,2815.21,2632.93,SYNTH_ATOLSSINK_0000052,0.0,182.28,1,0,ato_lowandslow_exfiltration,1
648,PAYMENT,215.7,SYNTH_ATOLS_0000052,2632.93,2417.23,SYNTH_ATOLSSINK_0000052,0.0,215.7,1,0,ato_lowandslow_exfiltration,1
458,PAYMENT,350.63,SYNTH_ATOLS_0000053,4636.73,4286.1,SYNTH_ATOLSSINK_0000053,0.0,350.63,1,0,ato_lowandslow_exfiltration,1
473,PAYMENT,316.7,SYNTH_ATOLS_0000053,4286.1,3969.4,SYNTH_ATOLSSINK_0000053,0.0,316.7,1,0,ato_lowandslow_exfiltration,1
491,PAYMENT,316.89,SYNTH_ATOLS_0000053,3969.4,3652.51,SYNTH_ATOLSSINK_0000053,0.0,316.89,1,0,ato_lowandslow_exfiltration,1
507,PAYMENT,348.96,SYNTH_ATOLS_0000053,3652.51,3303.55,SYNTH_ATOLSSINK_0000053,0.0,348.96,1,0,ato_lowandslow_exfiltration,1
141,PAYMENT,158.18,SYNTH_ATOLS_0000054,6727.24,6569.06,SYNTH_ATOLSSINK_0000054,0.0,158.18,1,0,ato_lowandslow_exfiltration,1
160,PAYMENT,167.11,SYNTH_ATOLS_0000054,6569.06,6401.95,SYNTH_ATOLSSINK_0000054,0.0,167.11,1,0,ato_lowandslow_exfiltration,1
184,PAYMENT,170.7,SYNTH_ATOLS_0000054,6401.95,6231.25,SYNTH_ATOLSSINK_0000054,0.0,170.7,1,0,ato_lowandslow_exfiltration,1
205,PAYMENT,164.82,SYNTH_ATOLS_0000054,6231.25,6066.43,SYNTH_ATOLSSINK_0000054,0.0,164.82,1,0,ato_lowandslow_exfiltration,1
226,PAYMENT,167.38,SYNTH_ATOLS_0000054,6066.43,5899.05,SYNTH_ATOLSSINK_0000054,0.0,167.38,1,0,ato_lowandslow_exfiltration,1
246,PAYMENT,166.37,SYNTH_ATOLS_0000054,5899.05,5732.68,SYNTH_ATOLSSINK_0000054,0.0,166.37,1,0,ato_lowandslow_exfiltration,1
266,PAYMENT,162.27,SYNTH_ATOLS_0000054,5732.68,5570.41,SYNTH_ATOLSSINK_0000054,0.0,162.27,1,0,ato_lowandslow_exfiltration,1
62,PAYMENT,191.06,SYNTH_ATOLS_0000055,3305.38,3114.32,SYNTH_ATOLSSINK_0000055,0.0,191.06,1,0,ato_lowandslow_exfiltration,1
83,PAYMENT,188.84,SYNTH_ATOLS_0000055,3114.32,2925.48,SYNTH_ATOLSSINK_0000055,0.0,188.84,1,0,ato_lowandslow_exfiltration,1
106,PAYMENT,205.35,SYNTH_ATOLS_0000055,2925.48,2720.13,SYNTH_ATOLSSINK_0000055,0.0,205.35,1,0,ato_lowandslow_exfiltration,1
131,PAYMENT,197.3,SYNTH_ATOLS_0000055,2720.13,2522.83,SYNTH_ATOLSSINK_0000055,0.0,197.3,1,0,ato_lowandslow_exfiltration,1
154,PAYMENT,189.52,SYNTH_ATOLS_0000055,2522.83,2333.31,SYNTH_ATOLSSINK_0000055,0.0,189.52,1,0,ato_lowandslow_exfiltration,1
168,PAYMENT,301.33,SYNTH_ATOLS_0000056,2787.96,2486.63,SYNTH_ATOLSSINK_0000056,0.0,301.33,1,0,ato_lowandslow_exfiltration,1
203,PAYMENT,335.94,SYNTH_ATOLS_0000056,2486.63,2150.69,SYNTH_ATOLSSINK_0000056,0.0,335.94,1,0,ato_lowandslow_exfiltration,1
241,PAYMENT,291.21,SYNTH_ATOLS_0000056,2150.69,1859.48,SYNTH_ATOLSSINK_0000056,0.0,291.21,1,0,ato_lowandslow_exfiltration,1
278,PAYMENT,350.89,SYNTH_ATOLS_0000056,1859.48,1508.59,SYNTH_ATOLSSINK_0000056,0.0,350.89,1,0,ato_lowandslow_exfiltration,1
408,PAYMENT,456.79,SYNTH_ATOLS_0000057,3152.03,2695.24,SYNTH_ATOLSSINK_0000057,0.0,456.79,1,0,ato_lowandslow_exfiltration,1
445,PAYMENT,550.7,SYNTH_ATOLS_0000057,2695.24,2144.54,SYNTH_ATOLSSINK_0000057,0.0,550.7,1,0,ato_lowandslow_exfiltration,1
487,PAYMENT,552.55,SYNTH_ATOLS_0000057,2144.54,1591.99,SYNTH_ATOLSSINK_0000057,0.0,552.55,1,0,ato_lowandslow_exfiltration,1
526,PAYMENT,539.04,SYNTH_ATOLS_0000057,1591.99,1052.95,SYNTH_ATOLSSINK_0000057,0.0,539.04,1,0,ato_lowandslow_exfiltration,1
196,PAYMENT,344.72,SYNTH_ATOLS_0000058,5328.22,4983.5,SYNTH_ATOLSSINK_0000058,0.0,344.72,1,0,ato_lowandslow_exfiltration,1
210,PAYMENT,366.05,SYNTH_ATOLS_0000058,4983.5,4617.45,SYNTH_ATOLSSINK_0000058,0.0,366.05,1,0,ato_lowandslow_exfiltration,1
224,PAYMENT,372.92,SYNTH_ATOLS_0000058,4617.45,4244.53,SYNTH_ATOLSSINK_0000058,0.0,372.92,1,0,ato_lowandslow_exfiltration,1
239,PAYMENT,329.14,SYNTH_ATOLS_0000058,4244.53,3915.39,SYNTH_ATOLSSINK_0000058,0.0,329.14,1,0,ato_lowandslow_exfiltration,1
258,PAYMENT,325.74,SYNTH_ATOLS_0000058,3915.39,3589.65,SYNTH_ATOLSSINK_0000058,0.0,325.74,1,0,ato_lowandslow_exfiltration,1
270,PAYMENT,323.89,SYNTH_ATOLS_0000058,3589.65,3265.76,SYNTH_ATOLSSINK_0000058,0.0,323.89,1,0,ato_lowandslow_exfiltration,1
288,PAYMENT,372.13,SYNTH_ATOLS_0000058,3265.76,2893.63,SYNTH_ATOLSSINK_0000058,0.0,372.13,1,0,ato_lowandslow_exfiltration,1
313,PAYMENT,133.02,SYNTH_ATOLS_0000059,7456.29,7323.27,SYNTH_ATOLSSINK_0000059,0.0,133.02,1,0,ato_lowandslow_exfiltration,1
345,PAYMENT,135.59,SYNTH_ATOLS_0000059,7323.27,7187.68,SYNTH_ATOLSSINK_0000059,0.0,135.59,1,0,ato_lowandslow_exfiltration,1
376,PAYMENT,123.53,SYNTH_ATOLS_0000059,7187.68,7064.15,SYNTH_ATOLSSINK_0000059,0.0,123.53,1,0,ato_lowandslow_exfiltration,1
411,PAYMENT,143.86,SYNTH_ATOLS_0000059,7064.15,6920.29,SYNTH_ATOLSSINK_0000059,0.0,143.86,1,0,ato_lowandslow_exfiltration,1
440,PAYMENT,294.93,SYNTH_ATOLS_0000060,6201.68,5906.75,SYNTH_ATOLSSINK_0000060,0.0,294.93,1,0,ato_lowandslow_exfiltration,1
457,PAYMENT,261.55,SYNTH_ATOLS_0000060,5906.75,5645.2,SYNTH_ATOLSSINK_0000060,0.0,261.55,1,0,ato_lowandslow_exfiltration,1
479,PAYMENT,297.19,SYNTH_ATOLS_0000060,5645.2,5348.01,SYNTH_ATOLSSINK_0000060,0.0,297.19,1,0,ato_lowandslow_exfiltration,1
495,PAYMENT,264.0,SYNTH_ATOLS_0000060,5348.01,5084.01,SYNTH_ATOLSSINK_0000060,0.0,264.0,1,0,ato_lowandslow_exfiltration,1
515,PAYMENT,300.32,SYNTH_ATOLS_0000060,5084.01,4783.69,SYNTH_ATOLSSINK_0000060,0.0,300.32,1,0,ato_lowandslow_exfiltration,1
533,PAYMENT,304.32,SYNTH_ATOLS_0000060,4783.69,4479.37,SYNTH_ATOLSSINK_0000060,0.0,304.32,1,0,ato_lowandslow_exfiltration,1
554,PAYMENT,303.54,SYNTH_ATOLS_0000060,4479.37,4175.83,SYNTH_ATOLSSINK_0000060,0.0,303.54,1,0,ato_lowandslow_exfiltration,1
128,PAYMENT,276.31,SYNTH_ATOLS_0000061,3291.34,3015.03,SYNTH_ATOLSSINK_0000061,0.0,276.31,1,0,ato_lowandslow_exfiltration,1
160,PAYMENT,238.92,SYNTH_ATOLS_0000061,3015.03,2776.11,SYNTH_ATOLSSINK_0000061,0.0,238.92,1,0,ato_lowandslow_exfiltration,1
190,PAYMENT,234.89,SYNTH_ATOLS_0000061,2776.11,2541.22,SYNTH_ATOLSSINK_0000061,0.0,234.89,1,0,ato_lowandslow_exfiltration,1
218,PAYMENT,239.02,SYNTH_ATOLS_0000061,2541.22,2302.2,SYNTH_ATOLSSINK_0000061,0.0,239.02,1,0,ato_lowandslow_exfiltration,1
691,PAYMENT,319.59,SYNTH_ATOLS_0000062,4900.55,4580.96,SYNTH_ATOLSSINK_0000062,0.0,319.59,1,0,ato_lowandslow_exfiltration,1
722,PAYMENT,320.63,SYNTH_ATOLS_0000062,4580.96,4260.33,SYNTH_ATOLSSINK_0000062,0.0,320.63,1,0,ato_lowandslow_exfiltration,1
757,PAYMENT,356.64,SYNTH_ATOLS_0000062,4260.33,3903.69,SYNTH_ATOLSSINK_0000062,0.0,356.64,1,0,ato_lowandslow_exfiltration,1
788,PAYMENT,354.52,SYNTH_ATOLS_0000062,3903.69,3549.17,SYNTH_ATOLSSINK_0000062,0.0,354.52,1,0,ato_lowandslow_exfiltration,1
815,PAYMENT,323.66,SYNTH_ATOLS_0000062,3549.17,3225.51,SYNTH_ATOLSSINK_0000062,0.0,323.66,1,0,ato_lowandslow_exfiltration,1
629,PAYMENT,214.19,SYNTH_ATOLS_0000063,16266.25,16052.06,SYNTH_ATOLSSINK_0000063,0.0,214.19,1,0,ato_lowandslow_exfiltration,1
664,PAYMENT,210.95,SYNTH_ATOLS_0000063,16052.06,15841.11,SYNTH_ATOLSSINK_0000063,0.0,210.95,1,0,ato_lowandslow_exfiltration,1
694,PAYMENT,242.65,SYNTH_ATOLS_0000063,15841.11,15598.46,SYNTH_ATOLSSINK_0000063,0.0,242.65,1,0,ato_lowandslow_exfiltration,1
727,PAYMENT,200.87,SYNTH_ATOLS_0000063,15598.46,15397.59,SYNTH_ATOLSSINK_0000063,0.0,200.87,1,0,ato_lowandslow_exfiltration,1
763,PAYMENT,211.15,SYNTH_ATOLS_0000063,15397.59,15186.44,SYNTH_ATOLSSINK_0000063,0.0,211.15,1,0,ato_lowandslow_exfiltration,1
792,PAYMENT,222.34,SYNTH_ATOLS_0000063,15186.44,14964.1,SYNTH_ATOLSSINK_0000063,0.0,222.34,1,0,ato_lowandslow_exfiltration,1
359,PAYMENT,227.57,SYNTH_ATOLS_0000064,11303.74,11076.17,SYNTH_ATOLSSINK_0000064,0.0,227.57,1,0,ato_lowandslow_exfiltration,1
376,PAYMENT,257.67,SYNTH_ATOLS_0000064,11076.17,10818.5,SYNTH_ATOLSSINK_0000064,0.0,257.67,1,0,ato_lowandslow_exfiltration,1
393,PAYMENT,248.19,SYNTH_ATOLS_0000064,10818.5,10570.31,SYNTH_ATOLSSINK_0000064,0.0,248.19,1,0,ato_lowandslow_exfiltration,1
408,PAYMENT,245.54,SYNTH_ATOLS_0000064,10570.31,10324.77,SYNTH_ATOLSSINK_0000064,0.0,245.54,1,0,ato_lowandslow_exfiltration,1
428,PAYMENT,242.18,SYNTH_ATOLS_0000064,10324.77,10082.59,SYNTH_ATOLSSINK_0000064,0.0,242.18,1,0,ato_lowandslow_exfiltration,1
443,PAYMENT,224.73,SYNTH_ATOLS_0000064,10082.59,9857.86,SYNTH_ATOLSSINK_0000064,0.0,224.73,1,0,ato_lowandslow_exfiltration,1
301,PAYMENT,229.23,SYNTH_ATOLS_0000065,4185.96,3956.73,SYNTH_ATOLSSINK_0000065,0.0,229.23,1,0,ato_lowandslow_exfiltration,1
339,PAYMENT,214.73,SYNTH_ATOLS_0000065,3956.73,3742.0,SYNTH_ATOLSSINK_0000065,0.0,214.73,1,0,ato_lowandslow_exfiltration,1
378,PAYMENT,222.86,SYNTH_ATOLS_0000065,3742.0,3519.14,SYNTH_ATOLSSINK_0000065,0.0,222.86,1,0,ato_lowandslow_exfiltration,1
418,PAYMENT,216.19,SYNTH_ATOLS_0000065,3519.14,3302.95,SYNTH_ATOLSSINK_0000065,0.0,216.19,1,0,ato_lowandslow_exfiltration,1
115,PAYMENT,296.34,SYNTH_ATOLS_0000066,6981.02,6684.68,SYNTH_ATOLSSINK_0000066,0.0,296.34,1,0,ato_lowandslow_exfiltration,1
150,PAYMENT,298.06,SYNTH_ATOLS_0000066,6684.68,6386.62,SYNTH_ATOLSSINK_0000066,0.0,298.06,1,0,ato_lowandslow_exfiltration,1
190,PAYMENT,280.06,SYNTH_ATOLS_0000066,6386.62,6106.56,SYNTH_ATOLSSINK_0000066,0.0,280.06,1,0,ato_lowandslow_exfiltration,1
224,PAYMENT,297.96,SYNTH_ATOLS_0000066,6106.56,5808.6,SYNTH_ATOLSSINK_0000066,0.0,297.96,1,0,ato_lowandslow_exfiltration,1
262,PAYMENT,293.08,SYNTH_ATOLS_0000066,5808.6,5515.52,SYNTH_ATOLSSINK_0000066,0.0,293.08,1,0,ato_lowandslow_exfiltration,1
298,PAYMENT,284.96,SYNTH_ATOLS_0000066,5515.52,5230.56,SYNTH_ATOLSSINK_0000066,0.0,284.96,1,0,ato_lowandslow_exfiltration,1
337,PAYMENT,271.72,SYNTH_ATOLS_0000066,5230.56,4958.84,SYNTH_ATOLSSINK_0000066,0.0,271.72,1,0,ato_lowandslow_exfiltration,1
300,PAYMENT,178.49,SYNTH_ATOLS_0000067,10639.22,10460.73,SYNTH_ATOLSSINK_0000067,0.0,178.49,1,0,ato_lowandslow_exfiltration,1
329,PAYMENT,169.28,SYNTH_ATOLS_0000067,10460.73,10291.45,SYNTH_ATOLSSINK_0000067,0.0,169.28,1,0,ato_lowandslow_exfiltration,1
364,PAYMENT,181.0,SYNTH_ATOLS_0000067,10291.45,10110.45,SYNTH_ATOLSSINK_0000067,0.0,181.0,1,0,ato_lowandslow_exfiltration,1
391,PAYMENT,182.74,SYNTH_ATOLS_0000067,10110.45,9927.71,SYNTH_ATOLSSINK_0000067,0.0,182.74,1,0,ato_lowandslow_exfiltration,1
100,PAYMENT,233.76,SYNTH_ATOLS_0000068,2392.98,2159.22,SYNTH_ATOLSSINK_0000068,0.0,233.76,1,0,ato_lowandslow_exfiltration,1
142,PAYMENT,243.58,SYNTH_ATOLS_0000068,2159.22,1915.64,SYNTH_ATOLSSINK_0000068,0.0,243.58,1,0,ato_lowandslow_exfiltration,1
178,PAYMENT,218.85,SYNTH_ATOLS_0000068,1915.64,1696.79,SYNTH_ATOLSSINK_0000068,0.0,218.85,1,0,ato_lowandslow_exfiltration,1
217,PAYMENT,234.13,SYNTH_ATOLS_0000068,1696.79,1462.66,SYNTH_ATOLSSINK_0000068,0.0,234.13,1,0,ato_lowandslow_exfiltration,1
255,PAYMENT,245.86,SYNTH_ATOLS_0000068,1462.66,1216.8,SYNTH_ATOLSSINK_0000068,0.0,245.86,1,0,ato_lowandslow_exfiltration,1
181,PAYMENT,147.8,SYNTH_ATOLS_0000069,2560.81,2413.01,SYNTH_ATOLSSINK_0000069,0.0,147.8,1,0,ato_lowandslow_exfiltration,1
205,PAYMENT,144.97,SYNTH_ATOLS_0000069,2413.01,2268.04,SYNTH_ATOLSSINK_0000069,0.0,144.97,1,0,ato_lowandslow_exfiltration,1
228,PAYMENT,146.15,SYNTH_ATOLS_0000069,2268.04,2121.89,SYNTH_ATOLSSINK_0000069,0.0,146.15,1,0,ato_lowandslow_exfiltration,1
254,PAYMENT,144.71,SYNTH_ATOLS_0000069,2121.89,1977.18,SYNTH_ATOLSSINK_0000069,0.0,144.71,1,0,ato_lowandslow_exfiltration,1
277,PAYMENT,140.69,SYNTH_ATOLS_0000069,1977.18,1836.49,SYNTH_ATOLSSINK_0000069,0.0,140.69,1,0,ato_lowandslow_exfiltration,1
175,PAYMENT,170.0,SYNTH_ATOLS_0000070,9867.89,9697.89,SYNTH_ATOLSSINK_0000070,0.0,170.0,1,0,ato_lowandslow_exfiltration,1
214,PAYMENT,175.71,SYNTH_ATOLS_0000070,9697.89,9522.18,SYNTH_ATOLSSINK_0000070,0.0,175.71,1,0,ato_lowandslow_exfiltration,1
250,PAYMENT,170.7,SYNTH_ATOLS_0000070,9522.18,9351.48,SYNTH_ATOLSSINK_0000070,0.0,170.7,1,0,ato_lowandslow_exfiltration,1
285,PAYMENT,160.4,SYNTH_ATOLS_0000070,9351.48,9191.08,SYNTH_ATOLSSINK_0000070,0.0,160.4,1,0,ato_lowandslow_exfiltration,1
320,PAYMENT,171.32,SYNTH_ATOLS_0000070,9191.08,9019.76,SYNTH_ATOLSSINK_0000070,0.0,171.32,1,0,ato_lowandslow_exfiltration,1
357,PAYMENT,171.31,SYNTH_ATOLS_0000070,9019.76,8848.45,SYNTH_ATOLSSINK_0000070,0.0,171.31,1,0,ato_lowandslow_exfiltration,1
274,PAYMENT,193.95,SYNTH_ATOLS_0000071,10559.22,10365.27,SYNTH_ATOLSSINK_0000071,0.0,193.95,1,0,ato_lowandslow_exfiltration,1
289,PAYMENT,208.3,SYNTH_ATOLS_0000071,10365.27,10156.97,SYNTH_ATOLSSINK_0000071,0.0,208.3,1,0,ato_lowandslow_exfiltration,1
306,PAYMENT,177.53,SYNTH_ATOLS_0000071,10156.97,9979.44,SYNTH_ATOLSSINK_0000071,0.0,177.53,1,0,ato_lowandslow_exfiltration,1
321,PAYMENT,199.59,SYNTH_ATOLS_0000071,9979.44,9779.85,SYNTH_ATOLSSINK_0000071,0.0,199.59,1,0,ato_lowandslow_exfiltration,1
339,PAYMENT,213.19,SYNTH_ATOLS_0000071,9779.85,9566.66,SYNTH_ATOLSSINK_0000071,0.0,213.19,1,0,ato_lowandslow_exfiltration,1
352,PAYMENT,193.44,SYNTH_ATOLS_0000071,9566.66,9373.22,SYNTH_ATOLSSINK_0000071,0.0,193.44,1,0,ato_lowandslow_exfiltration,1
370,PAYMENT,195.85,SYNTH_ATOLS_0000071,9373.22,9177.37,SYNTH_ATOLSSINK_0000071,0.0,195.85,1,0,ato_lowandslow_exfiltration,1
336,PAYMENT,326.01,SYNTH_ATOLS_0000072,3688.72,3362.71,SYNTH_ATOLSSINK_0000072,0.0,326.01,1,0,ato_lowandslow_exfiltration,1
364,PAYMENT,294.34,SYNTH_ATOLS_0000072,3362.71,3068.37,SYNTH_ATOLSSINK_0000072,0.0,294.34,1,0,ato_lowandslow_exfiltration,1
392,PAYMENT,329.24,SYNTH_ATOLS_0000072,3068.37,2739.13,SYNTH_ATOLSSINK_0000072,0.0,329.24,1,0,ato_lowandslow_exfiltration,1
420,PAYMENT,336.41,SYNTH_ATOLS_0000072,2739.13,2402.72,SYNTH_ATOLSSINK_0000072,0.0,336.41,1,0,ato_lowandslow_exfiltration,1
448,PAYMENT,293.66,SYNTH_ATOLS_0000072,2402.72,2109.06,SYNTH_ATOLSSINK_0000072,0.0,293.66,1,0,ato_lowandslow_exfiltration,1
477,PAYMENT,309.15,SYNTH_ATOLS_0000072,2109.06,1799.91,SYNTH_ATOLSSINK_0000072,0.0,309.15,1,0,ato_lowandslow_exfiltration,1
504,PAYMENT,332.71,SYNTH_ATOLS_0000072,1799.91,1467.2,SYNTH_ATOLSSINK_0000072,0.0,332.71,1,0,ato_lowandslow_exfiltration,1
257,PAYMENT,342.02,SYNTH_ATOLS_0000073,15448.61,15106.59,SYNTH_ATOLSSINK_0000073,0.0,342.02,1,0,ato_lowandslow_exfiltration,1
272,PAYMENT,370.04,SYNTH_ATOLS_0000073,15106.59,14736.55,SYNTH_ATOLSSINK_0000073,0.0,370.04,1,0,ato_lowandslow_exfiltration,1
290,PAYMENT,384.91,SYNTH_ATOLS_0000073,14736.55,14351.64,SYNTH_ATOLSSINK_0000073,0.0,384.91,1,0,ato_lowandslow_exfiltration,1
311,PAYMENT,382.89,SYNTH_ATOLS_0000073,14351.64,13968.75,SYNTH_ATOLSSINK_0000073,0.0,382.89,1,0,ato_lowandslow_exfiltration,1
325,PAYMENT,382.37,SYNTH_ATOLS_0000073,13968.75,13586.38,SYNTH_ATOLSSINK_0000073,0.0,382.37,1,0,ato_lowandslow_exfiltration,1
346,PAYMENT,391.89,SYNTH_ATOLS_0000073,13586.38,13194.49,SYNTH_ATOLSSINK_0000073,0.0,391.89,1,0,ato_lowandslow_exfiltration,1
212,PAYMENT,201.1,SYNTH_ATOLS_0000074,3099.12,2898.02,SYNTH_ATOLSSINK_0000074,0.0,201.1,1,0,ato_lowandslow_exfiltration,1
245,PAYMENT,186.81,SYNTH_ATOLS_0000074,2898.02,2711.21,SYNTH_ATOLSSINK_0000074,0.0,186.81,1,0,ato_lowandslow_exfiltration,1
272,PAYMENT,211.24,SYNTH_ATOLS_0000074,2711.21,2499.97,SYNTH_ATOLSSINK_0000074,0.0,211.24,1,0,ato_lowandslow_exfiltration,1
303,PAYMENT,194.64,SYNTH_ATOLS_0000074,2499.97,2305.33,SYNTH_ATOLSSINK_0000074,0.0,194.64,1,0,ato_lowandslow_exfiltration,1
337,PAYMENT,185.87,SYNTH_ATOLS_0000074,2305.33,2119.46,SYNTH_ATOLSSINK_0000074,0.0,185.87,1,0,ato_lowandslow_exfiltration,1
365,PAYMENT,206.9,SYNTH_ATOLS_0000074,2119.46,1912.56,SYNTH_ATOLSSINK_0000074,0.0,206.9,1,0,ato_lowandslow_exfiltration,1
397,PAYMENT,216.48,SYNTH_ATOLS_0000074,1912.56,1696.08,SYNTH_ATOLSSINK_0000074,0.0,216.48,1,0,ato_lowandslow_exfiltration,1
272,PAYMENT,249.55,SYNTH_ATOLS_0000075,10749.81,10500.26,SYNTH_ATOLSSINK_0000075,0.0,249.55,1,0,ato_lowandslow_exfiltration,1
302,PAYMENT,242.39,SYNTH_ATOLS_0000075,10500.26,10257.87,SYNTH_ATOLSSINK_0000075,0.0,242.39,1,0,ato_lowandslow_exfiltration,1
340,PAYMENT,230.02,SYNTH_ATOLS_0000075,10257.87,10027.85,SYNTH_ATOLSSINK_0000075,0.0,230.02,1,0,ato_lowandslow_exfiltration,1
374,PAYMENT,242.89,SYNTH_ATOLS_0000075,10027.85,9784.96,SYNTH_ATOLSSINK_0000075,0.0,242.89,1,0,ato_lowandslow_exfiltration,1
404,PAYMENT,250.06,SYNTH_ATOLS_0000075,9784.96,9534.9,SYNTH_ATOLSSINK_0000075,0.0,250.06,1,0,ato_lowandslow_exfiltration,1
439,PAYMENT,235.22,SYNTH_ATOLS_0000075,9534.9,9299.68,SYNTH_ATOLSSINK_0000075,0.0,235.22,1,0,ato_lowandslow_exfiltration,1
591,PAYMENT,201.61,SYNTH_ATOLS_0000076,4463.88,4262.27,SYNTH_ATOLSSINK_0000076,0.0,201.61,1,0,ato_lowandslow_exfiltration,1
610,PAYMENT,173.51,SYNTH_ATOLS_0000076,4262.27,4088.76,SYNTH_ATOLSSINK_0000076,0.0,173.51,1,0,ato_lowandslow_exfiltration,1
628,PAYMENT,193.22,SYNTH_ATOLS_0000076,4088.76,3895.54,SYNTH_ATOLSSINK_0000076,0.0,193.22,1,0,ato_lowandslow_exfiltration,1
648,PAYMENT,180.99,SYNTH_ATOLS_0000076,3895.54,3714.55,SYNTH_ATOLSSINK_0000076,0.0,180.99,1,0,ato_lowandslow_exfiltration,1
672,PAYMENT,199.66,SYNTH_ATOLS_0000076,3714.55,3514.89,SYNTH_ATOLSSINK_0000076,0.0,199.66,1,0,ato_lowandslow_exfiltration,1
689,PAYMENT,207.19,SYNTH_ATOLS_0000076,3514.89,3307.7,SYNTH_ATOLSSINK_0000076,0.0,207.19,1,0,ato_lowandslow_exfiltration,1
711,PAYMENT,198.17,SYNTH_ATOLS_0000076,3307.7,3109.53,SYNTH_ATOLSSINK_0000076,0.0,198.17,1,0,ato_lowandslow_exfiltration,1
606,PAYMENT,187.71,SYNTH_ATOLS_0000077,2374.81,2187.1,SYNTH_ATOLSSINK_0000077,0.0,187.71,1,0,ato_lowandslow_exfiltration,1
636,PAYMENT,202.22,SYNTH_ATOLS_0000077,2187.1,1984.88,SYNTH_ATOLSSINK_0000077,0.0,202.22,1,0,ato_lowandslow_exfiltration,1
663,PAYMENT,190.03,SYNTH_ATOLS_0000077,1984.88,1794.85,SYNTH_ATOLSSINK_0000077,0.0,190.03,1,0,ato_lowandslow_exfiltration,1
693,PAYMENT,196.63,SYNTH_ATOLS_0000077,1794.85,1598.22,SYNTH_ATOLSSINK_0000077,0.0,196.63,1,0,ato_lowandslow_exfiltration,1
722,PAYMENT,200.87,SYNTH_ATOLS_0000077,1598.22,1397.35,SYNTH_ATOLSSINK_0000077,0.0,200.87,1,0,ato_lowandslow_exfiltration,1
754,PAYMENT,182.36,SYNTH_ATOLS_0000077,1397.35,1214.99,SYNTH_ATOLSSINK_0000077,0.0,182.36,1,0,ato_lowandslow_exfiltration,1
779,PAYMENT,190.26,SYNTH_ATOLS_0000077,1214.99,1024.73,SYNTH_ATOLSSINK_0000077,0.0,190.26,1,0,ato_lowandslow_exfiltration,1
422,PAYMENT,245.93,SYNTH_ATOLS_0000078,3362.01,3116.08,SYNTH_ATOLSSINK_0000078,0.0,245.93,1,0,ato_lowandslow_exfiltration,1
451,PAYMENT,235.49,SYNTH_ATOLS_0000078,3116.08,2880.59,SYNTH_ATOLSSINK_0000078,0.0,235.49,1,0,ato_lowandslow_exfiltration,1
473,PAYMENT,214.95,SYNTH_ATOLS_0000078,2880.59,2665.64,SYNTH_ATOLSSINK_0000078,0.0,214.95,1,0,ato_lowandslow_exfiltration,1
499,PAYMENT,249.96,SYNTH_ATOLS_0000078,2665.64,2415.68,SYNTH_ATOLSSINK_0000078,0.0,249.96,1,0,ato_lowandslow_exfiltration,1
522,PAYMENT,245.01,SYNTH_ATOLS_0000078,2415.68,2170.67,SYNTH_ATOLSSINK_0000078,0.0,245.01,1,0,ato_lowandslow_exfiltration,1
548,PAYMENT,215.81,SYNTH_ATOLS_0000078,2170.67,1954.86,SYNTH_ATOLSSINK_0000078,0.0,215.81,1,0,ato_lowandslow_exfiltration,1
575,PAYMENT,252.06,SYNTH_ATOLS_0000078,1954.86,1702.8,SYNTH_ATOLSSINK_0000078,0.0,252.06,1,0,ato_lowandslow_exfiltration,1
453,PAYMENT,204.07,SYNTH_ATOLS_0000079,2373.84,2169.77,SYNTH_ATOLSSINK_0000079,0.0,204.07,1,0,ato_lowandslow_exfiltration,1
476,PAYMENT,195.44,SYNTH_ATOLS_0000079,2169.77,1974.33,SYNTH_ATOLSSINK_0000079,0.0,195.44,1,0,ato_lowandslow_exfiltration,1
501,PAYMENT,209.71,SYNTH_ATOLS_0000079,1974.33,1764.62,SYNTH_ATOLSSINK_0000079,0.0,209.71,1,0,ato_lowandslow_exfiltration,1
525,PAYMENT,207.2,SYNTH_ATOLS_0000079,1764.62,1557.42,SYNTH_ATOLSSINK_0000079,0.0,207.2,1,0,ato_lowandslow_exfiltration,1
545,PAYMENT,198.54,SYNTH_ATOLS_0000079,1557.42,1358.88,SYNTH_ATOLSSINK_0000079,0.0,198.54,1,0,ato_lowandslow_exfiltration,1
572,PAYMENT,204.6,SYNTH_ATOLS_0000079,1358.88,1154.28,SYNTH_ATOLSSINK_0000079,0.0,204.6,1,0,ato_lowandslow_exfiltration,1
593,PAYMENT,212.78,SYNTH_ATOLS_0000079,1154.28,941.5,SYNTH_ATOLSSINK_0000079,0.0,212.78,1,0,ato_lowandslow_exfiltration,1
255,PAYMENT,366.01,SYNTH_ATOLS_0000080,6596.02,6230.01,SYNTH_ATOLSSINK_0000080,0.0,366.01,1,0,ato_lowandslow_exfiltration,1
287,PAYMENT,306.32,SYNTH_ATOLS_0000080,6230.01,5923.69,SYNTH_ATOLSSINK_0000080,0.0,306.32,1,0,ato_lowandslow_exfiltration,1
320,PAYMENT,350.47,SYNTH_ATOLS_0000080,5923.69,5573.22,SYNTH_ATOLSSINK_0000080,0.0,350.47,1,0,ato_lowandslow_exfiltration,1
351,PAYMENT,304.2,SYNTH_ATOLS_0000080,5573.22,5269.02,SYNTH_ATOLSSINK_0000080,0.0,304.2,1,0,ato_lowandslow_exfiltration,1
387,PAYMENT,358.82,SYNTH_ATOLS_0000080,5269.02,4910.2,SYNTH_ATOLSSINK_0000080,0.0,358.82,1,0,ato_lowandslow_exfiltration,1
419,PAYMENT,358.34,SYNTH_ATOLS_0000080,4910.2,4551.86,SYNTH_ATOLSSINK_0000080,0.0,358.34,1,0,ato_lowandslow_exfiltration,1
451,PAYMENT,342.95,SYNTH_ATOLS_0000080,4551.86,4208.91,SYNTH_ATOLSSINK_0000080,0.0,342.95,1,0,ato_lowandslow_exfiltration,1
191,PAYMENT,285.28,SYNTH_ATOLS_0000081,4389.92,4104.64,SYNTH_ATOLSSINK_0000081,0.0,285.28,1,0,ato_lowandslow_exfiltration,1
215,PAYMENT,297.11,SYNTH_ATOLS_0000081,4104.64,3807.53,SYNTH_ATOLSSINK_0000081,0.0,297.11,1,0,ato_lowandslow_exfiltration,1
234,PAYMENT,300.23,SYNTH_ATOLS_0000081,3807.53,3507.3,SYNTH_ATOLSSINK_0000081,0.0,300.23,1,0,ato_lowandslow_exfiltration,1
260,PAYMENT,281.53,SYNTH_ATOLS_0000081,3507.3,3225.77,SYNTH_ATOLSSINK_0000081,0.0,281.53,1,0,ato_lowandslow_exfiltration,1
281,PAYMENT,298.12,SYNTH_ATOLS_0000081,3225.77,2927.65,SYNTH_ATOLSSINK_0000081,0.0,298.12,1,0,ato_lowandslow_exfiltration,1
144,PAYMENT,180.92,SYNTH_ATOLS_0000082,5223.07,5042.15,SYNTH_ATOLSSINK_0000082,0.0,180.92,1,0,ato_lowandslow_exfiltration,1
170,PAYMENT,153.12,SYNTH_ATOLS_0000082,5042.15,4889.03,SYNTH_ATOLSSINK_0000082,0.0,153.12,1,0,ato_lowandslow_exfiltration,1
195,PAYMENT,156.99,SYNTH_ATOLS_0000082,4889.03,4732.04,SYNTH_ATOLSSINK_0000082,0.0,156.99,1,0,ato_lowandslow_exfiltration,1
219,PAYMENT,183.32,SYNTH_ATOLS_0000082,4732.04,4548.72,SYNTH_ATOLSSINK_0000082,0.0,183.32,1,0,ato_lowandslow_exfiltration,1
485,PAYMENT,228.63,SYNTH_ATOLS_0000083,4621.02,4392.39,SYNTH_ATOLSSINK_0000083,0.0,228.63,1,0,ato_lowandslow_exfiltration,1
524,PAYMENT,222.39,SYNTH_ATOLS_0000083,4392.39,4170.0,SYNTH_ATOLSSINK_0000083,0.0,222.39,1,0,ato_lowandslow_exfiltration,1
566,PAYMENT,202.08,SYNTH_ATOLS_0000083,4170.0,3967.92,SYNTH_ATOLSSINK_0000083,0.0,202.08,1,0,ato_lowandslow_exfiltration,1
604,PAYMENT,206.29,SYNTH_ATOLS_0000083,3967.92,3761.63,SYNTH_ATOLSSINK_0000083,0.0,206.29,1,0,ato_lowandslow_exfiltration,1
318,PAYMENT,347.63,SYNTH_ATOLS_0000084,353.02,5.39,SYNTH_ATOLSSINK_0000084,0.0,347.63,1,0,ato_lowandslow_exfiltration,1
331,PAYMENT,362.0,SYNTH_ATOLS_0000084,5.39,0.0,SYNTH_ATOLSSINK_0000084,0.0,362.0,1,0,ato_lowandslow_exfiltration,1
350,PAYMENT,343.27,SYNTH_ATOLS_0000084,0.0,0.0,SYNTH_ATOLSSINK_0000084,0.0,343.27,1,0,ato_lowandslow_exfiltration,1
365,PAYMENT,375.09,SYNTH_ATOLS_0000084,0.0,0.0,SYNTH_ATOLSSINK_0000084,0.0,375.09,1,0,ato_lowandslow_exfiltration,1
639,PAYMENT,109.72,SYNTH_ATOLS_0000085,9803.59,9693.87,SYNTH_ATOLSSINK_0000085,0.0,109.72,1,0,ato_lowandslow_exfiltration,1
675,PAYMENT,122.09,SYNTH_ATOLS_0000085,9693.87,9571.78,SYNTH_ATOLSSINK_0000085,0.0,122.09,1,0,ato_lowandslow_exfiltration,1
712,PAYMENT,126.32,SYNTH_ATOLS_0000085,9571.78,9445.46,SYNTH_ATOLSSINK_0000085,0.0,126.32,1,0,ato_lowandslow_exfiltration,1
744,PAYMENT,132.89,SYNTH_ATOLS_0000085,9445.46,9312.57,SYNTH_ATOLSSINK_0000085,0.0,132.89,1,0,ato_lowandslow_exfiltration,1
246,PAYMENT,141.18,SYNTH_ATOLS_0000086,2958.45,2817.27,SYNTH_ATOLSSINK_0000086,0.0,141.18,1,0,ato_lowandslow_exfiltration,1
285,PAYMENT,143.26,SYNTH_ATOLS_0000086,2817.27,2674.01,SYNTH_ATOLSSINK_0000086,0.0,143.26,1,0,ato_lowandslow_exfiltration,1
324,PAYMENT,143.18,SYNTH_ATOLS_0000086,2674.01,2530.83,SYNTH_ATOLSSINK_0000086,0.0,143.18,1,0,ato_lowandslow_exfiltration,1
361,PAYMENT,143.4,SYNTH_ATOLS_0000086,2530.83,2387.43,SYNTH_ATOLSSINK_0000086,0.0,143.4,1,0,ato_lowandslow_exfiltration,1
399,PAYMENT,139.92,SYNTH_ATOLS_0000086,2387.43,2247.51,SYNTH_ATOLSSINK_0000086,0.0,139.92,1,0,ato_lowandslow_exfiltration,1
437,PAYMENT,124.38,SYNTH_ATOLS_0000086,2247.51,2123.13,SYNTH_ATOLSSINK_0000086,0.0,124.38,1,0,ato_lowandslow_exfiltration,1
476,PAYMENT,142.11,SYNTH_ATOLS_0000086,2123.13,1981.02,SYNTH_ATOLSSINK_0000086,0.0,142.11,1,0,ato_lowandslow_exfiltration,1
596,PAYMENT,252.97,SYNTH_ATOLS_0000087,4193.93,3940.96,SYNTH_ATOLSSINK_0000087,0.0,252.97,1,0,ato_lowandslow_exfiltration,1
626,PAYMENT,262.82,SYNTH_ATOLS_0000087,3940.96,3678.14,SYNTH_ATOLSSINK_0000087,0.0,262.82,1,0,ato_lowandslow_exfiltration,1
656,PAYMENT,260.71,SYNTH_ATOLS_0000087,3678.14,3417.43,SYNTH_ATOLSSINK_0000087,0.0,260.71,1,0,ato_lowandslow_exfiltration,1
684,PAYMENT,257.85,SYNTH_ATOLS_0000087,3417.43,3159.58,SYNTH_ATOLSSINK_0000087,0.0,257.85,1,0,ato_lowandslow_exfiltration,1
716,PAYMENT,267.97,SYNTH_ATOLS_0000087,3159.58,2891.61,SYNTH_ATOLSSINK_0000087,0.0,267.97,1,0,ato_lowandslow_exfiltration,1
744,PAYMENT,274.4,SYNTH_ATOLS_0000087,2891.61,2617.21,SYNTH_ATOLSSINK_0000087,0.0,274.4,1,0,ato_lowandslow_exfiltration,1
432,PAYMENT,257.46,SYNTH_ATOLS_0000088,3623.25,3365.79,SYNTH_ATOLSSINK_0000088,0.0,257.46,1,0,ato_lowandslow_exfiltration,1
470,PAYMENT,247.94,SYNTH_ATOLS_0000088,3365.79,3117.85,SYNTH_ATOLSSINK_0000088,0.0,247.94,1,0,ato_lowandslow_exfiltration,1
505,PAYMENT,236.92,SYNTH_ATOLS_0000088,3117.85,2880.93,SYNTH_ATOLSSINK_0000088,0.0,236.92,1,0,ato_lowandslow_exfiltration,1
538,PAYMENT,232.06,SYNTH_ATOLS_0000088,2880.93,2648.87,SYNTH_ATOLSSINK_0000088,0.0,232.06,1,0,ato_lowandslow_exfiltration,1
440,PAYMENT,204.11,SYNTH_ATOLS_0000089,1736.53,1532.42,SYNTH_ATOLSSINK_0000089,0.0,204.11,1,0,ato_lowandslow_exfiltration,1
465,PAYMENT,212.5,SYNTH_ATOLS_0000089,1532.42,1319.92,SYNTH_ATOLSSINK_0000089,0.0,212.5,1,0,ato_lowandslow_exfiltration,1
490,PAYMENT,226.5,SYNTH_ATOLS_0000089,1319.92,1093.42,SYNTH_ATOLSSINK_0000089,0.0,226.5,1,0,ato_lowandslow_exfiltration,1
518,PAYMENT,207.35,SYNTH_ATOLS_0000089,1093.42,886.07,SYNTH_ATOLSSINK_0000089,0.0,207.35,1,0,ato_lowandslow_exfiltration,1
546,PAYMENT,231.09,SYNTH_ATOLS_0000089,886.07,654.98,SYNTH_ATOLSSINK_0000089,0.0,231.09,1,0,ato_lowandslow_exfiltration,1
512,PAYMENT,301.12,SYNTH_ATOLS_0000090,5705.77,5404.65,SYNTH_ATOLSSINK_0000090,0.0,301.12,1,0,ato_lowandslow_exfiltration,1
542,PAYMENT,320.48,SYNTH_ATOLS_0000090,5404.65,5084.17,SYNTH_ATOLSSINK_0000090,0.0,320.48,1,0,ato_lowandslow_exfiltration,1
577,PAYMENT,298.92,SYNTH_ATOLS_0000090,5084.17,4785.25,SYNTH_ATOLSSINK_0000090,0.0,298.92,1,0,ato_lowandslow_exfiltration,1
606,PAYMENT,280.19,SYNTH_ATOLS_0000090,4785.25,4505.06,SYNTH_ATOLSSINK_0000090,0.0,280.19,1,0,ato_lowandslow_exfiltration,1
639,PAYMENT,290.84,SYNTH_ATOLS_0000090,4505.06,4214.22,SYNTH_ATOLSSINK_0000090,0.0,290.84,1,0,ato_lowandslow_exfiltration,1
338,PAYMENT,285.05,SYNTH_ATOLS_0000091,5431.88,5146.83,SYNTH_ATOLSSINK_0000091,0.0,285.05,1,0,ato_lowandslow_exfiltration,1
370,PAYMENT,247.23,SYNTH_ATOLS_0000091,5146.83,4899.6,SYNTH_ATOLSSINK_0000091,0.0,247.23,1,0,ato_lowandslow_exfiltration,1
398,PAYMENT,276.87,SYNTH_ATOLS_0000091,4899.6,4622.73,SYNTH_ATOLSSINK_0000091,0.0,276.87,1,0,ato_lowandslow_exfiltration,1
433,PAYMENT,287.85,SYNTH_ATOLS_0000091,4622.73,4334.88,SYNTH_ATOLSSINK_0000091,0.0,287.85,1,0,ato_lowandslow_exfiltration,1
464,PAYMENT,236.97,SYNTH_ATOLS_0000091,4334.88,4097.91,SYNTH_ATOLSSINK_0000091,0.0,236.97,1,0,ato_lowandslow_exfiltration,1
502,PAYMENT,213.57,SYNTH_ATOLS_0000092,6525.49,6311.92,SYNTH_ATOLSSINK_0000092,0.0,213.57,1,0,ato_lowandslow_exfiltration,1
523,PAYMENT,202.44,SYNTH_ATOLS_0000092,6311.92,6109.48,SYNTH_ATOLSSINK_0000092,0.0,202.44,1,0,ato_lowandslow_exfiltration,1
544,PAYMENT,217.32,SYNTH_ATOLS_0000092,6109.48,5892.16,SYNTH_ATOLSSINK_0000092,0.0,217.32,1,0,ato_lowandslow_exfiltration,1
563,PAYMENT,219.21,SYNTH_ATOLS_0000092,5892.16,5672.95,SYNTH_ATOLSSINK_0000092,0.0,219.21,1,0,ato_lowandslow_exfiltration,1
588,PAYMENT,222.97,SYNTH_ATOLS_0000092,5672.95,5449.98,SYNTH_ATOLSSINK_0000092,0.0,222.97,1,0,ato_lowandslow_exfiltration,1
608,PAYMENT,205.83,SYNTH_ATOLS_0000092,5449.98,5244.15,SYNTH_ATOLSSINK_0000092,0.0,205.83,1,0,ato_lowandslow_exfiltration,1
628,PAYMENT,226.88,SYNTH_ATOLS_0000092,5244.15,5017.27,SYNTH_ATOLSSINK_0000092,0.0,226.88,1,0,ato_lowandslow_exfiltration,1
228,PAYMENT,228.27,SYNTH_ATOLS_0000093,4017.14,3788.87,SYNTH_ATOLSSINK_0000093,0.0,228.27,1,0,ato_lowandslow_exfiltration,1
245,PAYMENT,230.03,SYNTH_ATOLS_0000093,3788.87,3558.84,SYNTH_ATOLSSINK_0000093,0.0,230.03,1,0,ato_lowandslow_exfiltration,1
265,PAYMENT,245.98,SYNTH_ATOLS_0000093,3558.84,3312.86,SYNTH_ATOLSSINK_0000093,0.0,245.98,1,0,ato_lowandslow_exfiltration,1
287,PAYMENT,252.38,SYNTH_ATOLS_0000093,3312.86,3060.48,SYNTH_ATOLSSINK_0000093,0.0,252.38,1,0,ato_lowandslow_exfiltration,1
305,PAYMENT,257.58,SYNTH_ATOLS_0000093,3060.48,2802.9,SYNTH_ATOLSSINK_0000093,0.0,257.58,1,0,ato_lowandslow_exfiltration,1
326,PAYMENT,236.25,SYNTH_ATOLS_0000093,2802.9,2566.65,SYNTH_ATOLSSINK_0000093,0.0,236.25,1,0,ato_lowandslow_exfiltration,1
570,PAYMENT,259.86,SYNTH_ATOLS_0000094,1996.93,1737.07,SYNTH_ATOLSSINK_0000094,0.0,259.86,1,0,ato_lowandslow_exfiltration,1
595,PAYMENT,272.37,SYNTH_ATOLS_0000094,1737.07,1464.7,SYNTH_ATOLSSINK_0000094,0.0,272.37,1,0,ato_lowandslow_exfiltration,1
620,PAYMENT,305.67,SYNTH_ATOLS_0000094,1464.7,1159.03,SYNTH_ATOLSSINK_0000094,0.0,305.67,1,0,ato_lowandslow_exfiltration,1
647,PAYMENT,262.31,SYNTH_ATOLS_0000094,1159.03,896.72,SYNTH_ATOLSSINK_0000094,0.0,262.31,1,0,ato_lowandslow_exfiltration,1
678,PAYMENT,291.13,SYNTH_ATOLS_0000094,896.72,605.59,SYNTH_ATOLSSINK_0000094,0.0,291.13,1,0,ato_lowandslow_exfiltration,1
290,PAYMENT,175.19,SYNTH_ATOLS_0000095,5961.48,5786.29,SYNTH_ATOLSSINK_0000095,0.0,175.19,1,0,ato_lowandslow_exfiltration,1
321,PAYMENT,190.85,SYNTH_ATOLS_0000095,5786.29,5595.44,SYNTH_ATOLSSINK_0000095,0.0,190.85,1,0,ato_lowandslow_exfiltration,1
345,PAYMENT,173.09,SYNTH_ATOLS_0000095,5595.44,5422.35,SYNTH_ATOLSSINK_0000095,0.0,173.09,1,0,ato_lowandslow_exfiltration,1
375,PAYMENT,171.8,SYNTH_ATOLS_0000095,5422.35,5250.55,SYNTH_ATOLSSINK_0000095,0.0,171.8,1,0,ato_lowandslow_exfiltration,1
401,PAYMENT,176.02,SYNTH_ATOLS_0000095,5250.55,5074.53,SYNTH_ATOLSSINK_0000095,0.0,176.02,1,0,ato_lowandslow_exfiltration,1
590,PAYMENT,384.97,SYNTH_ATOLS_0000096,10120.0,9735.03,SYNTH_ATOLSSINK_0000096,0.0,384.97,1,0,ato_lowandslow_exfiltration,1
611,PAYMENT,372.23,SYNTH_ATOLS_0000096,9735.03,9362.8,SYNTH_ATOLSSINK_0000096,0.0,372.23,1,0,ato_lowandslow_exfiltration,1
633,PAYMENT,369.91,SYNTH_ATOLS_0000096,9362.8,8992.89,SYNTH_ATOLSSINK_0000096,0.0,369.91,1,0,ato_lowandslow_exfiltration,1
652,PAYMENT,403.99,SYNTH_ATOLS_0000096,8992.89,8588.9,SYNTH_ATOLSSINK_0000096,0.0,403.99,1,0,ato_lowandslow_exfiltration,1
672,PAYMENT,382.71,SYNTH_ATOLS_0000096,8588.9,8206.19,SYNTH_ATOLSSINK_0000096,0.0,382.71,1,0,ato_lowandslow_exfiltration,1
695,PAYMENT,409.25,SYNTH_ATOLS_0000096,8206.19,7796.94,SYNTH_ATOLSSINK_0000096,0.0,409.25,1,0,ato_lowandslow_exfiltration,1
716,PAYMENT,423.92,SYNTH_ATOLS_0000096,7796.94,7373.02,SYNTH_ATOLSSINK_0000096,0.0,423.92,1,0,ato_lowandslow_exfiltration,1
384,PAYMENT,180.01,SYNTH_ATOLS_0000097,4752.56,4572.55,SYNTH_ATOLSSINK_0000097,0.0,180.01,1,0,ato_lowandslow_exfiltration,1
417,PAYMENT,173.65,SYNTH_ATOLS_0000097,4572.55,4398.9,SYNTH_ATOLSSINK_0000097,0.0,173.65,1,0,ato_lowandslow_exfiltration,1
454,PAYMENT,160.2,SYNTH_ATOLS_0000097,4398.9,4238.7,SYNTH_ATOLSSINK_0000097,0.0,160.2,1,0,ato_lowandslow_exfiltration,1
492,PAYMENT,182.43,SYNTH_ATOLS_0000097,4238.7,4056.27,SYNTH_ATOLSSINK_0000097,0.0,182.43,1,0,ato_lowandslow_exfiltration,1
525,PAYMENT,184.49,SYNTH_ATOLS_0000097,4056.27,3871.78,SYNTH_ATOLSSINK_0000097,0.0,184.49,1,0,ato_lowandslow_exfiltration,1
560,PAYMENT,188.44,SYNTH_ATOLS_0000097,3871.78,3683.34,SYNTH_ATOLSSINK_0000097,0.0,188.44,1,0,ato_lowandslow_exfiltration,1
600,PAYMENT,162.89,SYNTH_ATOLS_0000097,3683.34,3520.45,SYNTH_ATOLSSINK_0000097,0.0,162.89,1,0,ato_lowandslow_exfiltration,1
303,PAYMENT,498.92,SYNTH_ATOLS_0000098,6286.89,5787.97,SYNTH_ATOLSSINK_0000098,0.0,498.92,1,0,ato_lowandslow_exfiltration,1
323,PAYMENT,516.38,SYNTH_ATOLS_0000098,5787.97,5271.59,SYNTH_ATOLSSINK_0000098,0.0,516.38,1,0,ato_lowandslow_exfiltration,1
345,PAYMENT,492.99,SYNTH_ATOLS_0000098,5271.59,4778.6,SYNTH_ATOLSSINK_0000098,0.0,492.99,1,0,ato_lowandslow_exfiltration,1
363,PAYMENT,449.77,SYNTH_ATOLS_0000098,4778.6,4328.83,SYNTH_ATOLSSINK_0000098,0.0,449.77,1,0,ato_lowandslow_exfiltration,1
386,PAYMENT,439.08,SYNTH_ATOLS_0000098,4328.83,3889.75,SYNTH_ATOLSSINK_0000098,0.0,439.08,1,0,ato_lowandslow_exfiltration,1
427,PAYMENT,212.99,SYNTH_ATOLS_0000099,15295.31,15082.32,SYNTH_ATOLSSINK_0000099,0.0,212.99,1,0,ato_lowandslow_exfiltration,1
445,PAYMENT,204.87,SYNTH_ATOLS_0000099,15082.32,14877.45,SYNTH_ATOLSSINK_0000099,0.0,204.87,1,0,ato_lowandslow_exfiltration,1
469,PAYMENT,204.97,SYNTH_ATOLS_0000099,14877.45,14672.48,SYNTH_ATOLSSINK_0000099,0.0,204.97,1,0,ato_lowandslow_exfiltration,1
486,PAYMENT,203.82,SYNTH_ATOLS_0000099,14672.48,14468.66,SYNTH_ATOLSSINK_0000099,0.0,203.82,1,0,ato_lowandslow_exfiltration,1
511,PAYMENT,212.54,SYNTH_ATOLS_0000099,14468.66,14256.12,SYNTH_ATOLSSINK_0000099,0.0,212.54,1,0,ato_lowandslow_exfiltration,1
424,PAYMENT,252.43,SYNTH_ATOLS_0000100,5365.49,5113.06,SYNTH_ATOLSSINK_0000100,0.0,252.43,1,0,ato_lowandslow_exfiltration,1
448,PAYMENT,270.97,SYNTH_ATOLS_0000100,5113.06,4842.09,SYNTH_ATOLSSINK_0000100,0.0,270.97,1,0,ato_lowandslow_exfiltration,1
474,PAYMENT,281.64,SYNTH_ATOLS_0000100,4842.09,4560.45,SYNTH_ATOLSSINK_0000100,0.0,281.64,1,0,ato_lowandslow_exfiltration,1
498,PAYMENT,257.04,SYNTH_ATOLS_0000100,4560.45,4303.41,SYNTH_ATOLSSINK_0000100,0.0,257.04,1,0,ato_lowandslow_exfiltration,1
526,PAYMENT,259.53,SYNTH_ATOLS_0000100,4303.41,4043.88,SYNTH_ATOLSSINK_0000100,0.0,259.53,1,0,ato_lowandslow_exfiltration,1
551,PAYMENT,277.66,SYNTH_ATOLS_0000100,4043.88,3766.22,SYNTH_ATOLSSINK_0000100,0.0,277.66,1,0,ato_lowandslow_exfiltration,1
173,PAYMENT,284.39,SYNTH_ATOLS_0000101,1499.37,1214.98,SYNTH_ATOLSSINK_0000101,0.0,284.39,1,0,ato_lowandslow_exfiltration,1
198,PAYMENT,245.5,SYNTH_ATOLS_0000101,1214.98,969.48,SYNTH_ATOLSSINK_0000101,0.0,245.5,1,0,ato_lowandslow_exfiltration,1
222,PAYMENT,251.94,SYNTH_ATOLS_0000101,969.48,717.54,SYNTH_ATOLSSINK_0000101,0.0,251.94,1,0,ato_lowandslow_exfiltration,1
243,PAYMENT,242.34,SYNTH_ATOLS_0000101,717.54,475.2,SYNTH_ATOLSSINK_0000101,0.0,242.34,1,0,ato_lowandslow_exfiltration,1
270,PAYMENT,260.05,SYNTH_ATOLS_0000101,475.2,215.15,SYNTH_ATOLSSINK_0000101,0.0,260.05,1,0,ato_lowandslow_exfiltration,1
292,PAYMENT,262.04,SYNTH_ATOLS_0000101,215.15,0.0,SYNTH_ATOLSSINK_0000101,0.0,262.04,1,0,ato_lowandslow_exfiltration,1
319,PAYMENT,251.5,SYNTH_ATOLS_0000101,0.0,0.0,SYNTH_ATOLSSINK_0000101,0.0,251.5,1,0,ato_lowandslow_exfiltration,1
320,PAYMENT,411.58,SYNTH_ATOLS_0000102,4807.71,4396.13,SYNTH_ATOLSSINK_0000102,0.0,411.58,1,0,ato_lowandslow_exfiltration,1
349,PAYMENT,348.01,SYNTH_ATOLS_0000102,4396.13,4048.12,SYNTH_ATOLSSINK_0000102,0.0,348.01,1,0,ato_lowandslow_exfiltration,1
381,PAYMENT,391.78,SYNTH_ATOLS_0000102,4048.12,3656.34,SYNTH_ATOLSSINK_0000102,0.0,391.78,1,0,ato_lowandslow_exfiltration,1
413,PAYMENT,408.41,SYNTH_ATOLS_0000102,3656.34,3247.93,SYNTH_ATOLSSINK_0000102,0.0,408.41,1,0,ato_lowandslow_exfiltration,1
440,PAYMENT,383.03,SYNTH_ATOLS_0000102,3247.93,2864.9,SYNTH_ATOLSSINK_0000102,0.0,383.03,1,0,ato_lowandslow_exfiltration,1
472,PAYMENT,383.69,SYNTH_ATOLS_0000102,2864.9,2481.21,SYNTH_ATOLSSINK_0000102,0.0,383.69,1,0,ato_lowandslow_exfiltration,1
357,PAYMENT,323.91,SYNTH_ATOLS_0000103,2638.07,2314.16,SYNTH_ATOLSSINK_0000103,0.0,323.91,1,0,ato_lowandslow_exfiltration,1
392,PAYMENT,326.54,SYNTH_ATOLS_0000103,2314.16,1987.62,SYNTH_ATOLSSINK_0000103,0.0,326.54,1,0,ato_lowandslow_exfiltration,1
425,PAYMENT,319.85,SYNTH_ATOLS_0000103,1987.62,1667.77,SYNTH_ATOLSSINK_0000103,0.0,319.85,1,0,ato_lowandslow_exfiltration,1
462,PAYMENT,361.53,SYNTH_ATOLS_0000103,1667.77,1306.24,SYNTH_ATOLSSINK_0000103,0.0,361.53,1,0,ato_lowandslow_exfiltration,1
496,PAYMENT,375.47,SYNTH_ATOLS_0000103,1306.24,930.77,SYNTH_ATOLSSINK_0000103,0.0,375.47,1,0,ato_lowandslow_exfiltration,1
533,PAYMENT,375.69,SYNTH_ATOLS_0000103,930.77,555.08,SYNTH_ATOLSSINK_0000103,0.0,375.69,1,0,ato_lowandslow_exfiltration,1
569,PAYMENT,368.87,SYNTH_ATOLS_0000103,555.08,186.21,SYNTH_ATOLSSINK_0000103,0.0,368.87,1,0,ato_lowandslow_exfiltration,1
446,PAYMENT,240.34,SYNTH_ATOLS_0000104,9569.51,9329.17,SYNTH_ATOLSSINK_0000104,0.0,240.34,1,0,ato_lowandslow_exfiltration,1
467,PAYMENT,274.76,SYNTH_ATOLS_0000104,9329.17,9054.41,SYNTH_ATOLSSINK_0000104,0.0,274.76,1,0,ato_lowandslow_exfiltration,1
487,PAYMENT,281.24,SYNTH_ATOLS_0000104,9054.41,8773.17,SYNTH_ATOLSSINK_0000104,0.0,281.24,1,0,ato_lowandslow_exfiltration,1
505,PAYMENT,282.8,SYNTH_ATOLS_0000104,8773.17,8490.37,SYNTH_ATOLSSINK_0000104,0.0,282.8,1,0,ato_lowandslow_exfiltration,1
526,PAYMENT,239.13,SYNTH_ATOLS_0000104,8490.37,8251.24,SYNTH_ATOLSSINK_0000104,0.0,239.13,1,0,ato_lowandslow_exfiltration,1
541,PAYMENT,277.61,SYNTH_ATOLS_0000104,8251.24,7973.63,SYNTH_ATOLSSINK_0000104,0.0,277.61,1,0,ato_lowandslow_exfiltration,1
226,PAYMENT,364.53,SYNTH_ATOLS_0000105,8419.59,8055.06,SYNTH_ATOLSSINK_0000105,0.0,364.53,1,0,ato_lowandslow_exfiltration,1
260,PAYMENT,379.72,SYNTH_ATOLS_0000105,8055.06,7675.34,SYNTH_ATOLSSINK_0000105,0.0,379.72,1,0,ato_lowandslow_exfiltration,1
296,PAYMENT,360.68,SYNTH_ATOLS_0000105,7675.34,7314.66,SYNTH_ATOLSSINK_0000105,0.0,360.68,1,0,ato_lowandslow_exfiltration,1
332,PAYMENT,352.58,SYNTH_ATOLS_0000105,7314.66,6962.08,SYNTH_ATOLSSINK_0000105,0.0,352.58,1,0,ato_lowandslow_exfiltration,1
366,PAYMENT,419.35,SYNTH_ATOLS_0000105,6962.08,6542.73,SYNTH_ATOLSSINK_0000105,0.0,419.35,1,0,ato_lowandslow_exfiltration,1
396,PAYMENT,422.13,SYNTH_ATOLS_0000105,6542.73,6120.6,SYNTH_ATOLSSINK_0000105,0.0,422.13,1,0,ato_lowandslow_exfiltration,1
431,PAYMENT,368.14,SYNTH_ATOLS_0000105,6120.6,5752.46,SYNTH_ATOLSSINK_0000105,0.0,368.14,1,0,ato_lowandslow_exfiltration,1
435,PAYMENT,308.3,SYNTH_ATOLS_0000106,4037.03,3728.73,SYNTH_ATOLSSINK_0000106,0.0,308.3,1,0,ato_lowandslow_exfiltration,1
459,PAYMENT,274.17,SYNTH_ATOLS_0000106,3728.73,3454.56,SYNTH_ATOLSSINK_0000106,0.0,274.17,1,0,ato_lowandslow_exfiltration,1
484,PAYMENT,274.42,SYNTH_ATOLS_0000106,3454.56,3180.14,SYNTH_ATOLSSINK_0000106,0.0,274.42,1,0,ato_lowandslow_exfiltration,1
507,PAYMENT,267.32,SYNTH_ATOLS_0000106,3180.14,2912.82,SYNTH_ATOLSSINK_0000106,0.0,267.32,1,0,ato_lowandslow_exfiltration,1
535,PAYMENT,280.56,SYNTH_ATOLS_0000106,2912.82,2632.26,SYNTH_ATOLSSINK_0000106,0.0,280.56,1,0,ato_lowandslow_exfiltration,1
559,PAYMENT,282.97,SYNTH_ATOLS_0000106,2632.26,2349.29,SYNTH_ATOLSSINK_0000106,0.0,282.97,1,0,ato_lowandslow_exfiltration,1
585,PAYMENT,300.02,SYNTH_ATOLS_0000106,2349.29,2049.27,SYNTH_ATOLSSINK_0000106,0.0,300.02,1,0,ato_lowandslow_exfiltration,1
206,PAYMENT,276.12,SYNTH_ATOLS_0000107,6746.72,6470.6,SYNTH_ATOLSSINK_0000107,0.0,276.12,1,0,ato_lowandslow_exfiltration,1
233,PAYMENT,280.21,SYNTH_ATOLS_0000107,6470.6,6190.39,SYNTH_ATOLSSINK_0000107,0.0,280.21,1,0,ato_lowandslow_exfiltration,1
257,PAYMENT,255.05,SYNTH_ATOLS_0000107,6190.39,5935.34,SYNTH_ATOLSSINK_0000107,0.0,255.05,1,0,ato_lowandslow_exfiltration,1
282,PAYMENT,242.11,SYNTH_ATOLS_0000107,5935.34,5693.23,SYNTH_ATOLSSINK_0000107,0.0,242.11,1,0,ato_lowandslow_exfiltration,1
533,PAYMENT,391.13,SYNTH_ATOLS_0000108,2308.42,1917.29,SYNTH_ATOLSSINK_0000108,0.0,391.13,1,0,ato_lowandslow_exfiltration,1
570,PAYMENT,378.69,SYNTH_ATOLS_0000108,1917.29,1538.6,SYNTH_ATOLSSINK_0000108,0.0,378.69,1,0,ato_lowandslow_exfiltration,1
611,PAYMENT,371.66,SYNTH_ATOLS_0000108,1538.6,1166.94,SYNTH_ATOLSSINK_0000108,0.0,371.66,1,0,ato_lowandslow_exfiltration,1
645,PAYMENT,368.6,SYNTH_ATOLS_0000108,1166.94,798.34,SYNTH_ATOLSSINK_0000108,0.0,368.6,1,0,ato_lowandslow_exfiltration,1
683,PAYMENT,433.78,SYNTH_ATOLS_0000108,798.34,364.56,SYNTH_ATOLSSINK_0000108,0.0,433.78,1,0,ato_lowandslow_exfiltration,1
424,PAYMENT,260.55,SYNTH_ATOLS_0000109,2448.46,2187.91,SYNTH_ATOLSSINK_0000109,0.0,260.55,1,0,ato_lowandslow_exfiltration,1
452,PAYMENT,220.51,SYNTH_ATOLS_0000109,2187.91,1967.4,SYNTH_ATOLSSINK_0000109,0.0,220.51,1,0,ato_lowandslow_exfiltration,1
483,PAYMENT,246.76,SYNTH_ATOLS_0000109,1967.4,1720.64,SYNTH_ATOLSSINK_0000109,0.0,246.76,1,0,ato_lowandslow_exfiltration,1
508,PAYMENT,223.56,SYNTH_ATOLS_0000109,1720.64,1497.08,SYNTH_ATOLSSINK_0000109,0.0,223.56,1,0,ato_lowandslow_exfiltration,1
109,PAYMENT,111.19,SYNTH_ATOLS_0000110,1645.85,1534.66,SYNTH_ATOLSSINK_0000110,0.0,111.19,1,0,ato_lowandslow_exfiltration,1
141,PAYMENT,98.16,SYNTH_ATOLS_0000110,1534.66,1436.5,SYNTH_ATOLSSINK_0000110,0.0,98.16,1,0,ato_lowandslow_exfiltration,1
176,PAYMENT,108.79,SYNTH_ATOLS_0000110,1436.5,1327.71,SYNTH_ATOLSSINK_0000110,0.0,108.79,1,0,ato_lowandslow_exfiltration,1
214,PAYMENT,116.36,SYNTH_ATOLS_0000110,1327.71,1211.35,SYNTH_ATOLSSINK_0000110,0.0,116.36,1,0,ato_lowandslow_exfiltration,1
248,PAYMENT,103.65,SYNTH_ATOLS_0000110,1211.35,1107.7,SYNTH_ATOLSSINK_0000110,0.0,103.65,1,0,ato_lowandslow_exfiltration,1
281,PAYMENT,107.11,SYNTH_ATOLS_0000110,1107.7,1000.59,SYNTH_ATOLSSINK_0000110,0.0,107.11,1,0,ato_lowandslow_exfiltration,1
400,PAYMENT,271.95,SYNTH_ATOLS_0000111,7850.44,7578.49,SYNTH_ATOLSSINK_0000111,0.0,271.95,1,0,ato_lowandslow_exfiltration,1
433,PAYMENT,250.83,SYNTH_ATOLS_0000111,7578.49,7327.66,SYNTH_ATOLSSINK_0000111,0.0,250.83,1,0,ato_lowandslow_exfiltration,1
460,PAYMENT,278.16,SYNTH_ATOLS_0000111,7327.66,7049.5,SYNTH_ATOLSSINK_0000111,0.0,278.16,1,0,ato_lowandslow_exfiltration,1
493,PAYMENT,235.54,SYNTH_ATOLS_0000111,7049.5,6813.96,SYNTH_ATOLSSINK_0000111,0.0,235.54,1,0,ato_lowandslow_exfiltration,1
350,PAYMENT,336.12,SYNTH_ATOLS_0000112,4670.43,4334.31,SYNTH_ATOLSSINK_0000112,0.0,336.12,1,0,ato_lowandslow_exfiltration,1
377,PAYMENT,346.74,SYNTH_ATOLS_0000112,4334.31,3987.57,SYNTH_ATOLSSINK_0000112,0.0,346.74,1,0,ato_lowandslow_exfiltration,1
399,PAYMENT,371.52,SYNTH_ATOLS_0000112,3987.57,3616.05,SYNTH_ATOLSSINK_0000112,0.0,371.52,1,0,ato_lowandslow_exfiltration,1
422,PAYMENT,326.99,SYNTH_ATOLS_0000112,3616.05,3289.06,SYNTH_ATOLSSINK_0000112,0.0,326.99,1,0,ato_lowandslow_exfiltration,1
134,PAYMENT,254.12,SYNTH_ATOLS_0000113,3502.72,3248.6,SYNTH_ATOLSSINK_0000113,0.0,254.12,1,0,ato_lowandslow_exfiltration,1
171,PAYMENT,223.72,SYNTH_ATOLS_0000113,3248.6,3024.88,SYNTH_ATOLSSINK_0000113,0.0,223.72,1,0,ato_lowandslow_exfiltration,1
208,PAYMENT,236.04,SYNTH_ATOLS_0000113,3024.88,2788.84,SYNTH_ATOLSSINK_0000113,0.0,236.04,1,0,ato_lowandslow_exfiltration,1
243,PAYMENT,220.73,SYNTH_ATOLS_0000113,2788.84,2568.11,SYNTH_ATOLSSINK_0000113,0.0,220.73,1,0,ato_lowandslow_exfiltration,1
278,PAYMENT,246.67,SYNTH_ATOLS_0000113,2568.11,2321.44,SYNTH_ATOLSSINK_0000113,0.0,246.67,1,0,ato_lowandslow_exfiltration,1
314,PAYMENT,234.55,SYNTH_ATOLS_0000113,2321.44,2086.89,SYNTH_ATOLSSINK_0000113,0.0,234.55,1,0,ato_lowandslow_exfiltration,1
211,PAYMENT,201.06,SYNTH_ATOLS_0000114,3650.08,3449.02,SYNTH_ATOLSSINK_0000114,0.0,201.06,1,0,ato_lowandslow_exfiltration,1
245,PAYMENT,198.68,SYNTH_ATOLS_0000114,3449.02,3250.34,SYNTH_ATOLSSINK_0000114,0.0,198.68,1,0,ato_lowandslow_exfiltration,1
272,PAYMENT,198.36,SYNTH_ATOLS_0000114,3250.34,3051.98,SYNTH_ATOLSSINK_0000114,0.0,198.36,1,0,ato_lowandslow_exfiltration,1
305,PAYMENT,198.62,SYNTH_ATOLS_0000114,3051.98,2853.36,SYNTH_ATOLSSINK_0000114,0.0,198.62,1,0,ato_lowandslow_exfiltration,1
337,PAYMENT,197.24,SYNTH_ATOLS_0000114,2853.36,2656.12,SYNTH_ATOLSSINK_0000114,0.0,197.24,1,0,ato_lowandslow_exfiltration,1
470,PAYMENT,251.04,SYNTH_ATOLS_0000115,4759.96,4508.92,SYNTH_ATOLSSINK_0000115,0.0,251.04,1,0,ato_lowandslow_exfiltration,1
492,PAYMENT,281.83,SYNTH_ATOLS_0000115,4508.92,4227.09,SYNTH_ATOLSSINK_0000115,0.0,281.83,1,0,ato_lowandslow_exfiltration,1
512,PAYMENT,275.92,SYNTH_ATOLS_0000115,4227.09,3951.17,SYNTH_ATOLSSINK_0000115,0.0,275.92,1,0,ato_lowandslow_exfiltration,1
530,PAYMENT,271.56,SYNTH_ATOLS_0000115,3951.17,3679.61,SYNTH_ATOLSSINK_0000115,0.0,271.56,1,0,ato_lowandslow_exfiltration,1
269,PAYMENT,210.11,SYNTH_ATOLS_0000116,7500.66,7290.55,SYNTH_ATOLSSINK_0000116,0.0,210.11,1,0,ato_lowandslow_exfiltration,1
306,PAYMENT,208.3,SYNTH_ATOLS_0000116,7290.55,7082.25,SYNTH_ATOLSSINK_0000116,0.0,208.3,1,0,ato_lowandslow_exfiltration,1
345,PAYMENT,240.0,SYNTH_ATOLS_0000116,7082.25,6842.25,SYNTH_ATOLSSINK_0000116,0.0,240.0,1,0,ato_lowandslow_exfiltration,1
381,PAYMENT,234.1,SYNTH_ATOLS_0000116,6842.25,6608.15,SYNTH_ATOLSSINK_0000116,0.0,234.1,1,0,ato_lowandslow_exfiltration,1
414,PAYMENT,234.5,SYNTH_ATOLS_0000116,6608.15,6373.65,SYNTH_ATOLSSINK_0000116,0.0,234.5,1,0,ato_lowandslow_exfiltration,1
468,PAYMENT,247.2,SYNTH_ATOLS_0000117,4500.62,4253.42,SYNTH_ATOLSSINK_0000117,0.0,247.2,1,0,ato_lowandslow_exfiltration,1
506,PAYMENT,234.18,SYNTH_ATOLS_0000117,4253.42,4019.24,SYNTH_ATOLSSINK_0000117,0.0,234.18,1,0,ato_lowandslow_exfiltration,1
542,PAYMENT,232.63,SYNTH_ATOLS_0000117,4019.24,3786.61,SYNTH_ATOLSSINK_0000117,0.0,232.63,1,0,ato_lowandslow_exfiltration,1
578,PAYMENT,234.22,SYNTH_ATOLS_0000117,3786.61,3552.39,SYNTH_ATOLSSINK_0000117,0.0,234.22,1,0,ato_lowandslow_exfiltration,1
615,PAYMENT,261.09,SYNTH_ATOLS_0000117,3552.39,3291.3,SYNTH_ATOLSSINK_0000117,0.0,261.09,1,0,ato_lowandslow_exfiltration,1
400,PAYMENT,399.97,SYNTH_ATOLS_0000118,4101.02,3701.05,SYNTH_ATOLSSINK_0000118,0.0,399.97,1,0,ato_lowandslow_exfiltration,1
440,PAYMENT,422.52,SYNTH_ATOLS_0000118,3701.05,3278.53,SYNTH_ATOLSSINK_0000118,0.0,422.52,1,0,ato_lowandslow_exfiltration,1
479,PAYMENT,373.76,SYNTH_ATOLS_0000118,3278.53,2904.77,SYNTH_ATOLSSINK_0000118,0.0,373.76,1,0,ato_lowandslow_exfiltration,1
515,PAYMENT,415.89,SYNTH_ATOLS_0000118,2904.77,2488.88,SYNTH_ATOLSSINK_0000118,0.0,415.89,1,0,ato_lowandslow_exfiltration,1
557,PAYMENT,378.86,SYNTH_ATOLS_0000118,2488.88,2110.02,SYNTH_ATOLSSINK_0000118,0.0,378.86,1,0,ato_lowandslow_exfiltration,1
596,PAYMENT,407.53,SYNTH_ATOLS_0000118,2110.02,1702.49,SYNTH_ATOLSSINK_0000118,0.0,407.53,1,0,ato_lowandslow_exfiltration,1
247,PAYMENT,280.72,SYNTH_ATOLS_0000119,3568.21,3287.49,SYNTH_ATOLSSINK_0000119,0.0,280.72,1,0,ato_lowandslow_exfiltration,1
269,PAYMENT,303.67,SYNTH_ATOLS_0000119,3287.49,2983.82,SYNTH_ATOLSSINK_0000119,0.0,303.67,1,0,ato_lowandslow_exfiltration,1
290,PAYMENT,287.18,SYNTH_ATOLS_0000119,2983.82,2696.64,SYNTH_ATOLSSINK_0000119,0.0,287.18,1,0,ato_lowandslow_exfiltration,1
311,PAYMENT,306.41,SYNTH_ATOLS_0000119,2696.64,2390.23,SYNTH_ATOLSSINK_0000119,0.0,306.41,1,0,ato_lowandslow_exfiltration,1
331,PAYMENT,309.25,SYNTH_ATOLS_0000119,2390.23,2080.98,SYNTH_ATOLSSINK_0000119,0.0,309.25,1,0,ato_lowandslow_exfiltration,1
348,PAYMENT,308.78,SYNTH_ATOLS_0000119,2080.98,1772.2,SYNTH_ATOLSSINK_0000119,0.0,308.78,1,0,ato_lowandslow_exfiltration,1
249,PAYMENT,284.41,SYNTH_ATOLS_0000120,4271.29,3986.88,SYNTH_ATOLSSINK_0000120,0.0,284.41,1,0,ato_lowandslow_exfiltration,1
268,PAYMENT,269.06,SYNTH_ATOLS_0000120,3986.88,3717.82,SYNTH_ATOLSSINK_0000120,0.0,269.06,1,0,ato_lowandslow_exfiltration,1
294,PAYMENT,269.12,SYNTH_ATOLS_0000120,3717.82,3448.7,SYNTH_ATOLSSINK_0000120,0.0,269.12,1,0,ato_lowandslow_exfiltration,1
313,PAYMENT,311.73,SYNTH_ATOLS_0000120,3448.7,3136.97,SYNTH_ATOLSSINK_0000120,0.0,311.73,1,0,ato_lowandslow_exfiltration,1
335,PAYMENT,302.75,SYNTH_ATOLS_0000120,3136.97,2834.22,SYNTH_ATOLSSINK_0000120,0.0,302.75,1,0,ato_lowandslow_exfiltration,1
357,PAYMENT,281.91,SYNTH_ATOLS_0000120,2834.22,2552.31,SYNTH_ATOLSSINK_0000120,0.0,281.91,1,0,ato_lowandslow_exfiltration,1
451,PAYMENT,293.56,SYNTH_ATOLS_0000121,2757.28,2463.72,SYNTH_ATOLSSINK_0000121,0.0,293.56,1,0,ato_lowandslow_exfiltration,1
475,PAYMENT,279.98,SYNTH_ATOLS_0000121,2463.72,2183.74,SYNTH_ATOLSSINK_0000121,0.0,279.98,1,0,ato_lowandslow_exfiltration,1
499,PAYMENT,275.82,SYNTH_ATOLS_0000121,2183.74,1907.92,SYNTH_ATOLSSINK_0000121,0.0,275.82,1,0,ato_lowandslow_exfiltration,1
523,PAYMENT,297.42,SYNTH_ATOLS_0000121,1907.92,1610.5,SYNTH_ATOLSSINK_0000121,0.0,297.42,1,0,ato_lowandslow_exfiltration,1
214,PAYMENT,490.33,SYNTH_ATOLS_0000122,2059.99,1569.66,SYNTH_ATOLSSINK_0000122,0.0,490.33,1,0,ato_lowandslow_exfiltration,1
234,PAYMENT,452.43,SYNTH_ATOLS_0000122,1569.66,1117.23,SYNTH_ATOLSSINK_0000122,0.0,452.43,1,0,ato_lowandslow_exfiltration,1
252,PAYMENT,428.47,SYNTH_ATOLS_0000122,1117.23,688.76,SYNTH_ATOLSSINK_0000122,0.0,428.47,1,0,ato_lowandslow_exfiltration,1
266,PAYMENT,439.93,SYNTH_ATOLS_0000122,688.76,248.83,SYNTH_ATOLSSINK_0000122,0.0,439.93,1,0,ato_lowandslow_exfiltration,1
382,PAYMENT,317.61,SYNTH_ATOLS_0000123,3257.05,2939.44,SYNTH_ATOLSSINK_0000123,0.0,317.61,1,0,ato_lowandslow_exfiltration,1
415,PAYMENT,289.02,SYNTH_ATOLS_0000123,2939.44,2650.42,SYNTH_ATOLSSINK_0000123,0.0,289.02,1,0,ato_lowandslow_exfiltration,1
448,PAYMENT,326.98,SYNTH_ATOLS_0000123,2650.42,2323.44,SYNTH_ATOLSSINK_0000123,0.0,326.98,1,0,ato_lowandslow_exfiltration,1
485,PAYMENT,288.38,SYNTH_ATOLS_0000123,2323.44,2035.06,SYNTH_ATOLSSINK_0000123,0.0,288.38,1,0,ato_lowandslow_exfiltration,1
594,PAYMENT,351.37,SYNTH_ATOLS_0000124,4786.47,4435.1,SYNTH_ATOLSSINK_0000124,0.0,351.37,1,0,ato_lowandslow_exfiltration,1
623,PAYMENT,309.96,SYNTH_ATOLS_0000124,4435.1,4125.14,SYNTH_ATOLSSINK_0000124,0.0,309.96,1,0,ato_lowandslow_exfiltration,1
653,PAYMENT,320.0,SYNTH_ATOLS_0000124,4125.14,3805.14,SYNTH_ATOLSSINK_0000124,0.0,320.0,1,0,ato_lowandslow_exfiltration,1
683,PAYMENT,356.61,SYNTH_ATOLS_0000124,3805.14,3448.53,SYNTH_ATOLSSINK_0000124,0.0,356.61,1,0,ato_lowandslow_exfiltration,1
250,PAYMENT,243.59,SYNTH_ATOLS_0000125,3188.68,2945.09,SYNTH_ATOLSSINK_0000125,0.0,243.59,1,0,ato_lowandslow_exfiltration,1
286,PAYMENT,209.82,SYNTH_ATOLS_0000125,2945.09,2735.27,SYNTH_ATOLSSINK_0000125,0.0,209.82,1,0,ato_lowandslow_exfiltration,1
318,PAYMENT,235.43,SYNTH_ATOLS_0000125,2735.27,2499.84,SYNTH_ATOLSSINK_0000125,0.0,235.43,1,0,ato_lowandslow_exfiltration,1
354,PAYMENT,224.07,SYNTH_ATOLS_0000125,2499.84,2275.77,SYNTH_ATOLSSINK_0000125,0.0,224.07,1,0,ato_lowandslow_exfiltration,1
392,PAYMENT,206.94,SYNTH_ATOLS_0000125,2275.77,2068.83,SYNTH_ATOLSSINK_0000125,0.0,206.94,1,0,ato_lowandslow_exfiltration,1
425,PAYMENT,239.8,SYNTH_ATOLS_0000125,2068.83,1829.03,SYNTH_ATOLSSINK_0000125,0.0,239.8,1,0,ato_lowandslow_exfiltration,1
458,PAYMENT,204.83,SYNTH_ATOLS_0000125,1829.03,1624.2,SYNTH_ATOLSSINK_0000125,0.0,204.83,1,0,ato_lowandslow_exfiltration,1
452,PAYMENT,299.76,SYNTH_ATOLS_0000126,4193.88,3894.12,SYNTH_ATOLSSINK_0000126,0.0,299.76,1,0,ato_lowandslow_exfiltration,1
480,PAYMENT,311.31,SYNTH_ATOLS_0000126,3894.12,3582.81,SYNTH_ATOLSSINK_0000126,0.0,311.31,1,0,ato_lowandslow_exfiltration,1
503,PAYMENT,340.81,SYNTH_ATOLS_0000126,3582.81,3242.0,SYNTH_ATOLSSINK_0000126,0.0,340.81,1,0,ato_lowandslow_exfiltration,1
532,PAYMENT,301.34,SYNTH_ATOLS_0000126,3242.0,2940.66,SYNTH_ATOLSSINK_0000126,0.0,301.34,1,0,ato_lowandslow_exfiltration,1
558,PAYMENT,348.3,SYNTH_ATOLS_0000126,2940.66,2592.36,SYNTH_ATOLSSINK_0000126,0.0,348.3,1,0,ato_lowandslow_exfiltration,1
582,PAYMENT,323.17,SYNTH_ATOLS_0000126,2592.36,2269.19,SYNTH_ATOLSSINK_0000126,0.0,323.17,1,0,ato_lowandslow_exfiltration,1
611,PAYMENT,303.15,SYNTH_ATOLS_0000126,2269.19,1966.04,SYNTH_ATOLSSINK_0000126,0.0,303.15,1,0,ato_lowandslow_exfiltration,1
318,PAYMENT,329.0,SYNTH_ATOLS_0000127,1407.03,1078.03,SYNTH_ATOLSSINK_0000127,0.0,329.0,1,0,ato_lowandslow_exfiltration,1
352,PAYMENT,318.56,SYNTH_ATOLS_0000127,1078.03,759.47,SYNTH_ATOLSSINK_0000127,0.0,318.56,1,0,ato_lowandslow_exfiltration,1
386,PAYMENT,330.04,SYNTH_ATOLS_0000127,759.47,429.43,SYNTH_ATOLSSINK_0000127,0.0,330.04,1,0,ato_lowandslow_exfiltration,1
419,PAYMENT,335.12,SYNTH_ATOLS_0000127,429.43,94.31,SYNTH_ATOLSSINK_0000127,0.0,335.12,1,0,ato_lowandslow_exfiltration,1
450,PAYMENT,323.22,SYNTH_ATOLS_0000127,94.31,0.0,SYNTH_ATOLSSINK_0000127,0.0,323.22,1,0,ato_lowandslow_exfiltration,1
488,PAYMENT,323.74,SYNTH_ATOLS_0000127,0.0,0.0,SYNTH_ATOLSSINK_0000127,0.0,323.74,1,0,ato_lowandslow_exfiltration,1
521,PAYMENT,291.66,SYNTH_ATOLS_0000127,0.0,0.0,SYNTH_ATOLSSINK_0000127,0.0,291.66,1,0,ato_lowandslow_exfiltration,1
606,PAYMENT,335.66,SYNTH_ATOLS_0000128,4107.73,3772.07,SYNTH_ATOLSSINK_0000128,0.0,335.66,1,0,ato_lowandslow_exfiltration,1
647,PAYMENT,330.41,SYNTH_ATOLS_0000128,3772.07,3441.66,SYNTH_ATOLSSINK_0000128,0.0,330.41,1,0,ato_lowandslow_exfiltration,1
685,PAYMENT,373.91,SYNTH_ATOLS_0000128,3441.66,3067.75,SYNTH_ATOLSSINK_0000128,0.0,373.91,1,0,ato_lowandslow_exfiltration,1
726,PAYMENT,349.16,SYNTH_ATOLS_0000128,3067.75,2718.59,SYNTH_ATOLSSINK_0000128,0.0,349.16,1,0,ato_lowandslow_exfiltration,1
765,PAYMENT,375.09,SYNTH_ATOLS_0000128,2718.59,2343.5,SYNTH_ATOLSSINK_0000128,0.0,375.09,1,0,ato_lowandslow_exfiltration,1
692,PAYMENT,179.62,SYNTH_ATOLS_0000129,3354.5,3174.88,SYNTH_ATOLSSINK_0000129,0.0,179.62,1,0,ato_lowandslow_exfiltration,1
709,PAYMENT,180.54,SYNTH_ATOLS_0000129,3174.88,2994.34,SYNTH_ATOLSSINK_0000129,0.0,180.54,1,0,ato_lowandslow_exfiltration,1
727,PAYMENT,179.01,SYNTH_ATOLS_0000129,2994.34,2815.33,SYNTH_ATOLSSINK_0000129,0.0,179.01,1,0,ato_lowandslow_exfiltration,1
744,PAYMENT,183.01,SYNTH_ATOLS_0000129,2815.33,2632.32,SYNTH_ATOLSSINK_0000129,0.0,183.01,1,0,ato_lowandslow_exfiltration,1
522,PAYMENT,224.69,SYNTH_ATOLS_0000130,1622.54,1397.85,SYNTH_ATOLSSINK_0000130,0.0,224.69,1,0,ato_lowandslow_exfiltration,1
558,PAYMENT,256.46,SYNTH_ATOLS_0000130,1397.85,1141.39,SYNTH_ATOLSSINK_0000130,0.0,256.46,1,0,ato_lowandslow_exfiltration,1
590,PAYMENT,235.19,SYNTH_ATOLS_0000130,1141.39,906.2,SYNTH_ATOLSSINK_0000130,0.0,235.19,1,0,ato_lowandslow_exfiltration,1
623,PAYMENT,227.84,SYNTH_ATOLS_0000130,906.2,678.36,SYNTH_ATOLSSINK_0000130,0.0,227.84,1,0,ato_lowandslow_exfiltration,1
369,PAYMENT,189.65,SYNTH_ATOLS_0000131,2563.23,2373.58,SYNTH_ATOLSSINK_0000131,0.0,189.65,1,0,ato_lowandslow_exfiltration,1
390,PAYMENT,191.53,SYNTH_ATOLS_0000131,2373.58,2182.05,SYNTH_ATOLSSINK_0000131,0.0,191.53,1,0,ato_lowandslow_exfiltration,1
410,PAYMENT,180.78,SYNTH_ATOLS_0000131,2182.05,2001.27,SYNTH_ATOLSSINK_0000131,0.0,180.78,1,0,ato_lowandslow_exfiltration,1
432,PAYMENT,202.66,SYNTH_ATOLS_0000131,2001.27,1798.61,SYNTH_ATOLSSINK_0000131,0.0,202.66,1,0,ato_lowandslow_exfiltration,1
455,PAYMENT,210.12,SYNTH_ATOLS_0000131,1798.61,1588.49,SYNTH_ATOLSSINK_0000131,0.0,210.12,1,0,ato_lowandslow_exfiltration,1
280,PAYMENT,446.46,SYNTH_ATOLS_0000132,4433.92,3987.46,SYNTH_ATOLSSINK_0000132,0.0,446.46,1,0,ato_lowandslow_exfiltration,1
318,PAYMENT,408.82,SYNTH_ATOLS_0000132,3987.46,3578.64,SYNTH_ATOLSSINK_0000132,0.0,408.82,1,0,ato_lowandslow_exfiltration,1
356,PAYMENT,424.7,SYNTH_ATOLS_0000132,3578.64,3153.94,SYNTH_ATOLSSINK_0000132,0.0,424.7,1,0,ato_lowandslow_exfiltration,1
392,PAYMENT,443.56,SYNTH_ATOLS_0000132,3153.94,2710.38,SYNTH_ATOLSSINK_0000132,0.0,443.56,1,0,ato_lowandslow_exfiltration,1
480,PAYMENT,316.12,SYNTH_ATOLS_0000133,3136.27,2820.15,SYNTH_ATOLSSINK_0000133,0.0,316.12,1,0,ato_lowandslow_exfiltration,1
512,PAYMENT,306.03,SYNTH_ATOLS_0000133,2820.15,2514.12,SYNTH_ATOLSSINK_0000133,0.0,306.03,1,0,ato_lowandslow_exfiltration,1
548,PAYMENT,324.41,SYNTH_ATOLS_0000133,2514.12,2189.71,SYNTH_ATOLSSINK_0000133,0.0,324.41,1,0,ato_lowandslow_exfiltration,1
580,PAYMENT,292.2,SYNTH_ATOLS_0000133,2189.71,1897.51,SYNTH_ATOLSSINK_0000133,0.0,292.2,1,0,ato_lowandslow_exfiltration,1
423,PAYMENT,377.61,SYNTH_ATOLS_0000134,9096.48,8718.87,SYNTH_ATOLSSINK_0000134,0.0,377.61,1,0,ato_lowandslow_exfiltration,1
462,PAYMENT,402.1,SYNTH_ATOLS_0000134,8718.87,8316.77,SYNTH_ATOLSSINK_0000134,0.0,402.1,1,0,ato_lowandslow_exfiltration,1
496,PAYMENT,340.11,SYNTH_ATOLS_0000134,8316.77,7976.66,SYNTH_ATOLSSINK_0000134,0.0,340.11,1,0,ato_lowandslow_exfiltration,1
535,PAYMENT,388.85,SYNTH_ATOLS_0000134,7976.66,7587.81,SYNTH_ATOLSSINK_0000134,0.0,388.85,1,0,ato_lowandslow_exfiltration,1
570,PAYMENT,357.5,SYNTH_ATOLS_0000134,7587.81,7230.31,SYNTH_ATOLSSINK_0000134,0.0,357.5,1,0,ato_lowandslow_exfiltration,1
604,PAYMENT,358.38,SYNTH_ATOLS_0000134,7230.31,6871.93,SYNTH_ATOLSSINK_0000134,0.0,358.38,1,0,ato_lowandslow_exfiltration,1
640,PAYMENT,401.69,SYNTH_ATOLS_0000134,6871.93,6470.24,SYNTH_ATOLSSINK_0000134,0.0,401.69,1,0,ato_lowandslow_exfiltration,1
412,PAYMENT,337.17,SYNTH_ATOLS_0000135,4066.34,3729.17,SYNTH_ATOLSSINK_0000135,0.0,337.17,1,0,ato_lowandslow_exfiltration,1
435,PAYMENT,299.96,SYNTH_ATOLS_0000135,3729.17,3429.21,SYNTH_ATOLSSINK_0000135,0.0,299.96,1,0,ato_lowandslow_exfiltration,1
466,PAYMENT,306.53,SYNTH_ATOLS_0000135,3429.21,3122.68,SYNTH_ATOLSSINK_0000135,0.0,306.53,1,0,ato_lowandslow_exfiltration,1
493,PAYMENT,297.08,SYNTH_ATOLS_0000135,3122.68,2825.6,SYNTH_ATOLSSINK_0000135,0.0,297.08,1,0,ato_lowandslow_exfiltration,1
520,PAYMENT,301.78,SYNTH_ATOLS_0000135,2825.6,2523.82,SYNTH_ATOLSSINK_0000135,0.0,301.78,1,0,ato_lowandslow_exfiltration,1
596,PAYMENT,250.41,SYNTH_ATOLS_0000136,4628.98,4378.57,SYNTH_ATOLSSINK_0000136,0.0,250.41,1,0,ato_lowandslow_exfiltration,1
617,PAYMENT,259.84,SYNTH_ATOLS_0000136,4378.57,4118.73,SYNTH_ATOLSSINK_0000136,0.0,259.84,1,0,ato_lowandslow_exfiltration,1
632,PAYMENT,228.54,SYNTH_ATOLS_0000136,4118.73,3890.19,SYNTH_ATOLSSINK_0000136,0.0,228.54,1,0,ato_lowandslow_exfiltration,1
652,PAYMENT,260.85,SYNTH_ATOLS_0000136,3890.19,3629.34,SYNTH_ATOLSSINK_0000136,0.0,260.85,1,0,ato_lowandslow_exfiltration,1
669,PAYMENT,228.81,SYNTH_ATOLS_0000136,3629.34,3400.53,SYNTH_ATOLSSINK_0000136,0.0,228.81,1,0,ato_lowandslow_exfiltration,1
313,PAYMENT,264.67,SYNTH_ATOLS_0000137,12465.33,12200.66,SYNTH_ATOLSSINK_0000137,0.0,264.67,1,0,ato_lowandslow_exfiltration,1
332,PAYMENT,228.16,SYNTH_ATOLS_0000137,12200.66,11972.5,SYNTH_ATOLSSINK_0000137,0.0,228.16,1,0,ato_lowandslow_exfiltration,1
350,PAYMENT,228.31,SYNTH_ATOLS_0000137,11972.5,11744.19,SYNTH_ATOLSSINK_0000137,0.0,228.31,1,0,ato_lowandslow_exfiltration,1
365,PAYMENT,218.92,SYNTH_ATOLS_0000137,11744.19,11525.27,SYNTH_ATOLSSINK_0000137,0.0,218.92,1,0,ato_lowandslow_exfiltration,1
618,PAYMENT,300.49,SYNTH_ATOLS_0000138,5606.4,5305.91,SYNTH_ATOLSSINK_0000138,0.0,300.49,1,0,ato_lowandslow_exfiltration,1
643,PAYMENT,285.5,SYNTH_ATOLS_0000138,5305.91,5020.41,SYNTH_ATOLSSINK_0000138,0.0,285.5,1,0,ato_lowandslow_exfiltration,1
674,PAYMENT,315.13,SYNTH_ATOLS_0000138,5020.41,4705.28,SYNTH_ATOLSSINK_0000138,0.0,315.13,1,0,ato_lowandslow_exfiltration,1
700,PAYMENT,293.9,SYNTH_ATOLS_0000138,4705.28,4411.38,SYNTH_ATOLSSINK_0000138,0.0,293.9,1,0,ato_lowandslow_exfiltration,1
726,PAYMENT,313.83,SYNTH_ATOLS_0000138,4411.38,4097.55,SYNTH_ATOLSSINK_0000138,0.0,313.83,1,0,ato_lowandslow_exfiltration,1
752,PAYMENT,320.71,SYNTH_ATOLS_0000138,4097.55,3776.84,SYNTH_ATOLSSINK_0000138,0.0,320.71,1,0,ato_lowandslow_exfiltration,1
778,PAYMENT,274.55,SYNTH_ATOLS_0000138,3776.84,3502.29,SYNTH_ATOLSSINK_0000138,0.0,274.55,1,0,ato_lowandslow_exfiltration,1
164,PAYMENT,273.34,SYNTH_ATOLS_0000139,4686.67,4413.33,SYNTH_ATOLSSINK_0000139,0.0,273.34,1,0,ato_lowandslow_exfiltration,1
181,PAYMENT,256.53,SYNTH_ATOLS_0000139,4413.33,4156.8,SYNTH_ATOLSSINK_0000139,0.0,256.53,1,0,ato_lowandslow_exfiltration,1
198,PAYMENT,301.47,SYNTH_ATOLS_0000139,4156.8,3855.33,SYNTH_ATOLSSINK_0000139,0.0,301.47,1,0,ato_lowandslow_exfiltration,1
215,PAYMENT,272.08,SYNTH_ATOLS_0000139,3855.33,3583.25,SYNTH_ATOLSSINK_0000139,0.0,272.08,1,0,ato_lowandslow_exfiltration,1
234,PAYMENT,278.67,SYNTH_ATOLS_0000139,3583.25,3304.58,SYNTH_ATOLSSINK_0000139,0.0,278.67,1,0,ato_lowandslow_exfiltration,1
461,PAYMENT,427.95,SYNTH_ATOLS_0000140,6891.47,6463.52,SYNTH_ATOLSSINK_0000140,0.0,427.95,1,0,ato_lowandslow_exfiltration,1
484,PAYMENT,425.93,SYNTH_ATOLS_0000140,6463.52,6037.59,SYNTH_ATOLSSINK_0000140,0.0,425.93,1,0,ato_lowandslow_exfiltration,1
502,PAYMENT,373.05,SYNTH_ATOLS_0000140,6037.59,5664.54,SYNTH_ATOLSSINK_0000140,0.0,373.05,1,0,ato_lowandslow_exfiltration,1
524,PAYMENT,416.1,SYNTH_ATOLS_0000140,5664.54,5248.44,SYNTH_ATOLSSINK_0000140,0.0,416.1,1,0,ato_lowandslow_exfiltration,1
545,PAYMENT,415.58,SYNTH_ATOLS_0000140,5248.44,4832.86,SYNTH_ATOLSSINK_0000140,0.0,415.58,1,0,ato_lowandslow_exfiltration,1
85,PAYMENT,180.61,SYNTH_ATOLS_0000141,11988.35,11807.74,SYNTH_ATOLSSINK_0000141,0.0,180.61,1,0,ato_lowandslow_exfiltration,1
121,PAYMENT,198.51,SYNTH_ATOLS_0000141,11807.74,11609.23,SYNTH_ATOLSSINK_0000141,0.0,198.51,1,0,ato_lowandslow_exfiltration,1
152,PAYMENT,188.12,SYNTH_ATOLS_0000141,11609.23,11421.11,SYNTH_ATOLSSINK_0000141,0.0,188.12,1,0,ato_lowandslow_exfiltration,1
189,PAYMENT,189.57,SYNTH_ATOLS_0000141,11421.11,11231.54,SYNTH_ATOLSSINK_0000141,0.0,189.57,1,0,ato_lowandslow_exfiltration,1
224,PAYMENT,197.23,SYNTH_ATOLS_0000141,11231.54,11034.31,SYNTH_ATOLSSINK_0000141,0.0,197.23,1,0,ato_lowandslow_exfiltration,1
527,PAYMENT,419.81,SYNTH_ATOLS_0000142,2571.52,2151.71,SYNTH_ATOLSSINK_0000142,0.0,419.81,1,0,ato_lowandslow_exfiltration,1
553,PAYMENT,372.33,SYNTH_ATOLS_0000142,2151.71,1779.38,SYNTH_ATOLSSINK_0000142,0.0,372.33,1,0,ato_lowandslow_exfiltration,1
575,PAYMENT,427.55,SYNTH_ATOLS_0000142,1779.38,1351.83,SYNTH_ATOLSSINK_0000142,0.0,427.55,1,0,ato_lowandslow_exfiltration,1
598,PAYMENT,420.67,SYNTH_ATOLS_0000142,1351.83,931.16,SYNTH_ATOLSSINK_0000142,0.0,420.67,1,0,ato_lowandslow_exfiltration,1
674,PAYMENT,325.1,SYNTH_ATOLS_0000143,10227.99,9902.89,SYNTH_ATOLSSINK_0000143,0.0,325.1,1,0,ato_lowandslow_exfiltration,1
707,PAYMENT,378.37,SYNTH_ATOLS_0000143,9902.89,9524.52,SYNTH_ATOLSSINK_0000143,0.0,378.37,1,0,ato_lowandslow_exfiltration,1
742,PAYMENT,339.5,SYNTH_ATOLS_0000143,9524.52,9185.02,SYNTH_ATOLSSINK_0000143,0.0,339.5,1,0,ato_lowandslow_exfiltration,1
777,PAYMENT,346.71,SYNTH_ATOLS_0000143,9185.02,8838.31,SYNTH_ATOLSSINK_0000143,0.0,346.71,1,0,ato_lowandslow_exfiltration,1
811,PAYMENT,355.12,SYNTH_ATOLS_0000143,8838.31,8483.19,SYNTH_ATOLSSINK_0000143,0.0,355.12,1,0,ato_lowandslow_exfiltration,1
195,PAYMENT,311.92,SYNTH_ATOLS_0000144,4223.65,3911.73,SYNTH_ATOLSSINK_0000144,0.0,311.92,1,0,ato_lowandslow_exfiltration,1
234,PAYMENT,296.57,SYNTH_ATOLS_0000144,3911.73,3615.16,SYNTH_ATOLSSINK_0000144,0.0,296.57,1,0,ato_lowandslow_exfiltration,1
268,PAYMENT,360.24,SYNTH_ATOLS_0000144,3615.16,3254.92,SYNTH_ATOLSSINK_0000144,0.0,360.24,1,0,ato_lowandslow_exfiltration,1
304,PAYMENT,338.84,SYNTH_ATOLS_0000144,3254.92,2916.08,SYNTH_ATOLSSINK_0000144,0.0,338.84,1,0,ato_lowandslow_exfiltration,1
341,PAYMENT,350.93,SYNTH_ATOLS_0000144,2916.08,2565.15,SYNTH_ATOLSSINK_0000144,0.0,350.93,1,0,ato_lowandslow_exfiltration,1
375,PAYMENT,350.85,SYNTH_ATOLS_0000144,2565.15,2214.3,SYNTH_ATOLSSINK_0000144,0.0,350.85,1,0,ato_lowandslow_exfiltration,1
414,PAYMENT,296.03,SYNTH_ATOLS_0000144,2214.3,1918.27,SYNTH_ATOLSSINK_0000144,0.0,296.03,1,0,ato_lowandslow_exfiltration,1
249,PAYMENT,138.33,SYNTH_ATOLS_0000145,6170.92,6032.59,SYNTH_ATOLSSINK_0000145,0.0,138.33,1,0,ato_lowandslow_exfiltration,1
268,PAYMENT,145.56,SYNTH_ATOLS_0000145,6032.59,5887.03,SYNTH_ATOLSSINK_0000145,0.0,145.56,1,0,ato_lowandslow_exfiltration,1
289,PAYMENT,151.12,SYNTH_ATOLS_0000145,5887.03,5735.91,SYNTH_ATOLSSINK_0000145,0.0,151.12,1,0,ato_lowandslow_exfiltration,1
308,PAYMENT,130.13,SYNTH_ATOLS_0000145,5735.91,5605.78,SYNTH_ATOLSSINK_0000145,0.0,130.13,1,0,ato_lowandslow_exfiltration,1
327,PAYMENT,130.3,SYNTH_ATOLS_0000145,5605.78,5475.48,SYNTH_ATOLSSINK_0000145,0.0,130.3,1,0,ato_lowandslow_exfiltration,1
569,PAYMENT,327.09,SYNTH_ATOLS_0000146,4268.6,3941.51,SYNTH_ATOLSSINK_0000146,0.0,327.09,1,0,ato_lowandslow_exfiltration,1
600,PAYMENT,325.0,SYNTH_ATOLS_0000146,3941.51,3616.51,SYNTH_ATOLSSINK_0000146,0.0,325.0,1,0,ato_lowandslow_exfiltration,1
629,PAYMENT,347.36,SYNTH_ATOLS_0000146,3616.51,3269.15,SYNTH_ATOLSSINK_0000146,0.0,347.36,1,0,ato_lowandslow_exfiltration,1
658,PAYMENT,360.07,SYNTH_ATOLS_0000146,3269.15,2909.08,SYNTH_ATOLSSINK_0000146,0.0,360.07,1,0,ato_lowandslow_exfiltration,1
685,PAYMENT,329.27,SYNTH_ATOLS_0000146,2909.08,2579.81,SYNTH_ATOLSSINK_0000146,0.0,329.27,1,0,ato_lowandslow_exfiltration,1
714,PAYMENT,382.28,SYNTH_ATOLS_0000146,2579.81,2197.53,SYNTH_ATOLSSINK_0000146,0.0,382.28,1,0,ato_lowandslow_exfiltration,1
531,PAYMENT,379.66,SYNTH_ATOLS_0000147,9371.06,8991.4,SYNTH_ATOLSSINK_0000147,0.0,379.66,1,0,ato_lowandslow_exfiltration,1
558,PAYMENT,312.48,SYNTH_ATOLS_0000147,8991.4,8678.92,SYNTH_ATOLSSINK_0000147,0.0,312.48,1,0,ato_lowandslow_exfiltration,1
584,PAYMENT,346.07,SYNTH_ATOLS_0000147,8678.92,8332.85,SYNTH_ATOLSSINK_0000147,0.0,346.07,1,0,ato_lowandslow_exfiltration,1
609,PAYMENT,329.58,SYNTH_ATOLS_0000147,8332.85,8003.27,SYNTH_ATOLSSINK_0000147,0.0,329.58,1,0,ato_lowandslow_exfiltration,1
427,PAYMENT,169.15,SYNTH_ATOLS_0000148,12920.11,12750.96,SYNTH_ATOLSSINK_0000148,0.0,169.15,1,0,ato_lowandslow_exfiltration,1
464,PAYMENT,184.19,SYNTH_ATOLS_0000148,12750.96,12566.77,SYNTH_ATOLSSINK_0000148,0.0,184.19,1,0,ato_lowandslow_exfiltration,1
507,PAYMENT,181.25,SYNTH_ATOLS_0000148,12566.77,12385.52,SYNTH_ATOLSSINK_0000148,0.0,181.25,1,0,ato_lowandslow_exfiltration,1
545,PAYMENT,195.25,SYNTH_ATOLS_0000148,12385.52,12190.27,SYNTH_ATOLSSINK_0000148,0.0,195.25,1,0,ato_lowandslow_exfiltration,1
581,PAYMENT,171.87,SYNTH_ATOLS_0000148,12190.27,12018.4,SYNTH_ATOLSSINK_0000148,0.0,171.87,1,0,ato_lowandslow_exfiltration,1
157,PAYMENT,272.84,SYNTH_ATOLS_0000149,2873.1,2600.26,SYNTH_ATOLSSINK_0000149,0.0,272.84,1,0,ato_lowandslow_exfiltration,1
188,PAYMENT,281.58,SYNTH_ATOLS_0000149,2600.26,2318.68,SYNTH_ATOLSSINK_0000149,0.0,281.58,1,0,ato_lowandslow_exfiltration,1
216,PAYMENT,289.23,SYNTH_ATOLS_0000149,2318.68,2029.45,SYNTH_ATOLSSINK_0000149,0.0,289.23,1,0,ato_lowandslow_exfiltration,1
246,PAYMENT,255.62,SYNTH_ATOLS_0000149,2029.45,1773.83,SYNTH_ATOLSSINK_0000149,0.0,255.62,1,0,ato_lowandslow_exfiltration,1
281,PAYMENT,246.9,SYNTH_ATOLS_0000149,1773.83,1526.93,SYNTH_ATOLSSINK_0000149,0.0,246.9,1,0,ato_lowandslow_exfiltration,1
308,PAYMENT,251.29,SYNTH_ATOLS_0000149,1526.93,1275.64,SYNTH_ATOLSSINK_0000149,0.0,251.29,1,0,ato_lowandslow_exfiltration,1
340,PAYMENT,288.72,SYNTH_ATOLS_0000149,1275.64,986.92,SYNTH_ATOLSSINK_0000149,0.0,288.72,1,0,ato_lowandslow_exfiltration,1
402,PAYMENT,236.77,SYNTH_ATOLS_0000150,4221.99,3985.22,SYNTH_ATOLSSINK_0000150,0.0,236.77,1,0,ato_lowandslow_exfiltration,1
420,PAYMENT,265.64,SYNTH_ATOLS_0000150,3985.22,3719.58,SYNTH_ATOLSSINK_0000150,0.0,265.64,1,0,ato_lowandslow_exfiltration,1
442,PAYMENT,240.94,SYNTH_ATOLS_0000150,3719.58,3478.64,SYNTH_ATOLSSINK_0000150,0.0,240.94,1,0,ato_lowandslow_exfiltration,1
459,PAYMENT,247.63,SYNTH_ATOLS_0000150,3478.64,3231.01,SYNTH_ATOLSSINK_0000150,0.0,247.63,1,0,ato_lowandslow_exfiltration,1
477,PAYMENT,244.04,SYNTH_ATOLS_0000150,3231.01,2986.97,SYNTH_ATOLSSINK_0000150,0.0,244.04,1,0,ato_lowandslow_exfiltration,1
495,PAYMENT,263.39,SYNTH_ATOLS_0000150,2986.97,2723.58,SYNTH_ATOLSSINK_0000150,0.0,263.39,1,0,ato_lowandslow_exfiltration,1
616,PAYMENT,211.89,SYNTH_ATOLS_0000151,2495.2,2283.31,SYNTH_ATOLSSINK_0000151,0.0,211.89,1,0,ato_lowandslow_exfiltration,1
650,PAYMENT,212.33,SYNTH_ATOLS_0000151,2283.31,2070.98,SYNTH_ATOLSSINK_0000151,0.0,212.33,1,0,ato_lowandslow_exfiltration,1
681,PAYMENT,225.82,SYNTH_ATOLS_0000151,2070.98,1845.16,SYNTH_ATOLSSINK_0000151,0.0,225.82,1,0,ato_lowandslow_exfiltration,1
715,PAYMENT,234.51,SYNTH_ATOLS_0000151,1845.16,1610.65,SYNTH_ATOLSSINK_0000151,0.0,234.51,1,0,ato_lowandslow_exfiltration,1
747,PAYMENT,228.53,SYNTH_ATOLS_0000151,1610.65,1382.12,SYNTH_ATOLSSINK_0000151,0.0,228.53,1,0,ato_lowandslow_exfiltration,1
165,PAYMENT,331.46,SYNTH_ATOLS_0000152,4641.49,4310.03,SYNTH_ATOLSSINK_0000152,0.0,331.46,1,0,ato_lowandslow_exfiltration,1
187,PAYMENT,402.36,SYNTH_ATOLS_0000152,4310.03,3907.67,SYNTH_ATOLSSINK_0000152,0.0,402.36,1,0,ato_lowandslow_exfiltration,1
207,PAYMENT,369.02,SYNTH_ATOLS_0000152,3907.67,3538.65,SYNTH_ATOLSSINK_0000152,0.0,369.02,1,0,ato_lowandslow_exfiltration,1
226,PAYMENT,349.91,SYNTH_ATOLS_0000152,3538.65,3188.74,SYNTH_ATOLSSINK_0000152,0.0,349.91,1,0,ato_lowandslow_exfiltration,1
246,PAYMENT,363.21,SYNTH_ATOLS_0000152,3188.74,2825.53,SYNTH_ATOLSSINK_0000152,0.0,363.21,1,0,ato_lowandslow_exfiltration,1
267,PAYMENT,390.33,SYNTH_ATOLS_0000152,2825.53,2435.2,SYNTH_ATOLSSINK_0000152,0.0,390.33,1,0,ato_lowandslow_exfiltration,1
311,PAYMENT,146.28,SYNTH_ATOLS_0000153,2856.43,2710.15,SYNTH_ATOLSSINK_0000153,0.0,146.28,1,0,ato_lowandslow_exfiltration,1
348,PAYMENT,135.02,SYNTH_ATOLS_0000153,2710.15,2575.13,SYNTH_ATOLSSINK_0000153,0.0,135.02,1,0,ato_lowandslow_exfiltration,1
378,PAYMENT,142.62,SYNTH_ATOLS_0000153,2575.13,2432.51,SYNTH_ATOLSSINK_0000153,0.0,142.62,1,0,ato_lowandslow_exfiltration,1
416,PAYMENT,139.28,SYNTH_ATOLS_0000153,2432.51,2293.23,SYNTH_ATOLSSINK_0000153,0.0,139.28,1,0,ato_lowandslow_exfiltration,1
449,PAYMENT,137.66,SYNTH_ATOLS_0000153,2293.23,2155.57,SYNTH_ATOLSSINK_0000153,0.0,137.66,1,0,ato_lowandslow_exfiltration,1
480,PAYMENT,160.38,SYNTH_ATOLS_0000153,2155.57,1995.19,SYNTH_ATOLSSINK_0000153,0.0,160.38,1,0,ato_lowandslow_exfiltration,1
515,PAYMENT,137.74,SYNTH_ATOLS_0000153,1995.19,1857.45,SYNTH_ATOLSSINK_0000153,0.0,137.74,1,0,ato_lowandslow_exfiltration,1
273,PAYMENT,327.3,SYNTH_ATOLS_0000154,5013.79,4686.49,SYNTH_ATOLSSINK_0000154,0.0,327.3,1,0,ato_lowandslow_exfiltration,1
292,PAYMENT,328.28,SYNTH_ATOLS_0000154,4686.49,4358.21,SYNTH_ATOLSSINK_0000154,0.0,328.28,1,0,ato_lowandslow_exfiltration,1
303,PAYMENT,348.62,SYNTH_ATOLS_0000154,4358.21,4009.59,SYNTH_ATOLSSINK_0000154,0.0,348.62,1,0,ato_lowandslow_exfiltration,1
322,PAYMENT,336.76,SYNTH_ATOLS_0000154,4009.59,3672.83,SYNTH_ATOLSSINK_0000154,0.0,336.76,1,0,ato_lowandslow_exfiltration,1
335,PAYMENT,338.33,SYNTH_ATOLS_0000154,3672.83,3334.5,SYNTH_ATOLSSINK_0000154,0.0,338.33,1,0,ato_lowandslow_exfiltration,1
4,PAYMENT,292.45,SYNTH_ATOLS_0000155,5310.42,5017.97,SYNTH_ATOLSSINK_0000155,0.0,292.45,1,0,ato_lowandslow_exfiltration,1
25,PAYMENT,277.96,SYNTH_ATOLS_0000155,5017.97,4740.01,SYNTH_ATOLSSINK_0000155,0.0,277.96,1,0,ato_lowandslow_exfiltration,1
46,PAYMENT,254.16,SYNTH_ATOLS_0000155,4740.01,4485.85,SYNTH_ATOLSSINK_0000155,0.0,254.16,1,0,ato_lowandslow_exfiltration,1
68,PAYMENT,281.1,SYNTH_ATOLS_0000155,4485.85,4204.75,SYNTH_ATOLSSINK_0000155,0.0,281.1,1,0,ato_lowandslow_exfiltration,1
89,PAYMENT,246.53,SYNTH_ATOLS_0000155,4204.75,3958.22,SYNTH_ATOLSSINK_0000155,0.0,246.53,1,0,ato_lowandslow_exfiltration,1
110,PAYMENT,290.88,SYNTH_ATOLS_0000155,3958.22,3667.34,SYNTH_ATOLSSINK_0000155,0.0,290.88,1,0,ato_lowandslow_exfiltration,1
130,PAYMENT,286.1,SYNTH_ATOLS_0000155,3667.34,3381.24,SYNTH_ATOLSSINK_0000155,0.0,286.1,1,0,ato_lowandslow_exfiltration,1
644,PAYMENT,520.61,SYNTH_ATOLS_0000156,7530.3,7009.69,SYNTH_ATOLSSINK_0000156,0.0,520.61,1,0,ato_lowandslow_exfiltration,1
662,PAYMENT,566.67,SYNTH_ATOLS_0000156,7009.69,6443.02,SYNTH_ATOLSSINK_0000156,0.0,566.67,1,0,ato_lowandslow_exfiltration,1
686,PAYMENT,501.44,SYNTH_ATOLS_0000156,6443.02,5941.58,SYNTH_ATOLSSINK_0000156,0.0,501.44,1,0,ato_lowandslow_exfiltration,1
705,PAYMENT,546.42,SYNTH_ATOLS_0000156,5941.58,5395.16,SYNTH_ATOLSSINK_0000156,0.0,546.42,1,0,ato_lowandslow_exfiltration,1
725,PAYMENT,490.13,SYNTH_ATOLS_0000156,5395.16,4905.03,SYNTH_ATOLSSINK_0000156,0.0,490.13,1,0,ato_lowandslow_exfiltration,1
530,PAYMENT,249.4,SYNTH_ATOLS_0000157,4004.17,3754.77,SYNTH_ATOLSSINK_0000157,0.0,249.4,1,0,ato_lowandslow_exfiltration,1
569,PAYMENT,234.87,SYNTH_ATOLS_0000157,3754.77,3519.9,SYNTH_ATOLSSINK_0000157,0.0,234.87,1,0,ato_lowandslow_exfiltration,1
607,PAYMENT,228.12,SYNTH_ATOLS_0000157,3519.9,3291.78,SYNTH_ATOLSSINK_0000157,0.0,228.12,1,0,ato_lowandslow_exfiltration,1
643,PAYMENT,221.58,SYNTH_ATOLS_0000157,3291.78,3070.2,SYNTH_ATOLSSINK_0000157,0.0,221.58,1,0,ato_lowandslow_exfiltration,1
478,PAYMENT,209.17,SYNTH_ATOLS_0000158,2548.3,2339.13,SYNTH_ATOLSSINK_0000158,0.0,209.17,1,0,ato_lowandslow_exfiltration,1
508,PAYMENT,180.12,SYNTH_ATOLS_0000158,2339.13,2159.01,SYNTH_ATOLSSINK_0000158,0.0,180.12,1,0,ato_lowandslow_exfiltration,1
536,PAYMENT,184.76,SYNTH_ATOLS_0000158,2159.01,1974.25,SYNTH_ATOLSSINK_0000158,0.0,184.76,1,0,ato_lowandslow_exfiltration,1
563,PAYMENT,202.65,SYNTH_ATOLS_0000158,1974.25,1771.6,SYNTH_ATOLSSINK_0000158,0.0,202.65,1,0,ato_lowandslow_exfiltration,1
592,PAYMENT,193.38,SYNTH_ATOLS_0000158,1771.6,1578.22,SYNTH_ATOLSSINK_0000158,0.0,193.38,1,0,ato_lowandslow_exfiltration,1
620,PAYMENT,182.32,SYNTH_ATOLS_0000158,1578.22,1395.9,SYNTH_ATOLSSINK_0000158,0.0,182.32,1,0,ato_lowandslow_exfiltration,1
301,PAYMENT,587.56,SYNTH_ATOLS_0000159,8815.3,8227.74,SYNTH_ATOLSSINK_0000159,0.0,587.56,1,0,ato_lowandslow_exfiltration,1
321,PAYMENT,525.68,SYNTH_ATOLS_0000159,8227.74,7702.06,SYNTH_ATOLSSINK_0000159,0.0,525.68,1,0,ato_lowandslow_exfiltration,1
343,PAYMENT,611.22,SYNTH_ATOLS_0000159,7702.06,7090.84,SYNTH_ATOLSSINK_0000159,0.0,611.22,1,0,ato_lowandslow_exfiltration,1
362,PAYMENT,514.22,SYNTH_ATOLS_0000159,7090.84,6576.62,SYNTH_ATOLSSINK_0000159,0.0,514.22,1,0,ato_lowandslow_exfiltration,1
385,PAYMENT,585.01,SYNTH_ATOLS_0000159,6576.62,5991.61,SYNTH_ATOLSSINK_0000159,0.0,585.01,1,0,ato_lowandslow_exfiltration,1
406,PAYMENT,610.76,SYNTH_ATOLS_0000159,5991.61,5380.85,SYNTH_ATOLSSINK_0000159,0.0,610.76,1,0,ato_lowandslow_exfiltration,1
427,PAYMENT,603.6,SYNTH_ATOLS_0000159,5380.85,4777.25,SYNTH_ATOLSSINK_0000159,0.0,603.6,1,0,ato_lowandslow_exfiltration,1
203,PAYMENT,189.93,SYNTH_ATOLS_0000160,5604.71,5414.78,SYNTH_ATOLSSINK_0000160,0.0,189.93,1,0,ato_lowandslow_exfiltration,1
223,PAYMENT,185.91,SYNTH_ATOLS_0000160,5414.78,5228.87,SYNTH_ATOLSSINK_0000160,0.0,185.91,1,0,ato_lowandslow_exfiltration,1
241,PAYMENT,171.18,SYNTH_ATOLS_0000160,5228.87,5057.69,SYNTH_ATOLSSINK_0000160,0.0,171.18,1,0,ato_lowandslow_exfiltration,1
265,PAYMENT,199.7,SYNTH_ATOLS_0000160,5057.69,4857.99,SYNTH_ATOLSSINK_0000160,0.0,199.7,1,0,ato_lowandslow_exfiltration,1
281,PAYMENT,186.11,SYNTH_ATOLS_0000160,4857.99,4671.88,SYNTH_ATOLSSINK_0000160,0.0,186.11,1,0,ato_lowandslow_exfiltration,1
302,PAYMENT,181.85,SYNTH_ATOLS_0000160,4671.88,4490.03,SYNTH_ATOLSSINK_0000160,0.0,181.85,1,0,ato_lowandslow_exfiltration,1
422,PAYMENT,229.79,SYNTH_ATOLS_0000161,9814.44,9584.65,SYNTH_ATOLSSINK_0000161,0.0,229.79,1,0,ato_lowandslow_exfiltration,1
442,PAYMENT,207.34,SYNTH_ATOLS_0000161,9584.65,9377.31,SYNTH_ATOLSSINK_0000161,0.0,207.34,1,0,ato_lowandslow_exfiltration,1
460,PAYMENT,222.41,SYNTH_ATOLS_0000161,9377.31,9154.9,SYNTH_ATOLSSINK_0000161,0.0,222.41,1,0,ato_lowandslow_exfiltration,1
476,PAYMENT,209.33,SYNTH_ATOLS_0000161,9154.9,8945.57,SYNTH_ATOLSSINK_0000161,0.0,209.33,1,0,ato_lowandslow_exfiltration,1
494,PAYMENT,225.69,SYNTH_ATOLS_0000161,8945.57,8719.88,SYNTH_ATOLSSINK_0000161,0.0,225.69,1,0,ato_lowandslow_exfiltration,1
209,PAYMENT,305.12,SYNTH_ATOLS_0000162,3789.26,3484.14,SYNTH_ATOLSSINK_0000162,0.0,305.12,1,0,ato_lowandslow_exfiltration,1
224,PAYMENT,304.91,SYNTH_ATOLS_0000162,3484.14,3179.23,SYNTH_ATOLSSINK_0000162,0.0,304.91,1,0,ato_lowandslow_exfiltration,1
245,PAYMENT,311.63,SYNTH_ATOLS_0000162,3179.23,2867.6,SYNTH_ATOLSSINK_0000162,0.0,311.63,1,0,ato_lowandslow_exfiltration,1
261,PAYMENT,317.62,SYNTH_ATOLS_0000162,2867.6,2549.98,SYNTH_ATOLSSINK_0000162,0.0,317.62,1,0,ato_lowandslow_exfiltration,1
280,PAYMENT,294.36,SYNTH_ATOLS_0000162,2549.98,2255.62,SYNTH_ATOLSSINK_0000162,0.0,294.36,1,0,ato_lowandslow_exfiltration,1
295,PAYMENT,291.04,SYNTH_ATOLS_0000162,2255.62,1964.58,SYNTH_ATOLSSINK_0000162,0.0,291.04,1,0,ato_lowandslow_exfiltration,1
135,PAYMENT,182.18,SYNTH_ATOLS_0000163,4265.18,4083.0,SYNTH_ATOLSSINK_0000163,0.0,182.18,1,0,ato_lowandslow_exfiltration,1
149,PAYMENT,191.84,SYNTH_ATOLS_0000163,4083.0,3891.16,SYNTH_ATOLSSINK_0000163,0.0,191.84,1,0,ato_lowandslow_exfiltration,1
168,PAYMENT,204.01,SYNTH_ATOLS_0000163,3891.16,3687.15,SYNTH_ATOLSSINK_0000163,0.0,204.01,1,0,ato_lowandslow_exfiltration,1
183,PAYMENT,213.18,SYNTH_ATOLS_0000163,3687.15,3473.97,SYNTH_ATOLSSINK_0000163,0.0,213.18,1,0,ato_lowandslow_exfiltration,1
199,PAYMENT,215.1,SYNTH_ATOLS_0000163,3473.97,3258.87,SYNTH_ATOLSSINK_0000163,0.0,215.1,1,0,ato_lowandslow_exfiltration,1
526,PAYMENT,354.32,SYNTH_ATOLS_0000164,3933.04,3578.72,SYNTH_ATOLSSINK_0000164,0.0,354.32,1,0,ato_lowandslow_exfiltration,1
562,PAYMENT,335.9,SYNTH_ATOLS_0000164,3578.72,3242.82,SYNTH_ATOLSSINK_0000164,0.0,335.9,1,0,ato_lowandslow_exfiltration,1
593,PAYMENT,354.44,SYNTH_ATOLS_0000164,3242.82,2888.38,SYNTH_ATOLSSINK_0000164,0.0,354.44,1,0,ato_lowandslow_exfiltration,1
628,PAYMENT,317.04,SYNTH_ATOLS_0000164,2888.38,2571.34,SYNTH_ATOLSSINK_0000164,0.0,317.04,1,0,ato_lowandslow_exfiltration,1
215,PAYMENT,293.2,SYNTH_ATOLS_0000165,1878.45,1585.25,SYNTH_ATOLSSINK_0000165,0.0,293.2,1,0,ato_lowandslow_exfiltration,1
229,PAYMENT,302.88,SYNTH_ATOLS_0000165,1585.25,1282.37,SYNTH_ATOLSSINK_0000165,0.0,302.88,1,0,ato_lowandslow_exfiltration,1
244,PAYMENT,263.5,SYNTH_ATOLS_0000165,1282.37,1018.87,SYNTH_ATOLSSINK_0000165,0.0,263.5,1,0,ato_lowandslow_exfiltration,1
258,PAYMENT,307.87,SYNTH_ATOLS_0000165,1018.87,711.0,SYNTH_ATOLSSINK_0000165,0.0,307.87,1,0,ato_lowandslow_exfiltration,1
274,PAYMENT,315.6,SYNTH_ATOLS_0000165,711.0,395.4,SYNTH_ATOLSSINK_0000165,0.0,315.6,1,0,ato_lowandslow_exfiltration,1
289,PAYMENT,267.27,SYNTH_ATOLS_0000165,395.4,128.13,SYNTH_ATOLSSINK_0000165,0.0,267.27,1,0,ato_lowandslow_exfiltration,1
303,PAYMENT,309.11,SYNTH_ATOLS_0000165,128.13,0.0,SYNTH_ATOLSSINK_0000165,0.0,309.11,1,0,ato_lowandslow_exfiltration,1
323,PAYMENT,297.0,SYNTH_ATOLS_0000166,10185.64,9888.64,SYNTH_ATOLSSINK_0000166,0.0,297.0,1,0,ato_lowandslow_exfiltration,1
363,PAYMENT,284.27,SYNTH_ATOLS_0000166,9888.64,9604.37,SYNTH_ATOLSSINK_0000166,0.0,284.27,1,0,ato_lowandslow_exfiltration,1
398,PAYMENT,282.34,SYNTH_ATOLS_0000166,9604.37,9322.03,SYNTH_ATOLSSINK_0000166,0.0,282.34,1,0,ato_lowandslow_exfiltration,1
435,PAYMENT,292.73,SYNTH_ATOLS_0000166,9322.03,9029.3,SYNTH_ATOLSSINK_0000166,0.0,292.73,1,0,ato_lowandslow_exfiltration,1
473,PAYMENT,292.05,SYNTH_ATOLS_0000166,9029.3,8737.25,SYNTH_ATOLSSINK_0000166,0.0,292.05,1,0,ato_lowandslow_exfiltration,1
508,PAYMENT,268.57,SYNTH_ATOLS_0000166,8737.25,8468.68,SYNTH_ATOLSSINK_0000166,0.0,268.57,1,0,ato_lowandslow_exfiltration,1
546,PAYMENT,279.06,SYNTH_ATOLS_0000166,8468.68,8189.62,SYNTH_ATOLSSINK_0000166,0.0,279.06,1,0,ato_lowandslow_exfiltration,1
131,PAYMENT,160.05,SYNTH_ATOLS_0000167,4746.57,4586.52,SYNTH_ATOLSSINK_0000167,0.0,160.05,1,0,ato_lowandslow_exfiltration,1
159,PAYMENT,158.74,SYNTH_ATOLS_0000167,4586.52,4427.78,SYNTH_ATOLSSINK_0000167,0.0,158.74,1,0,ato_lowandslow_exfiltration,1
184,PAYMENT,170.77,SYNTH_ATOLS_0000167,4427.78,4257.01,SYNTH_ATOLSSINK_0000167,0.0,170.77,1,0,ato_lowandslow_exfiltration,1
210,PAYMENT,159.69,SYNTH_ATOLS_0000167,4257.01,4097.32,SYNTH_ATOLSSINK_0000167,0.0,159.69,1,0,ato_lowandslow_exfiltration,1
236,PAYMENT,167.31,SYNTH_ATOLS_0000167,4097.32,3930.01,SYNTH_ATOLSSINK_0000167,0.0,167.31,1,0,ato_lowandslow_exfiltration,1
261,PAYMENT,168.56,SYNTH_ATOLS_0000167,3930.01,3761.45,SYNTH_ATOLSSINK_0000167,0.0,168.56,1,0,ato_lowandslow_exfiltration,1
287,PAYMENT,163.65,SYNTH_ATOLS_0000167,3761.45,3597.8,SYNTH_ATOLSSINK_0000167,0.0,163.65,1,0,ato_lowandslow_exfiltration,1
461,PAYMENT,213.78,SYNTH_ATOLS_0000168,11514.28,11300.5,SYNTH_ATOLSSINK_0000168,0.0,213.78,1,0,ato_lowandslow_exfiltration,1
489,PAYMENT,208.35,SYNTH_ATOLS_0000168,11300.5,11092.15,SYNTH_ATOLSSINK_0000168,0.0,208.35,1,0,ato_lowandslow_exfiltration,1
524,PAYMENT,207.27,SYNTH_ATOLS_0000168,11092.15,10884.88,SYNTH_ATOLSSINK_0000168,0.0,207.27,1,0,ato_lowandslow_exfiltration,1
557,PAYMENT,216.17,SYNTH_ATOLS_0000168,10884.88,10668.71,SYNTH_ATOLSSINK_0000168,0.0,216.17,1,0,ato_lowandslow_exfiltration,1
585,PAYMENT,207.28,SYNTH_ATOLS_0000168,10668.71,10461.43,SYNTH_ATOLSSINK_0000168,0.0,207.28,1,0,ato_lowandslow_exfiltration,1
303,PAYMENT,214.48,SYNTH_ATOLS_0000169,2204.74,1990.26,SYNTH_ATOLSSINK_0000169,0.0,214.48,1,0,ato_lowandslow_exfiltration,1
325,PAYMENT,231.76,SYNTH_ATOLS_0000169,1990.26,1758.5,SYNTH_ATOLSSINK_0000169,0.0,231.76,1,0,ato_lowandslow_exfiltration,1
339,PAYMENT,220.93,SYNTH_ATOLS_0000169,1758.5,1537.57,SYNTH_ATOLSSINK_0000169,0.0,220.93,1,0,ato_lowandslow_exfiltration,1
361,PAYMENT,216.45,SYNTH_ATOLS_0000169,1537.57,1321.12,SYNTH_ATOLSSINK_0000169,0.0,216.45,1,0,ato_lowandslow_exfiltration,1
378,PAYMENT,232.43,SYNTH_ATOLS_0000169,1321.12,1088.69,SYNTH_ATOLSSINK_0000169,0.0,232.43,1,0,ato_lowandslow_exfiltration,1
393,PAYMENT,210.36,SYNTH_ATOLS_0000169,1088.69,878.33,SYNTH_ATOLSSINK_0000169,0.0,210.36,1,0,ato_lowandslow_exfiltration,1
411,PAYMENT,212.65,SYNTH_ATOLS_0000169,878.33,665.68,SYNTH_ATOLSSINK_0000169,0.0,212.65,1,0,ato_lowandslow_exfiltration,1
260,PAYMENT,227.6,SYNTH_ATOLS_0000170,2753.77,2526.17,SYNTH_ATOLSSINK_0000170,0.0,227.6,1,0,ato_lowandslow_exfiltration,1
282,PAYMENT,269.23,SYNTH_ATOLS_0000170,2526.17,2256.94,SYNTH_ATOLSSINK_0000170,0.0,269.23,1,0,ato_lowandslow_exfiltration,1
308,PAYMENT,267.62,SYNTH_ATOLS_0000170,2256.94,1989.32,SYNTH_ATOLSSINK_0000170,0.0,267.62,1,0,ato_lowandslow_exfiltration,1
331,PAYMENT,245.64,SYNTH_ATOLS_0000170,1989.32,1743.68,SYNTH_ATOLSSINK_0000170,0.0,245.64,1,0,ato_lowandslow_exfiltration,1
448,PAYMENT,378.49,SYNTH_ATOLS_0000171,9348.57,8970.08,SYNTH_ATOLSSINK_0000171,0.0,378.49,1,0,ato_lowandslow_exfiltration,1
475,PAYMENT,387.71,SYNTH_ATOLS_0000171,8970.08,8582.37,SYNTH_ATOLSSINK_0000171,0.0,387.71,1,0,ato_lowandslow_exfiltration,1
498,PAYMENT,378.37,SYNTH_ATOLS_0000171,8582.37,8204.0,SYNTH_ATOLSSINK_0000171,0.0,378.37,1,0,ato_lowandslow_exfiltration,1
523,PAYMENT,351.69,SYNTH_ATOLS_0000171,8204.0,7852.31,SYNTH_ATOLSSINK_0000171,0.0,351.69,1,0,ato_lowandslow_exfiltration,1
138,PAYMENT,247.86,SYNTH_ATOLS_0000172,4593.78,4345.92,SYNTH_ATOLSSINK_0000172,0.0,247.86,1,0,ato_lowandslow_exfiltration,1
178,PAYMENT,243.9,SYNTH_ATOLS_0000172,4345.92,4102.02,SYNTH_ATOLSSINK_0000172,0.0,243.9,1,0,ato_lowandslow_exfiltration,1
215,PAYMENT,248.18,SYNTH_ATOLS_0000172,4102.02,3853.84,SYNTH_ATOLSSINK_0000172,0.0,248.18,1,0,ato_lowandslow_exfiltration,1
249,PAYMENT,236.08,SYNTH_ATOLS_0000172,3853.84,3617.76,SYNTH_ATOLSSINK_0000172,0.0,236.08,1,0,ato_lowandslow_exfiltration,1
287,PAYMENT,230.58,SYNTH_ATOLS_0000172,3617.76,3387.18,SYNTH_ATOLSSINK_0000172,0.0,230.58,1,0,ato_lowandslow_exfiltration,1
326,PAYMENT,207.01,SYNTH_ATOLS_0000172,3387.18,3180.17,SYNTH_ATOLSSINK_0000172,0.0,207.01,1,0,ato_lowandslow_exfiltration,1
361,PAYMENT,222.28,SYNTH_ATOLS_0000172,3180.17,2957.89,SYNTH_ATOLSSINK_0000172,0.0,222.28,1,0,ato_lowandslow_exfiltration,1
387,PAYMENT,433.91,SYNTH_ATOLS_0000173,1976.3,1542.39,SYNTH_ATOLSSINK_0000173,0.0,433.91,1,0,ato_lowandslow_exfiltration,1
407,PAYMENT,386.45,SYNTH_ATOLS_0000173,1542.39,1155.94,SYNTH_ATOLSSINK_0000173,0.0,386.45,1,0,ato_lowandslow_exfiltration,1
428,PAYMENT,402.9,SYNTH_ATOLS_0000173,1155.94,753.04,SYNTH_ATOLSSINK_0000173,0.0,402.9,1,0,ato_lowandslow_exfiltration,1
446,PAYMENT,402.16,SYNTH_ATOLS_0000173,753.04,350.88,SYNTH_ATOLSSINK_0000173,0.0,402.16,1,0,ato_lowandslow_exfiltration,1
466,PAYMENT,392.74,SYNTH_ATOLS_0000173,350.88,0.0,SYNTH_ATOLSSINK_0000173,0.0,392.74,1,0,ato_lowandslow_exfiltration,1
485,PAYMENT,392.94,SYNTH_ATOLS_0000173,0.0,0.0,SYNTH_ATOLSSINK_0000173,0.0,392.94,1,0,ato_lowandslow_exfiltration,1
111,PAYMENT,164.17,SYNTH_ATOLS_0000174,3644.9,3480.73,SYNTH_ATOLSSINK_0000174,0.0,164.17,1,0,ato_lowandslow_exfiltration,1
149,PAYMENT,153.65,SYNTH_ATOLS_0000174,3480.73,3327.08,SYNTH_ATOLSSINK_0000174,0.0,153.65,1,0,ato_lowandslow_exfiltration,1
187,PAYMENT,174.11,SYNTH_ATOLS_0000174,3327.08,3152.97,SYNTH_ATOLSSINK_0000174,0.0,174.11,1,0,ato_lowandslow_exfiltration,1
223,PAYMENT,175.21,SYNTH_ATOLS_0000174,3152.97,2977.76,SYNTH_ATOLSSINK_0000174,0.0,175.21,1,0,ato_lowandslow_exfiltration,1
259,PAYMENT,171.36,SYNTH_ATOLS_0000174,2977.76,2806.4,SYNTH_ATOLSSINK_0000174,0.0,171.36,1,0,ato_lowandslow_exfiltration,1
297,PAYMENT,164.02,SYNTH_ATOLS_0000174,2806.4,2642.38,SYNTH_ATOLSSINK_0000174,0.0,164.02,1,0,ato_lowandslow_exfiltration,1
334,PAYMENT,159.84,SYNTH_ATOLS_0000174,2642.38,2482.54,SYNTH_ATOLSSINK_0000174,0.0,159.84,1,0,ato_lowandslow_exfiltration,1
323,PAYMENT,192.76,SYNTH_ATOLS_0000175,12087.12,11894.36,SYNTH_ATOLSSINK_0000175,0.0,192.76,1,0,ato_lowandslow_exfiltration,1
359,PAYMENT,217.66,SYNTH_ATOLS_0000175,11894.36,11676.7,SYNTH_ATOLSSINK_0000175,0.0,217.66,1,0,ato_lowandslow_exfiltration,1
395,PAYMENT,223.98,SYNTH_ATOLS_0000175,11676.7,11452.72,SYNTH_ATOLSSINK_0000175,0.0,223.98,1,0,ato_lowandslow_exfiltration,1
434,PAYMENT,229.7,SYNTH_ATOLS_0000175,11452.72,11223.02,SYNTH_ATOLSSINK_0000175,0.0,229.7,1,0,ato_lowandslow_exfiltration,1
472,PAYMENT,208.09,SYNTH_ATOLS_0000175,11223.02,11014.93,SYNTH_ATOLSSINK_0000175,0.0,208.09,1,0,ato_lowandslow_exfiltration,1
508,PAYMENT,201.27,SYNTH_ATOLS_0000175,11014.93,10813.66,SYNTH_ATOLSSINK_0000175,0.0,201.27,1,0,ato_lowandslow_exfiltration,1
431,PAYMENT,227.32,SYNTH_ATOLS_0000176,3459.54,3232.22,SYNTH_ATOLSSINK_0000176,0.0,227.32,1,0,ato_lowandslow_exfiltration,1
451,PAYMENT,224.63,SYNTH_ATOLS_0000176,3232.22,3007.59,SYNTH_ATOLSSINK_0000176,0.0,224.63,1,0,ato_lowandslow_exfiltration,1
472,PAYMENT,261.89,SYNTH_ATOLS_0000176,3007.59,2745.7,SYNTH_ATOLSSINK_0000176,0.0,261.89,1,0,ato_lowandslow_exfiltration,1
497,PAYMENT,217.85,SYNTH_ATOLS_0000176,2745.7,2527.85,SYNTH_ATOLSSINK_0000176,0.0,217.85,1,0,ato_lowandslow_exfiltration,1
517,PAYMENT,262.91,SYNTH_ATOLS_0000176,2527.85,2264.94,SYNTH_ATOLSSINK_0000176,0.0,262.91,1,0,ato_lowandslow_exfiltration,1
538,PAYMENT,234.56,SYNTH_ATOLS_0000176,2264.94,2030.38,SYNTH_ATOLSSINK_0000176,0.0,234.56,1,0,ato_lowandslow_exfiltration,1
186,PAYMENT,232.43,SYNTH_ATOLS_0000177,7373.76,7141.33,SYNTH_ATOLSSINK_0000177,0.0,232.43,1,0,ato_lowandslow_exfiltration,1
223,PAYMENT,235.23,SYNTH_ATOLS_0000177,7141.33,6906.1,SYNTH_ATOLSSINK_0000177,0.0,235.23,1,0,ato_lowandslow_exfiltration,1
258,PAYMENT,215.81,SYNTH_ATOLS_0000177,6906.1,6690.29,SYNTH_ATOLSSINK_0000177,0.0,215.81,1,0,ato_lowandslow_exfiltration,1
290,PAYMENT,232.51,SYNTH_ATOLS_0000177,6690.29,6457.78,SYNTH_ATOLSSINK_0000177,0.0,232.51,1,0,ato_lowandslow_exfiltration,1
327,PAYMENT,228.94,SYNTH_ATOLS_0000177,6457.78,6228.84,SYNTH_ATOLSSINK_0000177,0.0,228.94,1,0,ato_lowandslow_exfiltration,1
359,PAYMENT,232.19,SYNTH_ATOLS_0000177,6228.84,5996.65,SYNTH_ATOLSSINK_0000177,0.0,232.19,1,0,ato_lowandslow_exfiltration,1
200,PAYMENT,240.1,SYNTH_ATOLS_0000178,4088.28,3848.18,SYNTH_ATOLSSINK_0000178,0.0,240.1,1,0,ato_lowandslow_exfiltration,1
235,PAYMENT,247.48,SYNTH_ATOLS_0000178,3848.18,3600.7,SYNTH_ATOLSSINK_0000178,0.0,247.48,1,0,ato_lowandslow_exfiltration,1
276,PAYMENT,231.88,SYNTH_ATOLS_0000178,3600.7,3368.82,SYNTH_ATOLSSINK_0000178,0.0,231.88,1,0,ato_lowandslow_exfiltration,1
313,PAYMENT,236.05,SYNTH_ATOLS_0000178,3368.82,3132.77,SYNTH_ATOLSSINK_0000178,0.0,236.05,1,0,ato_lowandslow_exfiltration,1
350,PAYMENT,220.04,SYNTH_ATOLS_0000178,3132.77,2912.73,SYNTH_ATOLSSINK_0000178,0.0,220.04,1,0,ato_lowandslow_exfiltration,1
389,PAYMENT,224.36,SYNTH_ATOLS_0000178,2912.73,2688.37,SYNTH_ATOLSSINK_0000178,0.0,224.36,1,0,ato_lowandslow_exfiltration,1
668,PAYMENT,216.7,SYNTH_ATOLS_0000179,12431.23,12214.53,SYNTH_ATOLSSINK_0000179,0.0,216.7,1,0,ato_lowandslow_exfiltration,1
686,PAYMENT,221.95,SYNTH_ATOLS_0000179,12214.53,11992.58,SYNTH_ATOLSSINK_0000179,0.0,221.95,1,0,ato_lowandslow_exfiltration,1
702,PAYMENT,222.37,SYNTH_ATOLS_0000179,11992.58,11770.21,SYNTH_ATOLSSINK_0000179,0.0,222.37,1,0,ato_lowandslow_exfiltration,1
719,PAYMENT,230.86,SYNTH_ATOLS_0000179,11770.21,11539.35,SYNTH_ATOLSSINK_0000179,0.0,230.86,1,0,ato_lowandslow_exfiltration,1
733,PAYMENT,195.09,SYNTH_ATOLS_0000179,11539.35,11344.26,SYNTH_ATOLSSINK_0000179,0.0,195.09,1,0,ato_lowandslow_exfiltration,1
748,PAYMENT,203.76,SYNTH_ATOLS_0000179,11344.26,11140.5,SYNTH_ATOLSSINK_0000179,0.0,203.76,1,0,ato_lowandslow_exfiltration,1
766,PAYMENT,213.29,SYNTH_ATOLS_0000179,11140.5,10927.21,SYNTH_ATOLSSINK_0000179,0.0,213.29,1,0,ato_lowandslow_exfiltration,1
599,PAYMENT,475.83,SYNTH_ATOLS_0000180,4194.78,3718.95,SYNTH_ATOLSSINK_0000180,0.0,475.83,1,0,ato_lowandslow_exfiltration,1
626,PAYMENT,475.08,SYNTH_ATOLS_0000180,3718.95,3243.87,SYNTH_ATOLSSINK_0000180,0.0,475.08,1,0,ato_lowandslow_exfiltration,1
655,PAYMENT,491.03,SYNTH_ATOLS_0000180,3243.87,2752.84,SYNTH_ATOLSSINK_0000180,0.0,491.03,1,0,ato_lowandslow_exfiltration,1
681,PAYMENT,498.01,SYNTH_ATOLS_0000180,2752.84,2254.83,SYNTH_ATOLSSINK_0000180,0.0,498.01,1,0,ato_lowandslow_exfiltration,1
711,PAYMENT,420.78,SYNTH_ATOLS_0000180,2254.83,1834.05,SYNTH_ATOLSSINK_0000180,0.0,420.78,1,0,ato_lowandslow_exfiltration,1
738,PAYMENT,475.23,SYNTH_ATOLS_0000180,1834.05,1358.82,SYNTH_ATOLSSINK_0000180,0.0,475.23,1,0,ato_lowandslow_exfiltration,1
635,PAYMENT,237.19,SYNTH_ATOLS_0000181,1707.4,1470.21,SYNTH_ATOLSSINK_0000181,0.0,237.19,1,0,ato_lowandslow_exfiltration,1
661,PAYMENT,205.03,SYNTH_ATOLS_0000181,1470.21,1265.18,SYNTH_ATOLSSINK_0000181,0.0,205.03,1,0,ato_lowandslow_exfiltration,1
688,PAYMENT,222.6,SYNTH_ATOLS_0000181,1265.18,1042.58,SYNTH_ATOLSSINK_0000181,0.0,222.6,1,0,ato_lowandslow_exfiltration,1
713,PAYMENT,201.53,SYNTH_ATOLS_0000181,1042.58,841.05,SYNTH_ATOLSSINK_0000181,0.0,201.53,1,0,ato_lowandslow_exfiltration,1
405,PAYMENT,263.18,SYNTH_ATOLS_0000182,3987.45,3724.27,SYNTH_ATOLSSINK_0000182,0.0,263.18,1,0,ato_lowandslow_exfiltration,1
431,PAYMENT,236.98,SYNTH_ATOLS_0000182,3724.27,3487.29,SYNTH_ATOLSSINK_0000182,0.0,236.98,1,0,ato_lowandslow_exfiltration,1
460,PAYMENT,272.04,SYNTH_ATOLS_0000182,3487.29,3215.25,SYNTH_ATOLSSINK_0000182,0.0,272.04,1,0,ato_lowandslow_exfiltration,1
490,PAYMENT,225.93,SYNTH_ATOLS_0000182,3215.25,2989.32,SYNTH_ATOLSSINK_0000182,0.0,225.93,1,0,ato_lowandslow_exfiltration,1
521,PAYMENT,265.53,SYNTH_ATOLS_0000182,2989.32,2723.79,SYNTH_ATOLSSINK_0000182,0.0,265.53,1,0,ato_lowandslow_exfiltration,1
546,PAYMENT,263.8,SYNTH_ATOLS_0000182,2723.79,2459.99,SYNTH_ATOLSSINK_0000182,0.0,263.8,1,0,ato_lowandslow_exfiltration,1
578,PAYMENT,259.76,SYNTH_ATOLS_0000182,2459.99,2200.23,SYNTH_ATOLSSINK_0000182,0.0,259.76,1,0,ato_lowandslow_exfiltration,1
227,PAYMENT,317.0,SYNTH_ATOLS_0000183,3724.93,3407.93,SYNTH_ATOLSSINK_0000183,0.0,317.0,1,0,ato_lowandslow_exfiltration,1
257,PAYMENT,315.05,SYNTH_ATOLS_0000183,3407.93,3092.88,SYNTH_ATOLSSINK_0000183,0.0,315.05,1,0,ato_lowandslow_exfiltration,1
282,PAYMENT,278.43,SYNTH_ATOLS_0000183,3092.88,2814.45,SYNTH_ATOLSSINK_0000183,0.0,278.43,1,0,ato_lowandslow_exfiltration,1
315,PAYMENT,281.68,SYNTH_ATOLS_0000183,2814.45,2532.77,SYNTH_ATOLSSINK_0000183,0.0,281.68,1,0,ato_lowandslow_exfiltration,1
340,PAYMENT,294.03,SYNTH_ATOLS_0000183,2532.77,2238.74,SYNTH_ATOLSSINK_0000183,0.0,294.03,1,0,ato_lowandslow_exfiltration,1
370,PAYMENT,334.16,SYNTH_ATOLS_0000183,2238.74,1904.58,SYNTH_ATOLSSINK_0000183,0.0,334.16,1,0,ato_lowandslow_exfiltration,1
400,PAYMENT,327.36,SYNTH_ATOLS_0000183,1904.58,1577.22,SYNTH_ATOLSSINK_0000183,0.0,327.36,1,0,ato_lowandslow_exfiltration,1
363,PAYMENT,352.49,SYNTH_ATOLS_0000184,9929.52,9577.03,SYNTH_ATOLSSINK_0000184,0.0,352.49,1,0,ato_lowandslow_exfiltration,1
400,PAYMENT,363.21,SYNTH_ATOLS_0000184,9577.03,9213.82,SYNTH_ATOLSSINK_0000184,0.0,363.21,1,0,ato_lowandslow_exfiltration,1
432,PAYMENT,342.84,SYNTH_ATOLS_0000184,9213.82,8870.98,SYNTH_ATOLSSINK_0000184,0.0,342.84,1,0,ato_lowandslow_exfiltration,1
469,PAYMENT,362.45,SYNTH_ATOLS_0000184,8870.98,8508.53,SYNTH_ATOLSSINK_0000184,0.0,362.45,1,0,ato_lowandslow_exfiltration,1
75,PAYMENT,174.89,SYNTH_ATOLS_0000185,4957.39,4782.5,SYNTH_ATOLSSINK_0000185,0.0,174.89,1,0,ato_lowandslow_exfiltration,1
99,PAYMENT,190.48,SYNTH_ATOLS_0000185,4782.5,4592.02,SYNTH_ATOLSSINK_0000185,0.0,190.48,1,0,ato_lowandslow_exfiltration,1
126,PAYMENT,156.71,SYNTH_ATOLS_0000185,4592.02,4435.31,SYNTH_ATOLSSINK_0000185,0.0,156.71,1,0,ato_lowandslow_exfiltration,1
154,PAYMENT,164.98,SYNTH_ATOLS_0000185,4435.31,4270.33,SYNTH_ATOLSSINK_0000185,0.0,164.98,1,0,ato_lowandslow_exfiltration,1
179,PAYMENT,190.17,SYNTH_ATOLS_0000185,4270.33,4080.16,SYNTH_ATOLSSINK_0000185,0.0,190.17,1,0,ato_lowandslow_exfiltration,1
204,PAYMENT,157.47,SYNTH_ATOLS_0000185,4080.16,3922.69,SYNTH_ATOLSSINK_0000185,0.0,157.47,1,0,ato_lowandslow_exfiltration,1
476,PAYMENT,216.41,SYNTH_ATOLS_0000186,782.33,565.92,SYNTH_ATOLSSINK_0000186,0.0,216.41,1,0,ato_lowandslow_exfiltration,1
489,PAYMENT,205.81,SYNTH_ATOLS_0000186,565.92,360.11,SYNTH_ATOLSSINK_0000186,0.0,205.81,1,0,ato_lowandslow_exfiltration,1
503,PAYMENT,224.68,SYNTH_ATOLS_0000186,360.11,135.43,SYNTH_ATOLSSINK_0000186,0.0,224.68,1,0,ato_lowandslow_exfiltration,1
519,PAYMENT,212.55,SYNTH_ATOLS_0000186,135.43,0.0,SYNTH_ATOLSSINK_0000186,0.0,212.55,1,0,ato_lowandslow_exfiltration,1
536,PAYMENT,228.7,SYNTH_ATOLS_0000186,0.0,0.0,SYNTH_ATOLSSINK_0000186,0.0,228.7,1,0,ato_lowandslow_exfiltration,1
551,PAYMENT,201.36,SYNTH_ATOLS_0000186,0.0,0.0,SYNTH_ATOLSSINK_0000186,0.0,201.36,1,0,ato_lowandslow_exfiltration,1
270,PAYMENT,411.35,SYNTH_ATOLS_0000187,6548.35,6137.0,SYNTH_ATOLSSINK_0000187,0.0,411.35,1,0,ato_lowandslow_exfiltration,1
290,PAYMENT,420.39,SYNTH_ATOLS_0000187,6137.0,5716.61,SYNTH_ATOLSSINK_0000187,0.0,420.39,1,0,ato_lowandslow_exfiltration,1
311,PAYMENT,432.3,SYNTH_ATOLS_0000187,5716.61,5284.31,SYNTH_ATOLSSINK_0000187,0.0,432.3,1,0,ato_lowandslow_exfiltration,1
334,PAYMENT,414.1,SYNTH_ATOLS_0000187,5284.31,4870.21,SYNTH_ATOLSSINK_0000187,0.0,414.1,1,0,ato_lowandslow_exfiltration,1
352,PAYMENT,376.96,SYNTH_ATOLS_0000187,4870.21,4493.25,SYNTH_ATOLSSINK_0000187,0.0,376.96,1,0,ato_lowandslow_exfiltration,1
370,PAYMENT,379.74,SYNTH_ATOLS_0000187,4493.25,4113.51,SYNTH_ATOLSSINK_0000187,0.0,379.74,1,0,ato_lowandslow_exfiltration,1
160,PAYMENT,339.72,SYNTH_ATOLS_0000188,9850.53,9510.81,SYNTH_ATOLSSINK_0000188,0.0,339.72,1,0,ato_lowandslow_exfiltration,1
198,PAYMENT,371.57,SYNTH_ATOLS_0000188,9510.81,9139.24,SYNTH_ATOLSSINK_0000188,0.0,371.57,1,0,ato_lowandslow_exfiltration,1
238,PAYMENT,320.14,SYNTH_ATOLS_0000188,9139.24,8819.1,SYNTH_ATOLSSINK_0000188,0.0,320.14,1,0,ato_lowandslow_exfiltration,1
276,PAYMENT,334.25,SYNTH_ATOLS_0000188,8819.1,8484.85,SYNTH_ATOLSSINK_0000188,0.0,334.25,1,0,ato_lowandslow_exfiltration,1
342,PAYMENT,258.02,SYNTH_ATOLS_0000189,4279.18,4021.16,SYNTH_ATOLSSINK_0000189,0.0,258.02,1,0,ato_lowandslow_exfiltration,1
361,PAYMENT,237.03,SYNTH_ATOLS_0000189,4021.16,3784.13,SYNTH_ATOLSSINK_0000189,0.0,237.03,1,0,ato_lowandslow_exfiltration,1
377,PAYMENT,229.01,SYNTH_ATOLS_0000189,3784.13,3555.12,SYNTH_ATOLSSINK_0000189,0.0,229.01,1,0,ato_lowandslow_exfiltration,1
396,PAYMENT,231.52,SYNTH_ATOLS_0000189,3555.12,3323.6,SYNTH_ATOLSSINK_0000189,0.0,231.52,1,0,ato_lowandslow_exfiltration,1
620,PAYMENT,324.9,SYNTH_ATOLS_0000190,3925.74,3600.84,SYNTH_ATOLSSINK_0000190,0.0,324.9,1,0,ato_lowandslow_exfiltration,1
647,PAYMENT,340.62,SYNTH_ATOLS_0000190,3600.84,3260.22,SYNTH_ATOLSSINK_0000190,0.0,340.62,1,0,ato_lowandslow_exfiltration,1
671,PAYMENT,311.05,SYNTH_ATOLS_0000190,3260.22,2949.17,SYNTH_ATOLSSINK_0000190,0.0,311.05,1,0,ato_lowandslow_exfiltration,1
693,PAYMENT,331.68,SYNTH_ATOLS_0000190,2949.17,2617.49,SYNTH_ATOLSSINK_0000190,0.0,331.68,1,0,ato_lowandslow_exfiltration,1
717,PAYMENT,349.28,SYNTH_ATOLS_0000190,2617.49,2268.21,SYNTH_ATOLSSINK_0000190,0.0,349.28,1,0,ato_lowandslow_exfiltration,1
616,PAYMENT,167.66,SYNTH_ATOLS_0000191,3165.7,2998.04,SYNTH_ATOLSSINK_0000191,0.0,167.66,1,0,ato_lowandslow_exfiltration,1
643,PAYMENT,168.6,SYNTH_ATOLS_0000191,2998.04,2829.44,SYNTH_ATOLSSINK_0000191,0.0,168.6,1,0,ato_lowandslow_exfiltration,1
671,PAYMENT,148.68,SYNTH_ATOLS_0000191,2829.44,2680.76,SYNTH_ATOLSSINK_0000191,0.0,148.68,1,0,ato_lowandslow_exfiltration,1
697,PAYMENT,162.09,SYNTH_ATOLS_0000191,2680.76,2518.67,SYNTH_ATOLSSINK_0000191,0.0,162.09,1,0,ato_lowandslow_exfiltration,1
723,PAYMENT,165.66,SYNTH_ATOLS_0000191,2518.67,2353.01,SYNTH_ATOLSSINK_0000191,0.0,165.66,1,0,ato_lowandslow_exfiltration,1
596,PAYMENT,207.84,SYNTH_ATOLS_0000192,17728.07,17520.23,SYNTH_ATOLSSINK_0000192,0.0,207.84,1,0,ato_lowandslow_exfiltration,1
619,PAYMENT,215.84,SYNTH_ATOLS_0000192,17520.23,17304.39,SYNTH_ATOLSSINK_0000192,0.0,215.84,1,0,ato_lowandslow_exfiltration,1
636,PAYMENT,212.04,SYNTH_ATOLS_0000192,17304.39,17092.35,SYNTH_ATOLSSINK_0000192,0.0,212.04,1,0,ato_lowandslow_exfiltration,1
658,PAYMENT,203.95,SYNTH_ATOLS_0000192,17092.35,16888.4,SYNTH_ATOLSSINK_0000192,0.0,203.95,1,0,ato_lowandslow_exfiltration,1
429,PAYMENT,151.9,SYNTH_ATOLS_0000193,9204.97,9053.07,SYNTH_ATOLSSINK_0000193,0.0,151.9,1,0,ato_lowandslow_exfiltration,1
450,PAYMENT,145.71,SYNTH_ATOLS_0000193,9053.07,8907.36,SYNTH_ATOLSSINK_0000193,0.0,145.71,1,0,ato_lowandslow_exfiltration,1
472,PAYMENT,152.36,SYNTH_ATOLS_0000193,8907.36,8755.0,SYNTH_ATOLSSINK_0000193,0.0,152.36,1,0,ato_lowandslow_exfiltration,1
494,PAYMENT,164.2,SYNTH_ATOLS_0000193,8755.0,8590.8,SYNTH_ATOLSSINK_0000193,0.0,164.2,1,0,ato_lowandslow_exfiltration,1
517,PAYMENT,161.87,SYNTH_ATOLS_0000193,8590.8,8428.93,SYNTH_ATOLSSINK_0000193,0.0,161.87,1,0,ato_lowandslow_exfiltration,1
632,PAYMENT,254.91,SYNTH_ATOLS_0000194,3779.41,3524.5,SYNTH_ATOLSSINK_0000194,0.0,254.91,1,0,ato_lowandslow_exfiltration,1
670,PAYMENT,268.85,SYNTH_ATOLS_0000194,3524.5,3255.65,SYNTH_ATOLSSINK_0000194,0.0,268.85,1,0,ato_lowandslow_exfiltration,1
710,PAYMENT,247.38,SYNTH_ATOLS_0000194,3255.65,3008.27,SYNTH_ATOLSSINK_0000194,0.0,247.38,1,0,ato_lowandslow_exfiltration,1
748,PAYMENT,262.95,SYNTH_ATOLS_0000194,3008.27,2745.32,SYNTH_ATOLSSINK_0000194,0.0,262.95,1,0,ato_lowandslow_exfiltration,1
783,PAYMENT,261.02,SYNTH_ATOLS_0000194,2745.32,2484.3,SYNTH_ATOLSSINK_0000194,0.0,261.02,1,0,ato_lowandslow_exfiltration,1
352,PAYMENT,244.24,SYNTH_ATOLS_0000195,15887.56,15643.32,SYNTH_ATOLSSINK_0000195,0.0,244.24,1,0,ato_lowandslow_exfiltration,1
376,PAYMENT,245.58,SYNTH_ATOLS_0000195,15643.32,15397.74,SYNTH_ATOLSSINK_0000195,0.0,245.58,1,0,ato_lowandslow_exfiltration,1
400,PAYMENT,252.8,SYNTH_ATOLS_0000195,15397.74,15144.94,SYNTH_ATOLSSINK_0000195,0.0,252.8,1,0,ato_lowandslow_exfiltration,1
424,PAYMENT,244.94,SYNTH_ATOLS_0000195,15144.94,14900.0,SYNTH_ATOLSSINK_0000195,0.0,244.94,1,0,ato_lowandslow_exfiltration,1
446,PAYMENT,252.38,SYNTH_ATOLS_0000195,14900.0,14647.62,SYNTH_ATOLSSINK_0000195,0.0,252.38,1,0,ato_lowandslow_exfiltration,1
471,PAYMENT,236.06,SYNTH_ATOLS_0000195,14647.62,14411.56,SYNTH_ATOLSSINK_0000195,0.0,236.06,1,0,ato_lowandslow_exfiltration,1
492,PAYMENT,250.94,SYNTH_ATOLS_0000195,14411.56,14160.62,SYNTH_ATOLSSINK_0000195,0.0,250.94,1,0,ato_lowandslow_exfiltration,1
170,PAYMENT,183.58,SYNTH_ATOLS_0000196,13819.75,13636.17,SYNTH_ATOLSSINK_0000196,0.0,183.58,1,0,ato_lowandslow_exfiltration,1
199,PAYMENT,194.06,SYNTH_ATOLS_0000196,13636.17,13442.11,SYNTH_ATOLSSINK_0000196,0.0,194.06,1,0,ato_lowandslow_exfiltration,1
230,PAYMENT,207.6,SYNTH_ATOLS_0000196,13442.11,13234.51,SYNTH_ATOLSSINK_0000196,0.0,207.6,1,0,ato_lowandslow_exfiltration,1
259,PAYMENT,181.16,SYNTH_ATOLS_0000196,13234.51,13053.35,SYNTH_ATOLSSINK_0000196,0.0,181.16,1,0,ato_lowandslow_exfiltration,1
289,PAYMENT,205.97,SYNTH_ATOLS_0000196,13053.35,12847.38,SYNTH_ATOLSSINK_0000196,0.0,205.97,1,0,ato_lowandslow_exfiltration,1
334,PAYMENT,263.59,SYNTH_ATOLS_0000197,2437.72,2174.13,SYNTH_ATOLSSINK_0000197,0.0,263.59,1,0,ato_lowandslow_exfiltration,1
360,PAYMENT,286.56,SYNTH_ATOLS_0000197,2174.13,1887.57,SYNTH_ATOLSSINK_0000197,0.0,286.56,1,0,ato_lowandslow_exfiltration,1
384,PAYMENT,264.63,SYNTH_ATOLS_0000197,1887.57,1622.94,SYNTH_ATOLSSINK_0000197,0.0,264.63,1,0,ato_lowandslow_exfiltration,1
407,PAYMENT,273.27,SYNTH_ATOLS_0000197,1622.94,1349.67,SYNTH_ATOLSSINK_0000197,0.0,273.27,1,0,ato_lowandslow_exfiltration,1
282,PAYMENT,403.43,SYNTH_ATOLS_0000198,3758.57,3355.14,SYNTH_ATOLSSINK_0000198,0.0,403.43,1,0,ato_lowandslow_exfiltration,1
319,PAYMENT,402.19,SYNTH_ATOLS_0000198,3355.14,2952.95,SYNTH_ATOLSSINK_0000198,0.0,402.19,1,0,ato_lowandslow_exfiltration,1
353,PAYMENT,420.22,SYNTH_ATOLS_0000198,2952.95,2532.73,SYNTH_ATOLSSINK_0000198,0.0,420.22,1,0,ato_lowandslow_exfiltration,1
393,PAYMENT,390.03,SYNTH_ATOLS_0000198,2532.73,2142.7,SYNTH_ATOLSSINK_0000198,0.0,390.03,1,0,ato_lowandslow_exfiltration,1
428,PAYMENT,413.87,SYNTH_ATOLS_0000198,2142.7,1728.83,SYNTH_ATOLSSINK_0000198,0.0,413.87,1,0,ato_lowandslow_exfiltration,1
47,PAYMENT,283.45,SYNTH_ATOLS_0000199,7463.09,7179.64,SYNTH_ATOLSSINK_0000199,0.0,283.45,1,0,ato_lowandslow_exfiltration,1
75,PAYMENT,278.79,SYNTH_ATOLS_0000199,7179.64,6900.85,SYNTH_ATOLSSINK_0000199,0.0,278.79,1,0,ato_lowandslow_exfiltration,1
98,PAYMENT,243.94,SYNTH_ATOLS_0000199,6900.85,6656.91,SYNTH_ATOLSSINK_0000199,0.0,243.94,1,0,ato_lowandslow_exfiltration,1
127,PAYMENT,249.88,SYNTH_ATOLS_0000199,6656.91,6407.03,SYNTH_ATOLSSINK_0000199,0.0,249.88,1,0,ato_lowandslow_exfiltration,1
265,PAYMENT,194.44,SYNTH_ATOLS_0000200,3113.12,2918.68,SYNTH_ATOLSSINK_0000200,0.0,194.44,1,0,ato_lowandslow_exfiltration,1
294,PAYMENT,181.96,SYNTH_ATOLS_0000200,2918.68,2736.72,SYNTH_ATOLSSINK_0000200,0.0,181.96,1,0,ato_lowandslow_exfiltration,1
322,PAYMENT,183.68,SYNTH_ATOLS_0000200,2736.72,2553.04,SYNTH_ATOLSSINK_0000200,0.0,183.68,1,0,ato_lowandslow_exfiltration,1
354,PAYMENT,178.35,SYNTH_ATOLS_0000200,2553.04,2374.69,SYNTH_ATOLSSINK_0000200,0.0,178.35,1,0,ato_lowandslow_exfiltration,1
381,PAYMENT,174.69,SYNTH_ATOLS_0000200,2374.69,2200.0,SYNTH_ATOLSSINK_0000200,0.0,174.69,1,0,ato_lowandslow_exfiltration,1
410,PAYMENT,193.27,SYNTH_ATOLS_0000200,2200.0,2006.73,SYNTH_ATOLSSINK_0000200,0.0,193.27,1,0,ato_lowandslow_exfiltration,1
440,PAYMENT,178.74,SYNTH_ATOLS_0000200,2006.73,1827.99,SYNTH_ATOLSSINK_0000200,0.0,178.74,1,0,ato_lowandslow_exfiltration,1
371,PAYMENT,353.05,SYNTH_ATOLS_0000201,3028.22,2675.17,SYNTH_ATOLSSINK_0000201,0.0,353.05,1,0,ato_lowandslow_exfiltration,1
401,PAYMENT,396.82,SYNTH_ATOLS_0000201,2675.17,2278.35,SYNTH_ATOLSSINK_0000201,0.0,396.82,1,0,ato_lowandslow_exfiltration,1
425,PAYMENT,395.89,SYNTH_ATOLS_0000201,2278.35,1882.46,SYNTH_ATOLSSINK_0000201,0.0,395.89,1,0,ato_lowandslow_exfiltration,1
454,PAYMENT,369.31,SYNTH_ATOLS_0000201,1882.46,1513.15,SYNTH_ATOLSSINK_0000201,0.0,369.31,1,0,ato_lowandslow_exfiltration,1
483,PAYMENT,343.52,SYNTH_ATOLS_0000201,1513.15,1169.63,SYNTH_ATOLSSINK_0000201,0.0,343.52,1,0,ato_lowandslow_exfiltration,1
513,PAYMENT,389.33,SYNTH_ATOLS_0000201,1169.63,780.3,SYNTH_ATOLSSINK_0000201,0.0,389.33,1,0,ato_lowandslow_exfiltration,1
34,PAYMENT,231.76,SYNTH_ATOLS_0000202,4410.44,4178.68,SYNTH_ATOLSSINK_0000202,0.0,231.76,1,0,ato_lowandslow_exfiltration,1
59,PAYMENT,239.16,SYNTH_ATOLS_0000202,4178.68,3939.52,SYNTH_ATOLSSINK_0000202,0.0,239.16,1,0,ato_lowandslow_exfiltration,1
86,PAYMENT,233.36,SYNTH_ATOLS_0000202,3939.52,3706.16,SYNTH_ATOLSSINK_0000202,0.0,233.36,1,0,ato_lowandslow_exfiltration,1
110,PAYMENT,240.44,SYNTH_ATOLS_0000202,3706.16,3465.72,SYNTH_ATOLSSINK_0000202,0.0,240.44,1,0,ato_lowandslow_exfiltration,1
136,PAYMENT,206.65,SYNTH_ATOLS_0000202,3465.72,3259.07,SYNTH_ATOLSSINK_0000202,0.0,206.65,1,0,ato_lowandslow_exfiltration,1
160,PAYMENT,235.93,SYNTH_ATOLS_0000202,3259.07,3023.14,SYNTH_ATOLSSINK_0000202,0.0,235.93,1,0,ato_lowandslow_exfiltration,1
182,PAYMENT,216.01,SYNTH_ATOLS_0000202,3023.14,2807.13,SYNTH_ATOLSSINK_0000202,0.0,216.01,1,0,ato_lowandslow_exfiltration,1
139,PAYMENT,132.38,SYNTH_ATOLS_0000203,5348.96,5216.58,SYNTH_ATOLSSINK_0000203,0.0,132.38,1,0,ato_lowandslow_exfiltration,1
166,PAYMENT,118.16,SYNTH_ATOLS_0000203,5216.58,5098.42,SYNTH_ATOLSSINK_0000203,0.0,118.16,1,0,ato_lowandslow_exfiltration,1
189,PAYMENT,123.66,SYNTH_ATOLS_0000203,5098.42,4974.76,SYNTH_ATOLSSINK_0000203,0.0,123.66,1,0,ato_lowandslow_exfiltration,1
218,PAYMENT,120.39,SYNTH_ATOLS_0000203,4974.76,4854.37,SYNTH_ATOLSSINK_0000203,0.0,120.39,1,0,ato_lowandslow_exfiltration,1
272,PAYMENT,292.26,SYNTH_ATOLS_0000204,1663.29,1371.03,SYNTH_ATOLSSINK_0000204,0.0,292.26,1,0,ato_lowandslow_exfiltration,1
293,PAYMENT,302.34,SYNTH_ATOLS_0000204,1371.03,1068.69,SYNTH_ATOLSSINK_0000204,0.0,302.34,1,0,ato_lowandslow_exfiltration,1
307,PAYMENT,293.41,SYNTH_ATOLS_0000204,1068.69,775.28,SYNTH_ATOLSSINK_0000204,0.0,293.41,1,0,ato_lowandslow_exfiltration,1
324,PAYMENT,285.18,SYNTH_ATOLS_0000204,775.28,490.1,SYNTH_ATOLSSINK_0000204,0.0,285.18,1,0,ato_lowandslow_exfiltration,1
344,PAYMENT,290.15,SYNTH_ATOLS_0000204,490.1,199.95,SYNTH_ATOLSSINK_0000204,0.0,290.15,1,0,ato_lowandslow_exfiltration,1
359,PAYMENT,274.18,SYNTH_ATOLS_0000204,199.95,0.0,SYNTH_ATOLSSINK_0000204,0.0,274.18,1,0,ato_lowandslow_exfiltration,1
377,PAYMENT,304.52,SYNTH_ATOLS_0000204,0.0,0.0,SYNTH_ATOLSSINK_0000204,0.0,304.52,1,0,ato_lowandslow_exfiltration,1
255,PAYMENT,135.17,SYNTH_ATOLS_0000205,6287.58,6152.41,SYNTH_ATOLSSINK_0000205,0.0,135.17,1,0,ato_lowandslow_exfiltration,1
280,PAYMENT,128.73,SYNTH_ATOLS_0000205,6152.41,6023.68,SYNTH_ATOLSSINK_0000205,0.0,128.73,1,0,ato_lowandslow_exfiltration,1
304,PAYMENT,128.2,SYNTH_ATOLS_0000205,6023.68,5895.48,SYNTH_ATOLSSINK_0000205,0.0,128.2,1,0,ato_lowandslow_exfiltration,1
333,PAYMENT,130.67,SYNTH_ATOLS_0000205,5895.48,5764.81,SYNTH_ATOLSSINK_0000205,0.0,130.67,1,0,ato_lowandslow_exfiltration,1
260,PAYMENT,230.74,SYNTH_ATOLS_0000206,6014.49,5783.75,SYNTH_ATOLSSINK_0000206,0.0,230.74,1,0,ato_lowandslow_exfiltration,1
287,PAYMENT,238.37,SYNTH_ATOLS_0000206,5783.75,5545.38,SYNTH_ATOLSSINK_0000206,0.0,238.37,1,0,ato_lowandslow_exfiltration,1
319,PAYMENT,235.83,SYNTH_ATOLS_0000206,5545.38,5309.55,SYNTH_ATOLSSINK_0000206,0.0,235.83,1,0,ato_lowandslow_exfiltration,1
345,PAYMENT,200.22,SYNTH_ATOLS_0000206,5309.55,5109.33,SYNTH_ATOLSSINK_0000206,0.0,200.22,1,0,ato_lowandslow_exfiltration,1
371,PAYMENT,224.13,SYNTH_ATOLS_0000206,5109.33,4885.2,SYNTH_ATOLSSINK_0000206,0.0,224.13,1,0,ato_lowandslow_exfiltration,1
399,PAYMENT,213.42,SYNTH_ATOLS_0000206,4885.2,4671.78,SYNTH_ATOLSSINK_0000206,0.0,213.42,1,0,ato_lowandslow_exfiltration,1
440,PAYMENT,193.74,SYNTH_ATOLS_0000207,8095.79,7902.05,SYNTH_ATOLSSINK_0000207,0.0,193.74,1,0,ato_lowandslow_exfiltration,1
469,PAYMENT,169.46,SYNTH_ATOLS_0000207,7902.05,7732.59,SYNTH_ATOLSSINK_0000207,0.0,169.46,1,0,ato_lowandslow_exfiltration,1
500,PAYMENT,186.28,SYNTH_ATOLS_0000207,7732.59,7546.31,SYNTH_ATOLSSINK_0000207,0.0,186.28,1,0,ato_lowandslow_exfiltration,1
532,PAYMENT,174.93,SYNTH_ATOLS_0000207,7546.31,7371.38,SYNTH_ATOLSSINK_0000207,0.0,174.93,1,0,ato_lowandslow_exfiltration,1
561,PAYMENT,184.38,SYNTH_ATOLS_0000207,7371.38,7187.0,SYNTH_ATOLSSINK_0000207,0.0,184.38,1,0,ato_lowandslow_exfiltration,1
398,PAYMENT,152.15,SYNTH_ATOLS_0000208,4394.78,4242.63,SYNTH_ATOLSSINK_0000208,0.0,152.15,1,0,ato_lowandslow_exfiltration,1
417,PAYMENT,178.42,SYNTH_ATOLS_0000208,4242.63,4064.21,SYNTH_ATOLSSINK_0000208,0.0,178.42,1,0,ato_lowandslow_exfiltration,1
440,PAYMENT,173.98,SYNTH_ATOLS_0000208,4064.21,3890.23,SYNTH_ATOLSSINK_0000208,0.0,173.98,1,0,ato_lowandslow_exfiltration,1
456,PAYMENT,151.63,SYNTH_ATOLS_0000208,3890.23,3738.6,SYNTH_ATOLSSINK_0000208,0.0,151.63,1,0,ato_lowandslow_exfiltration,1
476,PAYMENT,153.94,SYNTH_ATOLS_0000208,3738.6,3584.66,SYNTH_ATOLSSINK_0000208,0.0,153.94,1,0,ato_lowandslow_exfiltration,1
494,PAYMENT,159.89,SYNTH_ATOLS_0000208,3584.66,3424.77,SYNTH_ATOLSSINK_0000208,0.0,159.89,1,0,ato_lowandslow_exfiltration,1
187,PAYMENT,162.14,SYNTH_ATOLS_0000209,2473.13,2310.99,SYNTH_ATOLSSINK_0000209,0.0,162.14,1,0,ato_lowandslow_exfiltration,1
221,PAYMENT,143.14,SYNTH_ATOLS_0000209,2310.99,2167.85,SYNTH_ATOLSSINK_0000209,0.0,143.14,1,0,ato_lowandslow_exfiltration,1
256,PAYMENT,160.77,SYNTH_ATOLS_0000209,2167.85,2007.08,SYNTH_ATOLSSINK_0000209,0.0,160.77,1,0,ato_lowandslow_exfiltration,1
289,PAYMENT,154.93,SYNTH_ATOLS_0000209,2007.08,1852.15,SYNTH_ATOLSSINK_0000209,0.0,154.93,1,0,ato_lowandslow_exfiltration,1
323,PAYMENT,168.14,SYNTH_ATOLS_0000209,1852.15,1684.01,SYNTH_ATOLSSINK_0000209,0.0,168.14,1,0,ato_lowandslow_exfiltration,1
526,PAYMENT,230.07,SYNTH_ATOLS_0000210,3094.85,2864.78,SYNTH_ATOLSSINK_0000210,0.0,230.07,1,0,ato_lowandslow_exfiltration,1
549,PAYMENT,212.99,SYNTH_ATOLS_0000210,2864.78,2651.79,SYNTH_ATOLSSINK_0000210,0.0,212.99,1,0,ato_lowandslow_exfiltration,1
577,PAYMENT,212.65,SYNTH_ATOLS_0000210,2651.79,2439.14,SYNTH_ATOLSSINK_0000210,0.0,212.65,1,0,ato_lowandslow_exfiltration,1
602,PAYMENT,213.33,SYNTH_ATOLS_0000210,2439.14,2225.81,SYNTH_ATOLSSINK_0000210,0.0,213.33,1,0,ato_lowandslow_exfiltration,1
628,PAYMENT,222.71,SYNTH_ATOLS_0000210,2225.81,2003.1,SYNTH_ATOLSSINK_0000210,0.0,222.71,1,0,ato_lowandslow_exfiltration,1
654,PAYMENT,203.32,SYNTH_ATOLS_0000210,2003.1,1799.78,SYNTH_ATOLSSINK_0000210,0.0,203.32,1,0,ato_lowandslow_exfiltration,1
679,PAYMENT,233.65,SYNTH_ATOLS_0000210,1799.78,1566.13,SYNTH_ATOLSSINK_0000210,0.0,233.65,1,0,ato_lowandslow_exfiltration,1
216,PAYMENT,158.28,SYNTH_ATOLS_0000211,8479.76,8321.48,SYNTH_ATOLSSINK_0000211,0.0,158.28,1,0,ato_lowandslow_exfiltration,1
251,PAYMENT,175.66,SYNTH_ATOLS_0000211,8321.48,8145.82,SYNTH_ATOLSSINK_0000211,0.0,175.66,1,0,ato_lowandslow_exfiltration,1
281,PAYMENT,156.87,SYNTH_ATOLS_0000211,8145.82,7988.95,SYNTH_ATOLSSINK_0000211,0.0,156.87,1,0,ato_lowandslow_exfiltration,1
310,PAYMENT,176.88,SYNTH_ATOLS_0000211,7988.95,7812.07,SYNTH_ATOLSSINK_0000211,0.0,176.88,1,0,ato_lowandslow_exfiltration,1
342,PAYMENT,154.52,SYNTH_ATOLS_0000211,7812.07,7657.55,SYNTH_ATOLSSINK_0000211,0.0,154.52,1,0,ato_lowandslow_exfiltration,1
373,PAYMENT,159.36,SYNTH_ATOLS_0000211,7657.55,7498.19,SYNTH_ATOLSSINK_0000211,0.0,159.36,1,0,ato_lowandslow_exfiltration,1
403,PAYMENT,174.22,SYNTH_ATOLS_0000211,7498.19,7323.97,SYNTH_ATOLSSINK_0000211,0.0,174.22,1,0,ato_lowandslow_exfiltration,1
385,PAYMENT,324.8,SYNTH_ATOLS_0000212,5715.24,5390.44,SYNTH_ATOLSSINK_0000212,0.0,324.8,1,0,ato_lowandslow_exfiltration,1
407,PAYMENT,292.58,SYNTH_ATOLS_0000212,5390.44,5097.86,SYNTH_ATOLSSINK_0000212,0.0,292.58,1,0,ato_lowandslow_exfiltration,1
429,PAYMENT,341.2,SYNTH_ATOLS_0000212,5097.86,4756.66,SYNTH_ATOLSSINK_0000212,0.0,341.2,1,0,ato_lowandslow_exfiltration,1
455,PAYMENT,302.24,SYNTH_ATOLS_0000212,4756.66,4454.42,SYNTH_ATOLSSINK_0000212,0.0,302.24,1,0,ato_lowandslow_exfiltration,1
478,PAYMENT,339.68,SYNTH_ATOLS_0000212,4454.42,4114.74,SYNTH_ATOLSSINK_0000212,0.0,339.68,1,0,ato_lowandslow_exfiltration,1
293,PAYMENT,284.48,SYNTH_ATOLS_0000213,14392.08,14107.6,SYNTH_ATOLSSINK_0000213,0.0,284.48,1,0,ato_lowandslow_exfiltration,1
325,PAYMENT,276.46,SYNTH_ATOLS_0000213,14107.6,13831.14,SYNTH_ATOLSSINK_0000213,0.0,276.46,1,0,ato_lowandslow_exfiltration,1
358,PAYMENT,278.11,SYNTH_ATOLS_0000213,13831.14,13553.03,SYNTH_ATOLSSINK_0000213,0.0,278.11,1,0,ato_lowandslow_exfiltration,1
394,PAYMENT,325.59,SYNTH_ATOLS_0000213,13553.03,13227.44,SYNTH_ATOLSSINK_0000213,0.0,325.59,1,0,ato_lowandslow_exfiltration,1
375,PAYMENT,267.07,SYNTH_ATOLS_0000214,5137.28,4870.21,SYNTH_ATOLSSINK_0000214,0.0,267.07,1,0,ato_lowandslow_exfiltration,1
411,PAYMENT,288.31,SYNTH_ATOLS_0000214,4870.21,4581.9,SYNTH_ATOLSSINK_0000214,0.0,288.31,1,0,ato_lowandslow_exfiltration,1
448,PAYMENT,294.69,SYNTH_ATOLS_0000214,4581.9,4287.21,SYNTH_ATOLSSINK_0000214,0.0,294.69,1,0,ato_lowandslow_exfiltration,1
484,PAYMENT,301.79,SYNTH_ATOLS_0000214,4287.21,3985.42,SYNTH_ATOLSSINK_0000214,0.0,301.79,1,0,ato_lowandslow_exfiltration,1
524,PAYMENT,261.93,SYNTH_ATOLS_0000214,3985.42,3723.49,SYNTH_ATOLSSINK_0000214,0.0,261.93,1,0,ato_lowandslow_exfiltration,1
561,PAYMENT,256.74,SYNTH_ATOLS_0000214,3723.49,3466.75,SYNTH_ATOLSSINK_0000214,0.0,256.74,1,0,ato_lowandslow_exfiltration,1
679,PAYMENT,220.1,SYNTH_ATOLS_0000215,9039.85,8819.75,SYNTH_ATOLSSINK_0000215,0.0,220.1,1,0,ato_lowandslow_exfiltration,1
700,PAYMENT,207.57,SYNTH_ATOLS_0000215,8819.75,8612.18,SYNTH_ATOLSSINK_0000215,0.0,207.57,1,0,ato_lowandslow_exfiltration,1
729,PAYMENT,208.07,SYNTH_ATOLS_0000215,8612.18,8404.11,SYNTH_ATOLSSINK_0000215,0.0,208.07,1,0,ato_lowandslow_exfiltration,1
750,PAYMENT,191.48,SYNTH_ATOLS_0000215,8404.11,8212.63,SYNTH_ATOLSSINK_0000215,0.0,191.48,1,0,ato_lowandslow_exfiltration,1
311,PAYMENT,306.55,SYNTH_ATOLS_0000216,6785.33,6478.78,SYNTH_ATOLSSINK_0000216,0.0,306.55,1,0,ato_lowandslow_exfiltration,1
336,PAYMENT,342.11,SYNTH_ATOLS_0000216,6478.78,6136.67,SYNTH_ATOLSSINK_0000216,0.0,342.11,1,0,ato_lowandslow_exfiltration,1
360,PAYMENT,290.22,SYNTH_ATOLS_0000216,6136.67,5846.45,SYNTH_ATOLSSINK_0000216,0.0,290.22,1,0,ato_lowandslow_exfiltration,1
387,PAYMENT,332.35,SYNTH_ATOLS_0000216,5846.45,5514.1,SYNTH_ATOLSSINK_0000216,0.0,332.35,1,0,ato_lowandslow_exfiltration,1
117,PAYMENT,223.57,SYNTH_ATOLS_0000217,5467.58,5244.01,SYNTH_ATOLSSINK_0000217,0.0,223.57,1,0,ato_lowandslow_exfiltration,1
143,PAYMENT,233.57,SYNTH_ATOLS_0000217,5244.01,5010.44,SYNTH_ATOLSSINK_0000217,0.0,233.57,1,0,ato_lowandslow_exfiltration,1
171,PAYMENT,265.24,SYNTH_ATOLS_0000217,5010.44,4745.2,SYNTH_ATOLSSINK_0000217,0.0,265.24,1,0,ato_lowandslow_exfiltration,1
196,PAYMENT,267.36,SYNTH_ATOLS_0000217,4745.2,4477.84,SYNTH_ATOLSSINK_0000217,0.0,267.36,1,0,ato_lowandslow_exfiltration,1
221,PAYMENT,238.69,SYNTH_ATOLS_0000217,4477.84,4239.15,SYNTH_ATOLSSINK_0000217,0.0,238.69,1,0,ato_lowandslow_exfiltration,1
246,PAYMENT,272.39,SYNTH_ATOLS_0000217,4239.15,3966.76,SYNTH_ATOLSSINK_0000217,0.0,272.39,1,0,ato_lowandslow_exfiltration,1
171,PAYMENT,299.95,SYNTH_ATOLS_0000218,4403.93,4103.98,SYNTH_ATOLSSINK_0000218,0.0,299.95,1,0,ato_lowandslow_exfiltration,1
193,PAYMENT,268.51,SYNTH_ATOLS_0000218,4103.98,3835.47,SYNTH_ATOLSSINK_0000218,0.0,268.51,1,0,ato_lowandslow_exfiltration,1
220,PAYMENT,301.94,SYNTH_ATOLS_0000218,3835.47,3533.53,SYNTH_ATOLSSINK_0000218,0.0,301.94,1,0,ato_lowandslow_exfiltration,1
241,PAYMENT,302.75,SYNTH_ATOLS_0000218,3533.53,3230.78,SYNTH_ATOLSSINK_0000218,0.0,302.75,1,0,ato_lowandslow_exfiltration,1
263,PAYMENT,313.21,SYNTH_ATOLS_0000218,3230.78,2917.57,SYNTH_ATOLSSINK_0000218,0.0,313.21,1,0,ato_lowandslow_exfiltration,1
288,PAYMENT,311.56,SYNTH_ATOLS_0000218,2917.57,2606.01,SYNTH_ATOLSSINK_0000218,0.0,311.56,1,0,ato_lowandslow_exfiltration,1
308,PAYMENT,303.09,SYNTH_ATOLS_0000218,2606.01,2302.92,SYNTH_ATOLSSINK_0000218,0.0,303.09,1,0,ato_lowandslow_exfiltration,1
282,PAYMENT,344.96,SYNTH_ATOLS_0000219,5038.28,4693.32,SYNTH_ATOLSSINK_0000219,0.0,344.96,1,0,ato_lowandslow_exfiltration,1
312,PAYMENT,320.21,SYNTH_ATOLS_0000219,4693.32,4373.11,SYNTH_ATOLSSINK_0000219,0.0,320.21,1,0,ato_lowandslow_exfiltration,1
343,PAYMENT,326.62,SYNTH_ATOLS_0000219,4373.11,4046.49,SYNTH_ATOLSSINK_0000219,0.0,326.62,1,0,ato_lowandslow_exfiltration,1
375,PAYMENT,347.38,SYNTH_ATOLS_0000219,4046.49,3699.11,SYNTH_ATOLSSINK_0000219,0.0,347.38,1,0,ato_lowandslow_exfiltration,1
407,PAYMENT,364.93,SYNTH_ATOLS_0000219,3699.11,3334.18,SYNTH_ATOLSSINK_0000219,0.0,364.93,1,0,ato_lowandslow_exfiltration,1
436,PAYMENT,381.89,SYNTH_ATOLS_0000219,3334.18,2952.29,SYNTH_ATOLSSINK_0000219,0.0,381.89,1,0,ato_lowandslow_exfiltration,1
728,PAYMENT,330.66,SYNTH_ATOLS_0000220,2748.0,2417.34,SYNTH_ATOLSSINK_0000220,0.0,330.66,1,0,ato_lowandslow_exfiltration,1
747,PAYMENT,297.66,SYNTH_ATOLS_0000220,2417.34,2119.68,SYNTH_ATOLSSINK_0000220,0.0,297.66,1,0,ato_lowandslow_exfiltration,1
765,PAYMENT,289.66,SYNTH_ATOLS_0000220,2119.68,1830.02,SYNTH_ATOLSSINK_0000220,0.0,289.66,1,0,ato_lowandslow_exfiltration,1
784,PAYMENT,294.79,SYNTH_ATOLS_0000220,1830.02,1535.23,SYNTH_ATOLSSINK_0000220,0.0,294.79,1,0,ato_lowandslow_exfiltration,1
801,PAYMENT,312.02,SYNTH_ATOLS_0000220,1535.23,1223.21,SYNTH_ATOLSSINK_0000220,0.0,312.02,1,0,ato_lowandslow_exfiltration,1
821,PAYMENT,347.9,SYNTH_ATOLS_0000220,1223.21,875.31,SYNTH_ATOLSSINK_0000220,0.0,347.9,1,0,ato_lowandslow_exfiltration,1
606,PAYMENT,317.43,SYNTH_ATOLS_0000221,3819.39,3501.96,SYNTH_ATOLSSINK_0000221,0.0,317.43,1,0,ato_lowandslow_exfiltration,1
643,PAYMENT,358.88,SYNTH_ATOLS_0000221,3501.96,3143.08,SYNTH_ATOLSSINK_0000221,0.0,358.88,1,0,ato_lowandslow_exfiltration,1
679,PAYMENT,339.84,SYNTH_ATOLS_0000221,3143.08,2803.24,SYNTH_ATOLSSINK_0000221,0.0,339.84,1,0,ato_lowandslow_exfiltration,1
716,PAYMENT,348.19,SYNTH_ATOLS_0000221,2803.24,2455.05,SYNTH_ATOLSSINK_0000221,0.0,348.19,1,0,ato_lowandslow_exfiltration,1
754,PAYMENT,330.8,SYNTH_ATOLS_0000221,2455.05,2124.25,SYNTH_ATOLSSINK_0000221,0.0,330.8,1,0,ato_lowandslow_exfiltration,1
475,PAYMENT,303.42,SYNTH_ATOLS_0000222,6477.79,6174.37,SYNTH_ATOLSSINK_0000222,0.0,303.42,1,0,ato_lowandslow_exfiltration,1
492,PAYMENT,307.81,SYNTH_ATOLS_0000222,6174.37,5866.56,SYNTH_ATOLSSINK_0000222,0.0,307.81,1,0,ato_lowandslow_exfiltration,1
505,PAYMENT,298.89,SYNTH_ATOLS_0000222,5866.56,5567.67,SYNTH_ATOLSSINK_0000222,0.0,298.89,1,0,ato_lowandslow_exfiltration,1
522,PAYMENT,288.97,SYNTH_ATOLS_0000222,5567.67,5278.7,SYNTH_ATOLSSINK_0000222,0.0,288.97,1,0,ato_lowandslow_exfiltration,1
541,PAYMENT,263.24,SYNTH_ATOLS_0000222,5278.7,5015.46,SYNTH_ATOLSSINK_0000222,0.0,263.24,1,0,ato_lowandslow_exfiltration,1
194,PAYMENT,333.16,SYNTH_ATOLS_0000223,1925.69,1592.53,SYNTH_ATOLSSINK_0000223,0.0,333.16,1,0,ato_lowandslow_exfiltration,1
230,PAYMENT,362.91,SYNTH_ATOLS_0000223,1592.53,1229.62,SYNTH_ATOLSSINK_0000223,0.0,362.91,1,0,ato_lowandslow_exfiltration,1
268,PAYMENT,332.95,SYNTH_ATOLS_0000223,1229.62,896.67,SYNTH_ATOLSSINK_0000223,0.0,332.95,1,0,ato_lowandslow_exfiltration,1
305,PAYMENT,345.49,SYNTH_ATOLS_0000223,896.67,551.18,SYNTH_ATOLSSINK_0000223,0.0,345.49,1,0,ato_lowandslow_exfiltration,1
339,PAYMENT,353.14,SYNTH_ATOLS_0000223,551.18,198.04,SYNTH_ATOLSSINK_0000223,0.0,353.14,1,0,ato_lowandslow_exfiltration,1
376,PAYMENT,357.45,SYNTH_ATOLS_0000223,198.04,0.0,SYNTH_ATOLSSINK_0000223,0.0,357.45,1,0,ato_lowandslow_exfiltration,1
276,PAYMENT,265.51,SYNTH_ATOLS_0000224,4242.72,3977.21,SYNTH_ATOLSSINK_0000224,0.0,265.51,1,0,ato_lowandslow_exfiltration,1
306,PAYMENT,268.02,SYNTH_ATOLS_0000224,3977.21,3709.19,SYNTH_ATOLSSINK_0000224,0.0,268.02,1,0,ato_lowandslow_exfiltration,1
330,PAYMENT,279.63,SYNTH_ATOLS_0000224,3709.19,3429.56,SYNTH_ATOLSSINK_0000224,0.0,279.63,1,0,ato_lowandslow_exfiltration,1
357,PAYMENT,280.77,SYNTH_ATOLS_0000224,3429.56,3148.79,SYNTH_ATOLSSINK_0000224,0.0,280.77,1,0,ato_lowandslow_exfiltration,1
287,PAYMENT,263.02,SYNTH_ATOLS_0000225,5969.17,5706.15,SYNTH_ATOLSSINK_0000225,0.0,263.02,1,0,ato_lowandslow_exfiltration,1
310,PAYMENT,254.09,SYNTH_ATOLS_0000225,5706.15,5452.06,SYNTH_ATOLSSINK_0000225,0.0,254.09,1,0,ato_lowandslow_exfiltration,1
327,PAYMENT,222.51,SYNTH_ATOLS_0000225,5452.06,5229.55,SYNTH_ATOLSSINK_0000225,0.0,222.51,1,0,ato_lowandslow_exfiltration,1
352,PAYMENT,253.2,SYNTH_ATOLS_0000225,5229.55,4976.35,SYNTH_ATOLSSINK_0000225,0.0,253.2,1,0,ato_lowandslow_exfiltration,1
372,PAYMENT,233.33,SYNTH_ATOLS_0000225,4976.35,4743.02,SYNTH_ATOLSSINK_0000225,0.0,233.33,1,0,ato_lowandslow_exfiltration,1
29,PAYMENT,241.93,SYNTH_ATOLS_0000226,2370.48,2128.55,SYNTH_ATOLSSINK_0000226,0.0,241.93,1,0,ato_lowandslow_exfiltration,1
57,PAYMENT,255.12,SYNTH_ATOLS_0000226,2128.55,1873.43,SYNTH_ATOLSSINK_0000226,0.0,255.12,1,0,ato_lowandslow_exfiltration,1
81,PAYMENT,270.17,SYNTH_ATOLS_0000226,1873.43,1603.26,SYNTH_ATOLSSINK_0000226,0.0,270.17,1,0,ato_lowandslow_exfiltration,1
108,PAYMENT,281.99,SYNTH_ATOLS_0000226,1603.26,1321.27,SYNTH_ATOLSSINK_0000226,0.0,281.99,1,0,ato_lowandslow_exfiltration,1
135,PAYMENT,264.29,SYNTH_ATOLS_0000226,1321.27,1056.98,SYNTH_ATOLSSINK_0000226,0.0,264.29,1,0,ato_lowandslow_exfiltration,1
157,PAYMENT,262.33,SYNTH_ATOLS_0000226,1056.98,794.65,SYNTH_ATOLSSINK_0000226,0.0,262.33,1,0,ato_lowandslow_exfiltration,1
168,PAYMENT,300.18,SYNTH_ATOLS_0000227,9779.53,9479.35,SYNTH_ATOLSSINK_0000227,0.0,300.18,1,0,ato_lowandslow_exfiltration,1
189,PAYMENT,321.62,SYNTH_ATOLS_0000227,9479.35,9157.73,SYNTH_ATOLSSINK_0000227,0.0,321.62,1,0,ato_lowandslow_exfiltration,1
212,PAYMENT,291.21,SYNTH_ATOLS_0000227,9157.73,8866.52,SYNTH_ATOLSSINK_0000227,0.0,291.21,1,0,ato_lowandslow_exfiltration,1
235,PAYMENT,270.67,SYNTH_ATOLS_0000227,8866.52,8595.85,SYNTH_ATOLSSINK_0000227,0.0,270.67,1,0,ato_lowandslow_exfiltration,1
253,PAYMENT,290.56,SYNTH_ATOLS_0000227,8595.85,8305.29,SYNTH_ATOLSSINK_0000227,0.0,290.56,1,0,ato_lowandslow_exfiltration,1
279,PAYMENT,297.17,SYNTH_ATOLS_0000227,8305.29,8008.12,SYNTH_ATOLSSINK_0000227,0.0,297.17,1,0,ato_lowandslow_exfiltration,1
240,PAYMENT,175.29,SYNTH_ATOLS_0000228,4367.84,4192.55,SYNTH_ATOLSSINK_0000228,0.0,175.29,1,0,ato_lowandslow_exfiltration,1
258,PAYMENT,167.73,SYNTH_ATOLS_0000228,4192.55,4024.82,SYNTH_ATOLSSINK_0000228,0.0,167.73,1,0,ato_lowandslow_exfiltration,1
273,PAYMENT,164.67,SYNTH_ATOLS_0000228,4024.82,3860.15,SYNTH_ATOLSSINK_0000228,0.0,164.67,1,0,ato_lowandslow_exfiltration,1
294,PAYMENT,175.58,SYNTH_ATOLS_0000228,3860.15,3684.57,SYNTH_ATOLSSINK_0000228,0.0,175.58,1,0,ato_lowandslow_exfiltration,1
644,PAYMENT,272.92,SYNTH_ATOLS_0000229,1374.46,1101.54,SYNTH_ATOLSSINK_0000229,0.0,272.92,1,0,ato_lowandslow_exfiltration,1
677,PAYMENT,281.1,SYNTH_ATOLS_0000229,1101.54,820.44,SYNTH_ATOLSSINK_0000229,0.0,281.1,1,0,ato_lowandslow_exfiltration,1
712,PAYMENT,287.91,SYNTH_ATOLS_0000229,820.44,532.53,SYNTH_ATOLSSINK_0000229,0.0,287.91,1,0,ato_lowandslow_exfiltration,1
742,PAYMENT,303.52,SYNTH_ATOLS_0000229,532.53,229.01,SYNTH_ATOLSSINK_0000229,0.0,303.52,1,0,ato_lowandslow_exfiltration,1
260,PAYMENT,276.1,SYNTH_ATOLS_0000230,3723.62,3447.52,SYNTH_ATOLSSINK_0000230,0.0,276.1,1,0,ato_lowandslow_exfiltration,1
296,PAYMENT,269.8,SYNTH_ATOLS_0000230,3447.52,3177.72,SYNTH_ATOLSSINK_0000230,0.0,269.8,1,0,ato_lowandslow_exfiltration,1
336,PAYMENT,309.55,SYNTH_ATOLS_0000230,3177.72,2868.17,SYNTH_ATOLSSINK_0000230,0.0,309.55,1,0,ato_lowandslow_exfiltration,1
372,PAYMENT,287.23,SYNTH_ATOLS_0000230,2868.17,2580.94,SYNTH_ATOLSSINK_0000230,0.0,287.23,1,0,ato_lowandslow_exfiltration,1
407,PAYMENT,310.26,SYNTH_ATOLS_0000230,2580.94,2270.68,SYNTH_ATOLSSINK_0000230,0.0,310.26,1,0,ato_lowandslow_exfiltration,1
443,PAYMENT,324.41,SYNTH_ATOLS_0000230,2270.68,1946.27,SYNTH_ATOLSSINK_0000230,0.0,324.41,1,0,ato_lowandslow_exfiltration,1
481,PAYMENT,288.62,SYNTH_ATOLS_0000230,1946.27,1657.65,SYNTH_ATOLSSINK_0000230,0.0,288.62,1,0,ato_lowandslow_exfiltration,1
659,PAYMENT,212.62,SYNTH_ATOLS_0000231,2594.83,2382.21,SYNTH_ATOLSSINK_0000231,0.0,212.62,1,0,ato_lowandslow_exfiltration,1
697,PAYMENT,220.7,SYNTH_ATOLS_0000231,2382.21,2161.51,SYNTH_ATOLSSINK_0000231,0.0,220.7,1,0,ato_lowandslow_exfiltration,1
735,PAYMENT,247.76,SYNTH_ATOLS_0000231,2161.51,1913.75,SYNTH_ATOLSSINK_0000231,0.0,247.76,1,0,ato_lowandslow_exfiltration,1
767,PAYMENT,236.26,SYNTH_ATOLS_0000231,1913.75,1677.49,SYNTH_ATOLSSINK_0000231,0.0,236.26,1,0,ato_lowandslow_exfiltration,1
805,PAYMENT,248.79,SYNTH_ATOLS_0000231,1677.49,1428.7,SYNTH_ATOLSSINK_0000231,0.0,248.79,1,0,ato_lowandslow_exfiltration,1
843,PAYMENT,237.01,SYNTH_ATOLS_0000231,1428.7,1191.69,SYNTH_ATOLSSINK_0000231,0.0,237.01,1,0,ato_lowandslow_exfiltration,1
188,PAYMENT,285.1,SYNTH_ATOLS_0000232,4654.57,4369.47,SYNTH_ATOLSSINK_0000232,0.0,285.1,1,0,ato_lowandslow_exfiltration,1
228,PAYMENT,235.53,SYNTH_ATOLS_0000232,4369.47,4133.94,SYNTH_ATOLSSINK_0000232,0.0,235.53,1,0,ato_lowandslow_exfiltration,1
266,PAYMENT,235.01,SYNTH_ATOLS_0000232,4133.94,3898.93,SYNTH_ATOLSSINK_0000232,0.0,235.01,1,0,ato_lowandslow_exfiltration,1
301,PAYMENT,247.51,SYNTH_ATOLS_0000232,3898.93,3651.42,SYNTH_ATOLSSINK_0000232,0.0,247.51,1,0,ato_lowandslow_exfiltration,1
644,PAYMENT,283.41,SYNTH_ATOLS_0000233,3107.27,2823.86,SYNTH_ATOLSSINK_0000233,0.0,283.41,1,0,ato_lowandslow_exfiltration,1
680,PAYMENT,319.45,SYNTH_ATOLS_0000233,2823.86,2504.41,SYNTH_ATOLSSINK_0000233,0.0,319.45,1,0,ato_lowandslow_exfiltration,1
717,PAYMENT,297.39,SYNTH_ATOLS_0000233,2504.41,2207.02,SYNTH_ATOLSSINK_0000233,0.0,297.39,1,0,ato_lowandslow_exfiltration,1
754,PAYMENT,283.05,SYNTH_ATOLS_0000233,2207.02,1923.97,SYNTH_ATOLSSINK_0000233,0.0,283.05,1,0,ato_lowandslow_exfiltration,1
792,PAYMENT,314.11,SYNTH_ATOLS_0000233,1923.97,1609.86,SYNTH_ATOLSSINK_0000233,0.0,314.11,1,0,ato_lowandslow_exfiltration,1
828,PAYMENT,308.62,SYNTH_ATOLS_0000233,1609.86,1301.24,SYNTH_ATOLSSINK_0000233,0.0,308.62,1,0,ato_lowandslow_exfiltration,1
420,PAYMENT,258.01,SYNTH_ATOLS_0000234,2844.1,2586.09,SYNTH_ATOLSSINK_0000234,0.0,258.01,1,0,ato_lowandslow_exfiltration,1
450,PAYMENT,289.24,SYNTH_ATOLS_0000234,2586.09,2296.85,SYNTH_ATOLSSINK_0000234,0.0,289.24,1,0,ato_lowandslow_exfiltration,1
478,PAYMENT,288.52,SYNTH_ATOLS_0000234,2296.85,2008.33,SYNTH_ATOLSSINK_0000234,0.0,288.52,1,0,ato_lowandslow_exfiltration,1
510,PAYMENT,266.92,SYNTH_ATOLS_0000234,2008.33,1741.41,SYNTH_ATOLSSINK_0000234,0.0,266.92,1,0,ato_lowandslow_exfiltration,1
530,PAYMENT,161.54,SYNTH_ATOLS_0000235,4493.83,4332.29,SYNTH_ATOLSSINK_0000235,0.0,161.54,1,0,ato_lowandslow_exfiltration,1
568,PAYMENT,176.47,SYNTH_ATOLS_0000235,4332.29,4155.82,SYNTH_ATOLSSINK_0000235,0.0,176.47,1,0,ato_lowandslow_exfiltration,1
601,PAYMENT,175.6,SYNTH_ATOLS_0000235,4155.82,3980.22,SYNTH_ATOLSSINK_0000235,0.0,175.6,1,0,ato_lowandslow_exfiltration,1
641,PAYMENT,164.64,SYNTH_ATOLS_0000235,3980.22,3815.58,SYNTH_ATOLSSINK_0000235,0.0,164.64,1,0,ato_lowandslow_exfiltration,1
679,PAYMENT,164.24,SYNTH_ATOLS_0000235,3815.58,3651.34,SYNTH_ATOLSSINK_0000235,0.0,164.24,1,0,ato_lowandslow_exfiltration,1
409,PAYMENT,190.09,SYNTH_ATOLS_0000236,7720.78,7530.69,SYNTH_ATOLSSINK_0000236,0.0,190.09,1,0,ato_lowandslow_exfiltration,1
435,PAYMENT,206.73,SYNTH_ATOLS_0000236,7530.69,7323.96,SYNTH_ATOLSSINK_0000236,0.0,206.73,1,0,ato_lowandslow_exfiltration,1
460,PAYMENT,182.92,SYNTH_ATOLS_0000236,7323.96,7141.04,SYNTH_ATOLSSINK_0000236,0.0,182.92,1,0,ato_lowandslow_exfiltration,1
488,PAYMENT,193.93,SYNTH_ATOLS_0000236,7141.04,6947.11,SYNTH_ATOLSSINK_0000236,0.0,193.93,1,0,ato_lowandslow_exfiltration,1
514,PAYMENT,214.85,SYNTH_ATOLS_0000236,6947.11,6732.26,SYNTH_ATOLSSINK_0000236,0.0,214.85,1,0,ato_lowandslow_exfiltration,1
545,PAYMENT,213.04,SYNTH_ATOLS_0000236,6732.26,6519.22,SYNTH_ATOLSSINK_0000236,0.0,213.04,1,0,ato_lowandslow_exfiltration,1
568,PAYMENT,210.53,SYNTH_ATOLS_0000236,6519.22,6308.69,SYNTH_ATOLSSINK_0000236,0.0,210.53,1,0,ato_lowandslow_exfiltration,1
687,PAYMENT,313.22,SYNTH_ATOLS_0000237,10388.51,10075.29,SYNTH_ATOLSSINK_0000237,0.0,313.22,1,0,ato_lowandslow_exfiltration,1
711,PAYMENT,339.04,SYNTH_ATOLS_0000237,10075.29,9736.25,SYNTH_ATOLSSINK_0000237,0.0,339.04,1,0,ato_lowandslow_exfiltration,1
740,PAYMENT,369.73,SYNTH_ATOLS_0000237,9736.25,9366.52,SYNTH_ATOLSSINK_0000237,0.0,369.73,1,0,ato_lowandslow_exfiltration,1
767,PAYMENT,330.63,SYNTH_ATOLS_0000237,9366.52,9035.89,SYNTH_ATOLSSINK_0000237,0.0,330.63,1,0,ato_lowandslow_exfiltration,1
795,PAYMENT,307.42,SYNTH_ATOLS_0000237,9035.89,8728.47,SYNTH_ATOLSSINK_0000237,0.0,307.42,1,0,ato_lowandslow_exfiltration,1
530,PAYMENT,347.09,SYNTH_ATOLS_0000238,4762.52,4415.43,SYNTH_ATOLSSINK_0000238,0.0,347.09,1,0,ato_lowandslow_exfiltration,1
561,PAYMENT,371.52,SYNTH_ATOLS_0000238,4415.43,4043.91,SYNTH_ATOLSSINK_0000238,0.0,371.52,1,0,ato_lowandslow_exfiltration,1
588,PAYMENT,395.5,SYNTH_ATOLS_0000238,4043.91,3648.41,SYNTH_ATOLSSINK_0000238,0.0,395.5,1,0,ato_lowandslow_exfiltration,1
621,PAYMENT,404.59,SYNTH_ATOLS_0000238,3648.41,3243.82,SYNTH_ATOLSSINK_0000238,0.0,404.59,1,0,ato_lowandslow_exfiltration,1
648,PAYMENT,382.41,SYNTH_ATOLS_0000238,3243.82,2861.41,SYNTH_ATOLSSINK_0000238,0.0,382.41,1,0,ato_lowandslow_exfiltration,1
679,PAYMENT,345.33,SYNTH_ATOLS_0000238,2861.41,2516.08,SYNTH_ATOLSSINK_0000238,0.0,345.33,1,0,ato_lowandslow_exfiltration,1
708,PAYMENT,400.17,SYNTH_ATOLS_0000238,2516.08,2115.91,SYNTH_ATOLSSINK_0000238,0.0,400.17,1,0,ato_lowandslow_exfiltration,1
119,PAYMENT,255.35,SYNTH_ATOLS_0000239,3362.92,3107.57,SYNTH_ATOLSSINK_0000239,0.0,255.35,1,0,ato_lowandslow_exfiltration,1
157,PAYMENT,267.36,SYNTH_ATOLS_0000239,3107.57,2840.21,SYNTH_ATOLSSINK_0000239,0.0,267.36,1,0,ato_lowandslow_exfiltration,1
189,PAYMENT,281.94,SYNTH_ATOLS_0000239,2840.21,2558.27,SYNTH_ATOLSSINK_0000239,0.0,281.94,1,0,ato_lowandslow_exfiltration,1
221,PAYMENT,256.82,SYNTH_ATOLS_0000239,2558.27,2301.45,SYNTH_ATOLSSINK_0000239,0.0,256.82,1,0,ato_lowandslow_exfiltration,1
354,PAYMENT,358.58,SYNTH_ATOLS_0000240,5275.07,4916.49,SYNTH_ATOLSSINK_0000240,0.0,358.58,1,0,ato_lowandslow_exfiltration,1
387,PAYMENT,354.89,SYNTH_ATOLS_0000240,4916.49,4561.6,SYNTH_ATOLSSINK_0000240,0.0,354.89,1,0,ato_lowandslow_exfiltration,1
422,PAYMENT,320.03,SYNTH_ATOLS_0000240,4561.6,4241.57,SYNTH_ATOLSSINK_0000240,0.0,320.03,1,0,ato_lowandslow_exfiltration,1
457,PAYMENT,328.33,SYNTH_ATOLS_0000240,4241.57,3913.24,SYNTH_ATOLSSINK_0000240,0.0,328.33,1,0,ato_lowandslow_exfiltration,1
491,PAYMENT,311.14,SYNTH_ATOLS_0000240,3913.24,3602.1,SYNTH_ATOLSSINK_0000240,0.0,311.14,1,0,ato_lowandslow_exfiltration,1
527,PAYMENT,353.33,SYNTH_ATOLS_0000240,3602.1,3248.77,SYNTH_ATOLSSINK_0000240,0.0,353.33,1,0,ato_lowandslow_exfiltration,1
558,PAYMENT,357.34,SYNTH_ATOLS_0000240,3248.77,2891.43,SYNTH_ATOLSSINK_0000240,0.0,357.34,1,0,ato_lowandslow_exfiltration,1
352,PAYMENT,188.52,SYNTH_ATOLS_0000241,5607.87,5419.35,SYNTH_ATOLSSINK_0000241,0.0,188.52,1,0,ato_lowandslow_exfiltration,1
378,PAYMENT,176.6,SYNTH_ATOLS_0000241,5419.35,5242.75,SYNTH_ATOLSSINK_0000241,0.0,176.6,1,0,ato_lowandslow_exfiltration,1
409,PAYMENT,172.25,SYNTH_ATOLS_0000241,5242.75,5070.5,SYNTH_ATOLSSINK_0000241,0.0,172.25,1,0,ato_lowandslow_exfiltration,1
435,PAYMENT,172.06,SYNTH_ATOLS_0000241,5070.5,4898.44,SYNTH_ATOLSSINK_0000241,0.0,172.06,1,0,ato_lowandslow_exfiltration,1
464,PAYMENT,174.01,SYNTH_ATOLS_0000241,4898.44,4724.43,SYNTH_ATOLSSINK_0000241,0.0,174.01,1,0,ato_lowandslow_exfiltration,1
497,PAYMENT,173.46,SYNTH_ATOLS_0000241,4724.43,4550.97,SYNTH_ATOLSSINK_0000241,0.0,173.46,1,0,ato_lowandslow_exfiltration,1
523,PAYMENT,167.77,SYNTH_ATOLS_0000241,4550.97,4383.2,SYNTH_ATOLSSINK_0000241,0.0,167.77,1,0,ato_lowandslow_exfiltration,1
532,PAYMENT,198.5,SYNTH_ATOLS_0000242,8795.85,8597.35,SYNTH_ATOLSSINK_0000242,0.0,198.5,1,0,ato_lowandslow_exfiltration,1
557,PAYMENT,196.57,SYNTH_ATOLS_0000242,8597.35,8400.78,SYNTH_ATOLSSINK_0000242,0.0,196.57,1,0,ato_lowandslow_exfiltration,1
590,PAYMENT,197.52,SYNTH_ATOLS_0000242,8400.78,8203.26,SYNTH_ATOLSSINK_0000242,0.0,197.52,1,0,ato_lowandslow_exfiltration,1
618,PAYMENT,192.63,SYNTH_ATOLS_0000242,8203.26,8010.63,SYNTH_ATOLSSINK_0000242,0.0,192.63,1,0,ato_lowandslow_exfiltration,1
644,PAYMENT,195.83,SYNTH_ATOLS_0000242,8010.63,7814.8,SYNTH_ATOLSSINK_0000242,0.0,195.83,1,0,ato_lowandslow_exfiltration,1
271,PAYMENT,164.59,SYNTH_ATOLS_0000243,6365.89,6201.3,SYNTH_ATOLSSINK_0000243,0.0,164.59,1,0,ato_lowandslow_exfiltration,1
298,PAYMENT,153.58,SYNTH_ATOLS_0000243,6201.3,6047.72,SYNTH_ATOLSSINK_0000243,0.0,153.58,1,0,ato_lowandslow_exfiltration,1
327,PAYMENT,148.83,SYNTH_ATOLS_0000243,6047.72,5898.89,SYNTH_ATOLSSINK_0000243,0.0,148.83,1,0,ato_lowandslow_exfiltration,1
355,PAYMENT,141.71,SYNTH_ATOLS_0000243,5898.89,5757.18,SYNTH_ATOLSSINK_0000243,0.0,141.71,1,0,ato_lowandslow_exfiltration,1
508,PAYMENT,439.57,SYNTH_ATOLS_0000244,2000.42,1560.85,SYNTH_ATOLSSINK_0000244,0.0,439.57,1,0,ato_lowandslow_exfiltration,1
541,PAYMENT,373.46,SYNTH_ATOLS_0000244,1560.85,1187.39,SYNTH_ATOLSSINK_0000244,0.0,373.46,1,0,ato_lowandslow_exfiltration,1
573,PAYMENT,439.01,SYNTH_ATOLS_0000244,1187.39,748.38,SYNTH_ATOLSSINK_0000244,0.0,439.01,1,0,ato_lowandslow_exfiltration,1
609,PAYMENT,401.03,SYNTH_ATOLS_0000244,748.38,347.35,SYNTH_ATOLSSINK_0000244,0.0,401.03,1,0,ato_lowandslow_exfiltration,1
638,PAYMENT,390.6,SYNTH_ATOLS_0000244,347.35,0.0,SYNTH_ATOLSSINK_0000244,0.0,390.6,1,0,ato_lowandslow_exfiltration,1
672,PAYMENT,417.98,SYNTH_ATOLS_0000244,0.0,0.0,SYNTH_ATOLSSINK_0000244,0.0,417.98,1,0,ato_lowandslow_exfiltration,1
266,PAYMENT,230.88,SYNTH_ATOLS_0000245,12778.27,12547.39,SYNTH_ATOLSSINK_0000245,0.0,230.88,1,0,ato_lowandslow_exfiltration,1
303,PAYMENT,212.37,SYNTH_ATOLS_0000245,12547.39,12335.02,SYNTH_ATOLSSINK_0000245,0.0,212.37,1,0,ato_lowandslow_exfiltration,1
340,PAYMENT,214.27,SYNTH_ATOLS_0000245,12335.02,12120.75,SYNTH_ATOLSSINK_0000245,0.0,214.27,1,0,ato_lowandslow_exfiltration,1
373,PAYMENT,199.15,SYNTH_ATOLS_0000245,12120.75,11921.6,SYNTH_ATOLSSINK_0000245,0.0,199.15,1,0,ato_lowandslow_exfiltration,1
368,PAYMENT,269.33,SYNTH_ATOLS_0000246,5418.81,5149.48,SYNTH_ATOLSSINK_0000246,0.0,269.33,1,0,ato_lowandslow_exfiltration,1
398,PAYMENT,258.94,SYNTH_ATOLS_0000246,5149.48,4890.54,SYNTH_ATOLSSINK_0000246,0.0,258.94,1,0,ato_lowandslow_exfiltration,1
434,PAYMENT,262.09,SYNTH_ATOLS_0000246,4890.54,4628.45,SYNTH_ATOLSSINK_0000246,0.0,262.09,1,0,ato_lowandslow_exfiltration,1
468,PAYMENT,243.92,SYNTH_ATOLS_0000246,4628.45,4384.53,SYNTH_ATOLSSINK_0000246,0.0,243.92,1,0,ato_lowandslow_exfiltration,1
504,PAYMENT,272.9,SYNTH_ATOLS_0000246,4384.53,4111.63,SYNTH_ATOLSSINK_0000246,0.0,272.9,1,0,ato_lowandslow_exfiltration,1
489,PAYMENT,228.37,SYNTH_ATOLS_0000247,3324.59,3096.22,SYNTH_ATOLSSINK_0000247,0.0,228.37,1,0,ato_lowandslow_exfiltration,1
508,PAYMENT,191.17,SYNTH_ATOLS_0000247,3096.22,2905.05,SYNTH_ATOLSSINK_0000247,0.0,191.17,1,0,ato_lowandslow_exfiltration,1
531,PAYMENT,204.68,SYNTH_ATOLS_0000247,2905.05,2700.37,SYNTH_ATOLSSINK_0000247,0.0,204.68,1,0,ato_lowandslow_exfiltration,1
552,PAYMENT,204.83,SYNTH_ATOLS_0000247,2700.37,2495.54,SYNTH_ATOLSSINK_0000247,0.0,204.83,1,0,ato_lowandslow_exfiltration,1
574,PAYMENT,229.76,SYNTH_ATOLS_0000247,2495.54,2265.78,SYNTH_ATOLSSINK_0000247,0.0,229.76,1,0,ato_lowandslow_exfiltration,1
593,PAYMENT,201.86,SYNTH_ATOLS_0000247,2265.78,2063.92,SYNTH_ATOLSSINK_0000247,0.0,201.86,1,0,ato_lowandslow_exfiltration,1
614,PAYMENT,216.79,SYNTH_ATOLS_0000247,2063.92,1847.13,SYNTH_ATOLSSINK_0000247,0.0,216.79,1,0,ato_lowandslow_exfiltration,1
259,PAYMENT,333.45,SYNTH_ATOLS_0000248,8638.15,8304.7,SYNTH_ATOLSSINK_0000248,0.0,333.45,1,0,ato_lowandslow_exfiltration,1
276,PAYMENT,336.41,SYNTH_ATOLS_0000248,8304.7,7968.29,SYNTH_ATOLSSINK_0000248,0.0,336.41,1,0,ato_lowandslow_exfiltration,1
291,PAYMENT,399.41,SYNTH_ATOLS_0000248,7968.29,7568.88,SYNTH_ATOLSSINK_0000248,0.0,399.41,1,0,ato_lowandslow_exfiltration,1
313,PAYMENT,379.73,SYNTH_ATOLS_0000248,7568.88,7189.15,SYNTH_ATOLSSINK_0000248,0.0,379.73,1,0,ato_lowandslow_exfiltration,1
605,PAYMENT,180.51,SYNTH_ATOLS_0000249,9775.79,9595.28,SYNTH_ATOLSSINK_0000249,0.0,180.51,1,0,ato_lowandslow_exfiltration,1
631,PAYMENT,164.44,SYNTH_ATOLS_0000249,9595.28,9430.84,SYNTH_ATOLSSINK_0000249,0.0,164.44,1,0,ato_lowandslow_exfiltration,1
656,PAYMENT,161.98,SYNTH_ATOLS_0000249,9430.84,9268.86,SYNTH_ATOLSSINK_0000249,0.0,161.98,1,0,ato_lowandslow_exfiltration,1
683,PAYMENT,167.33,SYNTH_ATOLS_0000249,9268.86,9101.53,SYNTH_ATOLSSINK_0000249,0.0,167.33,1,0,ato_lowandslow_exfiltration,1
708,PAYMENT,178.11,SYNTH_ATOLS_0000249,9101.53,8923.42,SYNTH_ATOLSSINK_0000249,0.0,178.11,1,0,ato_lowandslow_exfiltration,1
583,PAYMENT,264.11,SYNTH_ATOLS_0000250,8191.83,7927.72,SYNTH_ATOLSSINK_0000250,0.0,264.11,1,0,ato_lowandslow_exfiltration,1
615,PAYMENT,259.46,SYNTH_ATOLS_0000250,7927.72,7668.26,SYNTH_ATOLSSINK_0000250,0.0,259.46,1,0,ato_lowandslow_exfiltration,1
651,PAYMENT,271.2,SYNTH_ATOLS_0000250,7668.26,7397.06,SYNTH_ATOLSSINK_0000250,0.0,271.2,1,0,ato_lowandslow_exfiltration,1
690,PAYMENT,250.52,SYNTH_ATOLS_0000250,7397.06,7146.54,SYNTH_ATOLSSINK_0000250,0.0,250.52,1,0,ato_lowandslow_exfiltration,1
723,PAYMENT,283.94,SYNTH_ATOLS_0000250,7146.54,6862.6,SYNTH_ATOLSSINK_0000250,0.0,283.94,1,0,ato_lowandslow_exfiltration,1
760,PAYMENT,251.99,SYNTH_ATOLS_0000250,6862.6,6610.61,SYNTH_ATOLSSINK_0000250,0.0,251.99,1,0,ato_lowandslow_exfiltration,1
798,PAYMENT,247.98,SYNTH_ATOLS_0000250,6610.61,6362.63,SYNTH_ATOLSSINK_0000250,0.0,247.98,1,0,ato_lowandslow_exfiltration,1
283,PAYMENT,162.58,SYNTH_ATOLS_0000251,8097.25,7934.67,SYNTH_ATOLSSINK_0000251,0.0,162.58,1,0,ato_lowandslow_exfiltration,1
315,PAYMENT,148.99,SYNTH_ATOLS_0000251,7934.67,7785.68,SYNTH_ATOLSSINK_0000251,0.0,148.99,1,0,ato_lowandslow_exfiltration,1
350,PAYMENT,139.48,SYNTH_ATOLS_0000251,7785.68,7646.2,SYNTH_ATOLSSINK_0000251,0.0,139.48,1,0,ato_lowandslow_exfiltration,1
382,PAYMENT,142.63,SYNTH_ATOLS_0000251,7646.2,7503.57,SYNTH_ATOLSSINK_0000251,0.0,142.63,1,0,ato_lowandslow_exfiltration,1
412,PAYMENT,160.13,SYNTH_ATOLS_0000251,7503.57,7343.44,SYNTH_ATOLSSINK_0000251,0.0,160.13,1,0,ato_lowandslow_exfiltration,1
446,PAYMENT,146.26,SYNTH_ATOLS_0000251,7343.44,7197.18,SYNTH_ATOLSSINK_0000251,0.0,146.26,1,0,ato_lowandslow_exfiltration,1
476,PAYMENT,148.34,SYNTH_ATOLS_0000251,7197.18,7048.84,SYNTH_ATOLSSINK_0000251,0.0,148.34,1,0,ato_lowandslow_exfiltration,1
393,PAYMENT,230.05,SYNTH_ATOLS_0000252,1625.06,1395.01,SYNTH_ATOLSSINK_0000252,0.0,230.05,1,0,ato_lowandslow_exfiltration,1
420,PAYMENT,215.27,SYNTH_ATOLS_0000252,1395.01,1179.74,SYNTH_ATOLSSINK_0000252,0.0,215.27,1,0,ato_lowandslow_exfiltration,1
448,PAYMENT,212.39,SYNTH_ATOLS_0000252,1179.74,967.35,SYNTH_ATOLSSINK_0000252,0.0,212.39,1,0,ato_lowandslow_exfiltration,1
478,PAYMENT,210.33,SYNTH_ATOLS_0000252,967.35,757.02,SYNTH_ATOLSSINK_0000252,0.0,210.33,1,0,ato_lowandslow_exfiltration,1
379,PAYMENT,287.5,SYNTH_ATOLS_0000253,8230.79,7943.29,SYNTH_ATOLSSINK_0000253,0.0,287.5,1,0,ato_lowandslow_exfiltration,1
414,PAYMENT,241.38,SYNTH_ATOLS_0000253,7943.29,7701.91,SYNTH_ATOLSSINK_0000253,0.0,241.38,1,0,ato_lowandslow_exfiltration,1
446,PAYMENT,273.09,SYNTH_ATOLS_0000253,7701.91,7428.82,SYNTH_ATOLSSINK_0000253,0.0,273.09,1,0,ato_lowandslow_exfiltration,1
482,PAYMENT,254.39,SYNTH_ATOLS_0000253,7428.82,7174.43,SYNTH_ATOLSSINK_0000253,0.0,254.39,1,0,ato_lowandslow_exfiltration,1
514,PAYMENT,250.35,SYNTH_ATOLS_0000253,7174.43,6924.08,SYNTH_ATOLSSINK_0000253,0.0,250.35,1,0,ato_lowandslow_exfiltration,1
550,PAYMENT,275.62,SYNTH_ATOLS_0000253,6924.08,6648.46,SYNTH_ATOLSSINK_0000253,0.0,275.62,1,0,ato_lowandslow_exfiltration,1
585,PAYMENT,253.85,SYNTH_ATOLS_0000253,6648.46,6394.61,SYNTH_ATOLSSINK_0000253,0.0,253.85,1,0,ato_lowandslow_exfiltration,1
129,PAYMENT,229.19,SYNTH_ATOLS_0000254,2527.98,2298.79,SYNTH_ATOLSSINK_0000254,0.0,229.19,1,0,ato_lowandslow_exfiltration,1
163,PAYMENT,240.25,SYNTH_ATOLS_0000254,2298.79,2058.54,SYNTH_ATOLSSINK_0000254,0.0,240.25,1,0,ato_lowandslow_exfiltration,1
192,PAYMENT,226.23,SYNTH_ATOLS_0000254,2058.54,1832.31,SYNTH_ATOLSSINK_0000254,0.0,226.23,1,0,ato_lowandslow_exfiltration,1
224,PAYMENT,249.65,SYNTH_ATOLS_0000254,1832.31,1582.66,SYNTH_ATOLSSINK_0000254,0.0,249.65,1,0,ato_lowandslow_exfiltration,1
257,PAYMENT,256.2,SYNTH_ATOLS_0000254,1582.66,1326.46,SYNTH_ATOLSSINK_0000254,0.0,256.2,1,0,ato_lowandslow_exfiltration,1
291,PAYMENT,243.8,SYNTH_ATOLS_0000254,1326.46,1082.66,SYNTH_ATOLSSINK_0000254,0.0,243.8,1,0,ato_lowandslow_exfiltration,1
321,PAYMENT,228.45,SYNTH_ATOLS_0000254,1082.66,854.21,SYNTH_ATOLSSINK_0000254,0.0,228.45,1,0,ato_lowandslow_exfiltration,1
208,PAYMENT,338.64,SYNTH_ATOLS_0000255,5573.67,5235.03,SYNTH_ATOLSSINK_0000255,0.0,338.64,1,0,ato_lowandslow_exfiltration,1
242,PAYMENT,293.27,SYNTH_ATOLS_0000255,5235.03,4941.76,SYNTH_ATOLSSINK_0000255,0.0,293.27,1,0,ato_lowandslow_exfiltration,1
277,PAYMENT,298.97,SYNTH_ATOLS_0000255,4941.76,4642.79,SYNTH_ATOLSSINK_0000255,0.0,298.97,1,0,ato_lowandslow_exfiltration,1
309,PAYMENT,338.97,SYNTH_ATOLS_0000255,4642.79,4303.82,SYNTH_ATOLSSINK_0000255,0.0,338.97,1,0,ato_lowandslow_exfiltration,1
342,PAYMENT,320.74,SYNTH_ATOLS_0000255,4303.82,3983.08,SYNTH_ATOLSSINK_0000255,0.0,320.74,1,0,ato_lowandslow_exfiltration,1
375,PAYMENT,302.66,SYNTH_ATOLS_0000255,3983.08,3680.42,SYNTH_ATOLSSINK_0000255,0.0,302.66,1,0,ato_lowandslow_exfiltration,1
412,PAYMENT,328.79,SYNTH_ATOLS_0000255,3680.42,3351.63,SYNTH_ATOLSSINK_0000255,0.0,328.79,1,0,ato_lowandslow_exfiltration,1
222,PAYMENT,226.38,SYNTH_ATOLS_0000256,1605.8,1379.42,SYNTH_ATOLSSINK_0000256,0.0,226.38,1,0,ato_lowandslow_exfiltration,1
260,PAYMENT,207.6,SYNTH_ATOLS_0000256,1379.42,1171.82,SYNTH_ATOLSSINK_0000256,0.0,207.6,1,0,ato_lowandslow_exfiltration,1
302,PAYMENT,236.95,SYNTH_ATOLS_0000256,1171.82,934.87,SYNTH_ATOLSSINK_0000256,0.0,236.95,1,0,ato_lowandslow_exfiltration,1
340,PAYMENT,245.63,SYNTH_ATOLS_0000256,934.87,689.24,SYNTH_ATOLSSINK_0000256,0.0,245.63,1,0,ato_lowandslow_exfiltration,1
381,PAYMENT,214.32,SYNTH_ATOLS_0000256,689.24,474.92,SYNTH_ATOLSSINK_0000256,0.0,214.32,1,0,ato_lowandslow_exfiltration,1
416,PAYMENT,203.37,SYNTH_ATOLS_0000256,474.92,271.55,SYNTH_ATOLSSINK_0000256,0.0,203.37,1,0,ato_lowandslow_exfiltration,1
163,PAYMENT,288.53,SYNTH_ATOLS_0000257,3411.78,3123.25,SYNTH_ATOLSSINK_0000257,0.0,288.53,1,0,ato_lowandslow_exfiltration,1
181,PAYMENT,318.29,SYNTH_ATOLS_0000257,3123.25,2804.96,SYNTH_ATOLSSINK_0000257,0.0,318.29,1,0,ato_lowandslow_exfiltration,1
199,PAYMENT,307.86,SYNTH_ATOLS_0000257,2804.96,2497.1,SYNTH_ATOLSSINK_0000257,0.0,307.86,1,0,ato_lowandslow_exfiltration,1
215,PAYMENT,330.81,SYNTH_ATOLS_0000257,2497.1,2166.29,SYNTH_ATOLSSINK_0000257,0.0,330.81,1,0,ato_lowandslow_exfiltration,1
230,PAYMENT,284.27,SYNTH_ATOLS_0000257,2166.29,1882.02,SYNTH_ATOLSSINK_0000257,0.0,284.27,1,0,ato_lowandslow_exfiltration,1
370,PAYMENT,236.21,SYNTH_ATOLS_0000258,2446.76,2210.55,SYNTH_ATOLSSINK_0000258,0.0,236.21,1,0,ato_lowandslow_exfiltration,1
391,PAYMENT,210.27,SYNTH_ATOLS_0000258,2210.55,2000.28,SYNTH_ATOLSSINK_0000258,0.0,210.27,1,0,ato_lowandslow_exfiltration,1
417,PAYMENT,221.72,SYNTH_ATOLS_0000258,2000.28,1778.56,SYNTH_ATOLSSINK_0000258,0.0,221.72,1,0,ato_lowandslow_exfiltration,1
442,PAYMENT,223.41,SYNTH_ATOLS_0000258,1778.56,1555.15,SYNTH_ATOLSSINK_0000258,0.0,223.41,1,0,ato_lowandslow_exfiltration,1
463,PAYMENT,236.05,SYNTH_ATOLS_0000258,1555.15,1319.1,SYNTH_ATOLSSINK_0000258,0.0,236.05,1,0,ato_lowandslow_exfiltration,1
486,PAYMENT,221.51,SYNTH_ATOLS_0000258,1319.1,1097.59,SYNTH_ATOLSSINK_0000258,0.0,221.51,1,0,ato_lowandslow_exfiltration,1
510,PAYMENT,230.6,SYNTH_ATOLS_0000258,1097.59,866.99,SYNTH_ATOLSSINK_0000258,0.0,230.6,1,0,ato_lowandslow_exfiltration,1
562,PAYMENT,172.98,SYNTH_ATOLS_0000259,6833.57,6660.59,SYNTH_ATOLSSINK_0000259,0.0,172.98,1,0,ato_lowandslow_exfiltration,1
603,PAYMENT,173.85,SYNTH_ATOLS_0000259,6660.59,6486.74,SYNTH_ATOLSSINK_0000259,0.0,173.85,1,0,ato_lowandslow_exfiltration,1
642,PAYMENT,173.35,SYNTH_ATOLS_0000259,6486.74,6313.39,SYNTH_ATOLSSINK_0000259,0.0,173.35,1,0,ato_lowandslow_exfiltration,1
680,PAYMENT,146.51,SYNTH_ATOLS_0000259,6313.39,6166.88,SYNTH_ATOLSSINK_0000259,0.0,146.51,1,0,ato_lowandslow_exfiltration,1
718,PAYMENT,158.65,SYNTH_ATOLS_0000259,6166.88,6008.23,SYNTH_ATOLSSINK_0000259,0.0,158.65,1,0,ato_lowandslow_exfiltration,1
755,PAYMENT,165.84,SYNTH_ATOLS_0000259,6008.23,5842.39,SYNTH_ATOLSSINK_0000259,0.0,165.84,1,0,ato_lowandslow_exfiltration,1
330,PAYMENT,172.29,SYNTH_ATOLS_0000260,2734.17,2561.88,SYNTH_ATOLSSINK_0000260,0.0,172.29,1,0,ato_lowandslow_exfiltration,1
365,PAYMENT,181.68,SYNTH_ATOLS_0000260,2561.88,2380.2,SYNTH_ATOLSSINK_0000260,0.0,181.68,1,0,ato_lowandslow_exfiltration,1
402,PAYMENT,190.97,SYNTH_ATOLS_0000260,2380.2,2189.23,SYNTH_ATOLSSINK_0000260,0.0,190.97,1,0,ato_lowandslow_exfiltration,1
440,PAYMENT,176.37,SYNTH_ATOLS_0000260,2189.23,2012.86,SYNTH_ATOLSSINK_0000260,0.0,176.37,1,0,ato_lowandslow_exfiltration,1
480,PAYMENT,168.06,SYNTH_ATOLS_0000260,2012.86,1844.8,SYNTH_ATOLSSINK_0000260,0.0,168.06,1,0,ato_lowandslow_exfiltration,1
87,PAYMENT,110.35,SYNTH_ATOLS_0000261,8205.38,8095.03,SYNTH_ATOLSSINK_0000261,0.0,110.35,1,0,ato_lowandslow_exfiltration,1
107,PAYMENT,119.55,SYNTH_ATOLS_0000261,8095.03,7975.48,SYNTH_ATOLSSINK_0000261,0.0,119.55,1,0,ato_lowandslow_exfiltration,1
128,PAYMENT,108.93,SYNTH_ATOLS_0000261,7975.48,7866.55,SYNTH_ATOLSSINK_0000261,0.0,108.93,1,0,ato_lowandslow_exfiltration,1
145,PAYMENT,121.07,SYNTH_ATOLS_0000261,7866.55,7745.48,SYNTH_ATOLSSINK_0000261,0.0,121.07,1,0,ato_lowandslow_exfiltration,1
165,PAYMENT,117.0,SYNTH_ATOLS_0000261,7745.48,7628.48,SYNTH_ATOLSSINK_0000261,0.0,117.0,1,0,ato_lowandslow_exfiltration,1
184,PAYMENT,110.87,SYNTH_ATOLS_0000261,7628.48,7517.61,SYNTH_ATOLSSINK_0000261,0.0,110.87,1,0,ato_lowandslow_exfiltration,1
201,PAYMENT,126.78,SYNTH_ATOLS_0000261,7517.61,7390.83,SYNTH_ATOLSSINK_0000261,0.0,126.78,1,0,ato_lowandslow_exfiltration,1
685,PAYMENT,308.62,SYNTH_ATOLS_0000262,1538.07,1229.45,SYNTH_ATOLSSINK_0000262,0.0,308.62,1,0,ato_lowandslow_exfiltration,1
711,PAYMENT,261.17,SYNTH_ATOLS_0000262,1229.45,968.28,SYNTH_ATOLSSINK_0000262,0.0,261.17,1,0,ato_lowandslow_exfiltration,1
738,PAYMENT,296.65,SYNTH_ATOLS_0000262,968.28,671.63,SYNTH_ATOLSSINK_0000262,0.0,296.65,1,0,ato_lowandslow_exfiltration,1
762,PAYMENT,278.44,SYNTH_ATOLS_0000262,671.63,393.19,SYNTH_ATOLSSINK_0000262,0.0,278.44,1,0,ato_lowandslow_exfiltration,1
787,PAYMENT,263.82,SYNTH_ATOLS_0000262,393.19,129.37,SYNTH_ATOLSSINK_0000262,0.0,263.82,1,0,ato_lowandslow_exfiltration,1
207,PAYMENT,274.47,SYNTH_ATOLS_0000263,10275.69,10001.22,SYNTH_ATOLSSINK_0000263,0.0,274.47,1,0,ato_lowandslow_exfiltration,1
243,PAYMENT,279.94,SYNTH_ATOLS_0000263,10001.22,9721.28,SYNTH_ATOLSSINK_0000263,0.0,279.94,1,0,ato_lowandslow_exfiltration,1
283,PAYMENT,263.94,SYNTH_ATOLS_0000263,9721.28,9457.34,SYNTH_ATOLSSINK_0000263,0.0,263.94,1,0,ato_lowandslow_exfiltration,1
323,PAYMENT,241.65,SYNTH_ATOLS_0000263,9457.34,9215.69,SYNTH_ATOLSSINK_0000263,0.0,241.65,1,0,ato_lowandslow_exfiltration,1
358,PAYMENT,239.31,SYNTH_ATOLS_0000263,9215.69,8976.38,SYNTH_ATOLSSINK_0000263,0.0,239.31,1,0,ato_lowandslow_exfiltration,1
425,PAYMENT,293.21,SYNTH_ATOLS_0000264,4399.05,4105.84,SYNTH_ATOLSSINK_0000264,0.0,293.21,1,0,ato_lowandslow_exfiltration,1
454,PAYMENT,289.91,SYNTH_ATOLS_0000264,4105.84,3815.93,SYNTH_ATOLSSINK_0000264,0.0,289.91,1,0,ato_lowandslow_exfiltration,1
483,PAYMENT,293.4,SYNTH_ATOLS_0000264,3815.93,3522.53,SYNTH_ATOLSSINK_0000264,0.0,293.4,1,0,ato_lowandslow_exfiltration,1
509,PAYMENT,268.47,SYNTH_ATOLS_0000264,3522.53,3254.06,SYNTH_ATOLSSINK_0000264,0.0,268.47,1,0,ato_lowandslow_exfiltration,1
534,PAYMENT,293.03,SYNTH_ATOLS_0000264,3254.06,2961.03,SYNTH_ATOLSSINK_0000264,0.0,293.03,1,0,ato_lowandslow_exfiltration,1
561,PAYMENT,294.7,SYNTH_ATOLS_0000264,2961.03,2666.33,SYNTH_ATOLSSINK_0000264,0.0,294.7,1,0,ato_lowandslow_exfiltration,1
275,PAYMENT,240.93,SYNTH_ATOLS_0000265,2397.02,2156.09,SYNTH_ATOLSSINK_0000265,0.0,240.93,1,0,ato_lowandslow_exfiltration,1
304,PAYMENT,249.84,SYNTH_ATOLS_0000265,2156.09,1906.25,SYNTH_ATOLSSINK_0000265,0.0,249.84,1,0,ato_lowandslow_exfiltration,1
339,PAYMENT,253.89,SYNTH_ATOLS_0000265,1906.25,1652.36,SYNTH_ATOLSSINK_0000265,0.0,253.89,1,0,ato_lowandslow_exfiltration,1
371,PAYMENT,214.24,SYNTH_ATOLS_0000265,1652.36,1438.12,SYNTH_ATOLSSINK_0000265,0.0,214.24,1,0,ato_lowandslow_exfiltration,1
407,PAYMENT,212.45,SYNTH_ATOLS_0000265,1438.12,1225.67,SYNTH_ATOLSSINK_0000265,0.0,212.45,1,0,ato_lowandslow_exfiltration,1
437,PAYMENT,225.68,SYNTH_ATOLS_0000265,1225.67,999.99,SYNTH_ATOLSSINK_0000265,0.0,225.68,1,0,ato_lowandslow_exfiltration,1
469,PAYMENT,232.21,SYNTH_ATOLS_0000265,999.99,767.78,SYNTH_ATOLSSINK_0000265,0.0,232.21,1,0,ato_lowandslow_exfiltration,1
652,PAYMENT,302.63,SYNTH_ATOLS_0000266,6218.08,5915.45,SYNTH_ATOLSSINK_0000266,0.0,302.63,1,0,ato_lowandslow_exfiltration,1
670,PAYMENT,334.15,SYNTH_ATOLS_0000266,5915.45,5581.3,SYNTH_ATOLSSINK_0000266,0.0,334.15,1,0,ato_lowandslow_exfiltration,1
692,PAYMENT,329.51,SYNTH_ATOLS_0000266,5581.3,5251.79,SYNTH_ATOLSSINK_0000266,0.0,329.51,1,0,ato_lowandslow_exfiltration,1
712,PAYMENT,336.67,SYNTH_ATOLS_0000266,5251.79,4915.12,SYNTH_ATOLSSINK_0000266,0.0,336.67,1,0,ato_lowandslow_exfiltration,1
360,PAYMENT,111.02,SYNTH_ATOLS_0000267,2639.23,2528.21,SYNTH_ATOLSSINK_0000267,0.0,111.02,1,0,ato_lowandslow_exfiltration,1
397,PAYMENT,96.55,SYNTH_ATOLS_0000267,2528.21,2431.66,SYNTH_ATOLSSINK_0000267,0.0,96.55,1,0,ato_lowandslow_exfiltration,1
434,PAYMENT,101.67,SYNTH_ATOLS_0000267,2431.66,2329.99,SYNTH_ATOLSSINK_0000267,0.0,101.67,1,0,ato_lowandslow_exfiltration,1
471,PAYMENT,111.73,SYNTH_ATOLS_0000267,2329.99,2218.26,SYNTH_ATOLSSINK_0000267,0.0,111.73,1,0,ato_lowandslow_exfiltration,1
506,PAYMENT,103.6,SYNTH_ATOLS_0000267,2218.26,2114.66,SYNTH_ATOLSSINK_0000267,0.0,103.6,1,0,ato_lowandslow_exfiltration,1
200,PAYMENT,284.18,SYNTH_ATOLS_0000268,3792.48,3508.3,SYNTH_ATOLSSINK_0000268,0.0,284.18,1,0,ato_lowandslow_exfiltration,1
228,PAYMENT,298.68,SYNTH_ATOLS_0000268,3508.3,3209.62,SYNTH_ATOLSSINK_0000268,0.0,298.68,1,0,ato_lowandslow_exfiltration,1
255,PAYMENT,313.2,SYNTH_ATOLS_0000268,3209.62,2896.42,SYNTH_ATOLSSINK_0000268,0.0,313.2,1,0,ato_lowandslow_exfiltration,1
287,PAYMENT,327.13,SYNTH_ATOLS_0000268,2896.42,2569.29,SYNTH_ATOLSSINK_0000268,0.0,327.13,1,0,ato_lowandslow_exfiltration,1
314,PAYMENT,304.91,SYNTH_ATOLS_0000268,2569.29,2264.38,SYNTH_ATOLSSINK_0000268,0.0,304.91,1,0,ato_lowandslow_exfiltration,1
341,PAYMENT,291.36,SYNTH_ATOLS_0000268,2264.38,1973.02,SYNTH_ATOLSSINK_0000268,0.0,291.36,1,0,ato_lowandslow_exfiltration,1
143,PAYMENT,228.26,SYNTH_ATOLS_0000269,4383.76,4155.5,SYNTH_ATOLSSINK_0000269,0.0,228.26,1,0,ato_lowandslow_exfiltration,1
166,PAYMENT,209.57,SYNTH_ATOLS_0000269,4155.5,3945.93,SYNTH_ATOLSSINK_0000269,0.0,209.57,1,0,ato_lowandslow_exfiltration,1
195,PAYMENT,213.54,SYNTH_ATOLS_0000269,3945.93,3732.39,SYNTH_ATOLSSINK_0000269,0.0,213.54,1,0,ato_lowandslow_exfiltration,1
219,PAYMENT,224.53,SYNTH_ATOLS_0000269,3732.39,3507.86,SYNTH_ATOLSSINK_0000269,0.0,224.53,1,0,ato_lowandslow_exfiltration,1
247,PAYMENT,226.69,SYNTH_ATOLS_0000269,3507.86,3281.17,SYNTH_ATOLSSINK_0000269,0.0,226.69,1,0,ato_lowandslow_exfiltration,1
272,PAYMENT,248.33,SYNTH_ATOLS_0000269,3281.17,3032.84,SYNTH_ATOLSSINK_0000269,0.0,248.33,1,0,ato_lowandslow_exfiltration,1
590,PAYMENT,452.09,SYNTH_ATOLS_0000270,3148.37,2696.28,SYNTH_ATOLSSINK_0000270,0.0,452.09,1,0,ato_lowandslow_exfiltration,1
612,PAYMENT,485.17,SYNTH_ATOLS_0000270,2696.28,2211.11,SYNTH_ATOLSSINK_0000270,0.0,485.17,1,0,ato_lowandslow_exfiltration,1
632,PAYMENT,480.71,SYNTH_ATOLS_0000270,2211.11,1730.4,SYNTH_ATOLSSINK_0000270,0.0,480.71,1,0,ato_lowandslow_exfiltration,1
648,PAYMENT,502.23,SYNTH_ATOLS_0000270,1730.4,1228.17,SYNTH_ATOLSSINK_0000270,0.0,502.23,1,0,ato_lowandslow_exfiltration,1
345,PAYMENT,185.23,SYNTH_ATOLS_0000271,4773.61,4588.38,SYNTH_ATOLSSINK_0000271,0.0,185.23,1,0,ato_lowandslow_exfiltration,1
366,PAYMENT,170.35,SYNTH_ATOLS_0000271,4588.38,4418.03,SYNTH_ATOLSSINK_0000271,0.0,170.35,1,0,ato_lowandslow_exfiltration,1
392,PAYMENT,189.17,SYNTH_ATOLS_0000271,4418.03,4228.86,SYNTH_ATOLSSINK_0000271,0.0,189.17,1,0,ato_lowandslow_exfiltration,1
415,PAYMENT,195.77,SYNTH_ATOLS_0000271,4228.86,4033.09,SYNTH_ATOLSSINK_0000271,0.0,195.77,1,0,ato_lowandslow_exfiltration,1
438,PAYMENT,166.55,SYNTH_ATOLS_0000271,4033.09,3866.54,SYNTH_ATOLSSINK_0000271,0.0,166.55,1,0,ato_lowandslow_exfiltration,1
466,PAYMENT,176.83,SYNTH_ATOLS_0000271,3866.54,3689.71,SYNTH_ATOLSSINK_0000271,0.0,176.83,1,0,ato_lowandslow_exfiltration,1
269,PAYMENT,299.9,SYNTH_ATOLS_0000272,3018.01,2718.11,SYNTH_ATOLSSINK_0000272,0.0,299.9,1,0,ato_lowandslow_exfiltration,1
282,PAYMENT,332.35,SYNTH_ATOLS_0000272,2718.11,2385.76,SYNTH_ATOLSSINK_0000272,0.0,332.35,1,0,ato_lowandslow_exfiltration,1
299,PAYMENT,273.22,SYNTH_ATOLS_0000272,2385.76,2112.54,SYNTH_ATOLSSINK_0000272,0.0,273.22,1,0,ato_lowandslow_exfiltration,1
314,PAYMENT,287.38,SYNTH_ATOLS_0000272,2112.54,1825.16,SYNTH_ATOLSSINK_0000272,0.0,287.38,1,0,ato_lowandslow_exfiltration,1
254,PAYMENT,159.58,SYNTH_ATOLS_0000273,2143.85,1984.27,SYNTH_ATOLSSINK_0000273,0.0,159.58,1,0,ato_lowandslow_exfiltration,1
283,PAYMENT,145.38,SYNTH_ATOLS_0000273,1984.27,1838.89,SYNTH_ATOLSSINK_0000273,0.0,145.38,1,0,ato_lowandslow_exfiltration,1
315,PAYMENT,170.96,SYNTH_ATOLS_0000273,1838.89,1667.93,SYNTH_ATOLSSINK_0000273,0.0,170.96,1,0,ato_lowandslow_exfiltration,1
343,PAYMENT,146.86,SYNTH_ATOLS_0000273,1667.93,1521.07,SYNTH_ATOLSSINK_0000273,0.0,146.86,1,0,ato_lowandslow_exfiltration,1
373,PAYMENT,144.63,SYNTH_ATOLS_0000273,1521.07,1376.44,SYNTH_ATOLSSINK_0000273,0.0,144.63,1,0,ato_lowandslow_exfiltration,1
404,PAYMENT,152.09,SYNTH_ATOLS_0000273,1376.44,1224.35,SYNTH_ATOLSSINK_0000273,0.0,152.09,1,0,ato_lowandslow_exfiltration,1
431,PAYMENT,149.74,SYNTH_ATOLS_0000273,1224.35,1074.61,SYNTH_ATOLSSINK_0000273,0.0,149.74,1,0,ato_lowandslow_exfiltration,1
177,PAYMENT,210.17,SYNTH_ATOLS_0000274,9408.03,9197.86,SYNTH_ATOLSSINK_0000274,0.0,210.17,1,0,ato_lowandslow_exfiltration,1
217,PAYMENT,226.99,SYNTH_ATOLS_0000274,9197.86,8970.87,SYNTH_ATOLSSINK_0000274,0.0,226.99,1,0,ato_lowandslow_exfiltration,1
257,PAYMENT,196.38,SYNTH_ATOLS_0000274,8970.87,8774.49,SYNTH_ATOLSSINK_0000274,0.0,196.38,1,0,ato_lowandslow_exfiltration,1
293,PAYMENT,219.35,SYNTH_ATOLS_0000274,8774.49,8555.14,SYNTH_ATOLSSINK_0000274,0.0,219.35,1,0,ato_lowandslow_exfiltration,1
333,PAYMENT,218.39,SYNTH_ATOLS_0000274,8555.14,8336.75,SYNTH_ATOLSSINK_0000274,0.0,218.39,1,0,ato_lowandslow_exfiltration,1
374,PAYMENT,189.16,SYNTH_ATOLS_0000274,8336.75,8147.59,SYNTH_ATOLSSINK_0000274,0.0,189.16,1,0,ato_lowandslow_exfiltration,1
414,PAYMENT,198.93,SYNTH_ATOLS_0000274,8147.59,7948.66,SYNTH_ATOLSSINK_0000274,0.0,198.93,1,0,ato_lowandslow_exfiltration,1
437,PAYMENT,191.74,SYNTH_ATOLS_0000275,5274.83,5083.09,SYNTH_ATOLSSINK_0000275,0.0,191.74,1,0,ato_lowandslow_exfiltration,1
464,PAYMENT,184.03,SYNTH_ATOLS_0000275,5083.09,4899.06,SYNTH_ATOLSSINK_0000275,0.0,184.03,1,0,ato_lowandslow_exfiltration,1
484,PAYMENT,191.42,SYNTH_ATOLS_0000275,4899.06,4707.64,SYNTH_ATOLSSINK_0000275,0.0,191.42,1,0,ato_lowandslow_exfiltration,1
511,PAYMENT,178.91,SYNTH_ATOLS_0000275,4707.64,4528.73,SYNTH_ATOLSSINK_0000275,0.0,178.91,1,0,ato_lowandslow_exfiltration,1
533,PAYMENT,172.39,SYNTH_ATOLS_0000275,4528.73,4356.34,SYNTH_ATOLSSINK_0000275,0.0,172.39,1,0,ato_lowandslow_exfiltration,1
557,PAYMENT,183.95,SYNTH_ATOLS_0000275,4356.34,4172.39,SYNTH_ATOLSSINK_0000275,0.0,183.95,1,0,ato_lowandslow_exfiltration,1
581,PAYMENT,178.79,SYNTH_ATOLS_0000275,4172.39,3993.6,SYNTH_ATOLSSINK_0000275,0.0,178.79,1,0,ato_lowandslow_exfiltration,1
698,PAYMENT,405.27,SYNTH_ATOLS_0000276,1839.83,1434.56,SYNTH_ATOLSSINK_0000276,0.0,405.27,1,0,ato_lowandslow_exfiltration,1
730,PAYMENT,420.87,SYNTH_ATOLS_0000276,1434.56,1013.69,SYNTH_ATOLSSINK_0000276,0.0,420.87,1,0,ato_lowandslow_exfiltration,1
763,PAYMENT,406.98,SYNTH_ATOLS_0000276,1013.69,606.71,SYNTH_ATOLSSINK_0000276,0.0,406.98,1,0,ato_lowandslow_exfiltration,1
794,PAYMENT,445.1,SYNTH_ATOLS_0000276,606.71,161.61,SYNTH_ATOLSSINK_0000276,0.0,445.1,1,0,ato_lowandslow_exfiltration,1
823,PAYMENT,436.65,SYNTH_ATOLS_0000276,161.61,0.0,SYNTH_ATOLSSINK_0000276,0.0,436.65,1,0,ato_lowandslow_exfiltration,1
859,PAYMENT,392.01,SYNTH_ATOLS_0000276,0.0,0.0,SYNTH_ATOLSSINK_0000276,0.0,392.01,1,0,ato_lowandslow_exfiltration,1
888,PAYMENT,405.27,SYNTH_ATOLS_0000276,0.0,0.0,SYNTH_ATOLSSINK_0000276,0.0,405.27,1,0,ato_lowandslow_exfiltration,1
479,PAYMENT,247.36,SYNTH_ATOLS_0000277,7040.99,6793.63,SYNTH_ATOLSSINK_0000277,0.0,247.36,1,0,ato_lowandslow_exfiltration,1
506,PAYMENT,248.61,SYNTH_ATOLS_0000277,6793.63,6545.02,SYNTH_ATOLSSINK_0000277,0.0,248.61,1,0,ato_lowandslow_exfiltration,1
529,PAYMENT,265.32,SYNTH_ATOLS_0000277,6545.02,6279.7,SYNTH_ATOLSSINK_0000277,0.0,265.32,1,0,ato_lowandslow_exfiltration,1
557,PAYMENT,264.21,SYNTH_ATOLS_0000277,6279.7,6015.49,SYNTH_ATOLSSINK_0000277,0.0,264.21,1,0,ato_lowandslow_exfiltration,1
579,PAYMENT,244.61,SYNTH_ATOLS_0000277,6015.49,5770.88,SYNTH_ATOLSSINK_0000277,0.0,244.61,1,0,ato_lowandslow_exfiltration,1
607,PAYMENT,276.83,SYNTH_ATOLS_0000277,5770.88,5494.05,SYNTH_ATOLSSINK_0000277,0.0,276.83,1,0,ato_lowandslow_exfiltration,1
420,PAYMENT,240.47,SYNTH_ATOLS_0000278,4364.16,4123.69,SYNTH_ATOLSSINK_0000278,0.0,240.47,1,0,ato_lowandslow_exfiltration,1
439,PAYMENT,256.88,SYNTH_ATOLS_0000278,4123.69,3866.81,SYNTH_ATOLSSINK_0000278,0.0,256.88,1,0,ato_lowandslow_exfiltration,1
462,PAYMENT,221.27,SYNTH_ATOLS_0000278,3866.81,3645.54,SYNTH_ATOLSSINK_0000278,0.0,221.27,1,0,ato_lowandslow_exfiltration,1
479,PAYMENT,222.51,SYNTH_ATOLS_0000278,3645.54,3423.03,SYNTH_ATOLSSINK_0000278,0.0,222.51,1,0,ato_lowandslow_exfiltration,1
338,PAYMENT,226.16,SYNTH_ATOLS_0000279,12776.07,12549.91,SYNTH_ATOLSSINK_0000279,0.0,226.16,1,0,ato_lowandslow_exfiltration,1
369,PAYMENT,239.63,SYNTH_ATOLS_0000279,12549.91,12310.28,SYNTH_ATOLSSINK_0000279,0.0,239.63,1,0,ato_lowandslow_exfiltration,1
398,PAYMENT,253.72,SYNTH_ATOLS_0000279,12310.28,12056.56,SYNTH_ATOLSSINK_0000279,0.0,253.72,1,0,ato_lowandslow_exfiltration,1
424,PAYMENT,217.87,SYNTH_ATOLS_0000279,12056.56,11838.69,SYNTH_ATOLSSINK_0000279,0.0,217.87,1,0,ato_lowandslow_exfiltration,1
454,PAYMENT,253.19,SYNTH_ATOLS_0000279,11838.69,11585.5,SYNTH_ATOLSSINK_0000279,0.0,253.19,1,0,ato_lowandslow_exfiltration,1
208,PAYMENT,331.94,SYNTH_ATOLS_0000280,2588.54,2256.6,SYNTH_ATOLSSINK_0000280,0.0,331.94,1,0,ato_lowandslow_exfiltration,1
240,PAYMENT,312.14,SYNTH_ATOLS_0000280,2256.6,1944.46,SYNTH_ATOLSSINK_0000280,0.0,312.14,1,0,ato_lowandslow_exfiltration,1
270,PAYMENT,310.16,SYNTH_ATOLS_0000280,1944.46,1634.3,SYNTH_ATOLSSINK_0000280,0.0,310.16,1,0,ato_lowandslow_exfiltration,1
302,PAYMENT,292.63,SYNTH_ATOLS_0000280,1634.3,1341.67,SYNTH_ATOLSSINK_0000280,0.0,292.63,1,0,ato_lowandslow_exfiltration,1
337,PAYMENT,323.45,SYNTH_ATOLS_0000280,1341.67,1018.22,SYNTH_ATOLSSINK_0000280,0.0,323.45,1,0,ato_lowandslow_exfiltration,1
367,PAYMENT,279.05,SYNTH_ATOLS_0000280,1018.22,739.17,SYNTH_ATOLSSINK_0000280,0.0,279.05,1,0,ato_lowandslow_exfiltration,1
600,PAYMENT,206.71,SYNTH_ATOLS_0000281,5942.88,5736.17,SYNTH_ATOLSSINK_0000281,0.0,206.71,1,0,ato_lowandslow_exfiltration,1
626,PAYMENT,208.5,SYNTH_ATOLS_0000281,5736.17,5527.67,SYNTH_ATOLSSINK_0000281,0.0,208.5,1,0,ato_lowandslow_exfiltration,1
646,PAYMENT,215.83,SYNTH_ATOLS_0000281,5527.67,5311.84,SYNTH_ATOLSSINK_0000281,0.0,215.83,1,0,ato_lowandslow_exfiltration,1
670,PAYMENT,218.84,SYNTH_ATOLS_0000281,5311.84,5093.0,SYNTH_ATOLSSINK_0000281,0.0,218.84,1,0,ato_lowandslow_exfiltration,1
694,PAYMENT,218.0,SYNTH_ATOLS_0000281,5093.0,4875.0,SYNTH_ATOLSSINK_0000281,0.0,218.0,1,0,ato_lowandslow_exfiltration,1
720,PAYMENT,206.74,SYNTH_ATOLS_0000281,4875.0,4668.26,SYNTH_ATOLSSINK_0000281,0.0,206.74,1,0,ato_lowandslow_exfiltration,1
552,PAYMENT,386.29,SYNTH_ATOLS_0000282,5521.53,5135.24,SYNTH_ATOLSSINK_0000282,0.0,386.29,1,0,ato_lowandslow_exfiltration,1
569,PAYMENT,358.96,SYNTH_ATOLS_0000282,5135.24,4776.28,SYNTH_ATOLSSINK_0000282,0.0,358.96,1,0,ato_lowandslow_exfiltration,1
592,PAYMENT,338.32,SYNTH_ATOLS_0000282,4776.28,4437.96,SYNTH_ATOLSSINK_0000282,0.0,338.32,1,0,ato_lowandslow_exfiltration,1
609,PAYMENT,345.19,SYNTH_ATOLS_0000282,4437.96,4092.77,SYNTH_ATOLSSINK_0000282,0.0,345.19,1,0,ato_lowandslow_exfiltration,1
632,PAYMENT,340.77,SYNTH_ATOLS_0000282,4092.77,3752.0,SYNTH_ATOLSSINK_0000282,0.0,340.77,1,0,ato_lowandslow_exfiltration,1
651,PAYMENT,384.88,SYNTH_ATOLS_0000282,3752.0,3367.12,SYNTH_ATOLSSINK_0000282,0.0,384.88,1,0,ato_lowandslow_exfiltration,1
668,PAYMENT,347.36,SYNTH_ATOLS_0000282,3367.12,3019.76,SYNTH_ATOLSSINK_0000282,0.0,347.36,1,0,ato_lowandslow_exfiltration,1
375,PAYMENT,312.43,SYNTH_ATOLS_0000283,3091.14,2778.71,SYNTH_ATOLSSINK_0000283,0.0,312.43,1,0,ato_lowandslow_exfiltration,1
409,PAYMENT,296.21,SYNTH_ATOLS_0000283,2778.71,2482.5,SYNTH_ATOLSSINK_0000283,0.0,296.21,1,0,ato_lowandslow_exfiltration,1
446,PAYMENT,310.1,SYNTH_ATOLS_0000283,2482.5,2172.4,SYNTH_ATOLSSINK_0000283,0.0,310.1,1,0,ato_lowandslow_exfiltration,1
483,PAYMENT,280.83,SYNTH_ATOLS_0000283,2172.4,1891.57,SYNTH_ATOLSSINK_0000283,0.0,280.83,1,0,ato_lowandslow_exfiltration,1
517,PAYMENT,281.85,SYNTH_ATOLS_0000283,1891.57,1609.72,SYNTH_ATOLSSINK_0000283,0.0,281.85,1,0,ato_lowandslow_exfiltration,1
550,PAYMENT,316.46,SYNTH_ATOLS_0000283,1609.72,1293.26,SYNTH_ATOLSSINK_0000283,0.0,316.46,1,0,ato_lowandslow_exfiltration,1
585,PAYMENT,270.73,SYNTH_ATOLS_0000283,1293.26,1022.53,SYNTH_ATOLSSINK_0000283,0.0,270.73,1,0,ato_lowandslow_exfiltration,1
201,PAYMENT,253.61,SYNTH_ATOLS_0000284,5554.7,5301.09,SYNTH_ATOLSSINK_0000284,0.0,253.61,1,0,ato_lowandslow_exfiltration,1
232,PAYMENT,290.76,SYNTH_ATOLS_0000284,5301.09,5010.33,SYNTH_ATOLSSINK_0000284,0.0,290.76,1,0,ato_lowandslow_exfiltration,1
267,PAYMENT,273.82,SYNTH_ATOLS_0000284,5010.33,4736.51,SYNTH_ATOLSSINK_0000284,0.0,273.82,1,0,ato_lowandslow_exfiltration,1
299,PAYMENT,247.14,SYNTH_ATOLS_0000284,4736.51,4489.37,SYNTH_ATOLSSINK_0000284,0.0,247.14,1,0,ato_lowandslow_exfiltration,1
328,PAYMENT,290.84,SYNTH_ATOLS_0000284,4489.37,4198.53,SYNTH_ATOLSSINK_0000284,0.0,290.84,1,0,ato_lowandslow_exfiltration,1
361,PAYMENT,277.07,SYNTH_ATOLS_0000284,4198.53,3921.46,SYNTH_ATOLSSINK_0000284,0.0,277.07,1,0,ato_lowandslow_exfiltration,1
395,PAYMENT,261.22,SYNTH_ATOLS_0000284,3921.46,3660.24,SYNTH_ATOLSSINK_0000284,0.0,261.22,1,0,ato_lowandslow_exfiltration,1
596,PAYMENT,254.83,SYNTH_ATOLS_0000285,9513.95,9259.12,SYNTH_ATOLSSINK_0000285,0.0,254.83,1,0,ato_lowandslow_exfiltration,1
617,PAYMENT,254.12,SYNTH_ATOLS_0000285,9259.12,9005.0,SYNTH_ATOLSSINK_0000285,0.0,254.12,1,0,ato_lowandslow_exfiltration,1
633,PAYMENT,267.03,SYNTH_ATOLS_0000285,9005.0,8737.97,SYNTH_ATOLSSINK_0000285,0.0,267.03,1,0,ato_lowandslow_exfiltration,1
654,PAYMENT,248.53,SYNTH_ATOLS_0000285,8737.97,8489.44,SYNTH_ATOLSSINK_0000285,0.0,248.53,1,0,ato_lowandslow_exfiltration,1
519,PAYMENT,238.17,SYNTH_ATOLS_0000286,12245.77,12007.6,SYNTH_ATOLSSINK_0000286,0.0,238.17,1,0,ato_lowandslow_exfiltration,1
553,PAYMENT,266.86,SYNTH_ATOLS_0000286,12007.6,11740.74,SYNTH_ATOLSSINK_0000286,0.0,266.86,1,0,ato_lowandslow_exfiltration,1
586,PAYMENT,266.49,SYNTH_ATOLS_0000286,11740.74,11474.25,SYNTH_ATOLSSINK_0000286,0.0,266.49,1,0,ato_lowandslow_exfiltration,1
622,PAYMENT,256.76,SYNTH_ATOLS_0000286,11474.25,11217.49,SYNTH_ATOLSSINK_0000286,0.0,256.76,1,0,ato_lowandslow_exfiltration,1
656,PAYMENT,232.24,SYNTH_ATOLS_0000286,11217.49,10985.25,SYNTH_ATOLSSINK_0000286,0.0,232.24,1,0,ato_lowandslow_exfiltration,1
638,PAYMENT,219.9,SYNTH_ATOLS_0000287,2562.74,2342.84,SYNTH_ATOLSSINK_0000287,0.0,219.9,1,0,ato_lowandslow_exfiltration,1
669,PAYMENT,211.69,SYNTH_ATOLS_0000287,2342.84,2131.15,SYNTH_ATOLSSINK_0000287,0.0,211.69,1,0,ato_lowandslow_exfiltration,1
708,PAYMENT,196.23,SYNTH_ATOLS_0000287,2131.15,1934.92,SYNTH_ATOLSSINK_0000287,0.0,196.23,1,0,ato_lowandslow_exfiltration,1
741,PAYMENT,188.45,SYNTH_ATOLS_0000287,1934.92,1746.47,SYNTH_ATOLSSINK_0000287,0.0,188.45,1,0,ato_lowandslow_exfiltration,1
777,PAYMENT,221.54,SYNTH_ATOLS_0000287,1746.47,1524.93,SYNTH_ATOLSSINK_0000287,0.0,221.54,1,0,ato_lowandslow_exfiltration,1
812,PAYMENT,192.9,SYNTH_ATOLS_0000287,1524.93,1332.03,SYNTH_ATOLSSINK_0000287,0.0,192.9,1,0,ato_lowandslow_exfiltration,1
848,PAYMENT,197.13,SYNTH_ATOLS_0000287,1332.03,1134.9,SYNTH_ATOLSSINK_0000287,0.0,197.13,1,0,ato_lowandslow_exfiltration,1
659,PAYMENT,524.54,SYNTH_ATOLS_0000288,10244.28,9719.74,SYNTH_ATOLSSINK_0000288,0.0,524.54,1,0,ato_lowandslow_exfiltration,1
692,PAYMENT,503.95,SYNTH_ATOLS_0000288,9719.74,9215.79,SYNTH_ATOLSSINK_0000288,0.0,503.95,1,0,ato_lowandslow_exfiltration,1
728,PAYMENT,474.33,SYNTH_ATOLS_0000288,9215.79,8741.46,SYNTH_ATOLSSINK_0000288,0.0,474.33,1,0,ato_lowandslow_exfiltration,1
760,PAYMENT,480.71,SYNTH_ATOLS_0000288,8741.46,8260.75,SYNTH_ATOLSSINK_0000288,0.0,480.71,1,0,ato_lowandslow_exfiltration,1
796,PAYMENT,557.67,SYNTH_ATOLS_0000288,8260.75,7703.08,SYNTH_ATOLSSINK_0000288,0.0,557.67,1,0,ato_lowandslow_exfiltration,1
152,PAYMENT,849.53,SYNTH_ATOLS_0000289,5217.65,4368.12,SYNTH_ATOLSSINK_0000289,0.0,849.53,1,0,ato_lowandslow_exfiltration,1
174,PAYMENT,847.16,SYNTH_ATOLS_0000289,4368.12,3520.96,SYNTH_ATOLSSINK_0000289,0.0,847.16,1,0,ato_lowandslow_exfiltration,1
199,PAYMENT,782.33,SYNTH_ATOLS_0000289,3520.96,2738.63,SYNTH_ATOLSSINK_0000289,0.0,782.33,1,0,ato_lowandslow_exfiltration,1
218,PAYMENT,793.26,SYNTH_ATOLS_0000289,2738.63,1945.37,SYNTH_ATOLSSINK_0000289,0.0,793.26,1,0,ato_lowandslow_exfiltration,1
555,PAYMENT,245.08,SYNTH_ATOLS_0000290,10964.53,10719.45,SYNTH_ATOLSSINK_0000290,0.0,245.08,1,0,ato_lowandslow_exfiltration,1
583,PAYMENT,242.25,SYNTH_ATOLS_0000290,10719.45,10477.2,SYNTH_ATOLSSINK_0000290,0.0,242.25,1,0,ato_lowandslow_exfiltration,1
618,PAYMENT,241.11,SYNTH_ATOLS_0000290,10477.2,10236.09,SYNTH_ATOLSSINK_0000290,0.0,241.11,1,0,ato_lowandslow_exfiltration,1
648,PAYMENT,255.25,SYNTH_ATOLS_0000290,10236.09,9980.84,SYNTH_ATOLSSINK_0000290,0.0,255.25,1,0,ato_lowandslow_exfiltration,1
680,PAYMENT,251.72,SYNTH_ATOLS_0000290,9980.84,9729.12,SYNTH_ATOLSSINK_0000290,0.0,251.72,1,0,ato_lowandslow_exfiltration,1
712,PAYMENT,211.43,SYNTH_ATOLS_0000290,9729.12,9517.69,SYNTH_ATOLSSINK_0000290,0.0,211.43,1,0,ato_lowandslow_exfiltration,1
747,PAYMENT,224.36,SYNTH_ATOLS_0000290,9517.69,9293.33,SYNTH_ATOLSSINK_0000290,0.0,224.36,1,0,ato_lowandslow_exfiltration,1
518,PAYMENT,209.58,SYNTH_ATOLS_0000291,2183.32,1973.74,SYNTH_ATOLSSINK_0000291,0.0,209.58,1,0,ato_lowandslow_exfiltration,1
537,PAYMENT,192.91,SYNTH_ATOLS_0000291,1973.74,1780.83,SYNTH_ATOLSSINK_0000291,0.0,192.91,1,0,ato_lowandslow_exfiltration,1
562,PAYMENT,194.05,SYNTH_ATOLS_0000291,1780.83,1586.78,SYNTH_ATOLSSINK_0000291,0.0,194.05,1,0,ato_lowandslow_exfiltration,1
585,PAYMENT,231.27,SYNTH_ATOLS_0000291,1586.78,1355.51,SYNTH_ATOLSSINK_0000291,0.0,231.27,1,0,ato_lowandslow_exfiltration,1
382,PAYMENT,154.2,SYNTH_ATOLS_0000292,8234.22,8080.02,SYNTH_ATOLSSINK_0000292,0.0,154.2,1,0,ato_lowandslow_exfiltration,1
416,PAYMENT,145.4,SYNTH_ATOLS_0000292,8080.02,7934.62,SYNTH_ATOLSSINK_0000292,0.0,145.4,1,0,ato_lowandslow_exfiltration,1
455,PAYMENT,141.94,SYNTH_ATOLS_0000292,7934.62,7792.68,SYNTH_ATOLSSINK_0000292,0.0,141.94,1,0,ato_lowandslow_exfiltration,1
488,PAYMENT,157.57,SYNTH_ATOLS_0000292,7792.68,7635.11,SYNTH_ATOLSSINK_0000292,0.0,157.57,1,0,ato_lowandslow_exfiltration,1
525,PAYMENT,160.68,SYNTH_ATOLS_0000292,7635.11,7474.43,SYNTH_ATOLSSINK_0000292,0.0,160.68,1,0,ato_lowandslow_exfiltration,1
561,PAYMENT,165.12,SYNTH_ATOLS_0000292,7474.43,7309.31,SYNTH_ATOLSSINK_0000292,0.0,165.12,1,0,ato_lowandslow_exfiltration,1
596,PAYMENT,151.86,SYNTH_ATOLS_0000292,7309.31,7157.45,SYNTH_ATOLSSINK_0000292,0.0,151.86,1,0,ato_lowandslow_exfiltration,1
229,PAYMENT,281.82,SYNTH_ATOLS_0000293,6543.62,6261.8,SYNTH_ATOLSSINK_0000293,0.0,281.82,1,0,ato_lowandslow_exfiltration,1
264,PAYMENT,290.87,SYNTH_ATOLS_0000293,6261.8,5970.93,SYNTH_ATOLSSINK_0000293,0.0,290.87,1,0,ato_lowandslow_exfiltration,1
296,PAYMENT,297.62,SYNTH_ATOLS_0000293,5970.93,5673.31,SYNTH_ATOLSSINK_0000293,0.0,297.62,1,0,ato_lowandslow_exfiltration,1
326,PAYMENT,262.57,SYNTH_ATOLS_0000293,5673.31,5410.74,SYNTH_ATOLSSINK_0000293,0.0,262.57,1,0,ato_lowandslow_exfiltration,1
362,PAYMENT,264.17,SYNTH_ATOLS_0000293,5410.74,5146.57,SYNTH_ATOLSSINK_0000293,0.0,264.17,1,0,ato_lowandslow_exfiltration,1
583,PAYMENT,245.78,SYNTH_ATOLS_0000294,6062.27,5816.49,SYNTH_ATOLSSINK_0000294,0.0,245.78,1,0,ato_lowandslow_exfiltration,1
620,PAYMENT,240.15,SYNTH_ATOLS_0000294,5816.49,5576.34,SYNTH_ATOLSSINK_0000294,0.0,240.15,1,0,ato_lowandslow_exfiltration,1
649,PAYMENT,250.4,SYNTH_ATOLS_0000294,5576.34,5325.94,SYNTH_ATOLSSINK_0000294,0.0,250.4,1,0,ato_lowandslow_exfiltration,1
686,PAYMENT,216.29,SYNTH_ATOLS_0000294,5325.94,5109.65,SYNTH_ATOLSSINK_0000294,0.0,216.29,1,0,ato_lowandslow_exfiltration,1
715,PAYMENT,250.65,SYNTH_ATOLS_0000294,5109.65,4859.0,SYNTH_ATOLSSINK_0000294,0.0,250.65,1,0,ato_lowandslow_exfiltration,1
750,PAYMENT,231.33,SYNTH_ATOLS_0000294,4859.0,4627.67,SYNTH_ATOLSSINK_0000294,0.0,231.33,1,0,ato_lowandslow_exfiltration,1
782,PAYMENT,234.53,SYNTH_ATOLS_0000294,4627.67,4393.14,SYNTH_ATOLSSINK_0000294,0.0,234.53,1,0,ato_lowandslow_exfiltration,1
317,PAYMENT,312.15,SYNTH_ATOLS_0000295,2488.81,2176.66,SYNTH_ATOLSSINK_0000295,0.0,312.15,1,0,ato_lowandslow_exfiltration,1
357,PAYMENT,341.34,SYNTH_ATOLS_0000295,2176.66,1835.32,SYNTH_ATOLSSINK_0000295,0.0,341.34,1,0,ato_lowandslow_exfiltration,1
398,PAYMENT,318.17,SYNTH_ATOLS_0000295,1835.32,1517.15,SYNTH_ATOLSSINK_0000295,0.0,318.17,1,0,ato_lowandslow_exfiltration,1
435,PAYMENT,347.22,SYNTH_ATOLS_0000295,1517.15,1169.93,SYNTH_ATOLSSINK_0000295,0.0,347.22,1,0,ato_lowandslow_exfiltration,1
473,PAYMENT,343.21,SYNTH_ATOLS_0000295,1169.93,826.72,SYNTH_ATOLSSINK_0000295,0.0,343.21,1,0,ato_lowandslow_exfiltration,1
514,PAYMENT,360.79,SYNTH_ATOLS_0000295,826.72,465.93,SYNTH_ATOLSSINK_0000295,0.0,360.79,1,0,ato_lowandslow_exfiltration,1
551,PAYMENT,331.9,SYNTH_ATOLS_0000295,465.93,134.03,SYNTH_ATOLSSINK_0000295,0.0,331.9,1,0,ato_lowandslow_exfiltration,1
358,PAYMENT,396.65,SYNTH_ATOLS_0000296,6316.43,5919.78,SYNTH_ATOLSSINK_0000296,0.0,396.65,1,0,ato_lowandslow_exfiltration,1
376,PAYMENT,414.82,SYNTH_ATOLS_0000296,5919.78,5504.96,SYNTH_ATOLSSINK_0000296,0.0,414.82,1,0,ato_lowandslow_exfiltration,1
398,PAYMENT,431.53,SYNTH_ATOLS_0000296,5504.96,5073.43,SYNTH_ATOLSSINK_0000296,0.0,431.53,1,0,ato_lowandslow_exfiltration,1
414,PAYMENT,418.51,SYNTH_ATOLS_0000296,5073.43,4654.92,SYNTH_ATOLSSINK_0000296,0.0,418.51,1,0,ato_lowandslow_exfiltration,1
432,PAYMENT,438.86,SYNTH_ATOLS_0000296,4654.92,4216.06,SYNTH_ATOLSSINK_0000296,0.0,438.86,1,0,ato_lowandslow_exfiltration,1
180,PAYMENT,411.6,SYNTH_ATOLS_0000297,3515.02,3103.42,SYNTH_ATOLSSINK_0000297,0.0,411.6,1,0,ato_lowandslow_exfiltration,1
204,PAYMENT,429.29,SYNTH_ATOLS_0000297,3103.42,2674.13,SYNTH_ATOLSSINK_0000297,0.0,429.29,1,0,ato_lowandslow_exfiltration,1
231,PAYMENT,447.74,SYNTH_ATOLS_0000297,2674.13,2226.39,SYNTH_ATOLSSINK_0000297,0.0,447.74,1,0,ato_lowandslow_exfiltration,1
255,PAYMENT,408.63,SYNTH_ATOLS_0000297,2226.39,1817.76,SYNTH_ATOLSSINK_0000297,0.0,408.63,1,0,ato_lowandslow_exfiltration,1
447,PAYMENT,156.38,SYNTH_ATOLS_0000298,3005.93,2849.55,SYNTH_ATOLSSINK_0000298,0.0,156.38,1,0,ato_lowandslow_exfiltration,1
465,PAYMENT,153.07,SYNTH_ATOLS_0000298,2849.55,2696.48,SYNTH_ATOLSSINK_0000298,0.0,153.07,1,0,ato_lowandslow_exfiltration,1
487,PAYMENT,157.99,SYNTH_ATOLS_0000298,2696.48,2538.49,SYNTH_ATOLSSINK_0000298,0.0,157.99,1,0,ato_lowandslow_exfiltration,1
506,PAYMENT,152.29,SYNTH_ATOLS_0000298,2538.49,2386.2,SYNTH_ATOLSSINK_0000298,0.0,152.29,1,0,ato_lowandslow_exfiltration,1
523,PAYMENT,146.84,SYNTH_ATOLS_0000298,2386.2,2239.36,SYNTH_ATOLSSINK_0000298,0.0,146.84,1,0,ato_lowandslow_exfiltration,1
544,PAYMENT,140.79,SYNTH_ATOLS_0000298,2239.36,2098.57,SYNTH_ATOLSSINK_0000298,0.0,140.79,1,0,ato_lowandslow_exfiltration,1
542,PAYMENT,160.69,SYNTH_ATOLS_0000299,2540.71,2380.02,SYNTH_ATOLSSINK_0000299,0.0,160.69,1,0,ato_lowandslow_exfiltration,1
559,PAYMENT,158.9,SYNTH_ATOLS_0000299,2380.02,2221.12,SYNTH_ATOLSSINK_0000299,0.0,158.9,1,0,ato_lowandslow_exfiltration,1
578,PAYMENT,177.61,SYNTH_ATOLS_0000299,2221.12,2043.51,SYNTH_ATOLSSINK_0000299,0.0,177.61,1,0,ato_lowandslow_exfiltration,1
596,PAYMENT,181.72,SYNTH_ATOLS_0000299,2043.51,1861.79,SYNTH_ATOLSSINK_0000299,0.0,181.72,1,0,ato_lowandslow_exfiltration,1
611,PAYMENT,160.98,SYNTH_ATOLS_0000299,1861.79,1700.81,SYNTH_ATOLSSINK_0000299,0.0,160.98,1,0,ato_lowandslow_exfiltration,1
