step,type,amount,nameOrig,oldbalanceOrg,newbalanceOrig,nameDest,oldbalanceDest,newbalanceDest,isFraud,isFlaggedFraud,attack_family,is_synthetic
68,TRANSFER,14925.08,SYNTH_ATO_0000000,23477.13,8552.05,SYNTH_ATOSINK_0000000,0.0,14925.08,1,0,ato_rapid_drain,1
69,TRANSFER,7717.42,SYNTH_ATO_0000000,8552.05,834.63,SYNTH_ATOSINK_0000000,0.0,7717.42,1,0,ato_rapid_drain,1
574,TRANSFER,21368.02,SYNTH_ATO_0000001,24698.87,3330.85,SYNTH_ATOSINK_0000001,0.0,21368.02,1,0,ato_rapid_drain,1
575,TRANSFER,1347.68,SYNTH_ATO_0000001,3330.85,1983.17,SYNTH_ATOSINK_0000001,0.0,1347.68,1,0,ato_rapid_drain,1
484,TRANSFER,12414.71,SYNTH_ATO_0000002,21285.14,8870.43,SYNTH_ATOSINK_0000002,0.0,12414.71,1,0,ato_rapid_drain,1
485,TRANSFER,7398.2,SYNTH_ATO_0000002,8870.43,1472.23,SYNTH_ATOSINK_0000002,0.0,7398.2,1,0,ato_rapid_drain,1
327,TRANSFER,3682.25,SYNTH_ATO_0000003,7725.95,4043.7,SYNTH_ATOSINK_0000003,0.0,3682.25,1,0,ato_rapid_drain,1
328,TRANSFER,3159.19,SYNTH_ATO_0000003,4043.7,884.51,SYNTH_ATOSINK_0000003,0.0,3159.19,1,0,ato_rapid_drain,1
321,TRANSFER,3366.55,SYNTH_ATO_0000004,4509.48,1142.93,SYNTH_ATOSINK_0000004,0.0,3366.55,1,0,ato_rapid_drain,1
322,TRANSFER,496.13,SYNTH_ATO_0000004,1142.93,646.81,SYNTH_ATOSINK_0000004,0.0,496.13,1,0,ato_rapid_drain,1
636,TRANSFER,11115.25,SYNTH_ATO_0000005,18631.56,7516.31,SYNTH_ATOSINK_0000005,0.0,11115.25,1,0,ato_rapid_drain,1
637,TRANSFER,6161.68,SYNTH_ATO_0000005,7516.31,1354.63,SYNTH_ATOSINK_0000005,0.0,6161.68,1,0,ato_rapid_drain,1
65,TRANSFER,10237.1,SYNTH_ATO_0000006,13587.89,3350.79,SYNTH_ATOSINK_0000006,0.0,10237.1,1,0,ato_rapid_drain,1
66,TRANSFER,1833.27,SYNTH_ATO_0000006,3350.79,1517.52,SYNTH_ATOSINK_0000006,0.0,1833.27,1,0,ato_rapid_drain,1
516,TRANSFER,11405.31,SYNTH_ATO_0000007,23756.98,12351.67,SYNTH_ATOSINK_0000007,0.0,11405.31,1,0,ato_rapid_drain,1
517,TRANSFER,6115.09,SYNTH_ATO_0000007,12351.67,6236.58,SYNTH_ATOSINK_0000007,0.0,6115.09,1,0,ato_rapid_drain,1
518,TRANSFER,4722.57,SYNTH_ATO_0000007,6236.58,1514.01,SYNTH_ATOSINK_0000007,0.0,4722.57,1,0,ato_rapid_drain,1
151,TRANSFER,20026.51,SYNTH_ATO_0000008,27478.86,7452.35,SYNTH_ATOSINK_0000008,0.0,20026.51,1,0,ato_rapid_drain,1
152,TRANSFER,6317.8,SYNTH_ATO_0000008,7452.35,1134.55,SYNTH_ATOSINK_0000008,0.0,6317.8,1,0,ato_rapid_drain,1
70,TRANSFER,8855.83,SYNTH_ATO_0000009,19593.34,10737.51,SYNTH_ATOSINK_0000009,0.0,8855.83,1,0,ato_rapid_drain,1
71,TRANSFER,7844.77,SYNTH_ATO_0000009,10737.51,2892.74,SYNTH_ATOSINK_0000009,0.0,7844.77,1,0,ato_rapid_drain,1
390,TRANSFER,23892.66,SYNTH_ATO_0000010,28455.02,4562.36,SYNTH_ATOSINK_0000010,0.0,23892.66,1,0,ato_rapid_drain,1
391,TRANSFER,2497.75,SYNTH_ATO_0000010,4562.36,2064.62,SYNTH_ATOSINK_0000010,0.0,2497.75,1,0,ato_rapid_drain,1
721,TRANSFER,9699.74,SYNTH_ATO_0000011,20692.5,10992.77,SYNTH_ATOSINK_0000011,0.0,9699.74,1,0,ato_rapid_drain,1
722,TRANSFER,8511.04,SYNTH_ATO_0000011,10992.77,2481.73,SYNTH_ATOSINK_0000011,0.0,8511.04,1,0,ato_rapid_drain,1
544,TRANSFER,17970.62,SYNTH_ATO_0000012,24786.11,6815.5,SYNTH_ATOSINK_0000012,0.0,17970.62,1,0,ato_rapid_drain,1
545,TRANSFER,5913.42,SYNTH_ATO_0000012,6815.5,902.08,SYNTH_ATOSINK_0000012,0.0,5913.42,1,0,ato_rapid_drain,1
563,TRANSFER,5483.11,SYNTH_ATO_0000013,11815.84,6332.73,SYNTH_ATOSINK_0000013,0.0,5483.11,1,0,ato_rapid_drain,1
564,TRANSFER,4949.99,SYNTH_ATO_0000013,6332.73,1382.73,SYNTH_ATOSINK_0000013,0.0,4949.99,1,0,ato_rapid_drain,1
531,TRANSFER,14275.63,SYNTH_ATO_0000014,16191.36,1915.73,SYNTH_ATOSINK_0000014,0.0,14275.63,1,0,ato_rapid_drain,1
532,TRANSFER,772.62,SYNTH_ATO_0000014,1915.73,1143.11,SYNTH_ATOSINK_0000014,0.0,772.62,1,0,ato_rapid_drain,1
583,TRANSFER,11248.16,SYNTH_ATO_0000015,20293.7,9045.54,SYNTH_ATOSINK_0000015,0.0,11248.16,1,0,ato_rapid_drain,1
584,TRANSFER,7461.82,SYNTH_ATO_0000015,9045.54,1583.71,SYNTH_ATOSINK_0000015,0.0,7461.82,1,0,ato_rapid_drain,1
382,TRANSFER,14759.57,SYNTH_ATO_0000016,29505.06,14745.49,SYNTH_ATOSINK_0000016,0.0,14759.57,1,0,ato_rapid_drain,1
383,TRANSFER,11839.29,SYNTH_ATO_0000016,14745.49,2906.2,SYNTH_ATOSINK_0000016,0.0,11839.29,1,0,ato_rapid_drain,1
95,TRANSFER,6921.97,SYNTH_ATO_0000017,14239.22,7317.25,SYNTH_ATOSINK_0000017,0.0,6921.97,1,0,ato_rapid_drain,1
96,TRANSFER,3307.26,SYNTH_ATO_0000017,7317.25,4009.99,SYNTH_ATOSINK_0000017,0.0,3307.26,1,0,ato_rapid_drain,1
97,TRANSFER,3128.45,SYNTH_ATO_0000017,4009.99,881.54,SYNTH_ATOSINK_0000017,0.0,3128.45,1,0,ato_rapid_drain,1
621,TRANSFER,13044.05,SYNTH_ATO_0000018,24654.15,11610.1,SYNTH_ATOSINK_0000018,0.0,13044.05,1,0,ato_rapid_drain,1
622,TRANSFER,6989.78,SYNTH_ATO_0000018,11610.1,4620.32,SYNTH_ATOSINK_0000018,0.0,6989.78,1,0,ato_rapid_drain,1
623,TRANSFER,3248.32,SYNTH_ATO_0000018,4620.32,1372.0,SYNTH_ATOSINK_0000018,0.0,3248.32,1,0,ato_rapid_drain,1
334,TRANSFER,10025.43,SYNTH_ATO_0000019,15374.98,5349.55,SYNTH_ATOSINK_0000019,0.0,10025.43,1,0,ato_rapid_drain,1
335,TRANSFER,3758.42,SYNTH_ATO_0000019,5349.55,1591.13,SYNTH_ATOSINK_0000019,0.0,3758.42,1,0,ato_rapid_drain,1
336,TRANSFER,418.05,SYNTH_ATO_0000019,1591.13,1173.08,SYNTH_ATOSINK_0000019,0.0,418.05,1,0,ato_rapid_drain,1
372,TRANSFER,10456.22,SYNTH_ATO_0000020,16805.72,6349.5,SYNTH_ATOSINK_0000020,0.0,10456.22,1,0,ato_rapid_drain,1
373,TRANSFER,4445.5,SYNTH_ATO_0000020,6349.5,1904.0,SYNTH_ATOSINK_0000020,0.0,4445.5,1,0,ato_rapid_drain,1
374,TRANSFER,1040.1,SYNTH_ATO_0000020,1904.0,863.9,SYNTH_ATOSINK_0000020,0.0,1040.1,1,0,ato_rapid_drain,1
277,TRANSFER,18267.98,SYNTH_ATO_0000021,29664.65,11396.67,SYNTH_ATOSINK_0000021,0.0,18267.98,1,0,ato_rapid_drain,1
278,TRANSFER,10739.43,SYNTH_ATO_0000021,11396.67,657.24,SYNTH_ATOSINK_0000021,0.0,10739.43,1,0,ato_rapid_drain,1
137,TRANSFER,2788.91,SYNTH_ATO_0000022,5454.32,2665.41,SYNTH_ATOSINK_0000022,0.0,2788.91,1,0,ato_rapid_drain,1
138,TRANSFER,1434.36,SYNTH_ATO_0000022,2665.41,1231.05,SYNTH_ATOSINK_0000022,0.0,1434.36,1,0,ato_rapid_drain,1
139,TRANSFER,710.2,SYNTH_ATO_0000022,1231.05,520.86,SYNTH_ATOSINK_0000022,0.0,710.2,1,0,ato_rapid_drain,1
686,TRANSFER,5167.51,SYNTH_ATO_0000023,8284.29,3116.79,SYNTH_ATOSINK_0000023,0.0,5167.51,1,0,ato_rapid_drain,1
687,TRANSFER,1767.31,SYNTH_ATO_0000023,3116.79,1349.48,SYNTH_ATOSINK_0000023,0.0,1767.31,1,0,ato_rapid_drain,1
688,TRANSFER,661.02,SYNTH_ATO_0000023,1349.48,688.46,SYNTH_ATOSINK_0000023,0.0,661.02,1,0,ato_rapid_drain,1
579,TRANSFER,3920.51,SYNTH_ATO_0000024,7410.76,3490.26,SYNTH_ATOSINK_0000024,0.0,3920.51,1,0,ato_rapid_drain,1
580,TRANSFER,1554.94,SYNTH_ATO_0000024,3490.26,1935.32,SYNTH_ATOSINK_0000024,0.0,1554.94,1,0,ato_rapid_drain,1
581,TRANSFER,835.72,SYNTH_ATO_0000024,1935.32,1099.6,SYNTH_ATOSINK_0000024,0.0,835.72,1,0,ato_rapid_drain,1
476,TRANSFER,2197.68,SYNTH_ATO_0000025,4446.31,2248.63,SYNTH_ATOSINK_0000025,0.0,2197.68,1,0,ato_rapid_drain,1
477,TRANSFER,1201.52,SYNTH_ATO_0000025,2248.63,1047.11,SYNTH_ATOSINK_0000025,0.0,1201.52,1,0,ato_rapid_drain,1
478,TRANSFER,840.29,SYNTH_ATO_0000025,1047.11,206.83,SYNTH_ATOSINK_0000025,0.0,840.29,1,0,ato_rapid_drain,1
300,TRANSFER,6238.19,SYNTH_ATO_0000026,12004.55,5766.36,SYNTH_ATOSINK_0000026,0.0,6238.19,1,0,ato_rapid_drain,1
301,TRANSFER,4777.55,SYNTH_ATO_0000026,5766.36,988.82,SYNTH_ATOSINK_0000026,0.0,4777.55,1,0,ato_rapid_drain,1
611,TRANSFER,17635.41,SYNTH_ATO_0000027,28272.94,10637.52,SYNTH_ATOSINK_0000027,0.0,17635.41,1,0,ato_rapid_drain,1
612,TRANSFER,4308.34,SYNTH_ATO_0000027,10637.52,6329.19,SYNTH_ATOSINK_0000027,0.0,4308.34,1,0,ato_rapid_drain,1
613,TRANSFER,3587.7,SYNTH_ATO_0000027,6329.19,2741.49,SYNTH_ATOSINK_0000027,0.0,3587.7,1,0,ato_rapid_drain,1
404,TRANSFER,9633.54,SYNTH_ATO_0000028,15200.29,5566.74,SYNTH_ATOSINK_0000028,0.0,9633.54,1,0,ato_rapid_drain,1
405,TRANSFER,1749.74,SYNTH_ATO_0000028,5566.74,3817.0,SYNTH_ATOSINK_0000028,0.0,1749.74,1,0,ato_rapid_drain,1
406,TRANSFER,1722.85,SYNTH_ATO_0000028,3817.0,2094.15,SYNTH_ATOSINK_0000028,0.0,1722.85,1,0,ato_rapid_drain,1
330,TRANSFER,12303.53,SYNTH_ATO_0000029,20306.05,8002.52,SYNTH_ATOSINK_0000029,0.0,12303.53,1,0,ato_rapid_drain,1
331,TRANSFER,4407.01,SYNTH_ATO_0000029,8002.52,3595.51,SYNTH_ATOSINK_0000029,0.0,4407.01,1,0,ato_rapid_drain,1
332,TRANSFER,2898.1,SYNTH_ATO_0000029,3595.51,697.4,SYNTH_ATOSINK_0000029,0.0,2898.1,1,0,ato_rapid_drain,1
333,TRANSFER,25520.49,SYNTH_ATO_0000030,34666.55,9146.06,SYNTH_ATOSINK_0000030,0.0,25520.49,1,0,ato_rapid_drain,1
334,TRANSFER,3753.1,SYNTH_ATO_0000030,9146.06,5392.96,SYNTH_ATOSINK_0000030,0.0,3753.1,1,0,ato_rapid_drain,1
335,TRANSFER,1973.14,SYNTH_ATO_0000030,5392.96,3419.82,SYNTH_ATOSINK_0000030,0.0,1973.14,1,0,ato_rapid_drain,1
170,TRANSFER,26481.4,SYNTH_ATO_0000031,39999.08,13517.68,SYNTH_ATOSINK_0000031,0.0,26481.4,1,0,ato_rapid_drain,1
171,TRANSFER,8688.21,SYNTH_ATO_0000031,13517.68,4829.47,SYNTH_ATOSINK_0000031,0.0,8688.21,1,0,ato_rapid_drain,1
172,TRANSFER,2378.95,SYNTH_ATO_0000031,4829.47,2450.52,SYNTH_ATOSINK_0000031,0.0,2378.95,1,0,ato_rapid_drain,1
71,TRANSFER,11758.17,SYNTH_ATO_0000032,17300.96,5542.79,SYNTH_ATOSINK_0000032,0.0,11758.17,1,0,ato_rapid_drain,1
72,TRANSFER,3035.28,SYNTH_ATO_0000032,5542.79,2507.51,SYNTH_ATOSINK_0000032,0.0,3035.28,1,0,ato_rapid_drain,1
73,TRANSFER,248.32,SYNTH_ATO_0000032,2507.51,2259.18,SYNTH_ATOSINK_0000032,0.0,248.32,1,0,ato_rapid_drain,1
410,TRANSFER,38567.36,SYNTH_ATO_0000033,40625.51,2058.16,SYNTH_ATOSINK_0000033,0.0,38567.36,1,0,ato_rapid_drain,1
411,TRANSFER,1042.58,SYNTH_ATO_0000033,2058.16,1015.58,SYNTH_ATOSINK_0000033,0.0,1042.58,1,0,ato_rapid_drain,1
658,TRANSFER,12600.39,SYNTH_ATO_0000034,19058.64,6458.25,SYNTH_ATOSINK_0000034,0.0,12600.39,1,0,ato_rapid_drain,1
659,TRANSFER,4041.56,SYNTH_ATO_0000034,6458.25,2416.68,SYNTH_ATOSINK_0000034,0.0,4041.56,1,0,ato_rapid_drain,1
48,TRANSFER,6321.43,SYNTH_ATO_0000035,10911.37,4589.94,SYNTH_ATOSINK_0000035,0.0,6321.43,1,0,ato_rapid_drain,1
49,TRANSFER,2873.39,SYNTH_ATO_0000035,4589.94,1716.55,SYNTH_ATOSINK_0000035,0.0,2873.39,1,0,ato_rapid_drain,1
50,TRANSFER,362.89,SYNTH_ATO_0000035,1716.55,1353.66,SYNTH_ATOSINK_0000035,0.0,362.89,1,0,ato_rapid_drain,1
636,TRANSFER,6115.12,SYNTH_ATO_0000036,12624.06,6508.94,SYNTH_ATOSINK_0000036,0.0,6115.12,1,0,ato_rapid_drain,1
637,TRANSFER,4352.78,SYNTH_ATO_0000036,6508.94,2156.16,SYNTH_ATOSINK_0000036,0.0,4352.78,1,0,ato_rapid_drain,1
638,TRANSFER,1672.25,SYNTH_ATO_0000036,2156.16,483.91,SYNTH_ATOSINK_0000036,0.0,1672.25,1,0,ato_rapid_drain,1
614,TRANSFER,5219.63,SYNTH_ATO_0000037,7418.1,2198.47,SYNTH_ATOSINK_0000037,0.0,5219.63,1,0,ato_rapid_drain,1
615,TRANSFER,1030.52,SYNTH_ATO_0000037,2198.47,1167.96,SYNTH_ATOSINK_0000037,0.0,1030.52,1,0,ato_rapid_drain,1
616,TRANSFER,935.29,SYNTH_ATO_0000037,1167.96,232.66,SYNTH_ATOSINK_0000037,0.0,935.29,1,0,ato_rapid_drain,1
205,TRANSFER,7059.5,SYNTH_ATO_0000038,10584.22,3524.73,SYNTH_ATOSINK_0000038,0.0,7059.5,1,0,ato_rapid_drain,1
206,TRANSFER,2229.0,SYNTH_ATO_0000038,3524.73,1295.73,SYNTH_ATOSINK_0000038,0.0,2229.0,1,0,ato_rapid_drain,1
468,TRANSFER,7948.52,SYNTH_ATO_0000039,14547.73,6599.21,SYNTH_ATOSINK_0000039,0.0,7948.52,1,0,ato_rapid_drain,1
469,TRANSFER,3563.23,SYNTH_ATO_0000039,6599.21,3035.98,SYNTH_ATOSINK_0000039,0.0,3563.23,1,0,ato_rapid_drain,1
470,TRANSFER,1742.31,SYNTH_ATO_0000039,3035.98,1293.67,SYNTH_ATOSINK_0000039,0.0,1742.31,1,0,ato_rapid_drain,1
125,TRANSFER,10639.83,SYNTH_ATO_0000040,29206.63,18566.8,SYNTH_ATOSINK_0000040,0.0,10639.83,1,0,ato_rapid_drain,1
126,TRANSFER,9661.92,SYNTH_ATO_0000040,18566.8,8904.89,SYNTH_ATOSINK_0000040,0.0,9661.92,1,0,ato_rapid_drain,1
127,TRANSFER,7308.87,SYNTH_ATO_0000040,8904.89,1596.02,SYNTH_ATOSINK_0000040,0.0,7308.87,1,0,ato_rapid_drain,1
561,TRANSFER,21180.16,SYNTH_ATO_0000041,50638.22,29458.06,SYNTH_ATOSINK_0000041,0.0,21180.16,1,0,ato_rapid_drain,1
562,TRANSFER,19004.13,SYNTH_ATO_0000041,29458.06,10453.93,SYNTH_ATOSINK_0000041,0.0,19004.13,1,0,ato_rapid_drain,1
563,TRANSFER,8640.45,SYNTH_ATO_0000041,10453.93,1813.48,SYNTH_ATOSINK_0000041,0.0,8640.45,1,0,ato_rapid_drain,1
518,TRANSFER,3809.18,SYNTH_ATO_0000042,7869.04,4059.86,SYNTH_ATOSINK_0000042,0.0,3809.18,1,0,ato_rapid_drain,1
519,TRANSFER,2218.36,SYNTH_ATO_0000042,4059.86,1841.5,SYNTH_ATOSINK_0000042,0.0,2218.36,1,0,ato_rapid_drain,1
520,TRANSFER,1048.9,SYNTH_ATO_0000042,1841.5,792.59,SYNTH_ATOSINK_0000042,0.0,1048.9,1,0,ato_rapid_drain,1
263,TRANSFER,17888.47,SYNTH_ATO_0000043,22826.94,4938.47,SYNTH_ATOSINK_0000043,0.0,17888.47,1,0,ato_rapid_drain,1
264,TRANSFER,3048.68,SYNTH_ATO_0000043,4938.47,1889.78,SYNTH_ATOSINK_0000043,0.0,3048.68,1,0,ato_rapid_drain,1
52,TRANSFER,5139.53,SYNTH_ATO_0000044,9659.27,4519.75,SYNTH_ATOSINK_0000044,0.0,5139.53,1,0,ato_rapid_drain,1
53,TRANSFER,3578.52,SYNTH_ATO_0000044,4519.75,941.23,SYNTH_ATOSINK_0000044,0.0,3578.52,1,0,ato_rapid_drain,1
54,TRANSFER,423.72,SYNTH_ATO_0000044,941.23,517.51,SYNTH_ATOSINK_0000044,0.0,423.72,1,0,ato_rapid_drain,1
719,TRANSFER,12360.18,SYNTH_ATO_0000045,23976.23,11616.05,SYNTH_ATOSINK_0000045,0.0,12360.18,1,0,ato_rapid_drain,1
720,TRANSFER,10298.5,SYNTH_ATO_0000045,11616.05,1317.55,SYNTH_ATOSINK_0000045,0.0,10298.5,1,0,ato_rapid_drain,1
330,TRANSFER,6354.65,SYNTH_ATO_0000046,16669.7,10315.06,SYNTH_ATOSINK_0000046,0.0,6354.65,1,0,ato_rapid_drain,1
331,TRANSFER,5929.25,SYNTH_ATO_0000046,10315.06,4385.81,SYNTH_ATOSINK_0000046,0.0,5929.25,1,0,ato_rapid_drain,1
332,TRANSFER,3582.08,SYNTH_ATO_0000046,4385.81,803.73,SYNTH_ATOSINK_0000046,0.0,3582.08,1,0,ato_rapid_drain,1
663,TRANSFER,4452.94,SYNTH_ATO_0000047,6011.66,1558.72,SYNTH_ATOSINK_0000047,0.0,4452.94,1,0,ato_rapid_drain,1
664,TRANSFER,1102.38,SYNTH_ATO_0000047,1558.72,456.34,SYNTH_ATOSINK_0000047,0.0,1102.38,1,0,ato_rapid_drain,1
502,TRANSFER,10612.38,SYNTH_ATO_0000048,31475.92,20863.55,SYNTH_ATOSINK_0000048,0.0,10612.38,1,0,ato_rapid_drain,1
503,TRANSFER,10199.47,SYNTH_ATO_0000048,20863.55,10664.07,SYNTH_ATOSINK_0000048,0.0,10199.47,1,0,ato_rapid_drain,1
504,TRANSFER,6370.76,SYNTH_ATO_0000048,10664.07,4293.32,SYNTH_ATOSINK_0000048,0.0,6370.76,1,0,ato_rapid_drain,1
576,TRANSFER,9777.24,SYNTH_ATO_0000049,12544.02,2766.79,SYNTH_ATOSINK_0000049,0.0,9777.24,1,0,ato_rapid_drain,1
577,TRANSFER,1886.9,SYNTH_ATO_0000049,2766.79,879.88,SYNTH_ATOSINK_0000049,0.0,1886.9,1,0,ato_rapid_drain,1
578,TRANSFER,472.41,SYNTH_ATO_0000049,879.88,407.47,SYNTH_ATOSINK_0000049,0.0,472.41,1,0,ato_rapid_drain,1
564,TRANSFER,8970.0,SYNTH_ATO_0000050,13090.73,4120.73,SYNTH_ATOSINK_0000050,0.0,8970.0,1,0,ato_rapid_drain,1
565,TRANSFER,3630.15,SYNTH_ATO_0000050,4120.73,490.58,SYNTH_ATOSINK_0000050,0.0,3630.15,1,0,ato_rapid_drain,1
146,TRANSFER,7780.18,SYNTH_ATO_0000051,9491.47,1711.28,SYNTH_ATOSINK_0000051,0.0,7780.18,1,0,ato_rapid_drain,1
147,TRANSFER,1272.33,SYNTH_ATO_0000051,1711.28,438.96,SYNTH_ATOSINK_0000051,0.0,1272.33,1,0,ato_rapid_drain,1
270,TRANSFER,6368.33,SYNTH_ATO_0000052,12178.53,5810.2,SYNTH_ATOSINK_0000052,0.0,6368.33,1,0,ato_rapid_drain,1
271,TRANSFER,2500.54,SYNTH_ATO_0000052,5810.2,3309.66,SYNTH_ATOSINK_0000052,0.0,2500.54,1,0,ato_rapid_drain,1
272,TRANSFER,1640.99,SYNTH_ATO_0000052,3309.66,1668.68,SYNTH_ATOSINK_0000052,0.0,1640.99,1,0,ato_rapid_drain,1
345,TRANSFER,19514.61,SYNTH_ATO_0000053,23312.25,3797.64,SYNTH_ATOSINK_0000053,0.0,19514.61,1,0,ato_rapid_drain,1
346,TRANSFER,823.88,SYNTH_ATO_0000053,3797.64,2973.76,SYNTH_ATOSINK_0000053,0.0,823.88,1,0,ato_rapid_drain,1
347,TRANSFER,96.37,SYNTH_ATO_0000053,2973.76,2877.39,SYNTH_ATOSINK_0000053,0.0,96.37,1,0,ato_rapid_drain,1
369,TRANSFER,13697.27,SYNTH_ATO_0000054,16098.05,2400.78,SYNTH_ATOSINK_0000054,0.0,13697.27,1,0,ato_rapid_drain,1
370,TRANSFER,1542.24,SYNTH_ATO_0000054,2400.78,858.54,SYNTH_ATOSINK_0000054,0.0,1542.24,1,0,ato_rapid_drain,1
34,TRANSFER,11050.65,SYNTH_ATO_0000055,21964.82,10914.17,SYNTH_ATOSINK_0000055,0.0,11050.65,1,0,ato_rapid_drain,1
35,TRANSFER,7240.6,SYNTH_ATO_0000055,10914.17,3673.57,SYNTH_ATOSINK_0000055,0.0,7240.6,1,0,ato_rapid_drain,1
36,TRANSFER,444.92,SYNTH_ATO_0000055,3673.57,3228.65,SYNTH_ATOSINK_0000055,0.0,444.92,1,0,ato_rapid_drain,1
404,TRANSFER,15723.33,SYNTH_ATO_0000056,22407.55,6684.22,SYNTH_ATOSINK_0000056,0.0,15723.33,1,0,ato_rapid_drain,1
405,TRANSFER,4524.24,SYNTH_ATO_0000056,6684.22,2159.98,SYNTH_ATOSINK_0000056,0.0,4524.24,1,0,ato_rapid_drain,1
406,TRANSFER,1651.31,SYNTH_ATO_0000056,2159.98,508.67,SYNTH_ATOSINK_0000056,0.0,1651.31,1,0,ato_rapid_drain,1
116,TRANSFER,27762.99,SYNTH_ATO_0000057,39830.85,12067.86,SYNTH_ATOSINK_0000057,0.0,27762.99,1,0,ato_rapid_drain,1
117,TRANSFER,8046.09,SYNTH_ATO_0000057,12067.86,4021.77,SYNTH_ATOSINK_0000057,0.0,8046.09,1,0,ato_rapid_drain,1
552,TRANSFER,8443.76,SYNTH_ATO_0000058,14681.28,6237.52,SYNTH_ATOSINK_0000058,0.0,8443.76,1,0,ato_rapid_drain,1
553,TRANSFER,4780.29,SYNTH_ATO_0000058,6237.52,1457.23,SYNTH_ATOSINK_0000058,0.0,4780.29,1,0,ato_rapid_drain,1
554,TRANSFER,627.89,SYNTH_ATO_0000058,1457.23,829.34,SYNTH_ATOSINK_0000058,0.0,627.89,1,0,ato_rapid_drain,1
505,TRANSFER,6508.74,SYNTH_ATO_0000059,7434.49,925.75,SYNTH_ATOSINK_0000059,0.0,6508.74,1,0,ato_rapid_drain,1
506,TRANSFER,357.99,SYNTH_ATO_0000059,925.75,567.76,SYNTH_ATOSINK_0000059,0.0,357.99,1,0,ato_rapid_drain,1
507,TRANSFER,310.41,SYNTH_ATO_0000059,567.76,257.35,SYNTH_ATOSINK_0000059,0.0,310.41,1,0,ato_rapid_drain,1
684,TRANSFER,22645.87,SYNTH_ATO_0000060,34212.06,11566.19,SYNTH_ATOSINK_0000060,0.0,22645.87,1,0,ato_rapid_drain,1
685,TRANSFER,6586.06,SYNTH_ATO_0000060,11566.19,4980.13,SYNTH_ATOSINK_0000060,0.0,6586.06,1,0,ato_rapid_drain,1
686,TRANSFER,1603.46,SYNTH_ATO_0000060,4980.13,3376.67,SYNTH_ATOSINK_0000060,0.0,1603.46,1,0,ato_rapid_drain,1
551,TRANSFER,11790.74,SYNTH_ATO_0000061,14781.14,2990.4,SYNTH_ATOSINK_0000061,0.0,11790.74,1,0,ato_rapid_drain,1
552,TRANSFER,1386.46,SYNTH_ATO_0000061,2990.4,1603.94,SYNTH_ATOSINK_0000061,0.0,1386.46,1,0,ato_rapid_drain,1
273,TRANSFER,24700.48,SYNTH_ATO_0000062,35198.38,10497.9,SYNTH_ATOSINK_0000062,0.0,24700.48,1,0,ato_rapid_drain,1
274,TRANSFER,8003.62,SYNTH_ATO_0000062,10497.9,2494.29,SYNTH_ATOSINK_0000062,0.0,8003.62,1,0,ato_rapid_drain,1
716,TRANSFER,10535.63,SYNTH_ATO_0000063,22697.87,12162.23,SYNTH_ATOSINK_0000063,0.0,10535.63,1,0,ato_rapid_drain,1
717,TRANSFER,7805.52,SYNTH_ATO_0000063,12162.23,4356.72,SYNTH_ATOSINK_0000063,0.0,7805.52,1,0,ato_rapid_drain,1
718,TRANSFER,2666.38,SYNTH_ATO_0000063,4356.72,1690.34,SYNTH_ATOSINK_0000063,0.0,2666.38,1,0,ato_rapid_drain,1
304,TRANSFER,8924.03,SYNTH_ATO_0000064,16669.19,7745.16,SYNTH_ATOSINK_0000064,0.0,8924.03,1,0,ato_rapid_drain,1
305,TRANSFER,6131.39,SYNTH_ATO_0000064,7745.16,1613.77,SYNTH_ATOSINK_0000064,0.0,6131.39,1,0,ato_rapid_drain,1
243,TRANSFER,15281.9,SYNTH_ATO_0000065,22231.5,6949.6,SYNTH_ATOSINK_0000065,0.0,15281.9,1,0,ato_rapid_drain,1
244,TRANSFER,3991.47,SYNTH_ATO_0000065,6949.6,2958.13,SYNTH_ATOSINK_0000065,0.0,3991.47,1,0,ato_rapid_drain,1
245,TRANSFER,1362.59,SYNTH_ATO_0000065,2958.13,1595.54,SYNTH_ATOSINK_0000065,0.0,1362.59,1,0,ato_rapid_drain,1
670,TRANSFER,31509.62,SYNTH_ATO_0000066,58139.9,26630.29,SYNTH_ATOSINK_0000066,0.0,31509.62,1,0,ato_rapid_drain,1
671,TRANSFER,16614.98,SYNTH_ATO_0000066,26630.29,10015.3,SYNTH_ATOSINK_0000066,0.0,16614.98,1,0,ato_rapid_drain,1
672,TRANSFER,8364.11,SYNTH_ATO_0000066,10015.3,1651.2,SYNTH_ATOSINK_0000066,0.0,8364.11,1,0,ato_rapid_drain,1
275,TRANSFER,45481.97,SYNTH_ATO_0000067,62704.49,17222.52,SYNTH_ATOSINK_0000067,0.0,45481.97,1,0,ato_rapid_drain,1
276,TRANSFER,11628.86,SYNTH_ATO_0000067,17222.52,5593.66,SYNTH_ATOSINK_0000067,0.0,11628.86,1,0,ato_rapid_drain,1
57,TRANSFER,13975.5,SYNTH_ATO_0000068,18800.31,4824.81,SYNTH_ATOSINK_0000068,0.0,13975.5,1,0,ato_rapid_drain,1
58,TRANSFER,2384.59,SYNTH_ATO_0000068,4824.81,2440.22,SYNTH_ATOSINK_0000068,0.0,2384.59,1,0,ato_rapid_drain,1
59,TRANSFER,101.02,SYNTH_ATO_0000068,2440.22,2339.2,SYNTH_ATOSINK_0000068,0.0,101.02,1,0,ato_rapid_drain,1
350,TRANSFER,9108.08,SYNTH_ATO_0000069,19853.08,10745.0,SYNTH_ATOSINK_0000069,0.0,9108.08,1,0,ato_rapid_drain,1
351,TRANSFER,8740.57,SYNTH_ATO_0000069,10745.0,2004.43,SYNTH_ATOSINK_0000069,0.0,8740.57,1,0,ato_rapid_drain,1
591,TRANSFER,15822.71,SYNTH_ATO_0000070,34397.67,18574.96,SYNTH_ATOSINK_0000070,0.0,15822.71,1,0,ato_rapid_drain,1
592,TRANSFER,15177.63,SYNTH_ATO_0000070,18574.96,3397.32,SYNTH_ATOSINK_0000070,0.0,15177.63,1,0,ato_rapid_drain,1
143,TRANSFER,6487.29,SYNTH_ATO_0000071,10857.41,4370.12,SYNTH_ATOSINK_0000071,0.0,6487.29,1,0,ato_rapid_drain,1
144,TRANSFER,1894.03,SYNTH_ATO_0000071,4370.12,2476.09,SYNTH_ATOSINK_0000071,0.0,1894.03,1,0,ato_rapid_drain,1
145,TRANSFER,1032.53,SYNTH_ATO_0000071,2476.09,1443.56,SYNTH_ATOSINK_0000071,0.0,1032.53,1,0,ato_rapid_drain,1
344,TRANSFER,8403.87,SYNTH_ATO_0000072,22022.99,13619.12,SYNTH_ATOSINK_0000072,0.0,8403.87,1,0,ato_rapid_drain,1
345,TRANSFER,7689.48,SYNTH_ATO_0000072,13619.12,5929.64,SYNTH_ATOSINK_0000072,0.0,7689.48,1,0,ato_rapid_drain,1
346,TRANSFER,3092.49,SYNTH_ATO_0000072,5929.64,2837.15,SYNTH_ATOSINK_0000072,0.0,3092.49,1,0,ato_rapid_drain,1
98,TRANSFER,9983.19,SYNTH_ATO_0000073,17756.06,7772.87,SYNTH_ATOSINK_0000073,0.0,9983.19,1,0,ato_rapid_drain,1
99,TRANSFER,6689.63,SYNTH_ATO_0000073,7772.87,1083.24,SYNTH_ATOSINK_0000073,0.0,6689.63,1,0,ato_rapid_drain,1
509,TRANSFER,11822.29,SYNTH_ATO_0000074,21771.24,9948.94,SYNTH_ATOSINK_0000074,0.0,11822.29,1,0,ato_rapid_drain,1
510,TRANSFER,7644.07,SYNTH_ATO_0000074,9948.94,2304.87,SYNTH_ATOSINK_0000074,0.0,7644.07,1,0,ato_rapid_drain,1
354,TRANSFER,5841.72,SYNTH_ATO_0000075,10937.79,5096.07,SYNTH_ATOSINK_0000075,0.0,5841.72,1,0,ato_rapid_drain,1
355,TRANSFER,2515.61,SYNTH_ATO_0000075,5096.07,2580.46,SYNTH_ATOSINK_0000075,0.0,2515.61,1,0,ato_rapid_drain,1
356,TRANSFER,2297.58,SYNTH_ATO_0000075,2580.46,282.89,SYNTH_ATOSINK_0000075,0.0,2297.58,1,0,ato_rapid_drain,1
247,TRANSFER,3099.76,SYNTH_ATO_0000076,6948.35,3848.59,SYNTH_ATOSINK_0000076,0.0,3099.76,1,0,ato_rapid_drain,1
248,TRANSFER,1692.12,SYNTH_ATO_0000076,3848.59,2156.47,SYNTH_ATOSINK_0000076,0.0,1692.12,1,0,ato_rapid_drain,1
249,TRANSFER,1334.26,SYNTH_ATO_0000076,2156.47,822.22,SYNTH_ATOSINK_0000076,0.0,1334.26,1,0,ato_rapid_drain,1
168,TRANSFER,2340.5,SYNTH_ATO_0000077,5198.94,2858.44,SYNTH_ATOSINK_0000077,0.0,2340.5,1,0,ato_rapid_drain,1
169,TRANSFER,1097.82,SYNTH_ATO_0000077,2858.44,1760.62,SYNTH_ATOSINK_0000077,0.0,1097.82,1,0,ato_rapid_drain,1
170,TRANSFER,1047.64,SYNTH_ATO_0000077,1760.62,712.98,SYNTH_ATOSINK_0000077,0.0,1047.64,1,0,ato_rapid_drain,1
419,TRANSFER,6078.94,SYNTH_ATO_0000078,9224.05,3145.11,SYNTH_ATOSINK_0000078,0.0,6078.94,1,0,ato_rapid_drain,1
420,TRANSFER,2665.05,SYNTH_ATO_0000078,3145.11,480.06,SYNTH_ATOSINK_0000078,0.0,2665.05,1,0,ato_rapid_drain,1
495,TRANSFER,7614.56,SYNTH_ATO_0000079,13695.12,6080.56,SYNTH_ATOSINK_0000079,0.0,7614.56,1,0,ato_rapid_drain,1
496,TRANSFER,3462.06,SYNTH_ATO_0000079,6080.56,2618.5,SYNTH_ATOSINK_0000079,0.0,3462.06,1,0,ato_rapid_drain,1
497,TRANSFER,2132.8,SYNTH_ATO_0000079,2618.5,485.7,SYNTH_ATOSINK_0000079,0.0,2132.8,1,0,ato_rapid_drain,1
695,TRANSFER,12399.3,SYNTH_ATO_0000080,15124.71,2725.41,SYNTH_ATOSINK_0000080,0.0,12399.3,1,0,ato_rapid_drain,1
696,TRANSFER,1003.54,SYNTH_ATO_0000080,2725.41,1721.88,SYNTH_ATOSINK_0000080,0.0,1003.54,1,0,ato_rapid_drain,1
326,TRANSFER,49286.85,SYNTH_ATO_0000081,57661.14,8374.29,SYNTH_ATOSINK_0000081,0.0,49286.85,1,0,ato_rapid_drain,1
327,TRANSFER,1239.96,SYNTH_ATO_0000081,8374.29,7134.33,SYNTH_ATOSINK_0000081,0.0,1239.96,1,0,ato_rapid_drain,1
119,TRANSFER,23905.34,SYNTH_ATO_0000082,35017.25,11111.91,SYNTH_ATOSINK_0000082,0.0,23905.34,1,0,ato_rapid_drain,1
120,TRANSFER,5966.57,SYNTH_ATO_0000082,11111.91,5145.34,SYNTH_ATOSINK_0000082,0.0,5966.57,1,0,ato_rapid_drain,1
121,TRANSFER,738.4,SYNTH_ATO_0000082,5145.34,4406.93,SYNTH_ATOSINK_0000082,0.0,738.4,1,0,ato_rapid_drain,1
618,TRANSFER,5130.83,SYNTH_ATO_0000083,10124.82,4993.99,SYNTH_ATOSINK_0000083,0.0,5130.83,1,0,ato_rapid_drain,1
619,TRANSFER,4162.35,SYNTH_ATO_0000083,4993.99,831.64,SYNTH_ATOSINK_0000083,0.0,4162.35,1,0,ato_rapid_drain,1
467,TRANSFER,14305.18,SYNTH_ATO_0000084,22217.27,7912.09,SYNTH_ATOSINK_0000084,0.0,14305.18,1,0,ato_rapid_drain,1
468,TRANSFER,5932.4,SYNTH_ATO_0000084,7912.09,1979.69,SYNTH_ATOSINK_0000084,0.0,5932.4,1,0,ato_rapid_drain,1
518,TRANSFER,9921.36,SYNTH_ATO_0000085,14125.73,4204.37,SYNTH_ATOSINK_0000085,0.0,9921.36,1,0,ato_rapid_drain,1
519,TRANSFER,2178.07,SYNTH_ATO_0000085,4204.37,2026.3,SYNTH_ATOSINK_0000085,0.0,2178.07,1,0,ato_rapid_drain,1
520,TRANSFER,383.86,SYNTH_ATO_0000085,2026.3,1642.44,SYNTH_ATOSINK_0000085,0.0,383.86,1,0,ato_rapid_drain,1
73,TRANSFER,12785.16,SYNTH_ATO_0000086,15205.03,2419.87,SYNTH_ATOSINK_0000086,0.0,12785.16,1,0,ato_rapid_drain,1
74,TRANSFER,228.41,SYNTH_ATO_0000086,2419.87,2191.46,SYNTH_ATOSINK_0000086,0.0,228.41,1,0,ato_rapid_drain,1
232,TRANSFER,14428.17,SYNTH_ATO_0000087,20154.75,5726.58,SYNTH_ATOSINK_0000087,0.0,14428.17,1,0,ato_rapid_drain,1
233,TRANSFER,3964.93,SYNTH_ATO_0000087,5726.58,1761.65,SYNTH_ATOSINK_0000087,0.0,3964.93,1,0,ato_rapid_drain,1
570,TRANSFER,23756.81,SYNTH_ATO_0000088,26147.34,2390.53,SYNTH_ATOSINK_0000088,0.0,23756.81,1,0,ato_rapid_drain,1
571,TRANSFER,1729.35,SYNTH_ATO_0000088,2390.53,661.18,SYNTH_ATOSINK_0000088,0.0,1729.35,1,0,ato_rapid_drain,1
617,TRANSFER,11947.87,SYNTH_ATO_0000089,14712.38,2764.51,SYNTH_ATOSINK_0000089,0.0,11947.87,1,0,ato_rapid_drain,1
618,TRANSFER,1342.51,SYNTH_ATO_0000089,2764.51,1422.0,SYNTH_ATOSINK_0000089,0.0,1342.51,1,0,ato_rapid_drain,1
619,TRANSFER,463.15,SYNTH_ATO_0000089,1422.0,958.84,SYNTH_ATOSINK_0000089,0.0,463.15,1,0,ato_rapid_drain,1
324,TRANSFER,14280.69,SYNTH_ATO_0000090,34142.93,19862.24,SYNTH_ATOSINK_0000090,0.0,14280.69,1,0,ato_rapid_drain,1
325,TRANSFER,9858.43,SYNTH_ATO_0000090,19862.24,10003.8,SYNTH_ATOSINK_0000090,0.0,9858.43,1,0,ato_rapid_drain,1
326,TRANSFER,7081.71,SYNTH_ATO_0000090,10003.8,2922.09,SYNTH_ATOSINK_0000090,0.0,7081.71,1,0,ato_rapid_drain,1
597,TRANSFER,4850.01,SYNTH_ATO_0000091,9089.15,4239.14,SYNTH_ATOSINK_0000091,0.0,4850.01,1,0,ato_rapid_drain,1
598,TRANSFER,3006.56,SYNTH_ATO_0000091,4239.14,1232.58,SYNTH_ATOSINK_0000091,0.0,3006.56,1,0,ato_rapid_drain,1
625,TRANSFER,8205.67,SYNTH_ATO_0000092,18102.47,9896.8,SYNTH_ATOSINK_0000092,0.0,8205.67,1,0,ato_rapid_drain,1
626,TRANSFER,4684.93,SYNTH_ATO_0000092,9896.8,5211.87,SYNTH_ATOSINK_0000092,0.0,4684.93,1,0,ato_rapid_drain,1
627,TRANSFER,3090.56,SYNTH_ATO_0000092,5211.87,2121.31,SYNTH_ATOSINK_0000092,0.0,3090.56,1,0,ato_rapid_drain,1
288,TRANSFER,41044.39,SYNTH_ATO_0000093,85699.67,44655.28,SYNTH_ATOSINK_0000093,0.0,41044.39,1,0,ato_rapid_drain,1
289,TRANSFER,23134.53,SYNTH_ATO_0000093,44655.28,21520.75,SYNTH_ATOSINK_0000093,0.0,23134.53,1,0,ato_rapid_drain,1
290,TRANSFER,11949.86,SYNTH_ATO_0000093,21520.75,9570.89,SYNTH_ATOSINK_0000093,0.0,11949.86,1,0,ato_rapid_drain,1
664,TRANSFER,17794.59,SYNTH_ATO_0000094,20616.52,2821.92,SYNTH_ATOSINK_0000094,0.0,17794.59,1,0,ato_rapid_drain,1
665,TRANSFER,1779.23,SYNTH_ATO_0000094,2821.92,1042.69,SYNTH_ATOSINK_0000094,0.0,1779.23,1,0,ato_rapid_drain,1
215,TRANSFER,31827.81,SYNTH_ATO_0000095,42613.6,10785.79,SYNTH_ATOSINK_0000095,0.0,31827.81,1,0,ato_rapid_drain,1
216,TRANSFER,9250.53,SYNTH_ATO_0000095,10785.79,1535.27,SYNTH_ATOSINK_0000095,0.0,9250.53,1,0,ato_rapid_drain,1
178,TRANSFER,12054.79,SYNTH_ATO_0000096,19051.71,6996.92,SYNTH_ATOSINK_0000096,0.0,12054.79,1,0,ato_rapid_drain,1
179,TRANSFER,6372.28,SYNTH_ATO_0000096,6996.92,624.64,SYNTH_ATOSINK_0000096,0.0,6372.28,1,0,ato_rapid_drain,1
506,TRANSFER,14511.56,SYNTH_ATO_0000097,25551.88,11040.32,SYNTH_ATOSINK_0000097,0.0,14511.56,1,0,ato_rapid_drain,1
507,TRANSFER,9915.37,SYNTH_ATO_0000097,11040.32,1124.95,SYNTH_ATOSINK_0000097,0.0,9915.37,1,0,ato_rapid_drain,1
508,TRANSFER,562.65,SYNTH_ATO_0000097,1124.95,562.3,SYNTH_ATOSINK_0000097,0.0,562.65,1,0,ato_rapid_drain,1
473,TRANSFER,11191.64,SYNTH_ATO_0000098,17429.69,6238.04,SYNTH_ATOSINK_0000098,0.0,11191.64,1,0,ato_rapid_drain,1
474,TRANSFER,4252.32,SYNTH_ATO_0000098,6238.04,1985.73,SYNTH_ATOSINK_0000098,0.0,4252.32,1,0,ato_rapid_drain,1
475,TRANSFER,1597.18,SYNTH_ATO_0000098,1985.73,388.55,SYNTH_ATOSINK_0000098,0.0,1597.18,1,0,ato_rapid_drain,1
105,TRANSFER,13243.84,SYNTH_ATO_0000099,16281.02,3037.19,SYNTH_ATOSINK_0000099,0.0,13243.84,1,0,ato_rapid_drain,1
106,TRANSFER,2612.09,SYNTH_ATO_0000099,3037.19,425.1,SYNTH_ATOSINK_0000099,0.0,2612.09,1,0,ato_rapid_drain,1
616,TRANSFER,5316.04,SYNTH_ATO_0000100,11297.2,5981.16,SYNTH_ATOSINK_0000100,0.0,5316.04,1,0,ato_rapid_drain,1
617,TRANSFER,4392.06,SYNTH_ATO_0000100,5981.16,1589.1,SYNTH_ATOSINK_0000100,0.0,4392.06,1,0,ato_rapid_drain,1
149,TRANSFER,13759.06,SYNTH_ATO_0000101,23346.0,9586.93,SYNTH_ATOSINK_0000101,0.0,13759.06,1,0,ato_rapid_drain,1
150,TRANSFER,5507.81,SYNTH_ATO_0000101,9586.93,4079.12,SYNTH_ATOSINK_0000101,0.0,5507.81,1,0,ato_rapid_drain,1
151,TRANSFER,995.42,SYNTH_ATO_0000101,4079.12,3083.7,SYNTH_ATOSINK_0000101,0.0,995.42,1,0,ato_rapid_drain,1
597,TRANSFER,7881.19,SYNTH_ATO_0000102,10819.2,2938.01,SYNTH_ATOSINK_0000102,0.0,7881.19,1,0,ato_rapid_drain,1
598,TRANSFER,1743.36,SYNTH_ATO_0000102,2938.01,1194.65,SYNTH_ATOSINK_0000102,0.0,1743.36,1,0,ato_rapid_drain,1
8,TRANSFER,19924.32,SYNTH_ATO_0000103,26885.74,6961.41,SYNTH_ATOSINK_0000103,0.0,19924.32,1,0,ato_rapid_drain,1
9,TRANSFER,4861.01,SYNTH_ATO_0000103,6961.41,2100.4,SYNTH_ATOSINK_0000103,0.0,4861.01,1,0,ato_rapid_drain,1
589,TRANSFER,23410.65,SYNTH_ATO_0000104,34584.89,11174.24,SYNTH_ATOSINK_0000104,0.0,23410.65,1,0,ato_rapid_drain,1
590,TRANSFER,6422.52,SYNTH_ATO_0000104,11174.24,4751.72,SYNTH_ATOSINK_0000104,0.0,6422.52,1,0,ato_rapid_drain,1
583,TRANSFER,13147.15,SYNTH_ATO_0000105,22469.61,9322.45,SYNTH_ATOSINK_0000105,0.0,13147.15,1,0,ato_rapid_drain,1
584,TRANSFER,8422.63,SYNTH_ATO_0000105,9322.45,899.83,SYNTH_ATOSINK_0000105,0.0,8422.63,1,0,ato_rapid_drain,1
578,TRANSFER,9619.21,SYNTH_ATO_0000106,15187.85,5568.64,SYNTH_ATOSINK_0000106,0.0,9619.21,1,0,ato_rapid_drain,1
579,TRANSFER,4508.19,SYNTH_ATO_0000106,5568.64,1060.44,SYNTH_ATOSINK_0000106,0.0,4508.19,1,0,ato_rapid_drain,1
492,TRANSFER,8918.42,SYNTH_ATO_0000107,23679.84,14761.42,SYNTH_ATOSINK_0000107,0.0,8918.42,1,0,ato_rapid_drain,1
493,TRANSFER,7329.23,SYNTH_ATO_0000107,14761.42,7432.2,SYNTH_ATOSINK_0000107,0.0,7329.23,1,0,ato_rapid_drain,1
494,TRANSFER,5549.82,SYNTH_ATO_0000107,7432.2,1882.37,SYNTH_ATOSINK_0000107,0.0,5549.82,1,0,ato_rapid_drain,1
349,TRANSFER,7681.58,SYNTH_ATO_0000108,14984.87,7303.28,SYNTH_ATOSINK_0000108,0.0,7681.58,1,0,ato_rapid_drain,1
350,TRANSFER,5201.31,SYNTH_ATO_0000108,7303.28,2101.97,SYNTH_ATOSINK_0000108,0.0,5201.31,1,0,ato_rapid_drain,1
351,TRANSFER,176.27,SYNTH_ATO_0000108,2101.97,1925.7,SYNTH_ATOSINK_0000108,0.0,176.27,1,0,ato_rapid_drain,1
522,TRANSFER,23375.84,SYNTH_ATO_0000109,31613.14,8237.31,SYNTH_ATOSINK_0000109,0.0,23375.84,1,0,ato_rapid_drain,1
523,TRANSFER,4536.14,SYNTH_ATO_0000109,8237.31,3701.17,SYNTH_ATOSINK_0000109,0.0,4536.14,1,0,ato_rapid_drain,1
207,TRANSFER,3600.9,SYNTH_ATO_0000110,6009.86,2408.95,SYNTH_ATOSINK_0000110,0.0,3600.9,1,0,ato_rapid_drain,1
208,TRANSFER,871.54,SYNTH_ATO_0000110,2408.95,1537.42,SYNTH_ATOSINK_0000110,0.0,871.54,1,0,ato_rapid_drain,1
209,TRANSFER,761.19,SYNTH_ATO_0000110,1537.42,776.23,SYNTH_ATOSINK_0000110,0.0,761.19,1,0,ato_rapid_drain,1
579,TRANSFER,7842.29,SYNTH_ATO_0000111,14744.65,6902.36,SYNTH_ATOSINK_0000111,0.0,7842.29,1,0,ato_rapid_drain,1
580,TRANSFER,6323.65,SYNTH_ATO_0000111,6902.36,578.71,SYNTH_ATOSINK_0000111,0.0,6323.65,1,0,ato_rapid_drain,1
413,TRANSFER,2441.56,SYNTH_ATO_0000112,5461.69,3020.12,SYNTH_ATOSINK_0000112,0.0,2441.56,1,0,ato_rapid_drain,1
414,TRANSFER,1623.22,SYNTH_ATO_0000112,3020.12,1396.9,SYNTH_ATOSINK_0000112,0.0,1623.22,1,0,ato_rapid_drain,1
415,TRANSFER,992.46,SYNTH_ATO_0000112,1396.9,404.44,SYNTH_ATOSINK_0000112,0.0,992.46,1,0,ato_rapid_drain,1
342,TRANSFER,4343.74,SYNTH_ATO_0000113,7353.73,3009.99,SYNTH_ATOSINK_0000113,0.0,4343.74,1,0,ato_rapid_drain,1
343,TRANSFER,1998.02,SYNTH_ATO_0000113,3009.99,1011.97,SYNTH_ATOSINK_0000113,0.0,1998.02,1,0,ato_rapid_drain,1
344,TRANSFER,611.69,SYNTH_ATO_0000113,1011.97,400.29,SYNTH_ATOSINK_0000113,0.0,611.69,1,0,ato_rapid_drain,1
376,TRANSFER,22734.47,SYNTH_ATO_0000114,40876.78,18142.31,SYNTH_ATOSINK_0000114,0.0,22734.47,1,0,ato_rapid_drain,1
377,TRANSFER,9933.42,SYNTH_ATO_0000114,18142.31,8208.88,SYNTH_ATOSINK_0000114,0.0,9933.42,1,0,ato_rapid_drain,1
378,TRANSFER,3650.48,SYNTH_ATO_0000114,8208.88,4558.4,SYNTH_ATOSINK_0000114,0.0,3650.48,1,0,ato_rapid_drain,1
421,TRANSFER,18401.91,SYNTH_ATO_0000115,30856.76,12454.85,SYNTH_ATOSINK_0000115,0.0,18401.91,1,0,ato_rapid_drain,1
422,TRANSFER,9315.57,SYNTH_ATO_0000115,12454.85,3139.28,SYNTH_ATOSINK_0000115,0.0,9315.57,1,0,ato_rapid_drain,1
30,TRANSFER,6185.63,SYNTH_ATO_0000116,11711.33,5525.7,SYNTH_ATOSINK_0000116,0.0,6185.63,1,0,ato_rapid_drain,1
31,TRANSFER,3525.42,SYNTH_ATO_0000116,5525.7,2000.28,SYNTH_ATOSINK_0000116,0.0,3525.42,1,0,ato_rapid_drain,1
32,TRANSFER,859.97,SYNTH_ATO_0000116,2000.28,1140.32,SYNTH_ATOSINK_0000116,0.0,859.97,1,0,ato_rapid_drain,1
104,TRANSFER,4582.95,SYNTH_ATO_0000117,7320.97,2738.02,SYNTH_ATOSINK_0000117,0.0,4582.95,1,0,ato_rapid_drain,1
105,TRANSFER,1400.51,SYNTH_ATO_0000117,2738.02,1337.52,SYNTH_ATOSINK_0000117,0.0,1400.51,1,0,ato_rapid_drain,1
106,TRANSFER,962.7,SYNTH_ATO_0000117,1337.52,374.82,SYNTH_ATOSINK_0000117,0.0,962.7,1,0,ato_rapid_drain,1
183,TRANSFER,2213.03,SYNTH_ATO_0000118,3045.08,832.05,SYNTH_ATOSINK_0000118,0.0,2213.03,1,0,ato_rapid_drain,1
184,TRANSFER,681.03,SYNTH_ATO_0000118,832.05,151.02,SYNTH_ATOSINK_0000118,0.0,681.03,1,0,ato_rapid_drain,1
86,TRANSFER,9874.54,SYNTH_ATO_0000119,13015.58,3141.04,SYNTH_ATOSINK_0000119,0.0,9874.54,1,0,ato_rapid_drain,1
87,TRANSFER,1538.64,SYNTH_ATO_0000119,3141.04,1602.4,SYNTH_ATOSINK_0000119,0.0,1538.64,1,0,ato_rapid_drain,1
326,TRANSFER,46899.2,SYNTH_ATO_0000120,77053.02,30153.82,SYNTH_ATOSINK_0000120,0.0,46899.2,1,0,ato_rapid_drain,1
327,TRANSFER,17433.31,SYNTH_ATO_0000120,30153.82,12720.51,SYNTH_ATOSINK_0000120,0.0,17433.31,1,0,ato_rapid_drain,1
328,TRANSFER,10593.86,SYNTH_ATO_0000120,12720.51,2126.66,SYNTH_ATOSINK_0000120,0.0,10593.86,1,0,ato_rapid_drain,1
494,TRANSFER,18263.64,SYNTH_ATO_0000121,23410.28,5146.64,SYNTH_ATOSINK_0000121,0.0,18263.64,1,0,ato_rapid_drain,1
495,TRANSFER,1577.12,SYNTH_ATO_0000121,5146.64,3569.53,SYNTH_ATOSINK_0000121,0.0,1577.12,1,0,ato_rapid_drain,1
496,TRANSFER,425.18,SYNTH_ATO_0000121,3569.53,3144.35,SYNTH_ATOSINK_0000121,0.0,425.18,1,0,ato_rapid_drain,1
484,TRANSFER,10898.76,SYNTH_ATO_0000122,12890.64,1991.87,SYNTH_ATOSINK_0000122,0.0,10898.76,1,0,ato_rapid_drain,1
485,TRANSFER,1559.98,SYNTH_ATO_0000122,1991.87,431.89,SYNTH_ATOSINK_0000122,0.0,1559.98,1,0,ato_rapid_drain,1
351,TRANSFER,7351.76,SYNTH_ATO_0000123,23838.28,16486.53,SYNTH_ATOSINK_0000123,0.0,7351.76,1,0,ato_rapid_drain,1
352,TRANSFER,6796.01,SYNTH_ATO_0000123,16486.53,9690.52,SYNTH_ATOSINK_0000123,0.0,6796.01,1,0,ato_rapid_drain,1
353,TRANSFER,6425.9,SYNTH_ATO_0000123,9690.52,3264.62,SYNTH_ATOSINK_0000123,0.0,6425.9,1,0,ato_rapid_drain,1
632,TRANSFER,3746.43,SYNTH_ATO_0000124,7068.65,3322.22,SYNTH_ATOSINK_0000124,0.0,3746.43,1,0,ato_rapid_drain,1
633,TRANSFER,1603.46,SYNTH_ATO_0000124,3322.22,1718.76,SYNTH_ATOSINK_0000124,0.0,1603.46,1,0,ato_rapid_drain,1
634,TRANSFER,901.55,SYNTH_ATO_0000124,1718.76,817.21,SYNTH_ATOSINK_0000124,0.0,901.55,1,0,ato_rapid_drain,1
418,TRANSFER,9376.42,SYNTH_ATO_0000125,15087.26,5710.84,SYNTH_ATOSINK_0000125,0.0,9376.42,1,0,ato_rapid_drain,1
419,TRANSFER,3414.24,SYNTH_ATO_0000125,5710.84,2296.6,SYNTH_ATOSINK_0000125,0.0,3414.24,1,0,ato_rapid_drain,1
420,TRANSFER,1693.74,SYNTH_ATO_0000125,2296.6,602.85,SYNTH_ATOSINK_0000125,0.0,1693.74,1,0,ato_rapid_drain,1
61,TRANSFER,14346.1,SYNTH_ATO_0000126,19142.89,4796.79,SYNTH_ATOSINK_0000126,0.0,14346.1,1,0,ato_rapid_drain,1
62,TRANSFER,2117.11,SYNTH_ATO_0000126,4796.79,2679.68,SYNTH_ATOSINK_0000126,0.0,2117.11,1,0,ato_rapid_drain,1
63,TRANSFER,254.92,SYNTH_ATO_0000126,2679.68,2424.75,SYNTH_ATOSINK_0000126,0.0,254.92,1,0,ato_rapid_drain,1
566,TRANSFER,9868.93,SYNTH_ATO_0000127,17125.77,7256.84,SYNTH_ATOSINK_0000127,0.0,9868.93,1,0,ato_rapid_drain,1
567,TRANSFER,5608.72,SYNTH_ATO_0000127,7256.84,1648.12,SYNTH_ATOSINK_0000127,0.0,5608.72,1,0,ato_rapid_drain,1
427,TRANSFER,21046.36,SYNTH_ATO_0000128,28983.55,7937.19,SYNTH_ATOSINK_0000128,0.0,21046.36,1,0,ato_rapid_drain,1
428,TRANSFER,5166.79,SYNTH_ATO_0000128,7937.19,2770.4,SYNTH_ATOSINK_0000128,0.0,5166.79,1,0,ato_rapid_drain,1
429,TRANSFER,117.88,SYNTH_ATO_0000128,2770.4,2652.52,SYNTH_ATOSINK_0000128,0.0,117.88,1,0,ato_rapid_drain,1
472,TRANSFER,10828.21,SYNTH_ATO_0000129,22176.47,11348.26,SYNTH_ATOSINK_0000129,0.0,10828.21,1,0,ato_rapid_drain,1
473,TRANSFER,8728.85,SYNTH_ATO_0000129,11348.26,2619.4,SYNTH_ATOSINK_0000129,0.0,8728.85,1,0,ato_rapid_drain,1
419,TRANSFER,19663.64,SYNTH_ATO_0000130,26929.98,7266.35,SYNTH_ATOSINK_0000130,0.0,19663.64,1,0,ato_rapid_drain,1
420,TRANSFER,5713.34,SYNTH_ATO_0000130,7266.35,1553.0,SYNTH_ATOSINK_0000130,0.0,5713.34,1,0,ato_rapid_drain,1
410,TRANSFER,10035.52,SYNTH_ATO_0000131,11931.97,1896.45,SYNTH_ATOSINK_0000131,0.0,10035.52,1,0,ato_rapid_drain,1
411,TRANSFER,1427.21,SYNTH_ATO_0000131,1896.45,469.24,SYNTH_ATOSINK_0000131,0.0,1427.21,1,0,ato_rapid_drain,1
67,TRANSFER,21577.06,SYNTH_ATO_0000132,30905.49,9328.43,SYNTH_ATOSINK_0000132,0.0,21577.06,1,0,ato_rapid_drain,1
68,TRANSFER,8206.4,SYNTH_ATO_0000132,9328.43,1122.03,SYNTH_ATOSINK_0000132,0.0,8206.4,1,0,ato_rapid_drain,1
414,TRANSFER,17584.69,SYNTH_ATO_0000133,47923.54,30338.85,SYNTH_ATOSINK_0000133,0.0,17584.69,1,0,ato_rapid_drain,1
415,TRANSFER,13666.59,SYNTH_ATO_0000133,30338.85,16672.26,SYNTH_ATOSINK_0000133,0.0,13666.59,1,0,ato_rapid_drain,1
416,TRANSFER,11597.73,SYNTH_ATO_0000133,16672.26,5074.53,SYNTH_ATOSINK_0000133,0.0,11597.73,1,0,ato_rapid_drain,1
589,TRANSFER,4292.4,SYNTH_ATO_0000134,10075.99,5783.59,SYNTH_ATOSINK_0000134,0.0,4292.4,1,0,ato_rapid_drain,1
590,TRANSFER,2603.46,SYNTH_ATO_0000134,5783.59,3180.12,SYNTH_ATOSINK_0000134,0.0,2603.46,1,0,ato_rapid_drain,1
591,TRANSFER,2364.07,SYNTH_ATO_0000134,3180.12,816.05,SYNTH_ATOSINK_0000134,0.0,2364.07,1,0,ato_rapid_drain,1
225,TRANSFER,4321.06,SYNTH_ATO_0000135,10587.01,6265.95,SYNTH_ATOSINK_0000135,0.0,4321.06,1,0,ato_rapid_drain,1
226,TRANSFER,3093.89,SYNTH_ATO_0000135,6265.95,3172.06,SYNTH_ATOSINK_0000135,0.0,3093.89,1,0,ato_rapid_drain,1
227,TRANSFER,1925.89,SYNTH_ATO_0000135,3172.06,1246.17,SYNTH_ATOSINK_0000135,0.0,1925.89,1,0,ato_rapid_drain,1
447,TRANSFER,29501.01,SYNTH_ATO_0000136,40193.9,10692.89,SYNTH_ATOSINK_0000136,0.0,29501.01,1,0,ato_rapid_drain,1
448,TRANSFER,5942.92,SYNTH_ATO_0000136,10692.89,4749.97,SYNTH_ATOSINK_0000136,0.0,5942.92,1,0,ato_rapid_drain,1
23,TRANSFER,6065.51,SYNTH_ATO_0000137,16077.78,10012.28,SYNTH_ATOSINK_0000137,0.0,6065.51,1,0,ato_rapid_drain,1
24,TRANSFER,4380.28,SYNTH_ATO_0000137,10012.28,5632.0,SYNTH_ATOSINK_0000137,0.0,4380.28,1,0,ato_rapid_drain,1
25,TRANSFER,3557.37,SYNTH_ATO_0000137,5632.0,2074.63,SYNTH_ATOSINK_0000137,0.0,3557.37,1,0,ato_rapid_drain,1
258,TRANSFER,21260.27,SYNTH_ATO_0000138,41868.66,20608.38,SYNTH_ATOSINK_0000138,0.0,21260.27,1,0,ato_rapid_drain,1
259,TRANSFER,19444.54,SYNTH_ATO_0000138,20608.38,1163.85,SYNTH_ATOSINK_0000138,0.0,19444.54,1,0,ato_rapid_drain,1
323,TRANSFER,10322.48,SYNTH_ATO_0000139,13828.38,3505.9,SYNTH_ATOSINK_0000139,0.0,10322.48,1,0,ato_rapid_drain,1
324,TRANSFER,3027.97,SYNTH_ATO_0000139,3505.9,477.93,SYNTH_ATOSINK_0000139,0.0,3027.97,1,0,ato_rapid_drain,1
729,TRANSFER,31901.87,SYNTH_ATO_0000140,43175.45,11273.58,SYNTH_ATOSINK_0000140,0.0,31901.87,1,0,ato_rapid_drain,1
730,TRANSFER,8471.0,SYNTH_ATO_0000140,11273.58,2802.59,SYNTH_ATOSINK_0000140,0.0,8471.0,1,0,ato_rapid_drain,1
731,TRANSFER,689.43,SYNTH_ATO_0000140,2802.59,2113.15,SYNTH_ATOSINK_0000140,0.0,689.43,1,0,ato_rapid_drain,1
159,TRANSFER,10160.47,SYNTH_ATO_0000141,19514.08,9353.61,SYNTH_ATOSINK_0000141,0.0,10160.47,1,0,ato_rapid_drain,1
160,TRANSFER,7739.72,SYNTH_ATO_0000141,9353.61,1613.89,SYNTH_ATOSINK_0000141,0.0,7739.72,1,0,ato_rapid_drain,1
205,TRANSFER,12331.36,SYNTH_ATO_0000142,21055.93,8724.57,SYNTH_ATOSINK_0000142,0.0,12331.36,1,0,ato_rapid_drain,1
206,TRANSFER,6909.1,SYNTH_ATO_0000142,8724.57,1815.46,SYNTH_ATOSINK_0000142,0.0,6909.1,1,0,ato_rapid_drain,1
302,TRANSFER,28395.38,SYNTH_ATO_0000143,46112.11,17716.72,SYNTH_ATOSINK_0000143,0.0,28395.38,1,0,ato_rapid_drain,1
303,TRANSFER,11893.72,SYNTH_ATO_0000143,17716.72,5823.0,SYNTH_ATOSINK_0000143,0.0,11893.72,1,0,ato_rapid_drain,1
304,TRANSFER,2081.78,SYNTH_ATO_0000143,5823.0,3741.22,SYNTH_ATOSINK_0000143,0.0,2081.78,1,0,ato_rapid_drain,1
736,TRANSFER,11769.02,SYNTH_ATO_0000144,14515.0,2745.98,SYNTH_ATOSINK_0000144,0.0,11769.02,1,0,ato_rapid_drain,1
737,TRANSFER,1581.21,SYNTH_ATO_0000144,2745.98,1164.77,SYNTH_ATOSINK_0000144,0.0,1581.21,1,0,ato_rapid_drain,1
631,TRANSFER,8794.57,SYNTH_ATO_0000145,10253.01,1458.44,SYNTH_ATOSINK_0000145,0.0,8794.57,1,0,ato_rapid_drain,1
632,TRANSFER,499.72,SYNTH_ATO_0000145,1458.44,958.73,SYNTH_ATOSINK_0000145,0.0,499.72,1,0,ato_rapid_drain,1
27,TRANSFER,8715.03,SYNTH_ATO_0000146,13778.46,5063.42,SYNTH_ATOSINK_0000146,0.0,8715.03,1,0,ato_rapid_drain,1
28,TRANSFER,2950.22,SYNTH_ATO_0000146,5063.42,2113.2,SYNTH_ATOSINK_0000146,0.0,2950.22,1,0,ato_rapid_drain,1
29,TRANSFER,282.43,SYNTH_ATO_0000146,2113.2,1830.77,SYNTH_ATOSINK_0000146,0.0,282.43,1,0,ato_rapid_drain,1
174,TRANSFER,12006.83,SYNTH_ATO_0000147,23656.67,11649.84,SYNTH_ATOSINK_0000147,0.0,12006.83,1,0,ato_rapid_drain,1
175,TRANSFER,8487.8,SYNTH_ATO_0000147,11649.84,3162.04,SYNTH_ATOSINK_0000147,0.0,8487.8,1,0,ato_rapid_drain,1
609,TRANSFER,3468.06,SYNTH_ATO_0000148,7048.32,3580.26,SYNTH_ATOSINK_0000148,0.0,3468.06,1,0,ato_rapid_drain,1
610,TRANSFER,3395.54,SYNTH_ATO_0000148,3580.26,184.72,SYNTH_ATOSINK_0000148,0.0,3395.54,1,0,ato_rapid_drain,1
46,TRANSFER,16794.83,SYNTH_ATO_0000149,26436.01,9641.19,SYNTH_ATOSINK_0000149,0.0,16794.83,1,0,ato_rapid_drain,1
47,TRANSFER,5264.16,SYNTH_ATO_0000149,9641.19,4377.03,SYNTH_ATOSINK_0000149,0.0,5264.16,1,0,ato_rapid_drain,1
48,TRANSFER,2068.21,SYNTH_ATO_0000149,4377.03,2308.82,SYNTH_ATOSINK_0000149,0.0,2068.21,1,0,ato_rapid_drain,1
635,TRANSFER,10878.17,SYNTH_ATO_0000150,13052.53,2174.35,SYNTH_ATOSINK_0000150,0.0,10878.17,1,0,ato_rapid_drain,1
636,TRANSFER,1833.9,SYNTH_ATO_0000150,2174.35,340.45,SYNTH_ATOSINK_0000150,0.0,1833.9,1,0,ato_rapid_drain,1
209,TRANSFER,24443.96,SYNTH_ATO_0000151,35907.0,11463.04,SYNTH_ATOSINK_0000151,0.0,24443.96,1,0,ato_rapid_drain,1
210,TRANSFER,4347.66,SYNTH_ATO_0000151,11463.04,7115.38,SYNTH_ATOSINK_0000151,0.0,4347.66,1,0,ato_rapid_drain,1
211,TRANSFER,2492.89,SYNTH_ATO_0000151,7115.38,4622.49,SYNTH_ATOSINK_0000151,0.0,2492.89,1,0,ato_rapid_drain,1
681,TRANSFER,2417.44,SYNTH_ATO_0000152,4287.43,1870.0,SYNTH_ATOSINK_0000152,0.0,2417.44,1,0,ato_rapid_drain,1
682,TRANSFER,820.18,SYNTH_ATO_0000152,1870.0,1049.82,SYNTH_ATOSINK_0000152,0.0,820.18,1,0,ato_rapid_drain,1
683,TRANSFER,715.72,SYNTH_ATO_0000152,1049.82,334.1,SYNTH_ATOSINK_0000152,0.0,715.72,1,0,ato_rapid_drain,1
217,TRANSFER,5231.59,SYNTH_ATO_0000153,11249.29,6017.71,SYNTH_ATOSINK_0000153,0.0,5231.59,1,0,ato_rapid_drain,1
218,TRANSFER,4366.52,SYNTH_ATO_0000153,6017.71,1651.19,SYNTH_ATOSINK_0000153,0.0,4366.52,1,0,ato_rapid_drain,1
219,TRANSFER,267.56,SYNTH_ATO_0000153,1651.19,1383.63,SYNTH_ATOSINK_0000153,0.0,267.56,1,0,ato_rapid_drain,1
323,TRANSFER,4755.01,SYNTH_ATO_0000154,6555.89,1800.88,SYNTH_ATOSINK_0000154,0.0,4755.01,1,0,ato_rapid_drain,1
324,TRANSFER,1033.27,SYNTH_ATO_0000154,1800.88,767.6,SYNTH_ATOSINK_0000154,0.0,1033.27,1,0,ato_rapid_drain,1
491,TRANSFER,5953.63,SYNTH_ATO_0000155,10984.74,5031.11,SYNTH_ATOSINK_0000155,0.0,5953.63,1,0,ato_rapid_drain,1
492,TRANSFER,1959.6,SYNTH_ATO_0000155,5031.11,3071.51,SYNTH_ATOSINK_0000155,0.0,1959.6,1,0,ato_rapid_drain,1
493,TRANSFER,1466.71,SYNTH_ATO_0000155,3071.51,1604.79,SYNTH_ATOSINK_0000155,0.0,1466.71,1,0,ato_rapid_drain,1
96,TRANSFER,12547.37,SYNTH_ATO_0000156,20922.9,8375.53,SYNTH_ATOSINK_0000156,0.0,12547.37,1,0,ato_rapid_drain,1
97,TRANSFER,5560.65,SYNTH_ATO_0000156,8375.53,2814.88,SYNTH_ATOSINK_0000156,0.0,5560.65,1,0,ato_rapid_drain,1
414,TRANSFER,13984.28,SYNTH_ATO_0000157,16195.1,2210.82,SYNTH_ATOSINK_0000157,0.0,13984.28,1,0,ato_rapid_drain,1
415,TRANSFER,1711.85,SYNTH_ATO_0000157,2210.82,498.97,SYNTH_ATOSINK_0000157,0.0,1711.85,1,0,ato_rapid_drain,1
376,TRANSFER,8251.33,SYNTH_ATO_0000158,15490.36,7239.03,SYNTH_ATOSINK_0000158,0.0,8251.33,1,0,ato_rapid_drain,1
377,TRANSFER,5021.36,SYNTH_ATO_0000158,7239.03,2217.68,SYNTH_ATOSINK_0000158,0.0,5021.36,1,0,ato_rapid_drain,1
378,TRANSFER,541.61,SYNTH_ATO_0000158,2217.68,1676.07,SYNTH_ATOSINK_0000158,0.0,541.61,1,0,ato_rapid_drain,1
582,TRANSFER,7925.79,SYNTH_ATO_0000159,16391.02,8465.23,SYNTH_ATOSINK_0000159,0.0,7925.79,1,0,ato_rapid_drain,1
583,TRANSFER,7302.4,SYNTH_ATO_0000159,8465.23,1162.83,SYNTH_ATOSINK_0000159,0.0,7302.4,1,0,ato_rapid_drain,1
738,TRANSFER,14684.24,SYNTH_ATO_0000160,20374.37,5690.13,SYNTH_ATOSINK_0000160,0.0,14684.24,1,0,ato_rapid_drain,1
739,TRANSFER,3865.64,SYNTH_ATO_0000160,5690.13,1824.49,SYNTH_ATOSINK_0000160,0.0,3865.64,1,0,ato_rapid_drain,1
491,TRANSFER,6524.35,SYNTH_ATO_0000161,9846.57,3322.22,SYNTH_ATOSINK_0000161,0.0,6524.35,1,0,ato_rapid_drain,1
492,TRANSFER,1806.82,SYNTH_ATO_0000161,3322.22,1515.4,SYNTH_ATOSINK_0000161,0.0,1806.82,1,0,ato_rapid_drain,1
493,TRANSFER,551.02,SYNTH_ATO_0000161,1515.4,964.39,SYNTH_ATOSINK_0000161,0.0,551.02,1,0,ato_rapid_drain,1
304,TRANSFER,14850.29,SYNTH_ATO_0000162,27559.7,12709.41,SYNTH_ATOSINK_0000162,0.0,14850.29,1,0,ato_rapid_drain,1
305,TRANSFER,10164.3,SYNTH_ATO_0000162,12709.41,2545.11,SYNTH_ATOSINK_0000162,0.0,10164.3,1,0,ato_rapid_drain,1
306,TRANSFER,316.78,SYNTH_ATO_0000162,2545.11,2228.33,SYNTH_ATOSINK_0000162,0.0,316.78,1,0,ato_rapid_drain,1
301,TRANSFER,11941.31,SYNTH_ATO_0000163,26838.68,14897.38,SYNTH_ATOSINK_0000163,0.0,11941.31,1,0,ato_rapid_drain,1
302,TRANSFER,8607.45,SYNTH_ATO_0000163,14897.38,6289.93,SYNTH_ATOSINK_0000163,0.0,8607.45,1,0,ato_rapid_drain,1
303,TRANSFER,2917.41,SYNTH_ATO_0000163,6289.93,3372.52,SYNTH_ATOSINK_0000163,0.0,2917.41,1,0,ato_rapid_drain,1
311,TRANSFER,21632.93,SYNTH_ATO_0000164,22720.5,1087.56,SYNTH_ATOSINK_0000164,0.0,21632.93,1,0,ato_rapid_drain,1
312,TRANSFER,599.49,SYNTH_ATO_0000164,1087.56,488.07,SYNTH_ATOSINK_0000164,0.0,599.49,1,0,ato_rapid_drain,1
602,TRANSFER,15897.9,SYNTH_ATO_0000165,25182.89,9284.99,SYNTH_ATOSINK_0000165,0.0,15897.9,1,0,ato_rapid_drain,1
603,TRANSFER,8186.51,SYNTH_ATO_0000165,9284.99,1098.48,SYNTH_ATOSINK_0000165,0.0,8186.51,1,0,ato_rapid_drain,1
238,TRANSFER,9128.42,SYNTH_ATO_0000166,21543.96,12415.54,SYNTH_ATOSINK_0000166,0.0,9128.42,1,0,ato_rapid_drain,1
239,TRANSFER,8010.35,SYNTH_ATO_0000166,12415.54,4405.19,SYNTH_ATOSINK_0000166,0.0,8010.35,1,0,ato_rapid_drain,1
240,TRANSFER,3250.65,SYNTH_ATO_0000166,4405.19,1154.54,SYNTH_ATOSINK_0000166,0.0,3250.65,1,0,ato_rapid_drain,1
124,TRANSFER,33275.39,SYNTH_ATO_0000167,61147.48,27872.09,SYNTH_ATOSINK_0000167,0.0,33275.39,1,0,ato_rapid_drain,1
125,TRANSFER,22426.22,SYNTH_ATO_0000167,27872.09,5445.87,SYNTH_ATOSINK_0000167,0.0,22426.22,1,0,ato_rapid_drain,1
249,TRANSFER,14141.81,SYNTH_ATO_0000168,17115.56,2973.75,SYNTH_ATOSINK_0000168,0.0,14141.81,1,0,ato_rapid_drain,1
250,TRANSFER,746.57,SYNTH_ATO_0000168,2973.75,2227.18,SYNTH_ATOSINK_0000168,0.0,746.57,1,0,ato_rapid_drain,1
18,TRANSFER,7872.11,SYNTH_ATO_0000169,14999.17,7127.06,SYNTH_ATOSINK_0000169,0.0,7872.11,1,0,ato_rapid_drain,1
19,TRANSFER,6672.38,SYNTH_ATO_0000169,7127.06,454.68,SYNTH_ATOSINK_0000169,0.0,6672.38,1,0,ato_rapid_drain,1
81,TRANSFER,7648.56,SYNTH_ATO_0000170,11474.51,3825.95,SYNTH_ATOSINK_0000170,0.0,7648.56,1,0,ato_rapid_drain,1
82,TRANSFER,2614.02,SYNTH_ATO_0000170,3825.95,1211.93,SYNTH_ATOSINK_0000170,0.0,2614.02,1,0,ato_rapid_drain,1
68,TRANSFER,4214.67,SYNTH_ATO_0000171,9707.39,5492.72,SYNTH_ATOSINK_0000171,0.0,4214.67,1,0,ato_rapid_drain,1
69,TRANSFER,4099.84,SYNTH_ATO_0000171,5492.72,1392.88,SYNTH_ATOSINK_0000171,0.0,4099.84,1,0,ato_rapid_drain,1
571,TRANSFER,3610.62,SYNTH_ATO_0000172,8546.84,4936.22,SYNTH_ATOSINK_0000172,0.0,3610.62,1,0,ato_rapid_drain,1
572,TRANSFER,2764.38,SYNTH_ATO_0000172,4936.22,2171.84,SYNTH_ATOSINK_0000172,0.0,2764.38,1,0,ato_rapid_drain,1
573,TRANSFER,1270.26,SYNTH_ATO_0000172,2171.84,901.58,SYNTH_ATOSINK_0000172,0.0,1270.26,1,0,ato_rapid_drain,1
534,TRANSFER,8155.5,SYNTH_ATO_0000173,10580.01,2424.51,SYNTH_ATOSINK_0000173,0.0,8155.5,1,0,ato_rapid_drain,1
535,TRANSFER,1721.35,SYNTH_ATO_0000173,2424.51,703.16,SYNTH_ATOSINK_0000173,0.0,1721.35,1,0,ato_rapid_drain,1
536,TRANSFER,208.86,SYNTH_ATO_0000173,703.16,494.3,SYNTH_ATOSINK_0000173,0.0,208.86,1,0,ato_rapid_drain,1
515,TRANSFER,12345.45,SYNTH_ATO_0000174,17284.96,4939.51,SYNTH_ATOSINK_0000174,0.0,12345.45,1,0,ato_rapid_drain,1
516,TRANSFER,3746.02,SYNTH_ATO_0000174,4939.51,1193.49,SYNTH_ATOSINK_0000174,0.0,3746.02,1,0,ato_rapid_drain,1
343,TRANSFER,12990.86,SYNTH_ATO_0000175,22039.18,9048.32,SYNTH_ATOSINK_0000175,0.0,12990.86,1,0,ato_rapid_drain,1
344,TRANSFER,7893.66,SYNTH_ATO_0000175,9048.32,1154.65,SYNTH_ATOSINK_0000175,0.0,7893.66,1,0,ato_rapid_drain,1
532,TRANSFER,7219.25,SYNTH_ATO_0000176,18595.69,11376.44,SYNTH_ATOSINK_0000176,0.0,7219.25,1,0,ato_rapid_drain,1
533,TRANSFER,6051.2,SYNTH_ATO_0000176,11376.44,5325.24,SYNTH_ATOSINK_0000176,0.0,6051.2,1,0,ato_rapid_drain,1
534,TRANSFER,4454.46,SYNTH_ATO_0000176,5325.24,870.79,SYNTH_ATOSINK_0000176,0.0,4454.46,1,0,ato_rapid_drain,1
121,TRANSFER,5647.3,SYNTH_ATO_0000177,11392.14,5744.83,SYNTH_ATOSINK_0000177,0.0,5647.3,1,0,ato_rapid_drain,1
122,TRANSFER,3348.39,SYNTH_ATO_0000177,5744.83,2396.45,SYNTH_ATOSINK_0000177,0.0,3348.39,1,0,ato_rapid_drain,1
123,TRANSFER,1001.53,SYNTH_ATO_0000177,2396.45,1394.92,SYNTH_ATOSINK_0000177,0.0,1001.53,1,0,ato_rapid_drain,1
668,TRANSFER,18700.78,SYNTH_ATO_0000178,30949.46,12248.68,SYNTH_ATOSINK_0000178,0.0,18700.78,1,0,ato_rapid_drain,1
669,TRANSFER,11323.04,SYNTH_ATO_0000178,12248.68,925.64,SYNTH_ATOSINK_0000178,0.0,11323.04,1,0,ato_rapid_drain,1
371,TRANSFER,12363.96,SYNTH_ATO_0000179,28103.45,15739.48,SYNTH_ATOSINK_0000179,0.0,12363.96,1,0,ato_rapid_drain,1
372,TRANSFER,8196.72,SYNTH_ATO_0000179,15739.48,7542.76,SYNTH_ATOSINK_0000179,0.0,8196.72,1,0,ato_rapid_drain,1
373,TRANSFER,4927.42,SYNTH_ATO_0000179,7542.76,2615.34,SYNTH_ATOSINK_0000179,0.0,4927.42,1,0,ato_rapid_drain,1
694,TRANSFER,10135.89,SYNTH_ATO_0000180,16386.47,6250.58,SYNTH_ATOSINK_0000180,0.0,10135.89,1,0,ato_rapid_drain,1
695,TRANSFER,5153.86,SYNTH_ATO_0000180,6250.58,1096.72,SYNTH_ATOSINK_0000180,0.0,5153.86,1,0,ato_rapid_drain,1
115,TRANSFER,6321.69,SYNTH_ATO_0000181,12188.53,5866.84,SYNTH_ATOSINK_0000181,0.0,6321.69,1,0,ato_rapid_drain,1
116,TRANSFER,2817.27,SYNTH_ATO_0000181,5866.84,3049.57,SYNTH_ATOSINK_0000181,0.0,2817.27,1,0,ato_rapid_drain,1
117,TRANSFER,1224.95,SYNTH_ATO_0000181,3049.57,1824.62,SYNTH_ATOSINK_0000181,0.0,1224.95,1,0,ato_rapid_drain,1
368,TRANSFER,14107.47,SYNTH_ATO_0000182,25060.71,10953.25,SYNTH_ATOSINK_0000182,0.0,14107.47,1,0,ato_rapid_drain,1
369,TRANSFER,7970.16,SYNTH_ATO_0000182,10953.25,2983.09,SYNTH_ATOSINK_0000182,0.0,7970.16,1,0,ato_rapid_drain,1
370,TRANSFER,2460.27,SYNTH_ATO_0000182,2983.09,522.82,SYNTH_ATOSINK_0000182,0.0,2460.27,1,0,ato_rapid_drain,1
515,TRANSFER,12941.91,SYNTH_ATO_0000183,20186.8,7244.89,SYNTH_ATOSINK_0000183,0.0,12941.91,1,0,ato_rapid_drain,1
516,TRANSFER,4954.02,SYNTH_ATO_0000183,7244.89,2290.87,SYNTH_ATOSINK_0000183,0.0,4954.02,1,0,ato_rapid_drain,1
368,TRANSFER,2868.96,SYNTH_ATO_0000184,7563.76,4694.8,SYNTH_ATOSINK_0000184,0.0,2868.96,1,0,ato_rapid_drain,1
369,TRANSFER,2620.4,SYNTH_ATO_0000184,4694.8,2074.4,SYNTH_ATOSINK_0000184,0.0,2620.4,1,0,ato_rapid_drain,1
370,TRANSFER,1000.86,SYNTH_ATO_0000184,2074.4,1073.54,SYNTH_ATOSINK_0000184,0.0,1000.86,1,0,ato_rapid_drain,1
332,TRANSFER,13592.44,SYNTH_ATO_0000185,17312.98,3720.54,SYNTH_ATOSINK_0000185,0.0,13592.44,1,0,ato_rapid_drain,1
333,TRANSFER,2155.0,SYNTH_ATO_0000185,3720.54,1565.54,SYNTH_ATOSINK_0000185,0.0,2155.0,1,0,ato_rapid_drain,1
125,TRANSFER,12417.28,SYNTH_ATO_0000186,21104.08,8686.8,SYNTH_ATOSINK_0000186,0.0,12417.28,1,0,ato_rapid_drain,1
126,TRANSFER,4938.54,SYNTH_ATO_0000186,8686.8,3748.26,SYNTH_ATOSINK_0000186,0.0,4938.54,1,0,ato_rapid_drain,1
127,TRANSFER,936.64,SYNTH_ATO_0000186,3748.26,2811.61,SYNTH_ATOSINK_0000186,0.0,936.64,1,0,ato_rapid_drain,1
282,TRANSFER,3198.67,SYNTH_ATO_0000187,10511.06,7312.38,SYNTH_ATOSINK_0000187,0.0,3198.67,1,0,ato_rapid_drain,1
283,TRANSFER,3188.35,SYNTH_ATO_0000187,7312.38,4124.03,SYNTH_ATOSINK_0000187,0.0,3188.35,1,0,ato_rapid_drain,1
284,TRANSFER,2755.52,SYNTH_ATO_0000187,4124.03,1368.51,SYNTH_ATOSINK_0000187,0.0,2755.52,1,0,ato_rapid_drain,1
179,TRANSFER,10184.79,SYNTH_ATO_0000188,20209.46,10024.66,SYNTH_ATOSINK_0000188,0.0,10184.79,1,0,ato_rapid_drain,1
180,TRANSFER,8654.4,SYNTH_ATO_0000188,10024.66,1370.27,SYNTH_ATOSINK_0000188,0.0,8654.4,1,0,ato_rapid_drain,1
225,TRANSFER,4362.91,SYNTH_ATO_0000189,7533.44,3170.52,SYNTH_ATOSINK_0000189,0.0,4362.91,1,0,ato_rapid_drain,1
226,TRANSFER,2425.32,SYNTH_ATO_0000189,3170.52,745.2,SYNTH_ATOSINK_0000189,0.0,2425.32,1,0,ato_rapid_drain,1
508,TRANSFER,19552.35,SYNTH_ATO_0000190,40203.59,20651.24,SYNTH_ATOSINK_0000190,0.0,19552.35,1,0,ato_rapid_drain,1
509,TRANSFER,16045.45,SYNTH_ATO_0000190,20651.24,4605.78,SYNTH_ATOSINK_0000190,0.0,16045.45,1,0,ato_rapid_drain,1
510,TRANSFER,3393.28,SYNTH_ATO_0000190,4605.78,1212.51,SYNTH_ATOSINK_0000190,0.0,3393.28,1,0,ato_rapid_drain,1
468,TRANSFER,25662.4,SYNTH_ATO_0000191,38130.51,12468.11,SYNTH_ATOSINK_0000191,0.0,25662.4,1,0,ato_rapid_drain,1
469,TRANSFER,8330.58,SYNTH_ATO_0000191,12468.11,4137.53,SYNTH_ATOSINK_0000191,0.0,8330.58,1,0,ato_rapid_drain,1
449,TRANSFER,7494.69,SYNTH_ATO_0000192,15498.36,8003.67,SYNTH_ATOSINK_0000192,0.0,7494.69,1,0,ato_rapid_drain,1
450,TRANSFER,7142.02,SYNTH_ATO_0000192,8003.67,861.66,SYNTH_ATOSINK_0000192,0.0,7142.02,1,0,ato_rapid_drain,1
270,TRANSFER,14533.04,SYNTH_ATO_0000193,22428.16,7895.12,SYNTH_ATOSINK_0000193,0.0,14533.04,1,0,ato_rapid_drain,1
271,TRANSFER,5875.3,SYNTH_ATO_0000193,7895.12,2019.81,SYNTH_ATOSINK_0000193,0.0,5875.3,1,0,ato_rapid_drain,1
710,TRANSFER,2001.87,SYNTH_ATO_0000194,4247.33,2245.47,SYNTH_ATOSINK_0000194,0.0,2001.87,1,0,ato_rapid_drain,1
711,TRANSFER,1473.72,SYNTH_ATO_0000194,2245.47,771.75,SYNTH_ATOSINK_0000194,0.0,1473.72,1,0,ato_rapid_drain,1
712,TRANSFER,499.05,SYNTH_ATO_0000194,771.75,272.71,SYNTH_ATOSINK_0000194,0.0,499.05,1,0,ato_rapid_drain,1
67,TRANSFER,4541.23,SYNTH_ATO_0000195,9010.91,4469.68,SYNTH_ATOSINK_0000195,0.0,4541.23,1,0,ato_rapid_drain,1
68,TRANSFER,3820.53,SYNTH_ATO_0000195,4469.68,649.14,SYNTH_ATOSINK_0000195,0.0,3820.53,1,0,ato_rapid_drain,1
255,TRANSFER,7684.17,SYNTH_ATO_0000196,15119.38,7435.21,SYNTH_ATOSINK_0000196,0.0,7684.17,1,0,ato_rapid_drain,1
256,TRANSFER,6096.57,SYNTH_ATO_0000196,7435.21,1338.64,SYNTH_ATOSINK_0000196,0.0,6096.57,1,0,ato_rapid_drain,1
90,TRANSFER,4064.25,SYNTH_ATO_0000197,9477.92,5413.67,SYNTH_ATOSINK_0000197,0.0,4064.25,1,0,ato_rapid_drain,1
91,TRANSFER,3850.49,SYNTH_ATO_0000197,5413.67,1563.18,SYNTH_ATOSINK_0000197,0.0,3850.49,1,0,ato_rapid_drain,1
92,TRANSFER,1312.09,SYNTH_ATO_0000197,1563.18,251.09,SYNTH_ATOSINK_0000197,0.0,1312.09,1,0,ato_rapid_drain,1
252,TRANSFER,13151.76,SYNTH_ATO_0000198,27684.77,14533.02,SYNTH_ATOSINK_0000198,0.0,13151.76,1,0,ato_rapid_drain,1
253,TRANSFER,11613.73,SYNTH_ATO_0000198,14533.02,2919.28,SYNTH_ATOSINK_0000198,0.0,11613.73,1,0,ato_rapid_drain,1
712,TRANSFER,45773.4,SYNTH_ATO_0000199,59777.1,14003.7,SYNTH_ATOSINK_0000199,0.0,45773.4,1,0,ato_rapid_drain,1
713,TRANSFER,6414.44,SYNTH_ATO_0000199,14003.7,7589.26,SYNTH_ATOSINK_0000199,0.0,6414.44,1,0,ato_rapid_drain,1
272,TRANSFER,4036.3,SYNTH_ATO_0000200,8902.0,4865.7,SYNTH_ATOSINK_0000200,0.0,4036.3,1,0,ato_rapid_drain,1
273,TRANSFER,3715.72,SYNTH_ATO_0000200,4865.7,1149.98,SYNTH_ATOSINK_0000200,0.0,3715.72,1,0,ato_rapid_drain,1
274,TRANSFER,599.42,SYNTH_ATO_0000200,1149.98,550.57,SYNTH_ATOSINK_0000200,0.0,599.42,1,0,ato_rapid_drain,1
674,TRANSFER,9285.04,SYNTH_ATO_0000201,10910.95,1625.9,SYNTH_ATOSINK_0000201,0.0,9285.04,1,0,ato_rapid_drain,1
675,TRANSFER,1189.26,SYNTH_ATO_0000201,1625.9,436.65,SYNTH_ATOSINK_0000201,0.0,1189.26,1,0,ato_rapid_drain,1
368,TRANSFER,13222.91,SYNTH_ATO_0000202,20770.09,7547.18,SYNTH_ATOSINK_0000202,0.0,13222.91,1,0,ato_rapid_drain,1
369,TRANSFER,2411.55,SYNTH_ATO_0000202,7547.18,5135.63,SYNTH_ATOSINK_0000202,0.0,2411.55,1,0,ato_rapid_drain,1
370,TRANSFER,2128.8,SYNTH_ATO_0000202,5135.63,3006.82,SYNTH_ATOSINK_0000202,0.0,2128.8,1,0,ato_rapid_drain,1
518,TRANSFER,35518.9,SYNTH_ATO_0000203,47413.85,11894.95,SYNTH_ATOSINK_0000203,0.0,35518.9,1,0,ato_rapid_drain,1
519,TRANSFER,7554.32,SYNTH_ATO_0000203,11894.95,4340.63,SYNTH_ATOSINK_0000203,0.0,7554.32,1,0,ato_rapid_drain,1
341,TRANSFER,3984.43,SYNTH_ATO_0000204,8660.91,4676.48,SYNTH_ATOSINK_0000204,0.0,3984.43,1,0,ato_rapid_drain,1
342,TRANSFER,3201.42,SYNTH_ATO_0000204,4676.48,1475.05,SYNTH_ATOSINK_0000204,0.0,3201.42,1,0,ato_rapid_drain,1
343,TRANSFER,1180.79,SYNTH_ATO_0000204,1475.05,294.27,SYNTH_ATOSINK_0000204,0.0,1180.79,1,0,ato_rapid_drain,1
198,TRANSFER,12916.4,SYNTH_ATO_0000205,20940.11,8023.71,SYNTH_ATOSINK_0000205,0.0,12916.4,1,0,ato_rapid_drain,1
199,TRANSFER,6923.31,SYNTH_ATO_0000205,8023.71,1100.39,SYNTH_ATOSINK_0000205,0.0,6923.31,1,0,ato_rapid_drain,1
565,TRANSFER,45103.21,SYNTH_ATO_0000206,53786.58,8683.37,SYNTH_ATOSINK_0000206,0.0,45103.21,1,0,ato_rapid_drain,1
566,TRANSFER,7550.35,SYNTH_ATO_0000206,8683.37,1133.01,SYNTH_ATOSINK_0000206,0.0,7550.35,1,0,ato_rapid_drain,1
718,TRANSFER,3712.27,SYNTH_ATO_0000207,6693.85,2981.58,SYNTH_ATOSINK_0000207,0.0,3712.27,1,0,ato_rapid_drain,1
719,TRANSFER,2439.94,SYNTH_ATO_0000207,2981.58,541.64,SYNTH_ATOSINK_0000207,0.0,2439.94,1,0,ato_rapid_drain,1
197,TRANSFER,6073.82,SYNTH_ATO_0000208,8361.21,2287.39,SYNTH_ATOSINK_0000208,0.0,6073.82,1,0,ato_rapid_drain,1
198,TRANSFER,1750.59,SYNTH_ATO_0000208,2287.39,536.79,SYNTH_ATOSINK_0000208,0.0,1750.59,1,0,ato_rapid_drain,1
578,TRANSFER,7068.17,SYNTH_ATO_0000209,13986.33,6918.17,SYNTH_ATOSINK_0000209,0.0,7068.17,1,0,ato_rapid_drain,1
579,TRANSFER,4382.68,SYNTH_ATO_0000209,6918.17,2535.48,SYNTH_ATOSINK_0000209,0.0,4382.68,1,0,ato_rapid_drain,1
580,TRANSFER,987.51,SYNTH_ATO_0000209,2535.48,1547.97,SYNTH_ATOSINK_0000209,0.0,987.51,1,0,ato_rapid_drain,1
195,TRANSFER,4434.7,SYNTH_ATO_0000210,13195.71,8761.0,SYNTH_ATOSINK_0000210,0.0,4434.7,1,0,ato_rapid_drain,1
196,TRANSFER,4300.42,SYNTH_ATO_0000210,8761.0,4460.58,SYNTH_ATOSINK_0000210,0.0,4300.42,1,0,ato_rapid_drain,1
197,TRANSFER,4106.67,SYNTH_ATO_0000210,4460.58,353.91,SYNTH_ATOSINK_0000210,0.0,4106.67,1,0,ato_rapid_drain,1
531,TRANSFER,11762.53,SYNTH_ATO_0000211,29365.06,17602.53,SYNTH_ATOSINK_0000211,0.0,11762.53,1,0,ato_rapid_drain,1
532,TRANSFER,8996.25,SYNTH_ATO_0000211,17602.53,8606.28,SYNTH_ATOSINK_0000211,0.0,8996.25,1,0,ato_rapid_drain,1
533,TRANSFER,5599.99,SYNTH_ATO_0000211,8606.28,3006.29,SYNTH_ATOSINK_0000211,0.0,5599.99,1,0,ato_rapid_drain,1
586,TRANSFER,15209.45,SYNTH_ATO_0000212,20847.64,5638.18,SYNTH_ATOSINK_0000212,0.0,15209.45,1,0,ato_rapid_drain,1
587,TRANSFER,4512.54,SYNTH_ATO_0000212,5638.18,1125.64,SYNTH_ATOSINK_0000212,0.0,4512.54,1,0,ato_rapid_drain,1
334,TRANSFER,2978.27,SYNTH_ATO_0000213,6216.88,3238.61,SYNTH_ATOSINK_0000213,0.0,2978.27,1,0,ato_rapid_drain,1
335,TRANSFER,2458.99,SYNTH_ATO_0000213,3238.61,779.62,SYNTH_ATOSINK_0000213,0.0,2458.99,1,0,ato_rapid_drain,1
336,TRANSFER,172.9,SYNTH_ATO_0000213,779.62,606.72,SYNTH_ATOSINK_0000213,0.0,172.9,1,0,ato_rapid_drain,1
547,TRANSFER,13404.62,SYNTH_ATO_0000214,24569.13,11164.52,SYNTH_ATOSINK_0000214,0.0,13404.62,1,0,ato_rapid_drain,1
548,TRANSFER,5003.83,SYNTH_ATO_0000214,11164.52,6160.69,SYNTH_ATOSINK_0000214,0.0,5003.83,1,0,ato_rapid_drain,1
549,TRANSFER,4269.76,SYNTH_ATO_0000214,6160.69,1890.93,SYNTH_ATOSINK_0000214,0.0,4269.76,1,0,ato_rapid_drain,1
203,TRANSFER,6813.47,SYNTH_ATO_0000215,12752.42,5938.95,SYNTH_ATOSINK_0000215,0.0,6813.47,1,0,ato_rapid_drain,1
204,TRANSFER,5219.35,SYNTH_ATO_0000215,5938.95,719.6,SYNTH_ATOSINK_0000215,0.0,5219.35,1,0,ato_rapid_drain,1
59,TRANSFER,27431.47,SYNTH_ATO_0000216,38741.56,11310.1,SYNTH_ATOSINK_0000216,0.0,27431.47,1,0,ato_rapid_drain,1
60,TRANSFER,8062.06,SYNTH_ATO_0000216,11310.1,3248.04,SYNTH_ATOSINK_0000216,0.0,8062.06,1,0,ato_rapid_drain,1
72,TRANSFER,6760.72,SYNTH_ATO_0000217,12375.17,5614.45,SYNTH_ATOSINK_0000217,0.0,6760.72,1,0,ato_rapid_drain,1
73,TRANSFER,5217.47,SYNTH_ATO_0000217,5614.45,396.98,SYNTH_ATOSINK_0000217,0.0,5217.47,1,0,ato_rapid_drain,1
331,TRANSFER,9350.87,SYNTH_ATO_0000218,12308.32,2957.45,SYNTH_ATOSINK_0000218,0.0,9350.87,1,0,ato_rapid_drain,1
332,TRANSFER,1782.12,SYNTH_ATO_0000218,2957.45,1175.33,SYNTH_ATOSINK_0000218,0.0,1782.12,1,0,ato_rapid_drain,1
668,TRANSFER,22073.05,SYNTH_ATO_0000219,24951.24,2878.2,SYNTH_ATOSINK_0000219,0.0,22073.05,1,0,ato_rapid_drain,1
669,TRANSFER,1234.39,SYNTH_ATO_0000219,2878.2,1643.8,SYNTH_ATOSINK_0000219,0.0,1234.39,1,0,ato_rapid_drain,1
96,TRANSFER,13898.56,SYNTH_ATO_0000220,28502.75,14604.19,SYNTH_ATOSINK_0000220,0.0,13898.56,1,0,ato_rapid_drain,1
97,TRANSFER,10272.26,SYNTH_ATO_0000220,14604.19,4331.93,SYNTH_ATOSINK_0000220,0.0,10272.26,1,0,ato_rapid_drain,1
98,TRANSFER,1325.09,SYNTH_ATO_0000220,4331.93,3006.84,SYNTH_ATOSINK_0000220,0.0,1325.09,1,0,ato_rapid_drain,1
338,TRANSFER,13227.75,SYNTH_ATO_0000221,23596.64,10368.89,SYNTH_ATOSINK_0000221,0.0,13227.75,1,0,ato_rapid_drain,1
339,TRANSFER,4235.76,SYNTH_ATO_0000221,10368.89,6133.13,SYNTH_ATOSINK_0000221,0.0,4235.76,1,0,ato_rapid_drain,1
340,TRANSFER,3845.68,SYNTH_ATO_0000221,6133.13,2287.45,SYNTH_ATOSINK_0000221,0.0,3845.68,1,0,ato_rapid_drain,1
521,TRANSFER,5817.48,SYNTH_ATO_0000222,6559.32,741.83,SYNTH_ATOSINK_0000222,0.0,5817.48,1,0,ato_rapid_drain,1
522,TRANSFER,133.17,SYNTH_ATO_0000222,741.83,608.66,SYNTH_ATOSINK_0000222,0.0,133.17,1,0,ato_rapid_drain,1
151,TRANSFER,19376.92,SYNTH_ATO_0000223,24904.92,5528.0,SYNTH_ATOSINK_0000223,0.0,19376.92,1,0,ato_rapid_drain,1
152,TRANSFER,2199.58,SYNTH_ATO_0000223,5528.0,3328.42,SYNTH_ATOSINK_0000223,0.0,2199.58,1,0,ato_rapid_drain,1
535,TRANSFER,4416.19,SYNTH_ATO_0000224,9695.48,5279.29,SYNTH_ATOSINK_0000224,0.0,4416.19,1,0,ato_rapid_drain,1
536,TRANSFER,3805.94,SYNTH_ATO_0000224,5279.29,1473.36,SYNTH_ATOSINK_0000224,0.0,3805.94,1,0,ato_rapid_drain,1
537,TRANSFER,134.64,SYNTH_ATO_0000224,1473.36,1338.71,SYNTH_ATOSINK_0000224,0.0,134.64,1,0,ato_rapid_drain,1
227,TRANSFER,13598.57,SYNTH_ATO_0000225,20767.94,7169.37,SYNTH_ATOSINK_0000225,0.0,13598.57,1,0,ato_rapid_drain,1
228,TRANSFER,5585.03,SYNTH_ATO_0000225,7169.37,1584.34,SYNTH_ATOSINK_0000225,0.0,5585.03,1,0,ato_rapid_drain,1
229,TRANSFER,271.26,SYNTH_ATO_0000225,1584.34,1313.08,SYNTH_ATOSINK_0000225,0.0,271.26,1,0,ato_rapid_drain,1
599,TRANSFER,5227.61,SYNTH_ATO_0000226,7675.27,2447.66,SYNTH_ATOSINK_0000226,0.0,5227.61,1,0,ato_rapid_drain,1
600,TRANSFER,1284.14,SYNTH_ATO_0000226,2447.66,1163.53,SYNTH_ATOSINK_0000226,0.0,1284.14,1,0,ato_rapid_drain,1
601,TRANSFER,666.3,SYNTH_ATO_0000226,1163.53,497.22,SYNTH_ATOSINK_0000226,0.0,666.3,1,0,ato_rapid_drain,1
430,TRANSFER,20728.64,SYNTH_ATO_0000227,23571.49,2842.86,SYNTH_ATOSINK_0000227,0.0,20728.64,1,0,ato_rapid_drain,1
431,TRANSFER,1338.48,SYNTH_ATO_0000227,2842.86,1504.37,SYNTH_ATOSINK_0000227,0.0,1338.48,1,0,ato_rapid_drain,1
406,TRANSFER,7186.7,SYNTH_ATO_0000228,11114.89,3928.18,SYNTH_ATOSINK_0000228,0.0,7186.7,1,0,ato_rapid_drain,1
407,TRANSFER,2289.51,SYNTH_ATO_0000228,3928.18,1638.67,SYNTH_ATOSINK_0000228,0.0,2289.51,1,0,ato_rapid_drain,1
132,TRANSFER,3301.29,SYNTH_ATO_0000229,8353.36,5052.07,SYNTH_ATOSINK_0000229,0.0,3301.29,1,0,ato_rapid_drain,1
133,TRANSFER,2592.27,SYNTH_ATO_0000229,5052.07,2459.8,SYNTH_ATOSINK_0000229,0.0,2592.27,1,0,ato_rapid_drain,1
134,TRANSFER,1561.41,SYNTH_ATO_0000229,2459.8,898.39,SYNTH_ATOSINK_0000229,0.0,1561.41,1,0,ato_rapid_drain,1
345,TRANSFER,19340.41,SYNTH_ATO_0000230,27675.2,8334.79,SYNTH_ATOSINK_0000230,0.0,19340.41,1,0,ato_rapid_drain,1
346,TRANSFER,2449.4,SYNTH_ATO_0000230,8334.79,5885.39,SYNTH_ATOSINK_0000230,0.0,2449.4,1,0,ato_rapid_drain,1
347,TRANSFER,2445.78,SYNTH_ATO_0000230,5885.39,3439.6,SYNTH_ATOSINK_0000230,0.0,2445.78,1,0,ato_rapid_drain,1
634,TRANSFER,19054.28,SYNTH_ATO_0000231,20847.45,1793.16,SYNTH_ATOSINK_0000231,0.0,19054.28,1,0,ato_rapid_drain,1
635,TRANSFER,774.97,SYNTH_ATO_0000231,1793.16,1018.2,SYNTH_ATOSINK_0000231,0.0,774.97,1,0,ato_rapid_drain,1
16,TRANSFER,7621.24,SYNTH_ATO_0000232,12476.65,4855.41,SYNTH_ATOSINK_0000232,0.0,7621.24,1,0,ato_rapid_drain,1
17,TRANSFER,4379.82,SYNTH_ATO_0000232,4855.41,475.59,SYNTH_ATOSINK_0000232,0.0,4379.82,1,0,ato_rapid_drain,1
562,TRANSFER,37117.7,SYNTH_ATO_0000233,43075.4,5957.7,SYNTH_ATOSINK_0000233,0.0,37117.7,1,0,ato_rapid_drain,1
563,TRANSFER,877.75,SYNTH_ATO_0000233,5957.7,5079.95,SYNTH_ATOSINK_0000233,0.0,877.75,1,0,ato_rapid_drain,1
365,TRANSFER,11150.03,SYNTH_ATO_0000234,13844.02,2693.99,SYNTH_ATOSINK_0000234,0.0,11150.03,1,0,ato_rapid_drain,1
366,TRANSFER,1819.33,SYNTH_ATO_0000234,2693.99,874.66,SYNTH_ATOSINK_0000234,0.0,1819.33,1,0,ato_rapid_drain,1
534,TRANSFER,10199.92,SYNTH_ATO_0000235,18384.53,8184.6,SYNTH_ATOSINK_0000235,0.0,10199.92,1,0,ato_rapid_drain,1
535,TRANSFER,5512.09,SYNTH_ATO_0000235,8184.6,2672.51,SYNTH_ATOSINK_0000235,0.0,5512.09,1,0,ato_rapid_drain,1
536,TRANSFER,224.01,SYNTH_ATO_0000235,2672.51,2448.5,SYNTH_ATOSINK_0000235,0.0,224.01,1,0,ato_rapid_drain,1
491,TRANSFER,8864.79,SYNTH_ATO_0000236,21191.34,12326.56,SYNTH_ATOSINK_0000236,0.0,8864.79,1,0,ato_rapid_drain,1
492,TRANSFER,8523.73,SYNTH_ATO_0000236,12326.56,3802.83,SYNTH_ATOSINK_0000236,0.0,8523.73,1,0,ato_rapid_drain,1
493,TRANSFER,1382.14,SYNTH_ATO_0000236,3802.83,2420.69,SYNTH_ATOSINK_0000236,0.0,1382.14,1,0,ato_rapid_drain,1
320,TRANSFER,6794.23,SYNTH_ATO_0000237,12434.13,5639.91,SYNTH_ATOSINK_0000237,0.0,6794.23,1,0,ato_rapid_drain,1
321,TRANSFER,3998.91,SYNTH_ATO_0000237,5639.91,1640.99,SYNTH_ATOSINK_0000237,0.0,3998.91,1,0,ato_rapid_drain,1
231,TRANSFER,20463.58,SYNTH_ATO_0000238,23925.06,3461.48,SYNTH_ATOSINK_0000238,0.0,20463.58,1,0,ato_rapid_drain,1
232,TRANSFER,754.54,SYNTH_ATO_0000238,3461.48,2706.94,SYNTH_ATOSINK_0000238,0.0,754.54,1,0,ato_rapid_drain,1
466,TRANSFER,9019.39,SYNTH_ATO_0000239,13094.25,4074.86,SYNTH_ATOSINK_0000239,0.0,9019.39,1,0,ato_rapid_drain,1
467,TRANSFER,3259.29,SYNTH_ATO_0000239,4074.86,815.57,SYNTH_ATOSINK_0000239,0.0,3259.29,1,0,ato_rapid_drain,1
106,TRANSFER,6840.81,SYNTH_ATO_0000240,14087.13,7246.32,SYNTH_ATOSINK_0000240,0.0,6840.81,1,0,ato_rapid_drain,1
107,TRANSFER,5407.57,SYNTH_ATO_0000240,7246.32,1838.76,SYNTH_ATOSINK_0000240,0.0,5407.57,1,0,ato_rapid_drain,1
108,TRANSFER,1392.79,SYNTH_ATO_0000240,1838.76,445.96,SYNTH_ATOSINK_0000240,0.0,1392.79,1,0,ato_rapid_drain,1
434,TRANSFER,25011.6,SYNTH_ATO_0000241,40846.87,15835.28,SYNTH_ATOSINK_0000241,0.0,25011.6,1,0,ato_rapid_drain,1
435,TRANSFER,10783.66,SYNTH_ATO_0000241,15835.28,5051.62,SYNTH_ATOSINK_0000241,0.0,10783.66,1,0,ato_rapid_drain,1
72,TRANSFER,7356.24,SYNTH_ATO_0000242,9659.03,2302.79,SYNTH_ATOSINK_0000242,0.0,7356.24,1,0,ato_rapid_drain,1
73,TRANSFER,1240.85,SYNTH_ATO_0000242,2302.79,1061.95,SYNTH_ATOSINK_0000242,0.0,1240.85,1,0,ato_rapid_drain,1
74,TRANSFER,293.77,SYNTH_ATO_0000242,1061.95,768.18,SYNTH_ATOSINK_0000242,0.0,293.77,1,0,ato_rapid_drain,1
482,TRANSFER,2859.64,SYNTH_ATO_0000243,4240.06,1380.42,SYNTH_ATOSINK_0000243,0.0,2859.64,1,0,ato_rapid_drain,1
483,TRANSFER,1131.02,SYNTH_ATO_0000243,1380.42,249.4,SYNTH_ATOSINK_0000243,0.0,1131.02,1,0,ato_rapid_drain,1
467,TRANSFER,32437.67,SYNTH_ATO_0000244,47408.76,14971.09,SYNTH_ATOSINK_0000244,0.0,32437.67,1,0,ato_rapid_drain,1
468,TRANSFER,12624.57,SYNTH_ATO_0000244,14971.09,2346.51,SYNTH_ATOSINK_0000244,0.0,12624.57,1,0,ato_rapid_drain,1
469,TRANSFER,1108.19,SYNTH_ATO_0000244,2346.51,1238.32,SYNTH_ATOSINK_0000244,0.0,1108.19,1,0,ato_rapid_drain,1
63,TRANSFER,62647.86,SYNTH_ATO_0000245,83249.45,20601.59,SYNTH_ATOSINK_0000245,0.0,62647.86,1,0,ato_rapid_drain,1
64,TRANSFER,14716.51,SYNTH_ATO_0000245,20601.59,5885.08,SYNTH_ATOSINK_0000245,0.0,14716.51,1,0,ato_rapid_drain,1
561,TRANSFER,5242.87,SYNTH_ATO_0000246,14141.07,8898.2,SYNTH_ATOSINK_0000246,0.0,5242.87,1,0,ato_rapid_drain,1
562,TRANSFER,3940.97,SYNTH_ATO_0000246,8898.2,4957.23,SYNTH_ATOSINK_0000246,0.0,3940.97,1,0,ato_rapid_drain,1
563,TRANSFER,3305.04,SYNTH_ATO_0000246,4957.23,1652.19,SYNTH_ATOSINK_0000246,0.0,3305.04,1,0,ato_rapid_drain,1
309,TRANSFER,2957.72,SYNTH_ATO_0000247,5641.45,2683.73,SYNTH_ATOSINK_0000247,0.0,2957.72,1,0,ato_rapid_drain,1
310,TRANSFER,1687.87,SYNTH_ATO_0000247,2683.73,995.87,SYNTH_ATOSINK_0000247,0.0,1687.87,1,0,ato_rapid_drain,1
311,TRANSFER,608.37,SYNTH_ATO_0000247,995.87,387.5,SYNTH_ATOSINK_0000247,0.0,608.37,1,0,ato_rapid_drain,1
584,TRANSFER,9333.31,SYNTH_ATO_0000248,14968.59,5635.28,SYNTH_ATOSINK_0000248,0.0,9333.31,1,0,ato_rapid_drain,1
585,TRANSFER,2198.94,SYNTH_ATO_0000248,5635.28,3436.35,SYNTH_ATOSINK_0000248,0.0,2198.94,1,0,ato_rapid_drain,1
586,TRANSFER,1814.71,SYNTH_ATO_0000248,3436.35,1621.64,SYNTH_ATOSINK_0000248,0.0,1814.71,1,0,ato_rapid_drain,1
33,TRANSFER,11863.31,SYNTH_ATO_0000249,15188.08,3324.77,SYNTH_ATOSINK_0000249,0.0,11863.31,1,0,ato_rapid_drain,1
34,TRANSFER,2973.88,SYNTH_ATO_0000249,3324.77,350.89,SYNTH_ATOSINK_0000249,0.0,2973.88,1,0,ato_rapid_drain,1
134,TRANSFER,13641.06,SYNTH_ATO_0000250,16091.49,2450.43,SYNTH_ATOSINK_0000250,0.0,13641.06,1,0,ato_rapid_drain,1
135,TRANSFER,872.79,SYNTH_ATO_0000250,2450.43,1577.64,SYNTH_ATOSINK_0000250,0.0,872.79,1,0,ato_rapid_drain,1
367,TRANSFER,4871.61,SYNTH_ATO_0000251,9246.19,4374.59,SYNTH_ATOSINK_0000251,0.0,4871.61,1,0,ato_rapid_drain,1
368,TRANSFER,3507.58,SYNTH_ATO_0000251,4374.59,867.01,SYNTH_ATOSINK_0000251,0.0,3507.58,1,0,ato_rapid_drain,1
369,TRANSFER,303.96,SYNTH_ATO_0000251,867.01,563.04,SYNTH_ATOSINK_0000251,0.0,303.96,1,0,ato_rapid_drain,1
140,TRANSFER,12165.41,SYNTH_ATO_0000252,25533.25,13367.83,SYNTH_ATOSINK_0000252,0.0,12165.41,1,0,ato_rapid_drain,1
141,TRANSFER,8669.23,SYNTH_ATO_0000252,13367.83,4698.6,SYNTH_ATOSINK_0000252,0.0,8669.23,1,0,ato_rapid_drain,1
142,TRANSFER,945.71,SYNTH_ATO_0000252,4698.6,3752.89,SYNTH_ATOSINK_0000252,0.0,945.71,1,0,ato_rapid_drain,1
246,TRANSFER,10276.96,SYNTH_ATO_0000253,24703.6,14426.64,SYNTH_ATOSINK_0000253,0.0,10276.96,1,0,ato_rapid_drain,1
247,TRANSFER,7859.03,SYNTH_ATO_0000253,14426.64,6567.61,SYNTH_ATOSINK_0000253,0.0,7859.03,1,0,ato_rapid_drain,1
248,TRANSFER,4146.86,SYNTH_ATO_0000253,6567.61,2420.76,SYNTH_ATOSINK_0000253,0.0,4146.86,1,0,ato_rapid_drain,1
490,TRANSFER,5358.49,SYNTH_ATO_0000254,7356.63,1998.13,SYNTH_ATOSINK_0000254,0.0,5358.49,1,0,ato_rapid_drain,1
491,TRANSFER,1594.37,SYNTH_ATO_0000254,1998.13,403.77,SYNTH_ATOSINK_0000254,0.0,1594.37,1,0,ato_rapid_drain,1
492,TRANSFER,137.19,SYNTH_ATO_0000254,403.77,266.57,SYNTH_ATOSINK_0000254,0.0,137.19,1,0,ato_rapid_drain,1
108,TRANSFER,18503.95,SYNTH_ATO_0000255,27433.44,8929.49,SYNTH_ATOSINK_0000255,0.0,18503.95,1,0,ato_rapid_drain,1
109,TRANSFER,5298.42,SYNTH_ATO_0000255,8929.49,3631.07,SYNTH_ATOSINK_0000255,0.0,5298.42,1,0,ato_rapid_drain,1
110,TRANSFER,1692.33,SYNTH_ATO_0000255,3631.07,1938.73,SYNTH_ATOSINK_0000255,0.0,1692.33,1,0,ato_rapid_drain,1
503,TRANSFER,33191.72,SYNTH_ATO_0000256,61797.06,28605.34,SYNTH_ATOSINK_0000256,0.0,33191.72,1,0,ato_rapid_drain,1
504,TRANSFER,21076.82,SYNTH_ATO_0000256,28605.34,7528.52,SYNTH_ATOSINK_0000256,0.0,21076.82,1,0,ato_rapid_drain,1
505,TRANSFER,1825.43,SYNTH_ATO_0000256,7528.52,5703.09,SYNTH_ATOSINK_0000256,0.0,1825.43,1,0,ato_rapid_drain,1
78,TRANSFER,11130.8,SYNTH_ATO_0000257,19993.77,8862.98,SYNTH_ATOSINK_0000257,0.0,11130.8,1,0,ato_rapid_drain,1
79,TRANSFER,4498.68,SYNTH_ATO_0000257,8862.98,4364.3,SYNTH_ATOSINK_0000257,0.0,4498.68,1,0,ato_rapid_drain,1
80,TRANSFER,3797.92,SYNTH_ATO_0000257,4364.3,566.39,SYNTH_ATOSINK_0000257,0.0,3797.92,1,0,ato_rapid_drain,1
130,TRANSFER,13457.92,SYNTH_ATO_0000258,14729.46,1271.54,SYNTH_ATOSINK_0000258,0.0,13457.92,1,0,ato_rapid_drain,1
131,TRANSFER,697.36,SYNTH_ATO_0000258,1271.54,574.18,SYNTH_ATOSINK_0000258,0.0,697.36,1,0,ato_rapid_drain,1
435,TRANSFER,6461.8,SYNTH_ATO_0000259,16560.87,10099.07,SYNTH_ATOSINK_0000259,0.0,6461.8,1,0,ato_rapid_drain,1
436,TRANSFER,5754.83,SYNTH_ATO_0000259,10099.07,4344.24,SYNTH_ATOSINK_0000259,0.0,5754.83,1,0,ato_rapid_drain,1
437,TRANSFER,2553.81,SYNTH_ATO_0000259,4344.24,1790.43,SYNTH_ATOSINK_0000259,0.0,2553.81,1,0,ato_rapid_drain,1
587,TRANSFER,17142.1,SYNTH_ATO_0000260,26086.0,8943.9,SYNTH_ATOSINK_0000260,0.0,17142.1,1,0,ato_rapid_drain,1
588,TRANSFER,3988.74,SYNTH_ATO_0000260,8943.9,4955.16,SYNTH_ATOSINK_0000260,0.0,3988.74,1,0,ato_rapid_drain,1
589,TRANSFER,2888.92,SYNTH_ATO_0000260,4955.16,2066.24,SYNTH_ATOSINK_0000260,0.0,2888.92,1,0,ato_rapid_drain,1
129,TRANSFER,3659.13,SYNTH_ATO_0000261,6384.3,2725.16,SYNTH_ATOSINK_0000261,0.0,3659.13,1,0,ato_rapid_drain,1
130,TRANSFER,1433.0,SYNTH_ATO_0000261,2725.16,1292.16,SYNTH_ATOSINK_0000261,0.0,1433.0,1,0,ato_rapid_drain,1
131,TRANSFER,741.05,SYNTH_ATO_0000261,1292.16,551.11,SYNTH_ATOSINK_0000261,0.0,741.05,1,0,ato_rapid_drain,1
222,TRANSFER,11500.74,SYNTH_ATO_0000262,19903.17,8402.43,SYNTH_ATOSINK_0000262,0.0,11500.74,1,0,ato_rapid_drain,1
223,TRANSFER,7052.72,SYNTH_ATO_0000262,8402.43,1349.71,SYNTH_ATOSINK_0000262,0.0,7052.72,1,0,ato_rapid_drain,1
684,TRANSFER,11712.32,SYNTH_ATO_0000263,14267.25,2554.92,SYNTH_ATOSINK_0000263,0.0,11712.32,1,0,ato_rapid_drain,1
685,TRANSFER,1034.53,SYNTH_ATO_0000263,2554.92,1520.4,SYNTH_ATOSINK_0000263,0.0,1034.53,1,0,ato_rapid_drain,1
733,TRANSFER,33458.81,SYNTH_ATO_0000264,54649.48,21190.68,SYNTH_ATOSINK_0000264,0.0,33458.81,1,0,ato_rapid_drain,1
734,TRANSFER,14728.19,SYNTH_ATO_0000264,21190.68,6462.48,SYNTH_ATOSINK_0000264,0.0,14728.19,1,0,ato_rapid_drain,1
432,TRANSFER,14253.28,SYNTH_ATO_0000265,16244.28,1991.0,SYNTH_ATOSINK_0000265,0.0,14253.28,1,0,ato_rapid_drain,1
433,TRANSFER,1481.7,SYNTH_ATO_0000265,1991.0,509.3,SYNTH_ATOSINK_0000265,0.0,1481.7,1,0,ato_rapid_drain,1
332,TRANSFER,35352.94,SYNTH_ATO_0000266,49056.73,13703.79,SYNTH_ATOSINK_0000266,0.0,35352.94,1,0,ato_rapid_drain,1
333,TRANSFER,9594.71,SYNTH_ATO_0000266,13703.79,4109.08,SYNTH_ATOSINK_0000266,0.0,9594.71,1,0,ato_rapid_drain,1
334,TRANSFER,2642.47,SYNTH_ATO_0000266,4109.08,1466.62,SYNTH_ATOSINK_0000266,0.0,2642.47,1,0,ato_rapid_drain,1
259,TRANSFER,8797.41,SYNTH_ATO_0000267,9299.87,502.46,SYNTH_ATOSINK_0000267,0.0,8797.41,1,0,ato_rapid_drain,1
260,TRANSFER,127.05,SYNTH_ATO_0000267,502.46,375.42,SYNTH_ATOSINK_0000267,0.0,127.05,1,0,ato_rapid_drain,1
455,TRANSFER,20840.67,SYNTH_ATO_0000268,25651.45,4810.78,SYNTH_ATOSINK_0000268,0.0,20840.67,1,0,ato_rapid_drain,1
456,TRANSFER,2675.22,SYNTH_ATO_0000268,4810.78,2135.56,SYNTH_ATOSINK_0000268,0.0,2675.22,1,0,ato_rapid_drain,1
457,TRANSFER,1549.85,SYNTH_ATO_0000268,2135.56,585.71,SYNTH_ATOSINK_0000268,0.0,1549.85,1,0,ato_rapid_drain,1
437,TRANSFER,11462.15,SYNTH_ATO_0000269,21843.1,10380.94,SYNTH_ATOSINK_0000269,0.0,11462.15,1,0,ato_rapid_drain,1
438,TRANSFER,5036.34,SYNTH_ATO_0000269,10380.94,5344.6,SYNTH_ATOSINK_0000269,0.0,5036.34,1,0,ato_rapid_drain,1
439,TRANSFER,4183.62,SYNTH_ATO_0000269,5344.6,1160.98,SYNTH_ATOSINK_0000269,0.0,4183.62,1,0,ato_rapid_drain,1
220,TRANSFER,5724.81,SYNTH_ATO_0000270,10706.13,4981.32,SYNTH_ATOSINK_0000270,0.0,5724.81,1,0,ato_rapid_drain,1
221,TRANSFER,4439.67,SYNTH_ATO_0000270,4981.32,541.66,SYNTH_ATOSINK_0000270,0.0,4439.67,1,0,ato_rapid_drain,1
18,TRANSFER,14672.76,SYNTH_ATO_0000271,20059.09,5386.33,SYNTH_ATOSINK_0000271,0.0,14672.76,1,0,ato_rapid_drain,1
19,TRANSFER,4366.06,SYNTH_ATO_0000271,5386.33,1020.27,SYNTH_ATOSINK_0000271,0.0,4366.06,1,0,ato_rapid_drain,1
113,TRANSFER,29500.82,SYNTH_ATO_0000272,37328.46,7827.64,SYNTH_ATOSINK_0000272,0.0,29500.82,1,0,ato_rapid_drain,1
114,TRANSFER,4560.61,SYNTH_ATO_0000272,7827.64,3267.02,SYNTH_ATOSINK_0000272,0.0,4560.61,1,0,ato_rapid_drain,1
709,TRANSFER,10441.09,SYNTH_ATO_0000273,14849.55,4408.46,SYNTH_ATOSINK_0000273,0.0,10441.09,1,0,ato_rapid_drain,1
710,TRANSFER,3062.18,SYNTH_ATO_0000273,4408.46,1346.28,SYNTH_ATOSINK_0000273,0.0,3062.18,1,0,ato_rapid_drain,1
311,TRANSFER,4302.6,SYNTH_ATO_0000274,6534.31,2231.72,SYNTH_ATOSINK_0000274,0.0,4302.6,1,0,ato_rapid_drain,1
312,TRANSFER,1455.63,SYNTH_ATO_0000274,2231.72,776.08,SYNTH_ATOSINK_0000274,0.0,1455.63,1,0,ato_rapid_drain,1
359,TRANSFER,12387.4,SYNTH_ATO_0000275,17844.71,5457.31,SYNTH_ATOSINK_0000275,0.0,12387.4,1,0,ato_rapid_drain,1
360,TRANSFER,2505.23,SYNTH_ATO_0000275,5457.31,2952.08,SYNTH_ATOSINK_0000275,0.0,2505.23,1,0,ato_rapid_drain,1
361,TRANSFER,1771.23,SYNTH_ATO_0000275,2952.08,1180.85,SYNTH_ATOSINK_0000275,0.0,1771.23,1,0,ato_rapid_drain,1
347,TRANSFER,4653.13,SYNTH_ATO_0000276,10493.87,5840.74,SYNTH_ATOSINK_0000276,0.0,4653.13,1,0,ato_rapid_drain,1
348,TRANSFER,3674.83,SYNTH_ATO_0000276,5840.74,2165.91,SYNTH_ATOSINK_0000276,0.0,3674.83,1,0,ato_rapid_drain,1
349,TRANSFER,986.52,SYNTH_ATO_0000276,2165.91,1179.39,SYNTH_ATOSINK_0000276,0.0,986.52,1,0,ato_rapid_drain,1
579,TRANSFER,5692.69,SYNTH_ATO_0000277,14685.2,8992.51,SYNTH_ATOSINK_0000277,0.0,5692.69,1,0,ato_rapid_drain,1
580,TRANSFER,3691.96,SYNTH_ATO_0000277,8992.51,5300.55,SYNTH_ATOSINK_0000277,0.0,3691.96,1,0,ato_rapid_drain,1
581,TRANSFER,3589.95,SYNTH_ATO_0000277,5300.55,1710.6,SYNTH_ATOSINK_0000277,0.0,3589.95,1,0,ato_rapid_drain,1
50,TRANSFER,7764.82,SYNTH_ATO_0000278,17172.2,9407.38,SYNTH_ATOSINK_0000278,0.0,7764.82,1,0,ato_rapid_drain,1
51,TRANSFER,7197.64,SYNTH_ATO_0000278,9407.38,2209.75,SYNTH_ATOSINK_0000278,0.0,7197.64,1,0,ato_rapid_drain,1
52,TRANSFER,942.01,SYNTH_ATO_0000278,2209.75,1267.74,SYNTH_ATOSINK_0000278,0.0,942.01,1,0,ato_rapid_drain,1
64,TRANSFER,3450.97,SYNTH_ATO_0000279,6480.86,3029.89,SYNTH_ATOSINK_0000279,0.0,3450.97,1,0,ato_rapid_drain,1
65,TRANSFER,1824.61,SYNTH_ATO_0000279,3029.89,1205.28,SYNTH_ATOSINK_0000279,0.0,1824.61,1,0,ato_rapid_drain,1
66,TRANSFER,578.56,SYNTH_ATO_0000279,1205.28,626.71,SYNTH_ATOSINK_0000279,0.0,578.56,1,0,ato_rapid_drain,1
206,TRANSFER,3125.1,SYNTH_ATO_0000280,6840.42,3715.32,SYNTH_ATOSINK_0000280,0.0,3125.1,1,0,ato_rapid_drain,1
207,TRANSFER,2411.01,SYNTH_ATO_0000280,3715.32,1304.31,SYNTH_ATOSINK_0000280,0.0,2411.01,1,0,ato_rapid_drain,1
208,TRANSFER,472.87,SYNTH_ATO_0000280,1304.31,831.44,SYNTH_ATOSINK_0000280,0.0,472.87,1,0,ato_rapid_drain,1
360,TRANSFER,9031.44,SYNTH_ATO_0000281,24082.49,15051.05,SYNTH_ATOSINK_0000281,0.0,9031.44,1,0,ato_rapid_drain,1
361,TRANSFER,7830.21,SYNTH_ATO_0000281,15051.05,7220.84,SYNTH_ATOSINK_0000281,0.0,7830.21,1,0,ato_rapid_drain,1
362,TRANSFER,6163.31,SYNTH_ATO_0000281,7220.84,1057.53,SYNTH_ATOSINK_0000281,0.0,6163.31,1,0,ato_rapid_drain,1
498,TRANSFER,12232.34,SYNTH_ATO_0000282,13178.85,946.52,SYNTH_ATOSINK_0000282,0.0,12232.34,1,0,ato_rapid_drain,1
499,TRANSFER,444.06,SYNTH_ATO_0000282,946.52,502.46,SYNTH_ATOSINK_0000282,0.0,444.06,1,0,ato_rapid_drain,1
365,TRANSFER,2934.01,SYNTH_ATO_0000283,3870.56,936.54,SYNTH_ATOSINK_0000283,0.0,2934.01,1,0,ato_rapid_drain,1
366,TRANSFER,440.34,SYNTH_ATO_0000283,936.54,496.2,SYNTH_ATOSINK_0000283,0.0,440.34,1,0,ato_rapid_drain,1
327,TRANSFER,19339.54,SYNTH_ATO_0000284,28880.05,9540.51,SYNTH_ATOSINK_0000284,0.0,19339.54,1,0,ato_rapid_drain,1
328,TRANSFER,5236.69,SYNTH_ATO_0000284,9540.51,4303.82,SYNTH_ATOSINK_0000284,0.0,5236.69,1,0,ato_rapid_drain,1
696,TRANSFER,9708.6,SYNTH_ATO_0000285,21235.34,11526.73,SYNTH_ATOSINK_0000285,0.0,9708.6,1,0,ato_rapid_drain,1
697,TRANSFER,8228.71,SYNTH_ATO_0000285,11526.73,3298.03,SYNTH_ATOSINK_0000285,0.0,8228.71,1,0,ato_rapid_drain,1
698,TRANSFER,1040.64,SYNTH_ATO_0000285,3298.03,2257.38,SYNTH_ATOSINK_0000285,0.0,1040.64,1,0,ato_rapid_drain,1
120,TRANSFER,8835.99,SYNTH_ATO_0000286,11750.78,2914.79,SYNTH_ATOSINK_0000286,0.0,8835.99,1,0,ato_rapid_drain,1
121,TRANSFER,2370.46,SYNTH_ATO_0000286,2914.79,544.34,SYNTH_ATOSINK_0000286,0.0,2370.46,1,0,ato_rapid_drain,1
424,TRANSFER,6036.12,SYNTH_ATO_0000287,8183.72,2147.6,SYNTH_ATOSINK_0000287,0.0,6036.12,1,0,ato_rapid_drain,1
425,TRANSFER,1632.79,SYNTH_ATO_0000287,2147.6,514.81,SYNTH_ATOSINK_0000287,0.0,1632.79,1,0,ato_rapid_drain,1
426,TRANSFER,180.04,SYNTH_ATO_0000287,514.81,334.77,SYNTH_ATOSINK_0000287,0.0,180.04,1,0,ato_rapid_drain,1
402,TRANSFER,13730.18,SYNTH_ATO_0000288,29776.8,16046.61,SYNTH_ATOSINK_0000288,0.0,13730.18,1,0,ato_rapid_drain,1
403,TRANSFER,9935.41,SYNTH_ATO_0000288,16046.61,6111.2,SYNTH_ATOSINK_0000288,0.0,9935.41,1,0,ato_rapid_drain,1
404,TRANSFER,2180.15,SYNTH_ATO_0000288,6111.2,3931.05,SYNTH_ATOSINK_0000288,0.0,2180.15,1,0,ato_rapid_drain,1
352,TRANSFER,12835.84,SYNTH_ATO_0000289,22239.17,9403.33,SYNTH_ATOSINK_0000289,0.0,12835.84,1,0,ato_rapid_drain,1
353,TRANSFER,6545.18,SYNTH_ATO_0000289,9403.33,2858.15,SYNTH_ATOSINK_0000289,0.0,6545.18,1,0,ato_rapid_drain,1
354,TRANSFER,1760.95,SYNTH_ATO_0000289,2858.15,1097.2,SYNTH_ATOSINK_0000289,0.0,1760.95,1,0,ato_rapid_drain,1
599,TRANSFER,34229.46,SYNTH_ATO_0000290,75324.55,41095.09,SYNTH_ATOSINK_0000290,0.0,34229.46,1,0,ato_rapid_drain,1
600,TRANSFER,22320.7,SYNTH_ATO_0000290,41095.09,18774.39,SYNTH_ATOSINK_0000290,0.0,22320.7,1,0,ato_rapid_drain,1
601,TRANSFER,8608.7,SYNTH_ATO_0000290,18774.39,10165.68,SYNTH_ATOSINK_0000290,0.0,8608.7,1,0,ato_rapid_drain,1
200,TRANSFER,11648.07,SYNTH_ATO_0000291,23204.77,11556.7,SYNTH_ATOSINK_0000291,0.0,11648.07,1,0,ato_rapid_drain,1
201,TRANSFER,4969.16,SYNTH_ATO_0000291,11556.7,6587.54,SYNTH_ATOSINK_0000291,0.0,4969.16,1,0,ato_rapid_drain,1
202,TRANSFER,4283.49,SYNTH_ATO_0000291,6587.54,2304.04,SYNTH_ATOSINK_0000291,0.0,4283.49,1,0,ato_rapid_drain,1
707,TRANSFER,12495.77,SYNTH_ATO_0000292,22756.86,10261.09,SYNTH_ATOSINK_0000292,0.0,12495.77,1,0,ato_rapid_drain,1
708,TRANSFER,9801.83,SYNTH_ATO_0000292,10261.09,459.25,SYNTH_ATOSINK_0000292,0.0,9801.83,1,0,ato_rapid_drain,1
248,TRANSFER,10659.62,SYNTH_ATO_0000293,16315.05,5655.43,SYNTH_ATOSINK_0000293,0.0,10659.62,1,0,ato_rapid_drain,1
249,TRANSFER,3616.65,SYNTH_ATO_0000293,5655.43,2038.78,SYNTH_ATOSINK_0000293,0.0,3616.65,1,0,ato_rapid_drain,1
403,TRANSFER,16195.81,SYNTH_ATO_0000294,29438.7,13242.89,SYNTH_ATOSINK_0000294,0.0,16195.81,1,0,ato_rapid_drain,1
404,TRANSFER,8722.7,SYNTH_ATO_0000294,13242.89,4520.2,SYNTH_ATOSINK_0000294,0.0,8722.7,1,0,ato_rapid_drain,1
405,TRANSFER,693.61,SYNTH_ATO_0000294,4520.2,3826.58,SYNTH_ATOSINK_0000294,0.0,693.61,1,0,ato_rapid_drain,1
385,TRANSFER,17894.06,SYNTH_ATO_0000295,26240.29,8346.23,SYNTH_ATOSINK_0000295,0.0,17894.06,1,0,ato_rapid_drain,1
386,TRANSFER,5852.46,SYNTH_ATO_0000295,8346.23,2493.77,SYNTH_ATOSINK_0000295,0.0,5852.46,1,0,ato_rapid_drain,1
630,TRANSFER,23285.66,SYNTH_ATO_0000296,38216.97,14931.31,SYNTH_ATOSINK_0000296,0.0,23285.66,1,0,ato_rapid_drain,1
631,TRANSFER,12277.4,SYNTH_ATO_0000296,14931.31,2653.9,SYNTH_ATOSINK_0000296,0.0,12277.4,1,0,ato_rapid_drain,1
326,TRANSFER,11262.41,SYNTH_ATO_0000297,13189.89,1927.48,SYNTH_ATOSINK_0000297,0.0,11262.41,1,0,ato_rapid_drain,1
327,TRANSFER,1548.63,SYNTH_ATO_0000297,1927.48,378.85,SYNTH_ATOSINK_0000297,0.0,1548.63,1,0,ato_rapid_drain,1
211,TRANSFER,9341.28,SYNTH_ATO_0000298,13887.65,4546.37,SYNTH_ATOSINK_0000298,0.0,9341.28,1,0,ato_rapid_drain,1
212,TRANSFER,4233.99,SYNTH_ATO_0000298,4546.37,312.38,SYNTH_ATOSINK_0000298,0.0,4233.99,1,0,ato_rapid_drain,1
16,TRANSFER,8689.12,SYNTH_ATO_0000299,13528.29,4839.17,SYNTH_ATOSINK_0000299,0.0,8689.12,1,0,ato_rapid_drain,1
17,TRANSFER,2932.4,SYNTH_ATO_0000299,4839.17,1906.77,SYNTH_ATOSINK_0000299,0.0,2932.4,1,0,ato_rapid_drain,1
270,TRANSFER,15663.38,SYNTH_ATO_0000300,28983.47,13320.09,SYNTH_ATOSINK_0000300,0.0,15663.38,1,0,ato_rapid_drain,1
271,TRANSFER,9492.53,SYNTH_ATO_0000300,13320.09,3827.57,SYNTH_ATOSINK_0000300,0.0,9492.53,1,0,ato_rapid_drain,1
612,TRANSFER,22711.68,SYNTH_ATO_0000301,44312.61,21600.93,SYNTH_ATOSINK_0000301,0.0,22711.68,1,0,ato_rapid_drain,1
613,TRANSFER,12651.98,SYNTH_ATO_0000301,21600.93,8948.95,SYNTH_ATOSINK_0000301,0.0,12651.98,1,0,ato_rapid_drain,1
614,TRANSFER,6857.22,SYNTH_ATO_0000301,8948.95,2091.74,SYNTH_ATOSINK_0000301,0.0,6857.22,1,0,ato_rapid_drain,1
8,TRANSFER,7866.87,SYNTH_ATO_0000302,13693.76,5826.89,SYNTH_ATOSINK_0000302,0.0,7866.87,1,0,ato_rapid_drain,1
9,TRANSFER,3411.53,SYNTH_ATO_0000302,5826.89,2415.37,SYNTH_ATOSINK_0000302,0.0,3411.53,1,0,ato_rapid_drain,1
10,TRANSFER,843.08,SYNTH_ATO_0000302,2415.37,1572.29,SYNTH_ATOSINK_0000302,0.0,843.08,1,0,ato_rapid_drain,1
663,TRANSFER,9338.96,SYNTH_ATO_0000303,13976.54,4637.58,SYNTH_ATOSINK_0000303,0.0,9338.96,1,0,ato_rapid_drain,1
664,TRANSFER,2299.44,SYNTH_ATO_0000303,4637.58,2338.14,SYNTH_ATOSINK_0000303,0.0,2299.44,1,0,ato_rapid_drain,1
665,TRANSFER,1849.39,SYNTH_ATO_0000303,2338.14,488.75,SYNTH_ATOSINK_0000303,0.0,1849.39,1,0,ato_rapid_drain,1
402,TRANSFER,10907.94,SYNTH_ATO_0000304,21773.44,10865.5,SYNTH_ATOSINK_0000304,0.0,10907.94,1,0,ato_rapid_drain,1
403,TRANSFER,5941.25,SYNTH_ATO_0000304,10865.5,4924.26,SYNTH_ATOSINK_0000304,0.0,5941.25,1,0,ato_rapid_drain,1
404,TRANSFER,3536.18,SYNTH_ATO_0000304,4924.26,1388.08,SYNTH_ATOSINK_0000304,0.0,3536.18,1,0,ato_rapid_drain,1
105,TRANSFER,4992.21,SYNTH_ATO_0000305,15561.31,10569.1,SYNTH_ATOSINK_0000305,0.0,4992.21,1,0,ato_rapid_drain,1
106,TRANSFER,4533.79,SYNTH_ATO_0000305,10569.1,6035.31,SYNTH_ATOSINK_0000305,0.0,4533.79,1,0,ato_rapid_drain,1
107,TRANSFER,3927.37,SYNTH_ATO_0000305,6035.31,2107.94,SYNTH_ATOSINK_0000305,0.0,3927.37,1,0,ato_rapid_drain,1
224,TRANSFER,22836.58,SYNTH_ATO_0000306,31927.79,9091.21,SYNTH_ATOSINK_0000306,0.0,22836.58,1,0,ato_rapid_drain,1
225,TRANSFER,4806.27,SYNTH_ATO_0000306,9091.21,4284.95,SYNTH_ATOSINK_0000306,0.0,4806.27,1,0,ato_rapid_drain,1
226,TRANSFER,2951.28,SYNTH_ATO_0000306,4284.95,1333.66,SYNTH_ATOSINK_0000306,0.0,2951.28,1,0,ato_rapid_drain,1
411,TRANSFER,3398.74,SYNTH_ATO_0000307,4670.09,1271.35,SYNTH_ATOSINK_0000307,0.0,3398.74,1,0,ato_rapid_drain,1
412,TRANSFER,677.9,SYNTH_ATO_0000307,1271.35,593.45,SYNTH_ATOSINK_0000307,0.0,677.9,1,0,ato_rapid_drain,1
235,TRANSFER,6095.49,SYNTH_ATO_0000308,10981.61,4886.11,SYNTH_ATOSINK_0000308,0.0,6095.49,1,0,ato_rapid_drain,1
236,TRANSFER,3843.46,SYNTH_ATO_0000308,4886.11,1042.66,SYNTH_ATOSINK_0000308,0.0,3843.46,1,0,ato_rapid_drain,1
82,TRANSFER,8070.63,SYNTH_ATO_0000309,11277.33,3206.7,SYNTH_ATOSINK_0000309,0.0,8070.63,1,0,ato_rapid_drain,1
83,TRANSFER,2324.63,SYNTH_ATO_0000309,3206.7,882.07,SYNTH_ATOSINK_0000309,0.0,2324.63,1,0,ato_rapid_drain,1
495,TRANSFER,3330.22,SYNTH_ATO_0000310,4481.83,1151.61,SYNTH_ATOSINK_0000310,0.0,3330.22,1,0,ato_rapid_drain,1
496,TRANSFER,771.1,SYNTH_ATO_0000310,1151.61,380.51,SYNTH_ATOSINK_0000310,0.0,771.1,1,0,ato_rapid_drain,1
498,TRANSFER,7839.71,SYNTH_ATO_0000311,10115.43,2275.72,SYNTH_ATOSINK_0000311,0.0,7839.71,1,0,ato_rapid_drain,1
499,TRANSFER,1660.72,SYNTH_ATO_0000311,2275.72,615.01,SYNTH_ATOSINK_0000311,0.0,1660.72,1,0,ato_rapid_drain,1
90,TRANSFER,5955.36,SYNTH_ATO_0000312,10414.0,4458.64,SYNTH_ATOSINK_0000312,0.0,5955.36,1,0,ato_rapid_drain,1
91,TRANSFER,2861.34,SYNTH_ATO_0000312,4458.64,1597.31,SYNTH_ATOSINK_0000312,0.0,2861.34,1,0,ato_rapid_drain,1
92,TRANSFER,918.83,SYNTH_ATO_0000312,1597.31,678.48,SYNTH_ATOSINK_0000312,0.0,918.83,1,0,ato_rapid_drain,1
210,TRANSFER,13289.95,SYNTH_ATO_0000313,15983.9,2693.95,SYNTH_ATOSINK_0000313,0.0,13289.95,1,0,ato_rapid_drain,1
211,TRANSFER,1567.87,SYNTH_ATO_0000313,2693.95,1126.08,SYNTH_ATOSINK_0000313,0.0,1567.87,1,0,ato_rapid_drain,1
212,TRANSFER,789.87,SYNTH_ATO_0000313,1126.08,336.21,SYNTH_ATOSINK_0000313,0.0,789.87,1,0,ato_rapid_drain,1
183,TRANSFER,21098.89,SYNTH_ATO_0000314,35164.05,14065.16,SYNTH_ATOSINK_0000314,0.0,21098.89,1,0,ato_rapid_drain,1
184,TRANSFER,13359.24,SYNTH_ATO_0000314,14065.16,705.92,SYNTH_ATOSINK_0000314,0.0,13359.24,1,0,ato_rapid_drain,1
490,TRANSFER,10903.35,SYNTH_ATO_0000315,15567.86,4664.51,SYNTH_ATOSINK_0000315,0.0,10903.35,1,0,ato_rapid_drain,1
491,TRANSFER,3374.55,SYNTH_ATO_0000315,4664.51,1289.96,SYNTH_ATOSINK_0000315,0.0,3374.55,1,0,ato_rapid_drain,1
541,TRANSFER,4947.13,SYNTH_ATO_0000316,9715.83,4768.7,SYNTH_ATOSINK_0000316,0.0,4947.13,1,0,ato_rapid_drain,1
542,TRANSFER,3431.57,SYNTH_ATO_0000316,4768.7,1337.13,SYNTH_ATOSINK_0000316,0.0,3431.57,1,0,ato_rapid_drain,1
539,TRANSFER,10497.57,SYNTH_ATO_0000317,17427.89,6930.33,SYNTH_ATOSINK_0000317,0.0,10497.57,1,0,ato_rapid_drain,1
540,TRANSFER,5965.16,SYNTH_ATO_0000317,6930.33,965.16,SYNTH_ATOSINK_0000317,0.0,5965.16,1,0,ato_rapid_drain,1
694,TRANSFER,17832.67,SYNTH_ATO_0000318,33843.57,16010.9,SYNTH_ATOSINK_0000318,0.0,17832.67,1,0,ato_rapid_drain,1
695,TRANSFER,15231.35,SYNTH_ATO_0000318,16010.9,779.54,SYNTH_ATOSINK_0000318,0.0,15231.35,1,0,ato_rapid_drain,1
570,TRANSFER,4667.29,SYNTH_ATO_0000319,10040.93,5373.64,SYNTH_ATOSINK_0000319,0.0,4667.29,1,0,ato_rapid_drain,1
571,TRANSFER,4283.02,SYNTH_ATO_0000319,5373.64,1090.62,SYNTH_ATOSINK_0000319,0.0,4283.02,1,0,ato_rapid_drain,1
237,TRANSFER,7145.5,SYNTH_ATO_0000320,10442.66,3297.16,SYNTH_ATOSINK_0000320,0.0,7145.5,1,0,ato_rapid_drain,1
238,TRANSFER,2356.87,SYNTH_ATO_0000320,3297.16,940.29,SYNTH_ATOSINK_0000320,0.0,2356.87,1,0,ato_rapid_drain,1
82,TRANSFER,17287.43,SYNTH_ATO_0000321,25213.36,7925.93,SYNTH_ATOSINK_0000321,0.0,17287.43,1,0,ato_rapid_drain,1
83,TRANSFER,5536.23,SYNTH_ATO_0000321,7925.93,2389.7,SYNTH_ATOSINK_0000321,0.0,5536.23,1,0,ato_rapid_drain,1
457,TRANSFER,8143.37,SYNTH_ATO_0000322,15789.15,7645.78,SYNTH_ATOSINK_0000322,0.0,8143.37,1,0,ato_rapid_drain,1
458,TRANSFER,5382.95,SYNTH_ATO_0000322,7645.78,2262.83,SYNTH_ATOSINK_0000322,0.0,5382.95,1,0,ato_rapid_drain,1
677,TRANSFER,23251.29,SYNTH_ATO_0000323,26595.33,3344.03,SYNTH_ATOSINK_0000323,0.0,23251.29,1,0,ato_rapid_drain,1
678,TRANSFER,1679.02,SYNTH_ATO_0000323,3344.03,1665.02,SYNTH_ATOSINK_0000323,0.0,1679.02,1,0,ato_rapid_drain,1
723,TRANSFER,12841.66,SYNTH_ATO_0000324,17886.69,5045.03,SYNTH_ATOSINK_0000324,0.0,12841.66,1,0,ato_rapid_drain,1
724,TRANSFER,3183.63,SYNTH_ATO_0000324,5045.03,1861.4,SYNTH_ATOSINK_0000324,0.0,3183.63,1,0,ato_rapid_drain,1
171,TRANSFER,24604.54,SYNTH_ATO_0000325,27474.08,2869.54,SYNTH_ATOSINK_0000325,0.0,24604.54,1,0,ato_rapid_drain,1
172,TRANSFER,1560.95,SYNTH_ATO_0000325,2869.54,1308.58,SYNTH_ATOSINK_0000325,0.0,1560.95,1,0,ato_rapid_drain,1
177,TRANSFER,5257.08,SYNTH_ATO_0000326,9691.0,4433.93,SYNTH_ATOSINK_0000326,0.0,5257.08,1,0,ato_rapid_drain,1
178,TRANSFER,2985.21,SYNTH_ATO_0000326,4433.93,1448.71,SYNTH_ATOSINK_0000326,0.0,2985.21,1,0,ato_rapid_drain,1
179,TRANSFER,1043.39,SYNTH_ATO_0000326,1448.71,405.32,SYNTH_ATOSINK_0000326,0.0,1043.39,1,0,ato_rapid_drain,1
28,TRANSFER,10585.54,SYNTH_ATO_0000327,17903.46,7317.91,SYNTH_ATOSINK_0000327,0.0,10585.54,1,0,ato_rapid_drain,1
29,TRANSFER,6543.77,SYNTH_ATO_0000327,7317.91,774.15,SYNTH_ATOSINK_0000327,0.0,6543.77,1,0,ato_rapid_drain,1
106,TRANSFER,7310.62,SYNTH_ATO_0000328,15892.24,8581.62,SYNTH_ATOSINK_0000328,0.0,7310.62,1,0,ato_rapid_drain,1
107,TRANSFER,4802.93,SYNTH_ATO_0000328,8581.62,3778.69,SYNTH_ATOSINK_0000328,0.0,4802.93,1,0,ato_rapid_drain,1
108,TRANSFER,2255.68,SYNTH_ATO_0000328,3778.69,1523.01,SYNTH_ATOSINK_0000328,0.0,2255.68,1,0,ato_rapid_drain,1
412,TRANSFER,7038.52,SYNTH_ATO_0000329,8694.67,1656.15,SYNTH_ATOSINK_0000329,0.0,7038.52,1,0,ato_rapid_drain,1
413,TRANSFER,715.39,SYNTH_ATO_0000329,1656.15,940.76,SYNTH_ATOSINK_0000329,0.0,715.39,1,0,ato_rapid_drain,1
407,TRANSFER,3555.51,SYNTH_ATO_0000330,7057.97,3502.46,SYNTH_ATOSINK_0000330,0.0,3555.51,1,0,ato_rapid_drain,1
408,TRANSFER,3005.08,SYNTH_ATO_0000330,3502.46,497.38,SYNTH_ATOSINK_0000330,0.0,3005.08,1,0,ato_rapid_drain,1
409,TRANSFER,125.75,SYNTH_ATO_0000330,497.38,371.63,SYNTH_ATOSINK_0000330,0.0,125.75,1,0,ato_rapid_drain,1
276,TRANSFER,24153.41,SYNTH_ATO_0000331,27212.98,3059.57,SYNTH_ATOSINK_0000331,0.0,24153.41,1,0,ato_rapid_drain,1
277,TRANSFER,1812.69,SYNTH_ATO_0000331,3059.57,1246.88,SYNTH_ATOSINK_0000331,0.0,1812.69,1,0,ato_rapid_drain,1
232,TRANSFER,7866.11,SYNTH_ATO_0000332,14609.52,6743.41,SYNTH_ATOSINK_0000332,0.0,7866.11,1,0,ato_rapid_drain,1
233,TRANSFER,5201.2,SYNTH_ATO_0000332,6743.41,1542.21,SYNTH_ATOSINK_0000332,0.0,5201.2,1,0,ato_rapid_drain,1
234,TRANSFER,283.79,SYNTH_ATO_0000332,1542.21,1258.41,SYNTH_ATOSINK_0000332,0.0,283.79,1,0,ato_rapid_drain,1
616,TRANSFER,4695.8,SYNTH_ATO_0000333,9765.7,5069.91,SYNTH_ATOSINK_0000333,0.0,4695.8,1,0,ato_rapid_drain,1
617,TRANSFER,2686.02,SYNTH_ATO_0000333,5069.91,2383.88,SYNTH_ATOSINK_0000333,0.0,2686.02,1,0,ato_rapid_drain,1
618,TRANSFER,2052.77,SYNTH_ATO_0000333,2383.88,331.12,SYNTH_ATOSINK_0000333,0.0,2052.77,1,0,ato_rapid_drain,1
340,TRANSFER,8149.37,SYNTH_ATO_0000334,17022.52,8873.16,SYNTH_ATOSINK_0000334,0.0,8149.37,1,0,ato_rapid_drain,1
341,TRANSFER,6638.24,SYNTH_ATO_0000334,8873.16,2234.92,SYNTH_ATOSINK_0000334,0.0,6638.24,1,0,ato_rapid_drain,1
600,TRANSFER,21621.94,SYNTH_ATO_0000335,35483.08,13861.15,SYNTH_ATOSINK_0000335,0.0,21621.94,1,0,ato_rapid_drain,1
601,TRANSFER,12593.65,SYNTH_ATO_0000335,13861.15,1267.49,SYNTH_ATOSINK_0000335,0.0,12593.65,1,0,ato_rapid_drain,1
714,TRANSFER,2407.07,SYNTH_ATO_0000336,4589.64,2182.57,SYNTH_ATOSINK_0000336,0.0,2407.07,1,0,ato_rapid_drain,1
715,TRANSFER,1551.46,SYNTH_ATO_0000336,2182.57,631.11,SYNTH_ATOSINK_0000336,0.0,1551.46,1,0,ato_rapid_drain,1
236,TRANSFER,4659.9,SYNTH_ATO_0000337,7346.78,2686.87,SYNTH_ATOSINK_0000337,0.0,4659.9,1,0,ato_rapid_drain,1
237,TRANSFER,1731.49,SYNTH_ATO_0000337,2686.87,955.39,SYNTH_ATOSINK_0000337,0.0,1731.49,1,0,ato_rapid_drain,1
152,TRANSFER,8625.95,SYNTH_ATO_0000338,10365.81,1739.86,SYNTH_ATOSINK_0000338,0.0,8625.95,1,0,ato_rapid_drain,1
153,TRANSFER,624.46,SYNTH_ATO_0000338,1739.86,1115.4,SYNTH_ATOSINK_0000338,0.0,624.46,1,0,ato_rapid_drain,1
154,TRANSFER,279.91,SYNTH_ATO_0000338,1115.4,835.49,SYNTH_ATOSINK_0000338,0.0,279.91,1,0,ato_rapid_drain,1
707,TRANSFER,16215.8,SYNTH_ATO_0000339,43334.63,27118.83,SYNTH_ATOSINK_0000339,0.0,16215.8,1,0,ato_rapid_drain,1
708,TRANSFER,11522.55,SYNTH_ATO_0000339,27118.83,15596.28,SYNTH_ATOSINK_0000339,0.0,11522.55,1,0,ato_rapid_drain,1
709,TRANSFER,9476.45,SYNTH_ATO_0000339,15596.28,6119.83,SYNTH_ATOSINK_0000339,0.0,9476.45,1,0,ato_rapid_drain,1
472,TRANSFER,9597.42,SYNTH_ATO_0000340,21365.92,11768.49,SYNTH_ATOSINK_0000340,0.0,9597.42,1,0,ato_rapid_drain,1
473,TRANSFER,7631.69,SYNTH_ATO_0000340,11768.49,4136.8,SYNTH_ATOSINK_0000340,0.0,7631.69,1,0,ato_rapid_drain,1
474,TRANSFER,1078.59,SYNTH_ATO_0000340,4136.8,3058.21,SYNTH_ATOSINK_0000340,0.0,1078.59,1,0,ato_rapid_drain,1
217,TRANSFER,19717.73,SYNTH_ATO_0000341,28577.94,8860.21,SYNTH_ATOSINK_0000341,0.0,19717.73,1,0,ato_rapid_drain,1
218,TRANSFER,2429.9,SYNTH_ATO_0000341,8860.21,6430.3,SYNTH_ATOSINK_0000341,0.0,2429.9,1,0,ato_rapid_drain,1
219,TRANSFER,2145.54,SYNTH_ATO_0000341,6430.3,4284.76,SYNTH_ATOSINK_0000341,0.0,2145.54,1,0,ato_rapid_drain,1
461,TRANSFER,4301.59,SYNTH_ATO_0000342,9098.85,4797.26,SYNTH_ATOSINK_0000342,0.0,4301.59,1,0,ato_rapid_drain,1
462,TRANSFER,3948.53,SYNTH_ATO_0000342,4797.26,848.73,SYNTH_ATOSINK_0000342,0.0,3948.53,1,0,ato_rapid_drain,1
381,TRANSFER,3365.46,SYNTH_ATO_0000343,9212.15,5846.68,SYNTH_ATOSINK_0000343,0.0,3365.46,1,0,ato_rapid_drain,1
382,TRANSFER,2849.49,SYNTH_ATO_0000343,5846.68,2997.2,SYNTH_ATOSINK_0000343,0.0,2849.49,1,0,ato_rapid_drain,1
383,TRANSFER,2543.05,SYNTH_ATO_0000343,2997.2,454.15,SYNTH_ATOSINK_0000343,0.0,2543.05,1,0,ato_rapid_drain,1
672,TRANSFER,14143.92,SYNTH_ATO_0000344,23592.6,9448.68,SYNTH_ATOSINK_0000344,0.0,14143.92,1,0,ato_rapid_drain,1
673,TRANSFER,3045.76,SYNTH_ATO_0000344,9448.68,6402.92,SYNTH_ATOSINK_0000344,0.0,3045.76,1,0,ato_rapid_drain,1
674,TRANSFER,2970.88,SYNTH_ATO_0000344,6402.92,3432.04,SYNTH_ATOSINK_0000344,0.0,2970.88,1,0,ato_rapid_drain,1
191,TRANSFER,10121.94,SYNTH_ATO_0000345,18675.44,8553.5,SYNTH_ATOSINK_0000345,0.0,10121.94,1,0,ato_rapid_drain,1
192,TRANSFER,7325.27,SYNTH_ATO_0000345,8553.5,1228.23,SYNTH_ATOSINK_0000345,0.0,7325.27,1,0,ato_rapid_drain,1
193,TRANSFER,10.47,SYNTH_ATO_0000345,1228.23,1217.76,SYNTH_ATOSINK_0000345,0.0,10.47,1,0,ato_rapid_drain,1
734,TRANSFER,17216.48,SYNTH_ATO_0000346,25065.39,7848.91,SYNTH_ATOSINK_0000346,0.0,17216.48,1,0,ato_rapid_drain,1
735,TRANSFER,4420.08,SYNTH_ATO_0000346,7848.91,3428.84,SYNTH_ATOSINK_0000346,0.0,4420.08,1,0,ato_rapid_drain,1
736,TRANSFER,2351.19,SYNTH_ATO_0000346,3428.84,1077.65,SYNTH_ATOSINK_0000346,0.0,2351.19,1,0,ato_rapid_drain,1
692,TRANSFER,11063.12,SYNTH_ATO_0000347,16113.25,5050.14,SYNTH_ATOSINK_0000347,0.0,11063.12,1,0,ato_rapid_drain,1
693,TRANSFER,2985.07,SYNTH_ATO_0000347,5050.14,2065.07,SYNTH_ATOSINK_0000347,0.0,2985.07,1,0,ato_rapid_drain,1
134,TRANSFER,17309.75,SYNTH_ATO_0000348,21309.03,3999.28,SYNTH_ATOSINK_0000348,0.0,17309.75,1,0,ato_rapid_drain,1
135,TRANSFER,833.62,SYNTH_ATO_0000348,3999.28,3165.66,SYNTH_ATOSINK_0000348,0.0,833.62,1,0,ato_rapid_drain,1
136,TRANSFER,376.15,SYNTH_ATO_0000348,3165.66,2789.52,SYNTH_ATOSINK_0000348,0.0,376.15,1,0,ato_rapid_drain,1
122,TRANSFER,11394.97,SYNTH_ATO_0000349,19828.42,8433.45,SYNTH_ATOSINK_0000349,0.0,11394.97,1,0,ato_rapid_drain,1
123,TRANSFER,4422.89,SYNTH_ATO_0000349,8433.45,4010.56,SYNTH_ATOSINK_0000349,0.0,4422.89,1,0,ato_rapid_drain,1
124,TRANSFER,3255.17,SYNTH_ATO_0000349,4010.56,755.38,SYNTH_ATOSINK_0000349,0.0,3255.17,1,0,ato_rapid_drain,1
397,TRANSFER,21254.96,SYNTH_ATO_0000350,28757.69,7502.73,SYNTH_ATOSINK_0000350,0.0,21254.96,1,0,ato_rapid_drain,1
398,TRANSFER,6266.33,SYNTH_ATO_0000350,7502.73,1236.4,SYNTH_ATOSINK_0000350,0.0,6266.33,1,0,ato_rapid_drain,1
34,TRANSFER,20055.65,SYNTH_ATO_0000351,29266.68,9211.03,SYNTH_ATOSINK_0000351,0.0,20055.65,1,0,ato_rapid_drain,1
35,TRANSFER,6209.06,SYNTH_ATO_0000351,9211.03,3001.97,SYNTH_ATOSINK_0000351,0.0,6209.06,1,0,ato_rapid_drain,1
36,TRANSFER,662.47,SYNTH_ATO_0000351,3001.97,2339.51,SYNTH_ATOSINK_0000351,0.0,662.47,1,0,ato_rapid_drain,1
221,TRANSFER,5490.56,SYNTH_ATO_0000352,6823.15,1332.59,SYNTH_ATOSINK_0000352,0.0,5490.56,1,0,ato_rapid_drain,1
222,TRANSFER,1035.76,SYNTH_ATO_0000352,1332.59,296.83,SYNTH_ATOSINK_0000352,0.0,1035.76,1,0,ato_rapid_drain,1
324,TRANSFER,1829.47,SYNTH_ATO_0000353,4682.74,2853.27,SYNTH_ATOSINK_0000353,0.0,1829.47,1,0,ato_rapid_drain,1
325,TRANSFER,1734.4,SYNTH_ATO_0000353,2853.27,1118.87,SYNTH_ATOSINK_0000353,0.0,1734.4,1,0,ato_rapid_drain,1
326,TRANSFER,472.92,SYNTH_ATO_0000353,1118.87,645.95,SYNTH_ATOSINK_0000353,0.0,472.92,1,0,ato_rapid_drain,1
718,TRANSFER,16117.86,SYNTH_ATO_0000354,32894.06,16776.2,SYNTH_ATOSINK_0000354,0.0,16117.86,1,0,ato_rapid_drain,1
719,TRANSFER,13528.98,SYNTH_ATO_0000354,16776.2,3247.22,SYNTH_ATOSINK_0000354,0.0,13528.98,1,0,ato_rapid_drain,1
735,TRANSFER,18449.43,SYNTH_ATO_0000355,36777.26,18327.83,SYNTH_ATOSINK_0000355,0.0,18449.43,1,0,ato_rapid_drain,1
736,TRANSFER,16338.69,SYNTH_ATO_0000355,18327.83,1989.15,SYNTH_ATOSINK_0000355,0.0,16338.69,1,0,ato_rapid_drain,1
114,TRANSFER,4187.25,SYNTH_ATO_0000356,9775.42,5588.17,SYNTH_ATOSINK_0000356,0.0,4187.25,1,0,ato_rapid_drain,1
115,TRANSFER,2342.26,SYNTH_ATO_0000356,5588.17,3245.91,SYNTH_ATOSINK_0000356,0.0,2342.26,1,0,ato_rapid_drain,1
116,TRANSFER,2106.77,SYNTH_ATO_0000356,3245.91,1139.14,SYNTH_ATOSINK_0000356,0.0,2106.77,1,0,ato_rapid_drain,1
660,TRANSFER,3658.23,SYNTH_ATO_0000357,5908.21,2249.98,SYNTH_ATOSINK_0000357,0.0,3658.23,1,0,ato_rapid_drain,1
661,TRANSFER,1941.59,SYNTH_ATO_0000357,2249.98,308.39,SYNTH_ATOSINK_0000357,0.0,1941.59,1,0,ato_rapid_drain,1
68,TRANSFER,13715.7,SYNTH_ATO_0000358,19137.8,5422.1,SYNTH_ATOSINK_0000358,0.0,13715.7,1,0,ato_rapid_drain,1
69,TRANSFER,3566.13,SYNTH_ATO_0000358,5422.1,1855.97,SYNTH_ATOSINK_0000358,0.0,3566.13,1,0,ato_rapid_drain,1
70,TRANSFER,239.66,SYNTH_ATO_0000358,1855.97,1616.32,SYNTH_ATOSINK_0000358,0.0,239.66,1,0,ato_rapid_drain,1
556,TRANSFER,18828.44,SYNTH_ATO_0000359,31523.95,12695.51,SYNTH_ATOSINK_0000359,0.0,18828.44,1,0,ato_rapid_drain,1
557,TRANSFER,11041.6,SYNTH_ATO_0000359,12695.51,1653.92,SYNTH_ATOSINK_0000359,0.0,11041.6,1,0,ato_rapid_drain,1
625,TRANSFER,44161.62,SYNTH_ATO_0000360,53027.01,8865.39,SYNTH_ATOSINK_0000360,0.0,44161.62,1,0,ato_rapid_drain,1
626,TRANSFER,3266.23,SYNTH_ATO_0000360,8865.39,5599.16,SYNTH_ATOSINK_0000360,0.0,3266.23,1,0,ato_rapid_drain,1
627,TRANSFER,848.38,SYNTH_ATO_0000360,5599.16,4750.78,SYNTH_ATOSINK_0000360,0.0,848.38,1,0,ato_rapid_drain,1
660,TRANSFER,16573.86,SYNTH_ATO_0000361,24582.22,8008.36,SYNTH_ATOSINK_0000361,0.0,16573.86,1,0,ato_rapid_drain,1
661,TRANSFER,5496.74,SYNTH_ATO_0000361,8008.36,2511.62,SYNTH_ATOSINK_0000361,0.0,5496.74,1,0,ato_rapid_drain,1
168,TRANSFER,10400.71,SYNTH_ATO_0000362,14428.63,4027.93,SYNTH_ATOSINK_0000362,0.0,10400.71,1,0,ato_rapid_drain,1
169,TRANSFER,2274.77,SYNTH_ATO_0000362,4027.93,1753.16,SYNTH_ATOSINK_0000362,0.0,2274.77,1,0,ato_rapid_drain,1
663,TRANSFER,5878.61,SYNTH_ATO_0000363,10552.54,4673.93,SYNTH_ATOSINK_0000363,0.0,5878.61,1,0,ato_rapid_drain,1
664,TRANSFER,2308.47,SYNTH_ATO_0000363,4673.93,2365.46,SYNTH_ATOSINK_0000363,0.0,2308.47,1,0,ato_rapid_drain,1
665,TRANSFER,1068.44,SYNTH_ATO_0000363,2365.46,1297.02,SYNTH_ATOSINK_0000363,0.0,1068.44,1,0,ato_rapid_drain,1
87,TRANSFER,8184.11,SYNTH_ATO_0000364,18158.08,9973.96,SYNTH_ATOSINK_0000364,0.0,8184.11,1,0,ato_rapid_drain,1
88,TRANSFER,6449.19,SYNTH_ATO_0000364,9973.96,3524.77,SYNTH_ATOSINK_0000364,0.0,6449.19,1,0,ato_rapid_drain,1
89,TRANSFER,2574.99,SYNTH_ATO_0000364,3524.77,949.78,SYNTH_ATOSINK_0000364,0.0,2574.99,1,0,ato_rapid_drain,1
386,TRANSFER,7552.06,SYNTH_ATO_0000365,15069.7,7517.63,SYNTH_ATOSINK_0000365,0.0,7552.06,1,0,ato_rapid_drain,1
387,TRANSFER,5490.13,SYNTH_ATO_0000365,7517.63,2027.5,SYNTH_ATOSINK_0000365,0.0,5490.13,1,0,ato_rapid_drain,1
348,TRANSFER,8236.83,SYNTH_ATO_0000366,9808.05,1571.23,SYNTH_ATOSINK_0000366,0.0,8236.83,1,0,ato_rapid_drain,1
349,TRANSFER,209.65,SYNTH_ATO_0000366,1571.23,1361.58,SYNTH_ATOSINK_0000366,0.0,209.65,1,0,ato_rapid_drain,1
235,TRANSFER,41212.0,SYNTH_ATO_0000367,61651.53,20439.53,SYNTH_ATOSINK_0000367,0.0,41212.0,1,0,ato_rapid_drain,1
236,TRANSFER,12604.73,SYNTH_ATO_0000367,20439.53,7834.81,SYNTH_ATOSINK_0000367,0.0,12604.73,1,0,ato_rapid_drain,1
17,TRANSFER,38642.41,SYNTH_ATO_0000368,52633.13,13990.72,SYNTH_ATOSINK_0000368,0.0,38642.41,1,0,ato_rapid_drain,1
18,TRANSFER,7295.53,SYNTH_ATO_0000368,13990.72,6695.19,SYNTH_ATOSINK_0000368,0.0,7295.53,1,0,ato_rapid_drain,1
572,TRANSFER,29420.94,SYNTH_ATO_0000369,35654.45,6233.51,SYNTH_ATOSINK_0000369,0.0,29420.94,1,0,ato_rapid_drain,1
573,TRANSFER,4700.51,SYNTH_ATO_0000369,6233.51,1533.0,SYNTH_ATOSINK_0000369,0.0,4700.51,1,0,ato_rapid_drain,1
249,TRANSFER,5308.17,SYNTH_ATO_0000370,10378.48,5070.31,SYNTH_ATOSINK_0000370,0.0,5308.17,1,0,ato_rapid_drain,1
250,TRANSFER,3434.54,SYNTH_ATO_0000370,5070.31,1635.78,SYNTH_ATOSINK_0000370,0.0,3434.54,1,0,ato_rapid_drain,1
251,TRANSFER,616.67,SYNTH_ATO_0000370,1635.78,1019.11,SYNTH_ATOSINK_0000370,0.0,616.67,1,0,ato_rapid_drain,1
491,TRANSFER,25887.2,SYNTH_ATO_0000371,30122.02,4234.81,SYNTH_ATOSINK_0000371,0.0,25887.2,1,0,ato_rapid_drain,1
492,TRANSFER,3594.73,SYNTH_ATO_0000371,4234.81,640.08,SYNTH_ATOSINK_0000371,0.0,3594.73,1,0,ato_rapid_drain,1
304,TRANSFER,13987.52,SYNTH_ATO_0000372,26470.23,12482.71,SYNTH_ATOSINK_0000372,0.0,13987.52,1,0,ato_rapid_drain,1
305,TRANSFER,8614.68,SYNTH_ATO_0000372,12482.71,3868.03,SYNTH_ATOSINK_0000372,0.0,8614.68,1,0,ato_rapid_drain,1
306,TRANSFER,369.66,SYNTH_ATO_0000372,3868.03,3498.37,SYNTH_ATOSINK_0000372,0.0,369.66,1,0,ato_rapid_drain,1
279,TRANSFER,21909.56,SYNTH_ATO_0000373,23518.14,1608.58,SYNTH_ATOSINK_0000373,0.0,21909.56,1,0,ato_rapid_drain,1
280,TRANSFER,78.96,SYNTH_ATO_0000373,1608.58,1529.62,SYNTH_ATOSINK_0000373,0.0,78.96,1,0,ato_rapid_drain,1
657,TRANSFER,22803.07,SYNTH_ATO_0000374,38169.77,15366.7,SYNTH_ATOSINK_0000374,0.0,22803.07,1,0,ato_rapid_drain,1
658,TRANSFER,11867.86,SYNTH_ATO_0000374,15366.7,3498.84,SYNTH_ATOSINK_0000374,0.0,11867.86,1,0,ato_rapid_drain,1
72,TRANSFER,14912.56,SYNTH_ATO_0000375,26402.73,11490.17,SYNTH_ATOSINK_0000375,0.0,14912.56,1,0,ato_rapid_drain,1
73,TRANSFER,8878.4,SYNTH_ATO_0000375,11490.17,2611.77,SYNTH_ATOSINK_0000375,0.0,8878.4,1,0,ato_rapid_drain,1
546,TRANSFER,14752.39,SYNTH_ATO_0000376,28113.59,13361.21,SYNTH_ATOSINK_0000376,0.0,14752.39,1,0,ato_rapid_drain,1
547,TRANSFER,8503.46,SYNTH_ATO_0000376,13361.21,4857.74,SYNTH_ATOSINK_0000376,0.0,8503.46,1,0,ato_rapid_drain,1
548,TRANSFER,3838.93,SYNTH_ATO_0000376,4857.74,1018.81,SYNTH_ATOSINK_0000376,0.0,3838.93,1,0,ato_rapid_drain,1
552,TRANSFER,18842.86,SYNTH_ATO_0000377,26427.06,7584.2,SYNTH_ATOSINK_0000377,0.0,18842.86,1,0,ato_rapid_drain,1
553,TRANSFER,6971.81,SYNTH_ATO_0000377,7584.2,612.38,SYNTH_ATOSINK_0000377,0.0,6971.81,1,0,ato_rapid_drain,1
281,TRANSFER,16398.52,SYNTH_ATO_0000378,22125.25,5726.74,SYNTH_ATOSINK_0000378,0.0,16398.52,1,0,ato_rapid_drain,1
282,TRANSFER,3180.62,SYNTH_ATO_0000378,5726.74,2546.11,SYNTH_ATOSINK_0000378,0.0,3180.62,1,0,ato_rapid_drain,1
283,TRANSFER,1737.91,SYNTH_ATO_0000378,2546.11,808.2,SYNTH_ATOSINK_0000378,0.0,1737.91,1,0,ato_rapid_drain,1
196,TRANSFER,4247.52,SYNTH_ATO_0000379,6184.7,1937.18,SYNTH_ATOSINK_0000379,0.0,4247.52,1,0,ato_rapid_drain,1
197,TRANSFER,1164.08,SYNTH_ATO_0000379,1937.18,773.09,SYNTH_ATOSINK_0000379,0.0,1164.08,1,0,ato_rapid_drain,1
6,TRANSFER,12533.14,SYNTH_ATO_0000380,18961.63,6428.49,SYNTH_ATOSINK_0000380,0.0,12533.14,1,0,ato_rapid_drain,1
7,TRANSFER,4128.52,SYNTH_ATO_0000380,6428.49,2299.97,SYNTH_ATOSINK_0000380,0.0,4128.52,1,0,ato_rapid_drain,1
694,TRANSFER,7559.99,SYNTH_ATO_0000381,12916.81,5356.82,SYNTH_ATOSINK_0000381,0.0,7559.99,1,0,ato_rapid_drain,1
695,TRANSFER,3239.88,SYNTH_ATO_0000381,5356.82,2116.95,SYNTH_ATOSINK_0000381,0.0,3239.88,1,0,ato_rapid_drain,1
696,TRANSFER,1281.1,SYNTH_ATO_0000381,2116.95,835.85,SYNTH_ATOSINK_0000381,0.0,1281.1,1,0,ato_rapid_drain,1
701,TRANSFER,7116.6,SYNTH_ATO_0000382,8367.37,1250.77,SYNTH_ATOSINK_0000382,0.0,7116.6,1,0,ato_rapid_drain,1
702,TRANSFER,310.12,SYNTH_ATO_0000382,1250.77,940.65,SYNTH_ATOSINK_0000382,0.0,310.12,1,0,ato_rapid_drain,1
179,TRANSFER,38928.18,SYNTH_ATO_0000383,49468.43,10540.25,SYNTH_ATOSINK_0000383,0.0,38928.18,1,0,ato_rapid_drain,1
180,TRANSFER,4346.64,SYNTH_ATO_0000383,10540.25,6193.61,SYNTH_ATOSINK_0000383,0.0,4346.64,1,0,ato_rapid_drain,1
181,TRANSFER,3498.29,SYNTH_ATO_0000383,6193.61,2695.32,SYNTH_ATOSINK_0000383,0.0,3498.29,1,0,ato_rapid_drain,1
25,TRANSFER,46523.26,SYNTH_ATO_0000384,50888.75,4365.5,SYNTH_ATOSINK_0000384,0.0,46523.26,1,0,ato_rapid_drain,1
26,TRANSFER,479.36,SYNTH_ATO_0000384,4365.5,3886.14,SYNTH_ATOSINK_0000384,0.0,479.36,1,0,ato_rapid_drain,1
92,TRANSFER,16238.95,SYNTH_ATO_0000385,40763.09,24524.14,SYNTH_ATOSINK_0000385,0.0,16238.95,1,0,ato_rapid_drain,1
93,TRANSFER,14764.73,SYNTH_ATO_0000385,24524.14,9759.42,SYNTH_ATOSINK_0000385,0.0,14764.73,1,0,ato_rapid_drain,1
94,TRANSFER,6564.33,SYNTH_ATO_0000385,9759.42,3195.09,SYNTH_ATOSINK_0000385,0.0,6564.33,1,0,ato_rapid_drain,1
50,TRANSFER,8710.02,SYNTH_ATO_0000386,21017.86,12307.85,SYNTH_ATOSINK_0000386,0.0,8710.02,1,0,ato_rapid_drain,1
51,TRANSFER,8441.96,SYNTH_ATO_0000386,12307.85,3865.89,SYNTH_ATOSINK_0000386,0.0,8441.96,1,0,ato_rapid_drain,1
52,TRANSFER,2977.07,SYNTH_ATO_0000386,3865.89,888.82,SYNTH_ATOSINK_0000386,0.0,2977.07,1,0,ato_rapid_drain,1
617,TRANSFER,19862.4,SYNTH_ATO_0000387,40553.41,20691.0,SYNTH_ATOSINK_0000387,0.0,19862.4,1,0,ato_rapid_drain,1
618,TRANSFER,18353.88,SYNTH_ATO_0000387,20691.0,2337.12,SYNTH_ATOSINK_0000387,0.0,18353.88,1,0,ato_rapid_drain,1
661,TRANSFER,13704.96,SYNTH_ATO_0000388,18164.64,4459.68,SYNTH_ATOSINK_0000388,0.0,13704.96,1,0,ato_rapid_drain,1
662,TRANSFER,1797.74,SYNTH_ATO_0000388,4459.68,2661.93,SYNTH_ATOSINK_0000388,0.0,1797.74,1,0,ato_rapid_drain,1
114,TRANSFER,11765.58,SYNTH_ATO_0000389,20367.15,8601.56,SYNTH_ATOSINK_0000389,0.0,11765.58,1,0,ato_rapid_drain,1
115,TRANSFER,3899.64,SYNTH_ATO_0000389,8601.56,4701.92,SYNTH_ATOSINK_0000389,0.0,3899.64,1,0,ato_rapid_drain,1
116,TRANSFER,1777.8,SYNTH_ATO_0000389,4701.92,2924.12,SYNTH_ATOSINK_0000389,0.0,1777.8,1,0,ato_rapid_drain,1
552,TRANSFER,4409.05,SYNTH_ATO_0000390,9357.35,4948.3,SYNTH_ATOSINK_0000390,0.0,4409.05,1,0,ato_rapid_drain,1
553,TRANSFER,2447.46,SYNTH_ATO_0000390,4948.3,2500.84,SYNTH_ATOSINK_0000390,0.0,2447.46,1,0,ato_rapid_drain,1
554,TRANSFER,1829.01,SYNTH_ATO_0000390,2500.84,671.83,SYNTH_ATOSINK_0000390,0.0,1829.01,1,0,ato_rapid_drain,1
134,TRANSFER,13038.79,SYNTH_ATO_0000391,22884.03,9845.25,SYNTH_ATOSINK_0000391,0.0,13038.79,1,0,ato_rapid_drain,1
135,TRANSFER,5257.83,SYNTH_ATO_0000391,9845.25,4587.42,SYNTH_ATOSINK_0000391,0.0,5257.83,1,0,ato_rapid_drain,1
136,TRANSFER,2601.2,SYNTH_ATO_0000391,4587.42,1986.22,SYNTH_ATOSINK_0000391,0.0,2601.2,1,0,ato_rapid_drain,1
274,TRANSFER,14641.82,SYNTH_ATO_0000392,18699.12,4057.3,SYNTH_ATOSINK_0000392,0.0,14641.82,1,0,ato_rapid_drain,1
275,TRANSFER,1161.27,SYNTH_ATO_0000392,4057.3,2896.03,SYNTH_ATOSINK_0000392,0.0,1161.27,1,0,ato_rapid_drain,1
276,TRANSFER,723.64,SYNTH_ATO_0000392,2896.03,2172.39,SYNTH_ATOSINK_0000392,0.0,723.64,1,0,ato_rapid_drain,1
445,TRANSFER,4691.89,SYNTH_ATO_0000393,8253.63,3561.74,SYNTH_ATOSINK_0000393,0.0,4691.89,1,0,ato_rapid_drain,1
446,TRANSFER,1896.74,SYNTH_ATO_0000393,3561.74,1665.0,SYNTH_ATOSINK_0000393,0.0,1896.74,1,0,ato_rapid_drain,1
447,TRANSFER,876.16,SYNTH_ATO_0000393,1665.0,788.84,SYNTH_ATOSINK_0000393,0.0,876.16,1,0,ato_rapid_drain,1
534,TRANSFER,16386.08,SYNTH_ATO_0000394,17488.2,1102.12,SYNTH_ATOSINK_0000394,0.0,16386.08,1,0,ato_rapid_drain,1
535,TRANSFER,201.97,SYNTH_ATO_0000394,1102.12,900.15,SYNTH_ATOSINK_0000394,0.0,201.97,1,0,ato_rapid_drain,1
647,TRANSFER,5732.03,SYNTH_ATO_0000395,17191.36,11459.33,SYNTH_ATOSINK_0000395,0.0,5732.03,1,0,ato_rapid_drain,1
648,TRANSFER,5616.17,SYNTH_ATO_0000395,11459.33,5843.16,SYNTH_ATOSINK_0000395,0.0,5616.17,1,0,ato_rapid_drain,1
649,TRANSFER,5111.83,SYNTH_ATO_0000395,5843.16,731.33,SYNTH_ATOSINK_0000395,0.0,5111.83,1,0,ato_rapid_drain,1
36,TRANSFER,35450.14,SYNTH_ATO_0000396,53025.95,17575.81,SYNTH_ATOSINK_0000396,0.0,35450.14,1,0,ato_rapid_drain,1
37,TRANSFER,13490.63,SYNTH_ATO_0000396,17575.81,4085.17,SYNTH_ATOSINK_0000396,0.0,13490.63,1,0,ato_rapid_drain,1
147,TRANSFER,19958.69,SYNTH_ATO_0000397,30838.77,10880.08,SYNTH_ATOSINK_0000397,0.0,19958.69,1,0,ato_rapid_drain,1
148,TRANSFER,3976.52,SYNTH_ATO_0000397,10880.08,6903.56,SYNTH_ATOSINK_0000397,0.0,3976.52,1,0,ato_rapid_drain,1
149,TRANSFER,3822.71,SYNTH_ATO_0000397,6903.56,3080.85,SYNTH_ATOSINK_0000397,0.0,3822.71,1,0,ato_rapid_drain,1
208,TRANSFER,13083.09,SYNTH_ATO_0000398,18158.01,5074.93,SYNTH_ATOSINK_0000398,0.0,13083.09,1,0,ato_rapid_drain,1
209,TRANSFER,2990.21,SYNTH_ATO_0000398,5074.93,2084.71,SYNTH_ATOSINK_0000398,0.0,2990.21,1,0,ato_rapid_drain,1
231,TRANSFER,7693.55,SYNTH_ATO_0000399,20936.98,13243.43,SYNTH_ATOSINK_0000399,0.0,7693.55,1,0,ato_rapid_drain,1
232,TRANSFER,5995.24,SYNTH_ATO_0000399,13243.43,7248.19,SYNTH_ATOSINK_0000399,0.0,5995.24,1,0,ato_rapid_drain,1
233,TRANSFER,5528.21,SYNTH_ATO_0000399,7248.19,1719.99,SYNTH_ATOSINK_0000399,0.0,5528.21,1,0,ato_rapid_drain,1
