step,type,amount,nameOrig,oldbalanceOrg,newbalanceOrig,nameDest,oldbalanceDest,newbalanceDest,isFraud,isFlaggedFraud,attack_family,is_synthetic
68,TRANSFER,14925.08,SYNTH_ATO_0000000,23477.13,8552.05,SYNTH_ATOSINK_0000000,0.0,14925.08,1,0,ato_rapid_drain,1
69,TRANSFER,7717.42,SYNTH_ATO_0000000,8552.05,834.63,SYNTH_ATOSINK_0000000,0.0,7717.42,1,0,ato_rapid_drain,1
574,TRANSFER,21368.02,SYNTH_ATO_0000001,24698.87,3330.85,SYNTH_ATOSINK_0000001,0.0,21368.02,1,0,ato_rapid_drain,1
575,TRANSFER,1347.68,SYNTH_ATO_0000001,3330.85,1983.17,SYNTH_ATOSINK_0000001,0.0,1347.68,1,0,ato_rapid_drain,1
484,TRANSFER,12414.71,SYNTH_ATO_0000002,21285.14,8870.43,SYNTH_ATOSINK_0000002,0.0,12414.71,1,0,ato_rapid_drain,1
485,TRANSFER,7398.2,SYNTH_ATO_0000002,8870.43,1472.23,SYNTH_ATOSINK_0000002,0.0,7398.2,1,0,ato_rapid_drain,1
327,TRANSFER,3682.25,SYNTH_ATO_0000003,7725.95,4043.7,SYNTH_ATOSINK_0000003,0.0,3682.25,1,0,ato_rapid_drain,1
328,TRANSFER,3159.19,SYNTH_ATO_0000003,4043.7,884.51,SYNTH_ATOSINK_0000003,0.0,3159.19,1,0,ato_rapid_drain,1
321,TRANSFER,3366.55,SYNTH_ATO_0000004,4509.48,1142.93,SYNTH_ATOSINK_0000004,0.0,3366.55,1,0,ato_rapid_drain,1
322,TRANSFER,496.13,SYNTH_ATO_0000004,1142.93,646.81,SYNTH_ATOSINK_0000004,0.0,496.13,1,0,ato_rapid_drain,1
636,TRANSFER,11115.25,SYNTH_ATO_0000005,18631.56,7516.31,SYNTH_ATOSINK_0000005,0.0,11115.25,1,0,ato_rapid_drain,1
637,TRANSFER,6161.68,SYNTH_ATO_0000005,7516.31,1354.63,SYNTH_ATOSINK_0000005,0.0,6161.68,1,0,ato_rapid_drain,1
65,TRANSFER,10237.1,SYNTH_ATO_0000006,13587.89,3350.79,SYNTH_ATOSINK_0000006,0.0,10237.1,1,0,ato_rapid_drain,1
66,TRANSFER,1833.27,SYNTH_ATO_0000006,3350.79,1517.52,SYNTH_ATOSINK_0000006,0.0,1833.27,1,0,ato_rapid_drain,1
516,TRANSFER,11405.31,SYNTH_ATO_0000007,23756.98,12351.67,SYNTH_ATOSINK_0000007,0.0,11405.31,1,0,ato_rapid_drain,1
517,TRANSFER,6115.09,SYNTH_ATO_0000007,12351.67,6236.58,SYNTH_ATOSINK_0000007,0.0,6115.09,1,0,ato_rapid_drain,1
518,TRANSFER,4722.57,SYNTH_ATO_0000007,6236.58,1514.01,SYNTH_ATOSINK_0000007,0.0,4722.57,1,0,ato_rapid_drain,1
151,TRANSFER,20026.51,SYNTH_ATO_0000008,27478.86,7452.35,SYNTH_ATOSINK_0000008,0.0,20026.51,1,0,ato_rapid_drain,1
152,TRANSFER,6317.8,SYNTH_ATO_0000008,7452.35,1134.55,SYNTH_ATOSINK_0000008,0.0,6317.8,1,0,ato_rapid_drain,1
70,TRANSFER,8855.83,SYNTH_ATO_0000009,19593.34,10737.51,SYNTH_ATOSINK_0000009,0.0,8855.83,1,0,ato_rapid_drain,1
71,TRANSFER,7844.77,SYNTH_ATO_0000009,10737.51,2892.74,SYNTH_ATOSINK_0000009,0.0,7844.77,1,0,ato_rapid_drain,1
390,TRANSFER,23892.66,SYNTH_ATO_0000010,28455.02,4562.36,SYNTH_ATOSINK_0000010,0.0,23892.66,1,0,ato_rapid_drain,1
391,TRANSFER,2497.75,SYNTH_ATO_0000010,4562.36,2064.62,SYNTH_ATOSINK_0000010,0.0,2497.75,1,0,ato_rapid_drain,1
721,TRANSFER,9699.74,SYNTH_ATO_0000011,20692.5,10992.77,SYNTH_ATOSINK_0000011,0.0,9699.74,1,0,ato_rapid_drain,1
722,TRANSFER,8511.04,SYNTH_ATO_0000011,10992.77,2481.73,SYNTH_ATOSINK_0000011,0.0,8511.04,1,0,ato_rapid_drain,1
544,TRANSFER,17970.62,SYNTH_ATO_0000012,24786.11,6815.5,SYNTH_ATOSINK_0000012,0.0,17970.62,1,0,ato_rapid_drain,1
545,TRANSFER,5913.42,SYNTH_ATO_0000012,6815.5,902.08,SYNTH_ATOSINK_0000012,0.0,5913.42,1,0,ato_rapid_drain,1
563,TRANSFER,5483.11,SYNTH_ATO_0000013,11815.84,6332.73,SYNTH_ATOSINK_0000013,0.0,5483.11,1,0,ato_rapid_drain,1
564,TRANSFER,4949.99,SYNTH_ATO_0000013,6332.73,1382.73,SYNTH_ATOSINK_0000013,0.0,4949.99,1,0,ato_rapid_drain,1
531,TRANSFER,14275.63,SYNTH_ATO_0000014,16191.36,1915.73,SYNTH_ATOSINK_0000014,0.0,14275.63,1,0,ato_rapid_drain,1
532,TRANSFER,772.62,SYNTH_ATO_0000014,1915.73,1143.11,SYNTH_ATOSINK_0000014,0.0,772.62,1,0,ato_rapid_drain,1
583,TRANSFER,11248.16,SYNTH_ATO_0000015,20293.7,9045.54,SYNTH_ATOSINK_0000015,0.0,11248.16,1,0,ato_rapid_drain,1
584,TRANSFER,7461.82,SYNTH_ATO_0000015,9045.54,1583.71,SYNTH_ATOSINK_0000015,0.0,7461.82,1,0,ato_rapid_drain,1
382,TRANSFER,14759.57,SYNTH_ATO_0000016,29505.06,14745.49,SYNTH_ATOSINK_0000016,0.0,14759.57,1,0,ato_rapid_drain,1
383,TRANSFER,11839.29,SYNTH_ATO_0000016,14745.49,2906.2,SYNTH_ATOSINK_0000016,0.0,11839.29,1,0,ato_rapid_drain,1
95,TRANSFER,6921.97,SYNTH_ATO_0000017,14239.22,7317.25,SYNTH_ATOSINK_0000017,0.0,6921.97,1,0,ato_rapid_drain,1
96,TRANSFER,3307.26,SYNTH_ATO_0000017,7317.25,4009.99,SYNTH_ATOSINK_0000017,0.0,3307.26,1,0,ato_rapid_drain,1
97,TRANSFER,3128.45,SYNTH_ATO_0000017,4009.99,881.54,SYNTH_ATOSINK_0000017,0.0,3128.45,1,0,ato_rapid_drain,1
621,TRANSFER,13044.05,SYNTH_ATO_0000018,24654.15,11610.1,SYNTH_ATOSINK_0000018,0.0,13044.05,1,0,ato_rapid_drain,1
622,TRANSFER,6989.78,SYNTH_ATO_0000018,11610.1,4620.32,SYNTH_ATOSINK_0000018,0.0,6989.78,1,0,ato_rapid_drain,1
623,TRANSFER,3248.32,SYNTH_ATO_0000018,4620.32,1372.0,SYNTH_ATOSINK_0000018,0.0,3248.32,1,0,ato_rapid_drain,1
334,TRANSFER,10025.43,SYNTH_ATO_0000019,15374.98,5349.55,SYNTH_ATOSINK_0000019,0.0,10025.43,1,0,ato_rapid_drain,1
335,TRANSFER,3758.42,SYNTH_ATO_0000019,5349.55,1591.13,SYNTH_ATOSINK_0000019,0.0,3758.42,1,0,ato_rapid_drain,1
336,TRANSFER,418.05,SYNTH_ATO_0000019,1591.13,1173.08,SYNTH_ATOSINK_0000019,0.0,418.05,1,0,ato_rapid_drain,1
372,TRANSFER,10456.22,SYNTH_ATO_0000020,16805.72,6349.5,SYNTH_ATOSINK_0000020,0.0,10456.22,1,0,ato_rapid_drain,1
373,TRANSFER,4445.5,SYNTH_ATO_0000020,6349.5,1904.0,SYNTH_ATOSINK_0000020,0.0,4445.5,1,0,ato_rapid_drain,1
374,TRANSFER,1040.1,SYNTH_ATO_0000020,1904.0,863.9,SYNTH_ATOSINK_0000020,0.0,1040.1,1,0,ato_rapid_drain,1
277,TRANSFER,18267.98,SYNTH_ATO_0000021,29664.65,11396.67,SYNTH_ATOSINK_0000021,0.0,18267.98,1,0,ato_rapid_drain,1
278,TRANSFER,10739.43,SYNTH_ATO_0000021,11396.67,657.24,SYNTH_ATOSINK_0000021,0.0,10739.43,1,0,ato_rapid_drain,1
137,TRANSFER,2788.91,SYNTH_ATO_0000022,5454.32,2665.41,SYNTH_ATOSINK_0000022,0.0,2788.91,1,0,ato_rapid_drain,1
138,TRANSFER,1434.36,SYNTH_ATO_0000022,2665.41,1231.05,SYNTH_ATOSINK_0000022,0.0,1434.36,1,0,ato_rapid_drain,1
139,TRANSFER,710.2,SYNTH_ATO_0000022,1231.05,520.86,SYNTH_ATOSINK_0000022,0.0,710.2,1,0,ato_rapid_drain,1
686,TRANSFER,5167.51,SYNTH_ATO_0000023,8284.29,3116.79,SYNTH_ATOSINK_0000023,0.0,5167.51,1,0,ato_rapid_drain,1
687,TRANSFER,1767.31,SYNTH_ATO_0000023,3116.79,1349.48,SYNTH_ATOSINK_0000023,0.0,1767.31,1,0,ato_rapid_drain,1
688,TRANSFER,661.02,SYNTH_ATO_0000023,1349.48,688.46,SYNTH_ATOSINK_0000023,0.0,661.02,1,0,ato_rapid_drain,1
579,TRANSFER,3920.51,SYNTH_ATO_0000024,7410.76,3490.26,SYNTH_ATOSINK_0000024,0.0,3920.51,1,0,ato_rapid_drain,1
580,TRANSFER,1554.94,SYNTH_ATO_0000024,3490.26,1935.32,SYNTH_ATOSINK_0000024,0.0,1554.94,1,0,ato_rapid_drain,1
581,TRANSFER,835.72,SYNTH_ATO_0000024,1935.32,1099.6,SYNTH_ATOSINK_0000024,0.0,835.72,1,0,ato_rapid_drain,1
476,TRANSFER,2197.68,SYNTH_ATO_0000025,4446.31,2248.63,SYNTH_ATOSINK_0000025,0.0,2197.68,1,0,ato_rapid_drain,1
477,TRANSFER,1201.52,SYNTH_ATO_0000025,2248.63,1047.11,SYNTH_ATOSINK_0000025,0.0,1201.52,1,0,ato_rapid_drain,1
478,TRANSFER,840.29,SYNTH_ATO_0000025,1047.11,206.83,SYNTH_ATOSINK_0000025,0.0,840.29,1,0,ato_rapid_drain,1
300,TRANSFER,6238.19,SYNTH_ATO_0000026,12004.55,5766.36,SYNTH_ATOSINK_0000026,0.0,6238.19,1,0,ato_rapid_drain,1
301,TRANSFER,4777.55,SYNTH_ATO_0000026,5766.36,988.82,SYNTH_ATOSINK_0000026,0.0,4777.55,1,0,ato_rapid_drain,1
611,TRANSFER,17635.41,SYNTH_ATO_0000027,28272.94,10637.52,SYNTH_ATOSINK_0000027,0.0,17635.41,1,0,ato_rapid_drain,1
612,TRANSFER,4308.34,SYNTH_ATO_0000027,10637.52,6329.19,SYNTH_ATOSINK_0000027,0.0,4308.34,1,0,ato_rapid_drain,1
613,TRANSFER,3587.7,SYNTH_ATO_0000027,6329.19,2741.49,SYNTH_ATOSINK_0000027,0.0,3587.7,1,0,ato_rapid_drain,1
404,TRANSFER,9633.54,SYNTH_ATO_0000028,15200.29,5566.74,SYNTH_ATOSINK_0000028,0.0,9633.54,1,0,ato_rapid_drain,1
405,TRANSFER,1749.74,SYNTH_ATO_0000028,5566.74,3817.0,SYNTH_ATOSINK_0000028,0.0,1749.74,1,0,ato_rapid_drain,1
406,TRANSFER,1722.85,SYNTH_ATO_0000028,3817.0,2094.15,SYNTH_ATOSINK_0000028,0.0,1722.85,1,0,ato_rapid_drain,1
330,TRANSFER,12303.53,SYNTH_ATO_0000029,20306.05,8002.52,SYNTH_ATOSINK_0000029,0.0,12303.53,1,0,ato_rapid_drain,1
331,TRANSFER,4407.01,SYNTH_ATO_0000029,8002.52,3595.51,SYNTH_ATOSINK_0000029,0.0,4407.01,1,0,ato_rapid_drain,1
332,TRANSFER,2898.1,SYNTH_ATO_0000029,3595.51,697.4,SYNTH_ATOSINK_0000029,0.0,2898.1,1,0,ato_rapid_drain,1
333,TRANSFER,25520.49,SYNTH_ATO_0000030,34666.55,9146.06,SYNTH_ATOSINK_0000030,0.0,25520.49,1,0,ato_rapid_drain,1
334,TRANSFER,3753.1,SYNTH_ATO_0000030,9146.06,5392.96,SYNTH_ATOSINK_0000030,0.0,3753.1,1,0,ato_rapid_drain,1
335,TRANSFER,1973.14,SYNTH_ATO_0000030,5392.96,3419.82,SYNTH_ATOSINK_0000030,0.0,1973.14,1,0,ato_rapid_drain,1
170,TRANSFER,26481.4,SYNTH_ATO_0000031,39999.08,13517.68,SYNTH_ATOSINK_0000031,0.0,26481.4,1,0,ato_rapid_drain,1
171,TRANSFER,8688.21,SYNTH_ATO_0000031,13517.68,4829.47,SYNTH_ATOSINK_0000031,0.0,8688.21,1,0,ato_rapid_drain,1
172,TRANSFER,2378.95,SYNTH_ATO_0000031,4829.47,2450.52,SYNTH_ATOSINK_0000031,0.0,2378.95,1,0,ato_rapid_drain,1
71,TRANSFER,11758.17,SYNTH_ATO_0000032,17300.96,5542.79,SYNTH_ATOSINK_0000032,0.0,11758.17,1,0,ato_rapid_drain,1
72,TRANSFER,3035.28,SYNTH_ATO_0000032,5542.79,2507.51,SYNTH_ATOSINK_0000032,0.0,3035.28,1,0,ato_rapid_drain,1
73,TRANSFER,248.32,SYNTH_ATO_0000032,2507.51,2259.18,SYNTH_ATOSINK_0000032,0.0,248.32,1,0,ato_rapid_drain,1
410,TRANSFER,38567.36,SYNTH_ATO_0000033,40625.51,2058.16,SYNTH_ATOSINK_0000033,0.0,38567.36,1,0,ato_rapid_drain,1
411,TRANSFER,1042.58,SYNTH_ATO_0000033,2058.16,1015.58,SYNTH_ATOSINK_0000033,0.0,1042.58,1,0,ato_rapid_drain,1
658,TRANSFER,12600.39,SYNTH_ATO_0000034,19058.64,6458.25,SYNTH_ATOSINK_0000034,0.0,12600.39,1,0,ato_rapid_drain,1
659,TRANSFER,4041.56,SYNTH_ATO_0000034,6458.25,2416.68,SYNTH_ATOSINK_0000034,0.0,4041.56,1,0,ato_rapid_drain,1
48,TRANSFER,6321.43,SYNTH_ATO_0000035,10911.37,4589.94,SYNTH_ATOSINK_0000035,0.0,6321.43,1,0,ato_rapid_drain,1
49,TRANSFER,2873.39,SYNTH_ATO_0000035,4589.94,1716.55,SYNTH_ATOSINK_0000035,0.0,2873.39,1,0,ato_rapid_drain,1
50,TRANSFER,362.89,SYNTH_ATO_0000035,1716.55,1353.66,SYNTH_ATOSINK_0000035,0.0,362.89,1,0,ato_rapid_drain,1
636,TRANSFER,6115.12,SYNTH_ATO_0000036,12624.06,6508.94,SYNTH_ATOSINK_0000036,0.0,6115.12,1,0,ato_rapid_drain,1
637,TRANSFER,4352.78,SYNTH_ATO_0000036,6508.94,2156.16,SYNTH_ATOSINK_0000036,0.0,4352.78,1,0,ato_rapid_drain,1
638,TRANSFER,1672.25,SYNTH_ATO_0000036,2156.16,483.91,SYNTH_ATOSINK_0000036,0.0,1672.25,1,0,ato_rapid_drain,1
614,TRANSFER,5219.63,SYNTH_ATO_0000037,7418.1,2198.47,SYNTH_ATOSINK_0000037,0.0,5219.63,1,0,ato_rapid_drain,1
615,TRANSFER,1030.52,SYNTH_ATO_0000037,2198.47,1167.96,SYNTH_ATOSINK_0000037,0.0,1030.52,1,0,ato_rapid_drain,1
616,TRANSFER,935.29,SYNTH_ATO_0000037,1167.96,232.66,SYNTH_ATOSINK_0000037,0.0,935.29,1,0,ato_rapid_drain,1
205,TRANSFER,7059.5,SYNTH_ATO_0000038,10584.22,3524.73,SYNTH_ATOSINK_0000038,0.0,7059.5,1,0,ato_rapid_drain,1
206,TRANSFER,2229.0,SYNTH_ATO_0000038,3524.73,1295.73,SYNTH_ATOSINK_0000038,0.0,2229.0,1,0,ato_rapid_drain,1
468,TRANSFER,7948.52,SYNTH_ATO_0000039,14547.73,6599.21,SYNTH_ATOSINK_0000039,0.0,7948.52,1,0,ato_rapid_drain,1
469,TRANSFER,3563.23,SYNTH_ATO_0000039,6599.21,3035.98,SYNTH_ATOSINK_0000039,0.0,3563.23,1,0,ato_rapid_drain,1
470,TRANSFER,1742.31,SYNTH_ATO_0000039,3035.98,1293.67,SYNTH_ATOSINK_0000039,0.0,1742.31,1,0,ato_rapid_drain,1
125,TRANSFER,10639.83,SYNTH_ATO_0000040,29206.63,18566.8,SYNTH_ATOSINK_0000040,0.0,10639.83,1,0,ato_rapid_drain,1
126,TRANSFER,9661.92,SYNTH_ATO_0000040,18566.8,8904.89,SYNTH_ATOSINK_0000040,0.0,9661.92,1,0,ato_rapid_drain,1
127,TRANSFER,7308.87,SYNTH_ATO_0000040,8904.89,1596.02,SYNTH_ATOSINK_0000040,0.0,7308.87,1,0,ato_rapid_drain,1
561,TRANSFER,21180.16,SYNTH_ATO_0000041,50638.22,29458.06,SYNTH_ATOSINK_0000041,0.0,21180.16,1,0,ato_rapid_drain,1
562,TRANSFER,19004.13,SYNTH_ATO_0000041,29458.06,10453.93,SYNTH_ATOSINK_0000041,0.0,19004.13,1,0,ato_rapid_drain,1
563,TRANSFER,8640.45,SYNTH_ATO_0000041,10453.93,1813.48,SYNTH_ATOSINK_0000041,0.0,8640.45,1,0,ato_rapid_drain,1
518,TRANSFER,3809.18,SYNTH_ATO_0000042,7869.04,4059.86,SYNTH_ATOSINK_0000042,0.0,3809.18,1,0,ato_rapid_drain,1
519,TRANSFER,2218.36,SYNTH_ATO_0000042,4059.86,1841.5,SYNTH_ATOSINK_0000042,0.0,2218.36,1,0,ato_rapid_drain,1
520,TRANSFER,1048.9,SYNTH_ATO_0000042,1841.5,792.59,SYNTH_ATOSINK_0000042,0.0,1048.9,1,0,ato_rapid_drain,1
263,TRANSFER,17888.47,SYNTH_ATO_0000043,22826.94,4938.47,SYNTH_ATOSINK_0000043,0.0,17888.47,1,0,ato_rapid_drain,1
264,TRANSFER,3048.68,SYNTH_ATO_0000043,4938.47,1889.78,SYNTH_ATOSINK_0000043,0.0,3048.68,1,0,ato_rapid_drain,1
52,TRANSFER,5139.53,SYNTH_ATO_0000044,9659.27,4519.75,SYNTH_ATOSINK_0000044,0.0,5139.53,1,0,ato_rapid_drain,1
53,TRANSFER,3578.52,SYNTH_ATO_0000044,4519.75,941.23,SYNTH_ATOSINK_0000044,0.0,3578.52,1,0,ato_rapid_drain,1
54,TRANSFER,423.72,SYNTH_ATO_0000044,941.23,517.51,SYNTH_ATOSINK_0000044,0.0,423.72,1,0,ato_rapid_drain,1
719,TRANSFER,12360.18,SYNTH_ATO_0000045,23976.23,11616.05,SYNTH_ATOSINK_0000045,0.0,12360.18,1,0,ato_rapid_drain,1
720,TRANSFER,10298.5,SYNTH_ATO_0000045,11616.05,1317.55,SYNTH_ATOSINK_0000045,0.0,10298.5,1,0,ato_rapid_drain,1
330,TRANSFER,6354.65,SYNTH_ATO_0000046,16669.7,10315.06,SYNTH_ATOSINK_0000046,0.0,6354.65,1,0,ato_rapid_drain,1
331,TRANSFER,5929.25,SYNTH_ATO_0000046,10315.06,4385.81,SYNTH_ATOSINK_0000046,0.0,5929.25,1,0,ato_rapid_drain,1
332,TRANSFER,3582.08,SYNTH_ATO_0000046,4385.81,803.73,SYNTH_ATOSINK_0000046,0.0,3582.08,1,0,ato_rapid_drain,1
663,TRANSFER,4452.94,SYNTH_ATO_0000047,6011.66,1558.72,SYNTH_ATOSINK_0000047,0.0,4452.94,1,0,ato_rapid_drain,1
664,TRANSFER,1102.38,SYNTH_ATO_0000047,1558.72,456.34,SYNTH_ATOSINK_0000047,0.0,1102.38,1,0,ato_rapid_drain,1
502,TRANSFER,10612.38,SYNTH_ATO_0000048,31475.92,20863.55,SYNTH_ATOSINK_0000048,0.0,10612.38,1,0,ato_rapid_drain,1
503,TRANSFER,10199.47,SYNTH_ATO_0000048,20863.55,10664.07,SYNTH_ATOSINK_0000048,0.0,10199.47,1,0,ato_rapid_drain,1
504,TRANSFER,6370.76,SYNTH_ATO_0000048,10664.07,4293.32,SYNTH_ATOSINK_0000048,0.0,6370.76,1,0,ato_rapid_drain,1
576,TRANSFER,9777.24,SYNTH_ATO_0000049,12544.02,2766.79,SYNTH_ATOSINK_0000049,0.0,9777.24,1,0,ato_rapid_drain,1
577,TRANSFER,1886.9,SYNTH_ATO_0000049,2766.79,879.88,SYNTH_ATOSINK_0000049,0.0,1886.9,1,0,ato_rapid_drain,1
578,TRANSFER,472.41,SYNTH_ATO_0000049,879.88,407.47,SYNTH_ATOSINK_0000049,0.0,472.41,1,0,ato_rapid_drain,1
564,TRANSFER,8970.0,SYNTH_ATO_0000050,13090.73,4120.73,SYNTH_ATOSINK_0000050,0.0,8970.0,1,0,ato_rapid_drain,1
565,TRANSFER,3630.15,SYNTH_ATO_0000050,4120.73,490.58,SYNTH_ATOSINK_0000050,0.0,3630.15,1,0,ato_rapid_drain,1
146,TRANSFER,7780.18,SYNTH_ATO_0000051,9491.47,1711.28,SYNTH_ATOSINK_0000051,0.0,7780.18,1,0,ato_rapid_drain,1
147,TRANSFER,1272.33,SYNTH_ATO_0000051,1711.28,438.96,SYNTH_ATOSINK_0000051,0.0,1272.33,1,0,ato_rapid_drain,1
270,TRANSFER,6368.33,SYNTH_ATO_0000052,12178.53,5810.2,SYNTH_ATOSINK_0000052,0.0,6368.33,1,0,ato_rapid_drain,1
271,TRANSFER,2500.54,SYNTH_ATO_0000052,5810.2,3309.66,SYNTH_ATOSINK_0000052,0.0,2500.54,1,0,ato_rapid_drain,1
272,TRANSFER,1640.99,SYNTH_ATO_0000052,3309.66,1668.68,SYNTH_ATOSINK_0000052,0.0,1640.99,1,0,ato_rapid_drain,1
345,TRANSFER,19514.61,SYNTH_ATO_0000053,23312.25,3797.64,SYNTH_ATOSINK_0000053,0.0,19514.61,1,0,ato_rapid_drain,1
346,TRANSFER,823.88,SYNTH_ATO_0000053,3797.64,2973.76,SYNTH_ATOSINK_0000053,0.0,823.88,1,0,ato_rapid_drain,1
347,TRANSFER,96.37,SYNTH_ATO_0000053,2973.76,2877.39,SYNTH_ATOSINK_0000053,0.0,96.37,1,0,ato_rapid_drain,1
369,TRANSFER,13697.27,SYNTH_ATO_0000054,16098.05,2400.78,SYNTH_ATOSINK_0000054,0.0,13697.27,1,0,ato_rapid_drain,1
370,TRANSFER,1542.24,SYNTH_ATO_0000054,2400.78,858.54,SYNTH_ATOSINK_0000054,0.0,1542.24,1,0,ato_rapid_drain,1
34,TRANSFER,11050.65,SYNTH_ATO_0000055,21964.82,10914.17,SYNTH_ATOSINK_0000055,0.0,11050.65,1,0,ato_rapid_drain,1
35,TRANSFER,7240.6,SYNTH_ATO_0000055,10914.17,3673.57,SYNTH_ATOSINK_0000055,0.0,7240.6,1,0,ato_rapid_drain,1
36,TRANSFER,444.92,SYNTH_ATO_0000055,3673.57,3228.65,SYNTH_ATOSINK_0000055,0.0,444.92,1,0,ato_rapid_drain,1
404,TRANSFER,15723.33,SYNTH_ATO_0000056,22407.55,6684.22,SYNTH_ATOSINK_0000056,0.0,15723.33,1,0,ato_rapid_drain,1
405,TRANSFER,4524.24,SYNTH_ATO_0000056,6684.22,2159.98,SYNTH_ATOSINK_0000056,0.0,4524.24,1,0,ato_rapid_drain,1
406,TRANSFER,1651.31,SYNTH_ATO_0000056,2159.98,508.67,SYNTH_ATOSINK_0000056,0.0,1651.31,1,0,ato_rapid_drain,1
116,TRANSFER,27762.99,SYNTH_ATO_0000057,39830.85,12067.86,SYNTH_ATOSINK_0000057,0.0,27762.99,1,0,ato_rapid_drain,1
117,TRANSFER,8046.09,SYNTH_ATO_0000057,12067.86,4021.77,SYNTH_ATOSINK_0000057,0.0,8046.09,1,0,ato_rapid_drain,1
552,TRANSFER,8443.76,SYNTH_ATO_0000058,14681.28,6237.52,SYNTH_ATOSINK_0000058,0.0,8443.76,1,0,ato_rapid_drain,1
553,TRANSFER,4780.29,SYNTH_ATO_0000058,6237.52,1457.23,SYNTH_ATOSINK_0000058,0.0,4780.29,1,0,ato_rapid_drain,1
554,TRANSFER,627.89,SYNTH_ATO_0000058,1457.23,829.34,SYNTH_ATOSINK_0000058,0.0,627.89,1,0,ato_rapid_drain,1
505,TRANSFER,6508.74,SYNTH_ATO_0000059,7434.49,925.75,SYNTH_ATOSINK_0000059,0.0,6508.74,1,0,ato_rapid_drain,1
506,TRANSFER,357.99,SYNTH_ATO_0000059,925.75,567.76,SYNTH_ATOSINK_0000059,0.0,357.99,1,0,ato_rapid_drain,1
507,TRANSFER,310.41,SYNTH_ATO_0000059,567.76,257.35,SYNTH_ATOSINK_0000059,0.0,310.41,1,0,ato_rapid_drain,1
684,TRANSFER,22645.87,SYNTH_ATO_0000060,34212.06,11566.19,SYNTH_ATOSINK_0000060,0.0,22645.87,1,0,ato_rapid_drain,1
685,TRANSFER,6586.06,SYNTH_ATO_0000060,11566.19,4980.13,SYNTH_ATOSINK_0000060,0.0,6586.06,1,0,ato_rapid_drain,1
686,TRANSFER,1603.46,SYNTH_ATO_0000060,4980.13,3376.67,SYNTH_ATOSINK_0000060,0.0,1603.46,1,0,ato_rapid_drain,1
551,TRANSFER,11790.74,SYNTH_ATO_0000061,14781.14,2990.4,SYNTH_ATOSINK_0000061,0.0,11790.74,1,0,ato_rapid_drain,1
552,TRANSFER,1386.46,SYNTH_ATO_0000061,2990.4,1603.94,SYNTH_ATOSINK_0000061,0.0,1386.46,1,0,ato_rapid_drain,1
273,TRANSFER,24700.48,SYNTH_ATO_0000062,35198.38,10497.9,SYNTH_ATOSINK_0000062,0.0,24700.48,1,0,ato_rapid_drain,1
274,TRANSFER,8003.62,SYNTH_ATO_0000062,10497.9,2494.29,SYNTH_ATOSINK_0000062,0.0,8003.62,1,0,ato_rapid_drain,1
716,TRANSFER,10535.63,SYNTH_ATO_0000063,22697.87,12162.23,SYNTH_ATOSINK_0000063,0.0,10535.63,1,0,ato_rapid_drain,1
717,TRANSFER,7805.52,SYNTH_ATO_0000063,12162.23,4356.72,SYNTH_ATOSINK_0000063,0.0,7805.52,1,0,ato_rapid_drain,1
718,TRANSFER,2666.38,SYNTH_ATO_0000063,4356.72,1690.34,SYNTH_ATOSINK_0000063,0.0,2666.38,1,0,ato_rapid_drain,1
304,TRANSFER,8924.03,SYNTH_ATO_0000064,16669.19,7745.16,SYNTH_ATOSINK_0000064,0.0,8924.03,1,0,ato_rapid_drain,1
305,TRANSFER,6131.39,SYNTH_ATO_0000064,7745.16,1613.77,SYNTH_ATOSINK_0000064,0.0,6131.39,1,0,ato_rapid_drain,1
243,TRANSFER,15281.9,SYNTH_ATO_0000065,22231.5,6949.6,SYNTH_ATOSINK_0000065,0.0,15281.9,1,0,ato_rapid_drain,1
244,TRANSFER,3991.47,SYNTH_ATO_0000065,6949.6,2958.13,SYNTH_ATOSINK_0000065,0.0,3991.47,1,0,ato_rapid_drain,1
245,TRANSFER,1362.59,SYNTH_ATO_0000065,2958.13,1595.54,SYNTH_ATOSINK_0000065,0.0,1362.59,1,0,ato_rapid_drain,1
670,TRANSFER,31509.62,SYNTH_ATO_0000066,58139.9,26630.29,SYNTH_ATOSINK_0000066,0.0,31509.62,1,0,ato_rapid_drain,1
671,TRANSFER,16614.98,SYNTH_ATO_0000066,26630.29,10015.3,SYNTH_ATOSINK_0000066,0.0,16614.98,1,0,ato_rapid_drain,1
672,TRANSFER,8364.11,SYNTH_ATO_0000066,10015.3,1651.2,SYNTH_ATOSINK_0000066,0.0,8364.11,1,0,ato_rapid_drain,1
275,TRANSFER,45481.97,SYNTH_ATO_0000067,62704.49,17222.52,SYNTH_ATOSINK_0000067,0.0,45481.97,1,0,ato_rapid_drain,1
276,TRANSFER,11628.86,SYNTH_ATO_0000067,17222.52,5593.66,SYNTH_ATOSINK_0000067,0.0,11628.86,1,0,ato_rapid_drain,1
57,TRANSFER,13975.5,SYNTH_ATO_0000068,18800.31,4824.81,SYNTH_ATOSINK_0000068,0.0,13975.5,1,0,ato_rapid_drain,1
58,TRANSFER,2384.59,SYNTH_ATO_0000068,4824.81,2440.22,SYNTH_ATOSINK_0000068,0.0,2384.59,1,0,ato_rapid_drain,1
59,TRANSFER,101.02,SYNTH_ATO_0000068,2440.22,2339.2,SYNTH_ATOSINK_0000068,0.0,101.02,1,0,ato_rapid_drain,1
350,TRANSFER,9108.08,SYNTH_ATO_0000069,19853.08,10745.0,SYNTH_ATOSINK_0000069,0.0,9108.08,1,0,ato_rapid_drain,1
351,TRANSFER,8740.57,SYNTH_ATO_0000069,10745.0,2004.43,SYNTH_ATOSINK_0000069,0.0,8740.57,1,0,ato_rapid_drain,1
591,TRANSFER,15822.71,SYNTH_ATO_0000070,34397.67,18574.96,SYNTH_ATOSINK_0000070,0.0,15822.71,1,0,ato_rapid_drain,1
592,TRANSFER,15177.63,SYNTH_ATO_0000070,18574.96,3397.32,SYNTH_ATOSINK_0000070,0.0,15177.63,1,0,ato_rapid_drain,1
143,TRANSFER,6487.29,SYNTH_ATO_0000071,10857.41,4370.12,SYNTH_ATOSINK_0000071,0.0,6487.29,1,0,ato_rapid_drain,1
144,TRANSFER,1894.03,SYNTH_ATO_0000071,4370.12,2476.09,SYNTH_ATOSINK_0000071,0.0,1894.03,1,0,ato_rapid_drain,1
145,TRANSFER,1032.53,SYNTH_ATO_0000071,2476.09,1443.56,SYNTH_ATOSINK_0000071,0.0,1032.53,1,0,ato_rapid_drain,1
344,TRANSFER,8403.87,SYNTH_ATO_0000072,22022.99,13619.12,SYNTH_ATOSINK_0000072,0.0,8403.87,1,0,ato_rapid_drain,1
345,TRANSFER,7689.48,SYNTH_ATO_0000072,13619.12,5929.64,SYNTH_ATOSINK_0000072,0.0,7689.48,1,0,ato_rapid_drain,1
346,TRANSFER,3092.49,SYNTH_ATO_0000072,5929.64,2837.15,SYNTH_ATOSINK_0000072,0.0,3092.49,1,0,ato_rapid_drain,1
98,TRANSFER,9983.19,SYNTH_ATO_0000073,17756.06,7772.87,SYNTH_ATOSINK_0000073,0.0,9983.19,1,0,ato_rapid_drain,1
99,TRANSFER,6689.63,SYNTH_ATO_0000073,7772.87,1083.24,SYNTH_ATOSINK_0000073,0.0,6689.63,1,0,ato_rapid_drain,1
509,TRANSFER,11822.29,SYNTH_ATO_0000074,21771.24,9948.94,SYNTH_ATOSINK_0000074,0.0,11822.29,1,0,ato_rapid_drain,1
510,TRANSFER,7644.07,SYNTH_ATO_0000074,9948.94,2304.87,SYNTH_ATOSINK_0000074,0.0,7644.07,1,0,ato_rapid_drain,1
354,TRANSFER,5841.72,SYNTH_ATO_0000075,10937.79,5096.07,SYNTH_ATOSINK_0000075,0.0,5841.72,1,0,ato_rapid_drain,1
355,TRANSFER,2515.61,SYNTH_ATO_0000075,5096.07,2580.46,SYNTH_ATOSINK_0000075,0.0,2515.61,1,0,ato_rapid_drain,1
356,TRANSFER,2297.58,SYNTH_ATO_0000075,2580.46,282.89,SYNTH_ATOSINK_0000075,0.0,2297.58,1,0,ato_rapid_drain,1
247,TRANSFER,3099.76,SYNTH_ATO_0000076,6948.35,3848.59,SYNTH_ATOSINK_0000076,0.0,3099.76,1,0,ato_rapid_drain,1
248,TRANSFER,1692.12,SYNTH_ATO_0000076,3848.59,2156.47,SYNTH_ATOSINK_0000076,0.0,1692.12,1,0,ato_rapid_drain,1
249,TRANSFER,1334.26,SYNTH_ATO_0000076,2156.47,822.22,SYNTH_ATOSINK_0000076,0.0,1334.26,1,0,ato_rapid_drain,1
168,TRANSFER,2340.5,SYNTH_ATO_0000077,5198.94,2858.44,SYNTH_ATOSINK_0000077,0.0,2340.5,1,0,ato_rapid_drain,1
169,TRANSFER,1097.82,SYNTH_ATO_0000077,2858.44,1760.62,SYNTH_ATOSINK_0000077,0.0,1097.82,1,0,ato_rapid_drain,1
170,TRANSFER,1047.64,SYNTH_ATO_0000077,1760.62,712.98,SYNTH_ATOSINK_0000077,0.0,1047.64,1,0,ato_rapid_drain,1
419,TRANSFER,6078.94,SYNTH_ATO_0000078,9224.05,3145.11,SYNTH_ATOSINK_0000078,0.0,6078.94,1,0,ato_rapid_drain,1
420,TRANSFER,2665.05,SYNTH_ATO_0000078,3145.11,480.06,SYNTH_ATOSINK_0000078,0.0,2665.05,1,0,ato_rapid_drain,1
495,TRANSFER,7614.56,SYNTH_ATO_0000079,13695.12,6080.56,SYNTH_ATOSINK_0000079,0.0,7614.56,1,0,ato_rapid_drain,1
496,TRANSFER,3462.06,SYNTH_ATO_0000079,6080.56,2618.5,SYNTH_ATOSINK_0000079,0.0,3462.06,1,0,ato_rapid_drain,1
497,TRANSFER,2132.8,SYNTH_ATO_0000079,2618.5,485.7,SYNTH_ATOSINK_0000079,0.0,2132.8,1,0,ato_rapid_drain,1
695,TRANSFER,12399.3,SYNTH_ATO_0000080,15124.71,2725.41,SYNTH_ATOSINK_0000080,0.0,12399.3,1,0,ato_rapid_drain,1
696,TRANSFER,1003.54,SYNTH_ATO_0000080,2725.41,1721.88,SYNTH_ATOSINK_0000080,0.0,1003.54,1,0,ato_rapid_drain,1
326,TRANSFER,49286.85,SYNTH_ATO_0000081,57661.14,8374.29,SYNTH_ATOSINK_0000081,0.0,49286.85,1,0,ato_rapid_drain,1
327,TRANSFER,1239.96,SYNTH_ATO_0000081,8374.29,7134.33,SYNTH_ATOSINK_0000081,0.0,1239.96,1,0,ato_rapid_drain,1
119,TRANSFER,23905.34,SYNTH_ATO_0000082,35017.25,11111.91,SYNTH_ATOSINK_0000082,0.0,23905.34,1,0,ato_rapid_drain,1
120,TRANSFER,5966.57,SYNTH_ATO_0000082,11111.91,5145.34,SYNTH_ATOSINK_0000082,0.0,5966.57,1,0,ato_rapid_drain,1
121,TRANSFER,738.4,SYNTH_ATO_0000082,5145.34,4406.93,SYNTH_ATOSINK_0000082,0.0,738.4,1,0,ato_rapid_drain,1
618,TRANSFER,5130.83,SYNTH_ATO_0000083,10124.82,4993.99,SYNTH_ATOSINK_0000083,0.0,5130.83,1,0,ato_rapid_drain,1
619,TRANSFER,4162.35,SYNTH_ATO_0000083,4993.99,831.64,SYNTH_ATOSINK_0000083,0.0,4162.35,1,0,ato_rapid_drain,1
467,TRANSFER,14305.18,SYNTH_ATO_0000084,22217.27,7912.09,SYNTH_ATOSINK_0000084,0.0,14305.18,1,0,ato_rapid_drain,1
468,TRANSFER,5932.4,SYNTH_ATO_0000084,7912.09,1979.69,SYNTH_ATOSINK_0000084,0.0,5932.4,1,0,ato_rapid_drain,1
518,TRANSFER,9921.36,SYNTH_ATO_0000085,14125.73,4204.37,SYNTH_ATOSINK_0000085,0.0,9921.36,1,0,ato_rapid_drain,1
519,TRANSFER,2178.07,SYNTH_ATO_0000085,4204.37,2026.3,SYNTH_ATOSINK_0000085,0.0,2178.07,1,0,ato_rapid_drain,1
520,TRANSFER,383.86,SYNTH_ATO_0000085,2026.3,1642.44,SYNTH_ATOSINK_0000085,0.0,383.86,1,0,ato_rapid_drain,1
73,TRANSFER,12785.16,SYNTH_ATO_0000086,15205.03,2419.87,SYNTH_ATOSINK_0000086,0.0,12785.16,1,0,ato_rapid_drain,1
74,TRANSFER,228.41,SYNTH_ATO_0000086,2419.87,2191.46,SYNTH_ATOSINK_0000086,0.0,228.41,1,0,ato_rapid_drain,1
232,TRANSFER,14428.17,SYNTH_ATO_0000087,20154.75,5726.58,SYNTH_ATOSINK_0000087,0.0,14428.17,1,0,ato_rapid_drain,1
233,TRANSFER,3964.93,SYNTH_ATO_0000087,5726.58,1761.65,SYNTH_ATOSINK_0000087,0.0,3964.93,1,0,ato_rapid_drain,1
570,TRANSFER,23756.81,SYNTH_ATO_0000088,26147.34,2390.53,SYNTH_ATOSINK_0000088,0.0,23756.81,1,0,ato_rapid_drain,1
571,TRANSFER,1729.35,SYNTH_ATO_0000088,2390.53,661.18,SYNTH_ATOSINK_0000088,0.0,1729.35,1,0,ato_rapid_drain,1
617,TRANSFER,11947.87,SYNTH_ATO_0000089,14712.38,2764.51,SYNTH_ATOSINK_0000089,0.0,11947.87,1,0,ato_rapid_drain,1
618,TRANSFER,1342.51,SYNTH_ATO_0000089,2764.51,1422.0,SYNTH_ATOSINK_0000089,0.0,1342.51,1,0,ato_rapid_drain,1
619,TRANSFER,463.15,SYNTH_ATO_0000089,1422.0,958.84,SYNTH_ATOSINK_0000089,0.0,463.15,1,0,ato_rapid_drain,1
324,TRANSFER,14280.69,SYNTH_ATO_0000090,34142.93,19862.24,SYNTH_ATOSINK_0000090,0.0,14280.69,1,0,ato_rapid_drain,1
325,TRANSFER,9858.43,SYNTH_ATO_0000090,19862.24,10003.8,SYNTH_ATOSINK_0000090,0.0,9858.43,1,0,ato_rapid_drain,1
326,TRANSFER,7081.71,SYNTH_ATO_0000090,10003.8,2922.09,SYNTH_ATOSINK_0000090,0.0,7081.71,1,0,ato_rapid_drain,1
597,TRANSFER,4850.01,SYNTH_ATO_0000091,9089.15,4239.14,SYNTH_ATOSINK_0000091,0.0,4850.01,1,0,ato_rapid_drain,1
598,TRANSFER,3006.56,SYNTH_ATO_0000091,4239.14,1232.58,SYNTH_ATOSINK_0000091,0.0,3006.56,1,0,ato_rapid_drain,1
625,TRANSFER,8205.67,SYNTH_ATO_0000092,18102.47,9896.8,SYNTH_ATOSINK_0000092,0.0,8205.67,1,0,ato_rapid_drain,1
626,TRANSFER,4684.93,SYNTH_ATO_0000092,9896.8,5211.87,SYNTH_ATOSINK_0000092,0.0,4684.93,1,0,ato_rapid_drain,1
627,TRANSFER,3090.56,SYNTH_ATO_0000092,5211.87,2121.31,SYNTH_ATOSINK_0000092,0.0,3090.56,1,0,ato_rapid_drain,1
288,TRANSFER,41044.39,SYNTH_ATO_0000093,85699.67,44655.28,SYNTH_ATOSINK_0000093,0.0,41044.39,1,0,ato_rapid_drain,1
289,TRANSFER,23134.53,SYNTH_ATO_0000093,44655.28,21520.75,SYNTH_ATOSINK_0000093,0.0,23134.53,1,0,ato_rapid_drain,1
290,TRANSFER,11949.86,SYNTH_ATO_0000093,21520.75,9570.89,SYNTH_ATOSINK_0000093,0.0,11949.86,1,0,ato_rapid_drain,1
664,TRANSFER,17794.59,SYNTH_ATO_0000094,20616.52,2821.92,SYNTH_ATOSINK_0000094,0.0,17794.59,1,0,ato_rapid_drain,1
665,TRANSFER,1779.23,SYNTH_ATO_0000094,2821.92,1042.69,SYNTH_ATOSINK_0000094,0.0,1779.23,1,0,ato_rapid_drain,1
215,TRANSFER,31827.81,SYNTH_ATO_0000095,42613.6,10785.79,SYNTH_ATOSINK_0000095,0.0,31827.81,1,0,ato_rapid_drain,1
216,TRANSFER,9250.53,SYNTH_ATO_0000095,10785.79,1535.27,SYNTH_ATOSINK_0000095,0.0,9250.53,1,0,ato_rapid_drain,1
178,TRANSFER,12054.79,SYNTH_ATO_0000096,19051.71,6996.92,SYNTH_ATOSINK_0000096,0.0,12054.79,1,0,ato_rapid_drain,1
179,TRANSFER,6372.28,SYNTH_ATO_0000096,6996.92,624.64,SYNTH_ATOSINK_0000096,0.0,6372.28,1,0,ato_rapid_drain,1
506,TRANSFER,14511.56,SYNTH_ATO_0000097,25551.88,11040.32,SYNTH_ATOSINK_0000097,0.0,14511.56,1,0,ato_rapid_drain,1
507,TRANSFER,9915.37,SYNTH_ATO_0000097,11040.32,1124.95,SYNTH_ATOSINK_0000097,0.0,9915.37,1,0,ato_rapid_drain,1
508,TRANSFER,562.65,SYNTH_ATO_0000097,1124.95,562.3,SYNTH_ATOSINK_0000097,0.0,562.65,1,0,ato_rapid_drain,1
473,TRANSFER,11191.64,SYNTH_ATO_0000098,17429.69,6238.04,SYNTH_ATOSINK_0000098,0.0,11191.64,1,0,ato_rapid_drain,1
474,TRANSFER,4252.32,SYNTH_ATO_0000098,6238.04,1985.73,SYNTH_ATOSINK_0000098,0.0,4252.32,1,0,ato_rapid_drain,1
475,TRANSFER,1597.18,SYNTH_ATO_0000098,1985.73,388.55,SYNTH_ATOSINK_0000098,0.0,1597.18,1,0,ato_rapid_drain,1
105,TRANSFER,13243.84,SYNTH_ATO_0000099,16281.02,3037.19,SYNTH_ATOSINK_0000099,0.0,13243.84,1,0,ato_rapid_drain,1
106,TRANSFER,2612.09,SYNTH_ATO_0000099,3037.19,425.1,SYNTH_ATOSINK_0000099,0.0,2612.09,1,0,ato_rapid_drain,1
616,TRANSFER,5316.04,SYNTH_ATO_0000100,11297.2,5981.16,SYNTH_ATOSINK_0000100,0.0,5316.04,1,0,ato_rapid_drain,1
617,TRANSFER,4392.06,SYNTH_ATO_0000100,5981.16,1589.1,SYNTH_ATOSINK_0000100,0.0,4392.06,1,0,ato_rapid_drain,1
149,TRANSFER,13759.06,SYNTH_ATO_0000101,23346.0,9586.93,SYNTH_ATOSINK_0000101,0.0,13759.06,1,0,ato_rapid_drain,1
150,TRANSFER,5507.81,SYNTH_ATO_0000101,9586.93,4079.12,SYNTH_ATOSINK_0000101,0.0,5507.81,1,0,ato_rapid_drain,1
151,TRANSFER,995.42,SYNTH_ATO_0000101,4079.12,3083.7,SYNTH_ATOSINK_0000101,0.0,995.42,1,0,ato_rapid_drain,1
597,TRANSFER,7881.19,SYNTH_ATO_0000102,10819.2,2938.01,SYNTH_ATOSINK_0000102,0.0,7881.19,1,0,ato_rapid_drain,1
598,TRANSFER,1743.36,SYNTH_ATO_0000102,2938.01,1194.65,SYNTH_ATOSINK_0000102,0.0,1743.36,1,0,ato_rapid_drain,1
8,TRANSFER,19924.32,SYNTH_ATO_0000103,26885.74,6961.41,SYNTH_ATOSINK_0000103,0.0,19924.32,1,0,ato_rapid_drain,1
9,TRANSFER,4861.01,SYNTH_ATO_0000103,6961.41,2100.4,SYNTH_ATOSINK_0000103,0.0,4861.01,1,0,ato_rapid_drain,1
589,TRANSFER,23410.65,SYNTH_ATO_0000104,34584.89,11174.24,SYNTH_ATOSINK_0000104,0.0,23410.65,1,0,ato_rapid_drain,1
590,TRANSFER,6422.52,SYNTH_ATO_0000104,11174.24,4751.72,SYNTH_ATOSINK_0000104,0.0,6422.52,1,0,ato_rapid_drain,1
583,TRANSFER,13147.15,SYNTH_ATO_0000105,22469.61,9322.45,SYNTH_ATOSINK_0000105,0.0,13147.15,1,0,ato_rapid_drain,1
584,TRANSFER,8422.63,SYNTH_ATO_0000105,9322.45,899.83,SYNTH_ATOSINK_0000105,0.0,8422.63,1,0,ato_rapid_drain,1
578,TRANSFER,9619.21,SYNTH_ATO_0000106,15187.85,5568.64,SYNTH_ATOSINK_0000106,0.0,9619.21,1,0,ato_rapid_drain,1
579,TRANSFER,4508.19,SYNTH_ATO_0000106,5568.64,1060.44,SYNTH_ATOSINK_0000106,0.0,4508.19,1,0,ato_rapid_drain,1
492,TRANSFER,8918.42,SYNTH_ATO_0000107,23679.84,14761.42,SYNTH_ATOSINK_0000107,0.0,8918.42,1,0,ato_rapid_drain,1
493,TRANSFER,7329.23,SYNTH_ATO_0000107,14761.42,7432.2,SYNTH_ATOSINK_0000107,0.0,7329.23,1,0,ato_rapid_drain,1
494,TRANSFER,5549.82,SYNTH_ATO_0000107,7432.2,1882.37,SYNTH_ATOSINK_0000107,0.0,5549.82,1,0,ato_rapid_drain,1
349,TRANSFER,7681.58,SYNTH_ATO_0000108,14984.87,7303.28,SYNTH_ATOSINK_0000108,0.0,7681.58,1,0,ato_rapid_drain,1
350,TRANSFER,5201.31,SYNTH_ATO_0000108,7303.28,2101.97,SYNTH_ATOSINK_0000108,0.0,5201.31,1,0,ato_rapid_drain,1
351,TRANSFER,176.27,SYNTH_ATO_0000108,2101.97,1925.7,SYNTH_ATOSINK_0000108,0.0,176.27,1,0,ato_rapid_drain,1
522,TRANSFER,23375.84,SYNTH_ATO_0000109,31613.14,8237.31,SYNTH_ATOSINK_0000109,0.0,23375.84,1,0,ato_rapid_drain,1
523,TRANSFER,4536.14,SYNTH_ATO_0000109,8237.31,3701.17,SYNTH_ATOSINK_0000109,0.0,4536.14,1,0,ato_rapid_drain,1
207,TRANSFER,3600.9,SYNTH_ATO_0000110,6009.86,2408.95,SYNTH_ATOSINK_0000110,0.0,3600.9,1,0,ato_rapid_drain,1
208,TRANSFER,871.54,SYNTH_ATO_0000110,2408.95,1537.42,SYNTH_ATOSINK_0000110,0.0,871.54,1,0,ato_rapid_drain,1
209,TRANSFER,761.19,SYNTH_ATO_0000110,1537.42,776.23,SYNTH_ATOSINK_0000110,0.0,761.19,1,0,ato_rapid_drain,1
579,TRANSFER,7842.29,SYNTH_ATO_0000111,14744.65,6902.36,SYNTH_ATOSINK_0000111,0.0,7842.29,1,0,ato_rapid_drain,1
580,TRANSFER,6323.65,SYNTH_ATO_0000111,6902.36,578.71,SYNTH_ATOSINK_0000111,0.0,6323.65,1,0,ato_rapid_drain,1
413,TRANSFER,2441.56,SYNTH_ATO_0000112,5461.69,3020.12,SYNTH_ATOSINK_0000112,0.0,2441.56,1,0,ato_rapid_drain,1
414,TRANSFER,1623.22,SYNTH_ATO_0000112,3020.12,1396.9,SYNTH_ATOSINK_0000112,0.0,1623.22,1,0,ato_rapid_drain,1
415,TRANSFER,992.46,SYNTH_ATO_0000112,1396.9,404.44,SYNTH_ATOSINK_0000112,0.0,992.46,1,0,ato_rapid_drain,1
342,TRANSFER,4343.74,SYNTH_ATO_0000113,7353.73,3009.99,SYNTH_ATOSINK_0000113,0.0,4343.74,1,0,ato_rapid_drain,1
343,TRANSFER,1998.02,SYNTH_ATO_0000113,3009.99,1011.97,SYNTH_ATOSINK_0000113,0.0,1998.02,1,0,ato_rapid_drain,1
344,TRANSFER,611.69,SYNTH_ATO_0000113,1011.97,400.29,SYNTH_ATOSINK_0000113,0.0,611.69,1,0,ato_rapid_drain,1
376,TRANSFER,22734.47,SYNTH_ATO_0000114,40876.78,18142.31,SYNTH_ATOSINK_0000114,0.0,22734.47,1,0,ato_rapid_drain,1
377,TRANSFER,9933.42,SYNTH_ATO_0000114,18142.31,8208.88,SYNTH_ATOSINK_0000114,0.0,9933.42,1,0,ato_rapid_drain,1
378,TRANSFER,3650.48,SYNTH_ATO_0000114,8208.88,4558.4,SYNTH_ATOSINK_0000114,0.0,3650.48,1,0,ato_rapid_drain,1
421,TRANSFER,18401.91,SYNTH_ATO_0000115,30856.76,12454.85,SYNTH_ATOSINK_0000115,0.0,18401.91,1,0,ato_rapid_drain,1
422,TRANSFER,9315.57,SYNTH_ATO_0000115,12454.85,3139.28,SYNTH_ATOSINK_0000115,0.0,9315.57,1,0,ato_rapid_drain,1
30,TRANSFER,6185.63,SYNTH_ATO_0000116,11711.33,5525.7,SYNTH_ATOSINK_0000116,0.0,6185.63,1,0,ato_rapid_drain,1
31,TRANSFER,3525.42,SYNTH_ATO_0000116,5525.7,2000.28,SYNTH_ATOSINK_0000116,0.0,3525.42,1,0,ato_rapid_drain,1
32,TRANSFER,859.97,SYNTH_ATO_0000116,2000.28,1140.32,SYNTH_ATOSINK_0000116,0.0,859.97,1,0,ato_rapid_drain,1
104,TRANSFER,4582.95,SYNTH_ATO_0000117,7320.97,2738.02,SYNTH_ATOSINK_0000117,0.0,4582.95,1,0,ato_rapid_drain,1
105,TRANSFER,1400.51,SYNTH_ATO_0000117,2738.02,1337.52,SYNTH_ATOSINK_0000117,0.0,1400.51,1,0,ato_rapid_drain,1
106,TRANSFER,962.7,SYNTH_ATO_0000117,1337.52,374.82,SYNTH_ATOSINK_0000117,0.0,962.7,1,0,ato_rapid_drain,1
183,TRANSFER,2213.03,SYNTH_ATO_0000118,3045.08,832.05,SYNTH_ATOSINK_0000118,0.0,2213.03,1,0,ato_rapid_drain,1
184,TRANSFER,681.03,SYNTH_ATO_0000118,832.05,151.02,SYNTH_ATOSINK_0000118,0.0,681.03,1,0,ato_rapid_drain,1
86,TRANSFER,9874.54,SYNTH_ATO_0000119,13015.58,3141.04,SYNTH_ATOSINK_0000119,0.0,9874.54,1,0,ato_rapid_drain,1
87,TRANSFER,1538.64,SYNTH_ATO_0000119,3141.04,1602.4,SYNTH_ATOSINK_0000119,0.0,1538.64,1,0,ato_rapid_drain,1
326,TRANSFER,46899.2,SYNTH_ATO_0000120,77053.02,30153.82,SYNTH_ATOSINK_0000120,0.0,46899.2,1,0,ato_rapid_drain,1
327,TRANSFER,17433.31,SYNTH_ATO_0000120,30153.82,12720.51,SYNTH_ATOSINK_0000120,0.0,17433.31,1,0,ato_rapid_drain,1
328,TRANSFER,10593.86,SYNTH_ATO_0000120,12720.51,2126.66,SYNTH_ATOSINK_0000120,0.0,10593.86,1,0,ato_rapid_drain,1
494,TRANSFER,18263.64,SYNTH_ATO_0000121,23410.28,5146.64,SYNTH_ATOSINK_0000121,0.0,18263.64,1,0,ato_rapid_drain,1
495,TRANSFER,1577.12,SYNTH_ATO_0000121,5146.64,3569.53,SYNTH_ATOSINK_0000121,0.0,1577.12,1,0,ato_rapid_drain,1
496,TRANSFER,425.18,SYNTH_ATO_0000121,3569.53,3144.35,SYNTH_ATOSINK_0000121,0.0,425.18,1,0,ato_rapid_drain,1
484,TRANSFER,10898.76,SYNTH_ATO_0000122,12890.64,1991.87,SYNTH_ATOSINK_0000122,0.0,10898.76,1,0,ato_rapid_drain,1
485,TRANSFER,1559.98,SYNTH_ATO_0000122,1991.87,431.89,SYNTH_ATOSINK_0000122,0.0,1559.98,1,0,ato_rapid_drain,1
351,TRANSFER,7351.76,SYNTH_ATO_0000123,23838.28,16486.53,SYNTH_ATOSINK_0000123,0.0,7351.76,1,0,ato_rapid_drain,1
352,TRANSFER,6796.01,SYNTH_ATO_0000123,16486.53,9690.52,SYNTH_ATOSINK_0000123,0.0,6796.01,1,0,ato_rapid_drain,1
353,TRANSFER,6425.9,SYNTH_ATO_0000123,9690.52,3264.62,SYNTH_ATOSINK_0000123,0.0,6425.9,1,0,ato_rapid_drain,1
632,TRANSFER,3746.43,SYNTH_ATO_0000124,7068.65,3322.22,SYNTH_ATOSINK_0000124,0.0,3746.43,1,0,ato_rapid_drain,1
633,TRANSFER,1603.46,SYNTH_ATO_0000124,3322.22,1718.76,SYNTH_ATOSINK_0000124,0.0,1603.46,1,0,ato_rapid_drain,1
634,TRANSFER,901.55,SYNTH_ATO_0000124,1718.76,817.21,SYNTH_ATOSINK_0000124,0.0,901.55,1,0,ato_rapid_drain,1
418,TRANSFER,9376.42,SYNTH_ATO_0000125,15087.26,5710.84,SYNTH_ATOSINK_0000125,0.0,9376.42,1,0,ato_rapid_drain,1
419,TRANSFER,3414.24,SYNTH_ATO_0000125,5710.84,2296.6,SYNTH_ATOSINK_0000125,0.0,3414.24,1,0,ato_rapid_drain,1
420,TRANSFER,1693.74,SYNTH_ATO_0000125,2296.6,602.85,SYNTH_ATOSINK_0000125,0.0,1693.74,1,0,ato_rapid_drain,1
61,TRANSFER,14346.1,SYNTH_ATO_0000126,19142.89,4796.79,SYNTH_ATOSINK_0000126,0.0,14346.1,1,0,ato_rapid_drain,1
62,TRANSFER,2117.11,SYNTH_ATO_0000126,4796.79,2679.68,SYNTH_ATOSINK_0000126,0.0,2117.11,1,0,ato_rapid_drain,1
63,TRANSFER,254.92,SYNTH_ATO_0000126,2679.68,2424.75,SYNTH_ATOSINK_0000126,0.0,254.92,1,0,ato_rapid_drain,1
566,TRANSFER,9868.93,SYNTH_ATO_0000127,17125.77,7256.84,SYNTH_ATOSINK_0000127,0.0,9868.93,1,0,ato_rapid_drain,1
567,TRANSFER,5608.72,SYNTH_ATO_0000127,7256.84,1648.12,SYNTH_ATOSINK_0000127,0.0,5608.72,1,0,ato_rapid_drain,1
427,TRANSFER,21046.36,SYNTH_ATO_0000128,28983.55,7937.19,SYNTH_ATOSINK_0000128,0.0,21046.36,1,0,ato_rapid_drain,1
428,TRANSFER,5166.79,SYNTH_ATO_0000128,7937.19,2770.4,SYNTH_ATOSINK_0000128,0.0,5166.79,1,0,ato_rapid_drain,1
429,TRANSFER,117.88,SYNTH_ATO_0000128,2770.4,2652.52,SYNTH_ATOSINK_0000128,0.0,117.88,1,0,ato_rapid_drain,1
472,TRANSFER,10828.21,SYNTH_ATO_0000129,22176.47,11348.26,SYNTH_ATOSINK_0000129,0.0,10828.21,1,0,ato_rapid_drain,1
473,TRANSFER,8728.85,SYNTH_ATO_0000129,11348.26,2619.4,SYNTH_ATOSINK_0000129,0.0,8728.85,1,0,ato_rapid_drain,1
419,TRANSFER,19663.64,SYNTH_ATO_0000130,26929.98,7266.35,SYNTH_ATOSINK_0000130,0.0,19663.64,1,0,ato_rapid_drain,1
420,TRANSFER,5713.34,SYNTH_ATO_0000130,7266.35,1553.0,SYNTH_ATOSINK_0000130,0.0,5713.34,1,0,ato_rapid_drain,1
410,TRANSFER,10035.52,SYNTH_ATO_0000131,11931.97,1896.45,SYNTH_ATOSINK_0000131,0.0,10035.52,1,0,ato_rapid_drain,1
411,TRANSFER,1427.21,SYNTH_ATO_0000131,1896.45,469.24,SYNTH_ATOSINK_0000131,0.0,1427.21,1,0,ato_rapid_drain,1
67,TRANSFER,21577.06,SYNTH_ATO_0000132,30905.49,9328.43,SYNTH_ATOSINK_0000132,0.0,21577.06,1,0,ato_rapid_drain,1
68,TRANSFER,8206.4,SYNTH_ATO_0000132,9328.43,1122.03,SYNTH_ATOSINK_0000132,0.0,8206.4,1,0,ato_rapid_drain,1
414,TRANSFER,17584.69,SYNTH_ATO_0000133,47923.54,30338.85,SYNTH_ATOSINK_0000133,0.0,17584.69,1,0,ato_rapid_drain,1
415,TRANSFER,13666.59,SYNTH_ATO_0000133,30338.85,16672.26,SYNTH_ATOSINK_0000133,0.0,13666.59,1,0,ato_rapid_drain,1
416,TRANSFER,11597.73,SYNTH_ATO_0000133,16672.26,5074.53,SYNTH_ATOSINK_0000133,0.0,11597.73,1,0,ato_rapid_drain,1
589,TRANSFER,4292.4,SYNTH_ATO_0000134,10075.99,5783.59,SYNTH_ATOSINK_0000134,0.0,4292.4,1,0,ato_rapid_drain,1
590,TRANSFER,2603.46,SYNTH_ATO_0000134,5783.59,3180.12,SYNTH_ATOSINK_0000134,0.0,2603.46,1,0,ato_rapid_drain,1
591,TRANSFER,2364.07,SYNTH_ATO_0000134,3180.12,816.05,SYNTH_ATOSINK_0000134,0.0,2364.07,1,0,ato_rapid_drain,1
225,TRANSFER,4321.06,SYNTH_ATO_0000135,10587.01,6265.95,SYNTH_ATOSINK_0000135,0.0,4321.06,1,0,ato_rapid_drain,1
226,TRANSFER,3093.89,SYNTH_ATO_0000135,6265.95,3172.06,SYNTH_ATOSINK_0000135,0.0,3093.89,1,0,ato_rapid_drain,1
227,TRANSFER,1925.89,SYNTH_ATO_0000135,3172.06,1246.17,SYNTH_ATOSINK_0000135,0.0,1925.89,1,0,ato_rapid_drain,1
447,TRANSFER,29501.01,SYNTH_ATO_0000136,40193.9,10692.89,SYNTH_ATOSINK_0000136,0.0,29501.01,1,0,ato_rapid_drain,1
448,TRANSFER,5942.92,SYNTH_ATO_0000136,10692.89,4749.97,SYNTH_ATOSINK_0000136,0.0,5942.92,1,0,ato_rapid_drain,1
23,TRANSFER,6065.51,SYNTH_ATO_0000137,16077.78,10012.28,SYNTH_ATOSINK_0000137,0.0,6065.51,1,0,ato_rapid_drain,1
24,TRANSFER,4380.28,SYNTH_ATO_0000137,10012.28,5632.0,SYNTH_ATOSINK_0000137,0.0,4380.28,1,0,ato_rapid_drain,1
25,TRANSFER,3557.37,SYNTH_ATO_0000137,5632.0,2074.63,SYNTH_ATOSINK_0000137,0.0,3557.37,1,0,ato_rapid_drain,1
258,TRANSFER,21260.27,SYNTH_ATO_0000138,41868.66,20608.38,SYNTH_ATOSINK_0000138,0.0,21260.27,1,0,ato_rapid_drain,1
259,TRANSFER,19444.54,SYNTH_ATO_0000138,20608.38,1163.85,SYNTH_ATOSINK_0000138,0.0,19444.54,1,0,ato_rapid_drain,1
323,TRANSFER,10322.48,SYNTH_ATO_0000139,13828.38,3505.9,SYNTH_ATOSINK_0000139,0.0,10322.48,1,0,ato_rapid_drain,1
324,TRANSFER,3027.97,SYNTH_ATO_0000139,3505.9,477.93,SYNTH_ATOSINK_0000139,0.0,3027.97,1,0,ato_rapid_drain,1
729,TRANSFER,31901.87,SYNTH_ATO_0000140,43175.45,11273.58,SYNTH_ATOSINK_0000140,0.0,31901.87,1,0,ato_rapid_drain,1
730,TRANSFER,8471.0,SYNTH_ATO_0000140,11273.58,2802.59,SYNTH_ATOSINK_0000140,0.0,8471.0,1,0,ato_rapid_drain,1
731,TRANSFER,689.43,SYNTH_ATO_0000140,2802.59,2113.15,SYNTH_ATOSINK_0000140,0.0,689.43,1,0,ato_rapid_drain,1
159,TRANSFER,10160.47,SYNTH_ATO_0000141,19514.08,9353.61,SYNTH_ATOSINK_0000141,0.0,10160.47,1,0,ato_rapid_drain,1
160,TRANSFER,7739.72,SYNTH_ATO_0000141,9353.61,1613.89,SYNTH_ATOSINK_0000141,0.0,7739.72,1,0,ato_rapid_drain,1
205,TRANSFER,12331.36,SYNTH_ATO_0000142,21055.93,8724.57,SYNTH_ATOSINK_0000142,0.0,12331.36,1,0,ato_rapid_drain,1
206,TRANSFER,6909.1,SYNTH_ATO_0000142,8724.57,1815.46,SYNTH_ATOSINK_0000142,0.0,6909.1,1,0,ato_rapid_drain,1
302,TRANSFER,28395.38,SYNTH_ATO_0000143,46112.11,17716.72,SYNTH_ATOSINK_0000143,0.0,28395.38,1,0,ato_rapid_drain,1
303,TRANSFER,11893.72,SYNTH_ATO_0000143,17716.72,5823.0,SYNTH_ATOSINK_0000143,0.0,11893.72,1,0,ato_rapid_drain,1
304,TRANSFER,2081.78,SYNTH_ATO_0000143,5823.0,3741.22,SYNTH_ATOSINK_0000143,0.0,2081.78,1,0,ato_rapid_drain,1
736,TRANSFER,11769.02,SYNTH_ATO_0000144,14515.0,2745.98,SYNTH_ATOSINK_0000144,0.0,11769.02,1,0,ato_rapid_drain,1
737,TRANSFER,1581.21,SYNTH_ATO_0000144,2745.98,1164.77,SYNTH_ATOSINK_0000144,0.0,1581.21,1,0,ato_rapid_drain,1
631,TRANSFER,8794.57,SYNTH_ATO_0000145,10253.01,1458.44,SYNTH_ATOSINK_0000145,0.0,8794.57,1,0,ato_rapid_drain,1
632,TRANSFER,499.72,SYNTH_ATO_0000145,1458.44,958.73,SYNTH_ATOSINK_0000145,0.0,499.72,1,0,ato_rapid_drain,1
27,TRANSFER,8715.03,SYNTH_ATO_0000146,13778.46,5063.42,SYNTH_ATOSINK_0000146,0.0,8715.03,1,0,ato_rapid_drain,1
28,TRANSFER,2950.22,SYNTH_ATO_0000146,5063.42,2113.2,SYNTH_ATOSINK_0000146,0.0,2950.22,1,0,ato_rapid_drain,1
29,TRANSFER,282.43,SYNTH_ATO_0000146,2113.2,1830.77,SYNTH_ATOSINK_0000146,0.0,282.43,1,0,ato_rapid_drain,1
174,TRANSFER,12006.83,SYNTH_ATO_0000147,23656.67,11649.84,SYNTH_ATOSINK_0000147,0.0,12006.83,1,0,ato_rapid_drain,1
175,TRANSFER,8487.8,SYNTH_ATO_0000147,11649.84,3162.04,SYNTH_ATOSINK_0000147,0.0,8487.8,1,0,ato_rapid_drain,1
609,TRANSFER,3468.06,SYNTH_ATO_0000148,7048.32,3580.26,SYNTH_ATOSINK_0000148,0.0,3468.06,1,0,ato_rapid_drain,1
610,TRANSFER,3395.54,SYNTH_ATO_0000148,3580.26,184.72,SYNTH_ATOSINK_0000148,0.0,3395.54,1,0,ato_rapid_drain,1
46,TRANSFER,16794.83,SYNTH_ATO_0000149,26436.01,9641.19,SYNTH_ATOSINK_0000149,0.0,16794.83,1,0,ato_rapid_drain,1
47,TRANSFER,5264.16,SYNTH_ATO_0000149,9641.19,4377.03,SYNTH_ATOSINK_0000149,0.0,5264.16,1,0,ato_rapid_drain,1
48,TRANSFER,2068.21,SYNTH_ATO_0000149,4377.03,2308.82,SYNTH_ATOSINK_0000149,0.0,2068.21,1,0,ato_rapid_drain,1
635,TRANSFER,10878.17,SYNTH_ATO_0000150,13052.53,2174.35,SYNTH_ATOSINK_0000150,0.0,10878.17,1,0,ato_rapid_drain,1
636,TRANSFER,1833.9,SYNTH_ATO_0000150,2174.35,340.45,SYNTH_ATOSINK_0000150,0.0,1833.9,1,0,ato_rapid_drain,1
209,TRANSFER,24443.96,SYNTH_ATO_0000151,35907.0,11463.04,SYNTH_ATOSINK_0000151,0.0,24443.96,1,0,ato_rapid_drain,1
210,TRANSFER,4347.66,SYNTH_ATO_0000151,11463.04,7115.38,SYNTH_ATOSINK_0000151,0.0,4347.66,1,0,ato_rapid_drain,1
211,TRANSFER,2492.89,SYNTH_ATO_0000151,7115.38,4622.49,SYNTH_ATOSINK_0000151,0.0,2492.89,1,0,ato_rapid_drain,1
681,TRANSFER,2417.44,SYNTH_ATO_0000152,4287.43,1870.0,SYNTH_ATOSINK_0000152,0.0,2417.44,1,0,ato_rapid_drain,1
682,TRANSFER,820.18,SYNTH_ATO_0000152,1870.0,1049.82,SYNTH_ATOSINK_0000152,0.0,820.18,1,0,ato_rapid_drain,1
683,TRANSFER,715.72,SYNTH_ATO_0000152,1049.82,334.1,SYNTH_ATOSINK_0000152,0.0,715.72,1,0,ato_rapid_drain,1
217,TRANSFER,5231.59,SYNTH_ATO_0000153,11249.29,6017.71,SYNTH_ATOSINK_0000153,0.0,5231.59,1,0,ato_rapid_drain,1
218,TRANSFER,4366.52,SYNTH_ATO_0000153,6017.71,1651.19,SYNTH_ATOSINK_0000153,0.0,4366.52,1,0,ato_rapid_drain,1
219,TRANSFER,267.56,SYNTH_ATO_0000153,1651.19,1383.63,SYNTH_ATOSINK_0000153,0.0,267.56,1,0,ato_rapid_drain,1
323,TRANSFER,4755.01,SYNTH_ATO_0000154,6555.89,1800.88,SYNTH_ATOSINK_0000154,0.0,4755.01,1,0,ato_rapid_drain,1
324,TRANSFER,1033.27,SYNTH_ATO_0000154,1800.88,767.6,SYNTH_ATOSINK_0000154,0.0,1033.27,1,0,ato_rapid_drain,1
491,TRANSFER,5953.63,SYNTH_ATO_0000155,10984.74,5031.11,SYNTH_ATOSINK_0000155,0.0,5953.63,1,0,ato_rapid_drain,1
492,TRANSFER,1959.6,SYNTH_ATO_0000155,5031.11,3071.51,SYNTH_ATOSINK_0000155,0.0,1959.6,1,0,ato_rapid_drain,1
493,TRANSFER,1466.71,SYNTH_ATO_0000155,3071.51,1604.79,SYNTH_ATOSINK_0000155,0.0,1466.71,1,0,ato_rapid_drain,1
96,TRANSFER,12547.37,SYNTH_ATO_0000156,20922.9,8375.53,SYNTH_ATOSINK_0000156,0.0,12547.37,1,0,ato_rapid_drain,1
97,TRANSFER,5560.65,SYNTH_ATO_0000156,8375.53,2814.88,SYNTH_ATOSINK_0000156,0.0,5560.65,1,0,ato_rapid_drain,1
414,TRANSFER,13984.28,SYNTH_ATO_0000157,16195.1,2210.82,SYNTH_ATOSINK_0000157,0.0,13984.28,1,0,ato_rapid_drain,1
415,TRANSFER,1711.85,SYNTH_ATO_0000157,2210.82,498.97,SYNTH_ATOSINK_0000157,0.0,1711.85,1,0,ato_rapid_drain,1
376,TRANSFER,8251.33,SYNTH_ATO_0000158,15490.36,7239.03,SYNTH_ATOSINK_0000158,0.0,8251.33,1,0,ato_rapid_drain,1
377,TRANSFER,5021.36,SYNTH_ATO_0000158,7239.03,2217.68,SYNTH_ATOSINK_0000158,0.0,5021.36,1,0,ato_rapid_drain,1
378,TRANSFER,541.61,SYNTH_ATO_0000158,2217.68,1676.07,SYNTH_ATOSINK_0000158,0.0,541.61,1,0,ato_rapid_drain,1
582,TRANSFER,7925.79,SYNTH_ATO_0000159,16391.02,8465.23,SYNTH_ATOSINK_0000159,0.0,7925.79,1,0,ato_rapid_drain,1
583,TRANSFER,7302.4,SYNTH_ATO_0000159,8465.23,1162.83,SYNTH_ATOSINK_0000159,0.0,7302.4,1,0,ato_rapid_drain,1
738,TRANSFER,14684.24,SYNTH_ATO_0000160,20374.37,5690.13,SYNTH_ATOSINK_0000160,0.0,14684.24,1,0,ato_rapid_drain,1
739,TRANSFER,3865.64,SYNTH_ATO_0000160,5690.13,1824.49,SYNTH_ATOSINK_0000160,0.0,3865.64,1,0,ato_rapid_drain,1
491,TRANSFER,6524.35,SYNTH_ATO_0000161,9846.57,3322.22,SYNTH_ATOSINK_0000161,0.0,6524.35,1,0,ato_rapid_drain,1
492,TRANSFER,1806.82,SYNTH_ATO_0000161,3322.22,1515.4,SYNTH_ATOSINK_0000161,0.0,1806.82,1,0,ato_rapid_drain,1
493,TRANSFER,551.02,SYNTH_ATO_0000161,1515.4,964.39,SYNTH_ATOSINK_0000161,0.0,551.02,1,0,ato_rapid_drain,1
304,TRANSFER,14850.29,SYNTH_ATO_0000162,27559.7,12709.41,SYNTH_ATOSINK_0000162,0.0,14850.29,1,0,ato_rapid_drain,1
305,TRANSFER,10164.3,SYNTH_ATO_0000162,12709.41,2545.11,SYNTH_ATOSINK_0000162,0.0,10164.3,1,0,ato_rapid_drain,1
306,TRANSFER,316.78,SYNTH_ATO_0000162,2545.11,2228.33,SYNTH_ATOSINK_0000162,0.0,316.78,1,0,ato_rapid_drain,1
301,TRANSFER,11941.31,SYNTH_ATO_0000163,26838.68,14897.38,SYNTH_ATOSINK_0000163,0.0,11941.31,1,0,ato_rapid_drain,1
302,TRANSFER,8607.45,SYNTH_ATO_0000163,14897.38,6289.93,SYNTH_ATOSINK_0000163,0.0,8607.45,1,0,ato_rapid_drain,1
303,TRANSFER,2917.41,SYNTH_ATO_0000163,6289.93,3372.52,SYNTH_ATOSINK_0000163,0.0,2917.41,1,0,ato_rapid_drain,1
311,TRANSFER,21632.93,SYNTH_ATO_0000164,22720.5,1087.56,SYNTH_ATOSINK_0000164,0.0,21632.93,1,0,ato_rapid_drain,1
312,TRANSFER,599.49,SYNTH_ATO_0000164,1087.56,488.07,SYNTH_ATOSINK_0000164,0.0,599.49,1,0,ato_rapid_drain,1
602,TRANSFER,15897.9,SYNTH_ATO_0000165,25182.89,9284.99,SYNTH_ATOSINK_0000165,0.0,15897.9,1,0,ato_rapid_drain,1
603,TRANSFER,8186.51,SYNTH_ATO_0000165,9284.99,1098.48,SYNTH_ATOSINK_0000165,0.0,8186.51,1,0,ato_rapid_drain,1
238,TRANSFER,9128.42,SYNTH_ATO_0000166,21543.96,12415.54,SYNTH_ATOSINK_0000166,0.0,9128.42,1,0,ato_rapid_drain,1
239,TRANSFER,8010.35,SYNTH_ATO_0000166,12415.54,4405.19,SYNTH_ATOSINK_0000166,0.0,8010.35,1,0,ato_rapid_drain,1
240,TRANSFER,3250.65,SYNTH_ATO_0000166,4405.19,1154.54,SYNTH_ATOSINK_0000166,0.0,3250.65,1,0,ato_rapid_drain,1
124,TRANSFER,33275.39,SYNTH_ATO_0000167,61147.48,27872.09,SYNTH_ATOSINK_0000167,0.0,33275.39,1,0,ato_rapid_drain,1
125,TRANSFER,22426.22,SYNTH_ATO_0000167,27872.09,5445.87,SYNTH_ATOSINK_0000167,0.0,22426.22,1,0,ato_rapid_drain,1
249,TRANSFER,14141.81,SYNTH_ATO_0000168,17115.56,2973.75,SYNTH_ATOSINK_0000168,0.0,14141.81,1,0,ato_rapid_drain,1
250,TRANSFER,746.57,SYNTH_ATO_0000168,2973.75,2227.18,SYNTH_ATOSINK_0000168,0.0,746.57,1,0,ato_rapid_drain,1
18,TRANSFER,7872.11,SYNTH_ATO_0000169,14999.17,7127.06,SYNTH_ATOSINK_0000169,0.0,7872.11,1,0,ato_rapid_drain,1
19,TRANSFER,6672.38,SYNTH_ATO_0000169,7127.06,454.68,SYNTH_ATOSINK_0000169,0.0,6672.38,1,0,ato_rapid_drain,1
81,TRANSFER,7648.56,SYNTH_ATO_0000170,11474.51,3825.95,SYNTH_ATOSINK_0000170,0.0,7648.56,1,0,ato_rapid_drain,1
82,TRANSFER,2614.02,SYNTH_ATO_0000170,3825.95,1211.93,SYNTH_ATOSINK_0000170,0.0,2614.02,1,0,ato_rapid_drain,1
68,TRANSFER,4214.67,SYNTH_ATO_0000171,9707.39,5492.72,SYNTH_ATOSINK_0000171,0.0,4214.67,1,0,ato_rapid_drain,1
69,TRANSFER,4099.84,SYNTH_ATO_0000171,5492.72,1392.88,SYNTH_ATOSINK_0000171,0.0,4099.84,1,0,ato_rapid_drain,1
571,TRANSFER,3610.62,SYNTH_ATO_0000172,8546.84,4936.22,SYNTH_ATOSINK_0000172,0.0,3610.62,1,0,ato_rapid_drain,1
572,TRANSFER,2764.38,SYNTH_ATO_0000172,4936.22,2171.84,SYNTH_ATOSINK_0000172,0.0,2764.38,1,0,ato_rapid_drain,1
573,TRANSFER,1270.26,SYNTH_ATO_0000172,2171.84,901.58,SYNTH_ATOSINK_0000172,0.0,1270.26,1,0,ato_rapid_drain,1
534,TRANSFER,8155.5,SYNTH_ATO_0000173,10580.01,2424.51,SYNTH_ATOSINK_0000173,0.0,8155.5,1,0,ato_rapid_drain,1
535,TRANSFER,1721.35,SYNTH_ATO_0000173,2424.51,703.16,SYNTH_ATOSINK_0000173,0.0,1721.35,1,0,ato_rapid_drain,1
536,TRANSFER,208.86,SYNTH_ATO_0000173,703.16,494.3,SYNTH_ATOSINK_0000173,0.0,208.86,1,0,ato_rapid_drain,1
515,TRANSFER,12345.45,SYNTH_ATO_0000174,17284.96,4939.51,SYNTH_ATOSINK_0000174,0.0,12345.45,1,0,ato_rapid_drain,1
516,TRANSFER,3746.02,SYNTH_ATO_0000174,4939.51,1193.49,SYNTH_ATOSINK_0000174,0.0,3746.02,1,0,ato_rapid_drain,1
343,TRANSFER,12990.86,SYNTH_ATO_0000175,22039.18,9048.32,SYNTH_ATOSINK_0000175,0.0,12990.86,1,0,ato_rapid_drain,1
344,TRANSFER,7893.66,SYNTH_ATO_0000175,9048.32,1154.65,SYNTH_ATOSINK_0000175,0.0,7893.66,1,0,ato_rapid_drain,1
532,TRANSFER,7219.25,SYNTH_ATO_0000176,18595.69,11376.44,SYNTH_ATOSINK_0000176,0.0,7219.25,1,0,ato_rapid_drain,1
533,TRANSFER,6051.2,SYNTH_ATO_0000176,11376.44,5325.24,SYNTH_ATOSINK_0000176,0.0,6051.2,1,0,ato_rapid_drain,1
534,TRANSFER,4454.46,SYNTH_ATO_0000176,5325.24,870.79,SYNTH_ATOSINK_0000176,0.0,4454.46,1,0,ato_rapid_drain,1
121,TRANSFER,5647.3,SYNTH_ATO_0000177,11392.14,5744.83,SYNTH_ATOSINK_0000177,0.0,5647.3,1,0,ato_rapid_drain,1
122,TRANSFER,3348.39,SYNTH_ATO_0000177,5744.83,2396.45,SYNTH_ATOSINK_0000177,0.0,3348.39,1,0,ato_rapid_drain,1
123,TRANSFER,1001.53,SYNTH_ATO_0000177,2396.45,1394.92,SYNTH_ATOSINK_0000177,0.0,1001.53,1,0,ato_rapid_drain,1
668,TRANSFER,18700.78,SYNTH_ATO_0000178,30949.46,12248.68,SYNTH_ATOSINK_0000178,0.0,18700.78,1,0,ato_rapid_drain,1
669,TRANSFER,11323.04,SYNTH_ATO_0000178,12248.68,925.64,SYNTH_ATOSINK_0000178,0.0,11323.04,1,0,ato_rapid_drain,1
371,TRANSFER,12363.96,SYNTH_ATO_0000179,28103.45,15739.48,SYNTH_ATOSINK_0000179,0.0,12363.96,1,0,ato_rapid_drain,1
372,TRANSFER,8196.72,SYNTH_ATO_0000179,15739.48,7542.76,SYNTH_ATOSINK_0000179,0.0,8196.72,1,0,ato_rapid_drain,1
373,TRANSFER,4927.42,SYNTH_ATO_0000179,7542.76,2615.34,SYNTH_ATOSINK_0000179,0.0,4927.42,1,0,ato_rapid_drain,1
694,TRANSFER,10135.89,SYNTH_ATO_0000180,16386.47,6250.58,SYNTH_ATOSINK_0000180,0.0,10135.89,1,0,ato_rapid_drain,1
695,TRANSFER,5153.86,SYNTH_ATO_0000180,6250.58,1096.72,SYNTH_ATOSINK_0000180,0.0,5153.86,1,0,ato_rapid_drain,1
115,TRANSFER,6321.69,SYNTH_ATO_0000181,12188.53,5866.84,SYNTH_ATOSINK_0000181,0.0,6321.69,1,0,ato_rapid_drain,1
116,TRANSFER,2817.27,SYNTH_ATO_0000181,5866.84,3049.57,SYNTH_ATOSINK_0000181,0.0,2817.27,1,0,ato_rapid_drain,1
117,TRANSFER,1224.95,SYNTH_ATO_0000181,3049.57,1824.62,SYNTH_ATOSINK_0000181,0.0,1224.95,1,0,ato_rapid_drain,1
368,TRANSFER,14107.47,SYNTH_ATO_0000182,25060.71,10953.25,SYNTH_ATOSINK_0000182,0.0,14107.47,1,0,ato_rapid_drain,1
369,TRANSFER,7970.16,SYNTH_ATO_0000182,10953.25,2983.09,SYNTH_ATOSINK_0000182,0.0,7970.16,1,0,ato_rapid_drain,1
370,TRANSFER,2460.27,SYNTH_ATO_0000182,2983.09,522.82,SYNTH_ATOSINK_0000182,0.0,2460.27,1,0,ato_rapid_drain,1
515,TRANSFER,12941.91,SYNTH_ATO_0000183,20186.8,7244.89,SYNTH_ATOSINK_0000183,0.0,12941.91,1,0,ato_rapid_drain,1
516,TRANSFER,4954.02,SYNTH_ATO_0000183,7244.89,2290.87,SYNTH_ATOSINK_0000183,0.0,4954.02,1,0,ato_rapid_drain,1
368,TRANSFER,2868.96,SYNTH_ATO_0000184,7563.76,4694.8,SYNTH_ATOSINK_0000184,0.0,2868.96,1,0,ato_rapid_drain,1
369,TRANSFER,2620.4,SYNTH_ATO_0000184,4694.8,2074.4,SYNTH_ATOSINK_0000184,0.0,2620.4,1,0,ato_rapid_drain,1
370,TRANSFER,1000.86,SYNTH_ATO_0000184,2074.4,1073.54,SYNTH_ATOSINK_0000184,0.0,1000.86,1,0,ato_rapid_drain,1
332,TRANSFER,13592.44,SYNTH_ATO_0000185,17312.98,3720.54,SYNTH_ATOSINK_0000185,0.0,13592.44,1,0,ato_rapid_drain,1
333,TRANSFER,2155.0,SYNTH_ATO_0000185,3720.54,1565.54,SYNTH_ATOSINK_0000185,0.0,2155.0,1,0,ato_rapid_drain,1
125,TRANSFER,12417.28,SYNTH_ATO_0000186,21104.08,8686.8,SYNTH_ATOSINK_0000186,0.0,12417.28,1,0,ato_rapid_drain,1
126,TRANSFER,4938.54,SYNTH_ATO_0000186,8686.8,3748.26,SYNTH_ATOSINK_0000186,0.0,4938.54,1,0,ato_rapid_drain,1
127,TRANSFER,936.64,SYNTH_ATO_0000186,3748.26,2811.61,SYNTH_ATOSINK_0000186,0.0,936.64,1,0,ato_rapid_drain,1
282,TRANSFER,3198.67,SYNTH_ATO_0000187,10511.06,7312.38,SYNTH_ATOSINK_0000187,0.0,3198.67,1,0,ato_rapid_drain,1
283,TRANSFER,3188.35,SYNTH_ATO_0000187,7312.38,4124.03,SYNTH_ATOSINK_0000187,0.0,3188.35,1,0,ato_rapid_drain,1
284,TRANSFER,2755.52,SYNTH_ATO_0000187,4124.03,1368.51,SYNTH_ATOSINK_0000187,0.0,2755.52,1,0,ato_rapid_drain,1
179,TRANSFER,10184.79,SYNTH_ATO_0000188,20209.46,10024.66,SYNTH_ATOSINK_0000188,0.0,10184.79,1,0,ato_rapid_drain,1
180,TRANSFER,8654.4,SYNTH_ATO_0000188,10024.66,1370.27,SYNTH_ATOSINK_0000188,0.0,8654.4,1,0,ato_rapid_drain,1
225,TRANSFER,4362.91,SYNTH_ATO_0000189,7533.44,3170.52,SYNTH_ATOSINK_0000189,0.0,4362.91,1,0,ato_rapid_drain,1
226,TRANSFER,2425.32,SYNTH_ATO_0000189,3170.52,745.2,SYNTH_ATOSINK_0000189,0.0,2425.32,1,0,ato_rapid_drain,1
508,TRANSFER,19552.35,SYNTH_ATO_0000190,40203.59,20651.24,SYNTH_ATOSINK_0000190,0.0,19552.35,1,0,ato_rapid_drain,1
509,TRANSFER,16045.45,SYNTH_ATO_0000190,20651.24,4605.78,SYNTH_ATOSINK_0000190,0.0,16045.45,1,0,ato_rapid_drain,1
510,TRANSFER,3393.28,SYNTH_ATO_0000190,4605.78,1212.51,SYNTH_ATOSINK_0000190,0.0,3393.28,1,0,ato_rapid_drain,1
468,TRANSFER,25662.4,SYNTH_ATO_0000191,38130.51,12468.11,SYNTH_ATOSINK_0000191,0.0,25662.4,1,0,ato_rapid_drain,1
469,TRANSFER,8330.58,SYNTH_ATO_0000191,12468.11,4137.53,SYNTH_ATOSINK_0000191,0.0,8330.58,1,0,ato_rapid_drain,1
449,TRANSFER,7494.69,SYNTH_ATO_0000192,15498.36,8003.67,SYNTH_ATOSINK_0000192,0.0,7494.69,1,0,ato_rapid_drain,1
450,TRANSFER,7142.02,SYNTH_ATO_0000192,8003.67,861.66,SYNTH_ATOSINK_0000192,0.0,7142.02,1,0,ato_rapid_drain,1
270,TRANSFER,14533.04,SYNTH_ATO_0000193,22428.16,7895.12,SYNTH_ATOSINK_0000193,0.0,14533.04,1,0,ato_rapid_drain,1
271,TRANSFER,5875.3,SYNTH_ATO_0000193,7895.12,2019.81,SYNTH_ATOSINK_0000193,0.0,5875.3,1,0,ato_rapid_drain,1
710,TRANSFER,2001.87,SYNTH_ATO_0000194,4247.33,2245.47,SYNTH_ATOSINK_0000194,0.0,2001.87,1,0,ato_rapid_drain,1
711,TRANSFER,1473.72,SYNTH_ATO_0000194,2245.47,771.75,SYNTH_ATOSINK_0000194,0.0,1473.72,1,0,ato_rapid_drain,1
712,TRANSFER,499.05,SYNTH_ATO_0000194,771.75,272.71,SYNTH_ATOSINK_0000194,0.0,499.05,1,0,ato_rapid_drain,1
67,TRANSFER,4541.23,SYNTH_ATO_0000195,9010.91,4469.68,SYNTH_ATOSINK_0000195,0.0,4541.23,1,0,ato_rapid_drain,1
68,TRANSFER,3820.53,SYNTH_ATO_0000195,4469.68,649.14,SYNTH_ATOSINK_0000195,0.0,3820.53,1,0,ato_rapid_drain,1
255,TRANSFER,7684.17,SYNTH_ATO_0000196,15119.38,7435.21,SYNTH_ATOSINK_0000196,0.0,7684.17,1,0,ato_rapid_drain,1
256,TRANSFER,6096.57,SYNTH_ATO_0000196,7435.21,1338.64,SYNTH_ATOSINK_0000196,0.0,6096.57,1,0,ato_rapid_drain,1
90,TRANSFER,4064.25,SYNTH_ATO_0000197,9477.92,5413.67,SYNTH_ATOSINK_0000197,0.0,4064.25,1,0,ato_rapid_drain,1
91,TRANSFER,3850.49,SYNTH_ATO_0000197,5413.67,1563.18,SYNTH_ATOSINK_0000197,0.0,3850.49,1,0,ato_rapid_drain,1
92,TRANSFER,1312.09,SYNTH_ATO_0000197,1563.18,251.09,SYNTH_ATOSINK_0000197,0.0,1312.09,1,0,ato_rapid_drain,1
252,TRANSFER,13151.76,SYNTH_ATO_0000198,27684.77,14533.02,SYNTH_ATOSINK_0000198,0.0,13151.76,1,0,ato_rapid_drain,1
253,TRANSFER,11613.73,SYNTH_ATO_0000198,14533.02,2919.28,SYNTH_ATOSINK_0000198,0.0,11613.73,1,0,ato_rapid_drain,1
712,TRANSFER,45773.4,SYNTH_ATO_0000199,59777.1,14003.7,SYNTH_ATOSINK_0000199,0.0,45773.4,1,0,ato_rapid_drain,1
713,TRANSFER,6414.44,SYNTH_ATO_0000199,14003.7,7589.26,SYNTH_ATOSINK_0000199,0.0,6414.44,1,0,ato_rapid_drain,1
272,TRANSFER,4036.3,SYNTH_ATO_0000200,8902.0,4865.7,SYNTH_ATOSINK_0000200,0.0,4036.3,1,0,ato_rapid_drain,1
273,TRANSFER,3715.72,SYNTH_ATO_0000200,4865.7,1149.98,SYNTH_ATOSINK_0000200,0.0,3715.72,1,0,ato_rapid_drain,1
274,TRANSFER,599.42,SYNTH_ATO_0000200,1149.98,550.57,SYNTH_ATOSINK_0000200,0.0,599.42,1,0,ato_rapid_drain,1
674,TRANSFER,9285.04,SYNTH_ATO_0000201,10910.95,1625.9,SYNTH_ATOSINK_0000201,0.0,9285.04,1,0,ato_rapid_drain,1
675,TRANSFER,1189.26,SYNTH_ATO_0000201,1625.9,436.65,SYNTH_ATOSINK_0000201,0.0,1189.26,1,0,ato_rapid_drain,1
368,TRANSFER,13222.91,SYNTH_ATO_0000202,20770.09,7547.18,SYNTH_ATOSINK_0000202,0.0,13222.91,1,0,ato_rapid_drain,1
369,TRANSFER,2411.55,SYNTH_ATO_0000202,7547.18,5135.63,SYNTH_ATOSINK_0000202,0.0,2411.55,1,0,ato_rapid_drain,1
370,TRANSFER,2128.8,SYNTH_ATO_0000202,5135.63,3006.82,SYNTH_ATOSINK_0000202,0.0,2128.8,1,0,ato_rapid_drain,1
518,TRANSFER,35518.9,SYNTH_ATO_0000203,47413.85,11894.95,SYNTH_ATOSINK_0000203,0.0,35518.9,1,0,ato_rapid_drain,1
519,TRANSFER,7554.32,SYNTH_ATO_0000203,11894.95,4340.63,SYNTH_ATOSINK_0000203,0.0,7554.32,1,0,ato_rapid_drain,1
341,TRANSFER,3984.43,SYNTH_ATO_0000204,8660.91,4676.48,SYNTH_ATOSINK_0000204,0.0,3984.43,1,0,ato_rapid_drain,1
342,TRANSFER,3201.42,SYNTH_ATO_0000204,4676.48,1475.05,SYNTH_ATOSINK_0000204,0.0,3201.42,1,0,ato_rapid_drain,1
343,TRANSFER,1180.79,SYNTH_ATO_0000204,1475.05,294.27,SYNTH_ATOSINK_0000204,0.0,1180.79,1,0,ato_rapid_drain,1
198,TRANSFER,12916.4,SYNTH_ATO_0000205,20940.11,8023.71,SYNTH_ATOSINK_0000205,0.0,12916.4,1,0,ato_rapid_drain,1
199,TRANSFER,6923.31,SYNTH_ATO_0000205,8023.71,1100.39,SYNTH_ATOSINK_0000205,0.0,6923.31,1,0,ato_rapid_drain,1
565,TRANSFER,45103.21,SYNTH_ATO_0000206,53786.58,8683.37,SYNTH_ATOSINK_0000206,0.0,45103.21,1,0,ato_rapid_drain,1
566,TRANSFER,7550.35,SYNTH_ATO_0000206,8683.37,1133.01,SYNTH_ATOSINK_0000206,0.0,7550.35,1,0,ato_rapid_drain,1
718,TRANSFER,3712.27,SYNTH_ATO_0000207,6693.85,2981.58,SYNTH_ATOSINK_0000207,0.0,3712.27,1,0,ato_rapid_drain,1
719,TRANSFER,2439.94,SYNTH_ATO_0000207,2981.58,541.64,SYNTH_ATOSINK_0000207,0.0,2439.94,1,0,ato_rapid_drain,1
197,TRANSFER,6073.82,SYNTH_ATO_0000208,8361.21,2287.39,SYNTH_ATOSINK_0000208,0.0,6073.82,1,0,ato_rapid_drain,1
198,TRANSFER,1750.59,SYNTH_ATO_0000208,2287.39,536.79,SYNTH_ATOSINK_0000208,0.0,1750.59,1,0,ato_rapid_drain,1
578,TRANSFER,7068.17,SYNTH_ATO_0000209,13986.33,6918.17,SYNTH_ATOSINK_0000209,0.0,7068.17,1,0,ato_rapid_drain,1
579,TRANSFER,4382.68,SYNTH_ATO_0000209,6918.17,2535.48,SYNTH_ATOSINK_0000209,0.0,4382.68,1,0,ato_rapid_drain,1
580,TRANSFER,987.51,SYNTH_ATO_0000209,2535.48,1547.97,SYNTH_ATOSINK_0000209,0.0,987.51,1,0,ato_rapid_drain,1
195,TRANSFER,4434.7,SYNTH_ATO_0000210,13195.71,8761.0,SYNTH_ATOSINK_0000210,0.0,4434.7,1,0,ato_rapid_drain,1
196,TRANSFER,4300.42,SYNTH_ATO_0000210,8761.0,4460.58,SYNTH_ATOSINK_0000210,0.0,4300.42,1,0,ato_rapid_drain,1
197,TRANSFER,4106.67,SYNTH_ATO_0000210,4460.58,353.91,SYNTH_ATOSINK_0000210,0.0,4106.67,1,0,ato_rapid_drain,1
531,TRANSFER,11762.53,SYNTH_ATO_0000211,29365.06,17602.53,SYNTH_ATOSINK_0000211,0.0,11762.53,1,0,ato_rapid_drain,1
532,TRANSFER,8996.25,SYNTH_ATO_0000211,17602.53,8606.28,SYNTH_ATOSINK_0000211,0.0,8996.25,1,0,ato_rapid_drain,1
533,TRANSFER,5599.99,SYNTH_ATO_0000211,8606.28,3006.29,SYNTH_ATOSINK_0000211,0.0,5599.99,1,0,ato_rapid_drain,1
586,TRANSFER,15209.45,SYNTH_ATO_0000212,20847.64,5638.18,SYNTH_ATOSINK_0000212,0.0,15209.45,1,0,ato_rapid_drain,1
587,TRANSFER,4512.54,SYNTH_ATO_0000212,5638.18,1125.64,SYNTH_ATOSINK_0000212,0.0,4512.54,1,0,ato_rapid_drain,1
334,TRANSFER,2978.27,SYNTH_ATO_0000213,6216.88,3238.61,SYNTH_ATOSINK_0000213,0.0,2978.27,1,0,ato_rapid_drain,1
335,TRANSFER,2458.99,SYNTH_ATO_0000213,3238.61,779.62,SYNTH_ATOSINK_0000213,0.0,2458.99,1,0,ato_rapid_drain,1
336,TRANSFER,172.9,SYNTH_ATO_0000213,779.62,606.72,SYNTH_ATOSINK_0000213,0.0,172.9,1,0,ato_rapid_drain,1
547,TRANSFER,13404.62,SYNTH_ATO_0000214,24569.13,11164.52,SYNTH_ATOSINK_0000214,0.0,13404.62,1,0,ato_rapid_drain,1
548,TRANSFER,5003.83,SYNTH_ATO_0000214,11164.52,6160.69,SYNTH_ATOSINK_0000214,0.0,5003.83,1,0,ato_rapid_drain,1
549,TRANSFER,4269.76,SYNTH_ATO_0000214,6160.69,1890.93,SYNTH_ATOSINK_0000214,0.0,4269.76,1,0,ato_rapid_drain,1
203,TRANSFER,6813.47,SYNTH_ATO_0000215,12752.42,5938.95,SYNTH_ATOSINK_0000215,0.0,6813.47,1,0,ato_rapid_drain,1
204,TRANSFER,5219.35,SYNTH_ATO_0000215,5938.95,719.6,SYNTH_ATOSINK_0000215,0.0,5219.35,1,0,ato_rapid_drain,1
59,TRANSFER,27431.47,SYNTH_ATO_0000216,38741.56,11310.1,SYNTH_ATOSINK_0000216,0.0,27431.47,1,0,ato_rapid_drain,1
60,TRANSFER,8062.06,SYNTH_ATO_0000216,11310.1,3248.04,SYNTH_ATOSINK_0000216,0.0,8062.06,1,0,ato_rapid_drain,1
72,TRANSFER,6760.72,SYNTH_ATO_0000217,12375.17,5614.45,SYNTH_ATOSINK_0000217,0.0,6760.72,1,0,ato_rapid_drain,1
73,TRANSFER,5217.47,SYNTH_ATO_0000217,5614.45,396.98,SYNTH_ATOSINK_0000217,0.0,5217.47,1,0,ato_rapid_drain,1
331,TRANSFER,9350.87,SYNTH_ATO_0000218,12308.32,2957.45,SYNTH_ATOSINK_0000218,0.0,9350.87,1,0,ato_rapid_drain,1
332,TRANSFER,1782.12,SYNTH_ATO_0000218,2957.45,1175.33,SYNTH_ATOSINK_0000218,0.0,1782.12,1,0,ato_rapid_drain,1
668,TRANSFER,22073.05,SYNTH_ATO_0000219,24951.24,2878.2,SYNTH_ATOSINK_0000219,0.0,22073.05,1,0,ato_rapid_drain,1
669,TRANSFER,1234.39,SYNTH_ATO_0000219,2878.2,1643.8,SYNTH_ATOSINK_0000219,0.0,1234.39,1,0,ato_rapid_drain,1
96,TRANSFER,13898.56,SYNTH_ATO_0000220,28502.75,14604.19,SYNTH_ATOSINK_0000220,0.0,13898.56,1,0,ato_rapid_drain,1
97,TRANSFER,10272.26,SYNTH_ATO_0000220,14604.19,4331.93,SYNTH_ATOSINK_0000220,0.0,10272.26,1,0,ato_rapid_drain,1
98,TRANSFER,1325.09,SYNTH_ATO_0000220,4331.93,3006.84,SYNTH_ATOSINK_0000220,0.0,1325.09,1,0,ato_rapid_drain,1
338,TRANSFER,13227.75,SYNTH_ATO_0000221,23596.64,10368.89,SYNTH_ATOSINK_0000221,0.0,13227.75,1,0,ato_rapid_drain,1
339,TRANSFER,4235.76,SYNTH_ATO_0000221,10368.89,6133.13,SYNTH_ATOSINK_0000221,0.0,4235.76,1,0,ato_rapid_drain,1
340,TRANSFER,3845.68,SYNTH_ATO_0000221,6133.13,2287.45,SYNTH_ATOSINK_0000221,0.0,3845.68,1,0,ato_rapid_drain,1
521,TRANSFER,5817.48,SYNTH_ATO_0000222,6559.32,741.83,SYNTH_ATOSINK_0000222,0.0,5817.48,1,0,ato_rapid_drain,1
522,TRANSFER,133.17,SYNTH_ATO_0000222,741.83,608.66,SYNTH_ATOSINK_0000222,0.0,133.17,1,0,ato_rapid_drain,1
151,TRANSFER,19376.92,SYNTH_ATO_0000223,24904.92,5528.0,SYNTH_ATOSINK_0000223,0.0,19376.92,1,0,ato_rapid_drain,1
152,TRANSFER,2199.58,SYNTH_ATO_0000223,5528.0,3328.42,SYNTH_ATOSINK_0000223,0.0,2199.58,1,0,ato_rapid_drain,1
535,TRANSFER,4416.19,SYNTH_ATO_0000224,9695.48,5279.29,SYNTH_ATOSINK_0000224,0.0,4416.19,1,0,ato_rapid_drain,1
536,TRANSFER,3805.94,SYNTH_ATO_0000224,5279.29,1473.36,SYNTH_ATOSINK_0000224,0.0,3805.94,1,0,ato_rapid_drain,1
537,TRANSFER,134.64,SYNTH_ATO_0000224,1473.36,1338.71,SYNTH_ATOSINK_0000224,0.0,134.64,1,0,ato_rapid_drain,1
227,TRANSFER,13598.57,SYNTH_ATO_0000225,20767.94,7169.37,SYNTH_ATOSINK_0000225,0.0,13598.57,1,0,ato_rapid_drain,1
228,TRANSFER,5585.03,SYNTH_ATO_0000225,7169.37,1584.34,SYNTH_ATOSINK_0000225,0.0,5585.03,1,0,ato_rapid_drain,1
229,TRANSFER,271.26,SYNTH_ATO_0000225,1584.34,1313.08,SYNTH_ATOSINK_0000225,0.0,271.26,1,0,ato_rapid_drain,1
599,TRANSFER,5227.61,SYNTH_ATO_0000226,7675.27,2447.66,SYNTH_ATOSINK_0000226,0.0,5227.61,1,0,ato_rapid_drain,1
600,TRANSFER,1284.14,SYNTH_ATO_0000226,2447.66,1163.53,SYNTH_ATOSINK_0000226,0.0,1284.14,1,0,ato_rapid_drain,1
601,TRANSFER,666.3,SYNTH_ATO_0000226,1163.53,497.22,SYNTH_ATOSINK_0000226,0.0,666.3,1,0,ato_rapid_drain,1
430,TRANSFER,20728.64,SYNTH_ATO_0000227,23571.49,2842.86,SYNTH_ATOSINK_0000227,0.0,20728.64,1,0,ato_rapid_drain,1
431,TRANSFER,1338.48,SYNTH_ATO_0000227,2842.86,1504.37,SYNTH_ATOSINK_0000227,0.0,1338.48,1,0,ato_rapid_drain,1
406,TRANSFER,7186.7,SYNTH_ATO_0000228,11114.89,3928.18,SYNTH_ATOSINK_0000228,0.0,7186.7,1,0,ato_rapid_drain,1
407,TRANSFER,2289.51,SYNTH_ATO_0000228,3928.18,1638.67,SYNTH_ATOSINK_0000228,0.0,2289.51,1,0,ato_rapid_drain,1
132,TRANSFER,3301.29,SYNTH_ATO_0000229,8353.36,5052.07,SYNTH_ATOSINK_0000229,0.0,3301.29,1,0,ato_rapid_drain,1
133,TRANSFER,2592.27,SYNTH_ATO_0000229,5052.07,2459.8,SYNTH_ATOSINK_0000229,0.0,2592.27,1,0,ato_rapid_drain,1
134,TRANSFER,1561.41,SYNTH_ATO_0000229,2459.8,898.39,SYNTH_ATOSINK_0000229,0.0,1561.41,1,0,ato_rapid_drain,1
345,TRANSFER,19340.41,SYNTH_ATO_0000230,27675.2,8334.79,SYNTH_ATOSINK_0000230,0.0,19340.41,1,0,ato_rapid_drain,1
346,TRANSFER,2449.4,SYNTH_ATO_0000230,8334.79,5885.39,SYNTH_ATOSINK_0000230,0.0,2449.4,1,0,ato_rapid_drain,1
347,TRANSFER,2445.78,SYNTH_ATO_0000230,5885.39,3439.6,SYNTH_ATOSINK_0000230,0.0,2445.78,1,0,ato_rapid_drain,1
634,TRANSFER,19054.28,SYNTH_ATO_0000231,20847.45,1793.16,SYNTH_ATOSINK_0000231,0.0,19054.28,1,0,ato_rapid_drain,1
635,TRANSFER,774.97,SYNTH_ATO_0000231,1793.16,1018.2,SYNTH_ATOSINK_0000231,0.0,774.97,1,0,ato_rapid_drain,1
16,TRANSFER,7621.24,SYNTH_ATO_0000232,12476.65,4855.41,SYNTH_ATOSINK_0000232,0.0,7621.24,1,0,ato_rapid_drain,1
17,TRANSFER,4379.82,SYNTH_ATO_0000232,4855.41,475.59,SYNTH_ATOSINK_0000232,0.0,4379.82,1,0,ato_rapid_drain,1
562,TRANSFER,37117.7,SYNTH_ATO_0000233,43075.4,5957.7,SYNTH_ATOSINK_0000233,0.0,37117.7,1,0,ato_rapid_drain,1
563,TRANSFER,877.75,SYNTH_ATO_0000233,5957.7,5079.95,SYNTH_ATOSINK_0000233,0.0,877.75,1,0,ato_rapid_drain,1
365,TRANSFER,11150.03,SYNTH_ATO_0000234,13844.02,2693.99,SYNTH_ATOSINK_0000234,0.0,11150.03,1,0,ato_rapid_drain,1
366,TRANSFER,1819.33,SYNTH_ATO_0000234,2693.99,874.66,SYNTH_ATOSINK_0000234,0.0,1819.33,1,0,ato_rapid_drain,1
534,TRANSFER,10199.92,SYNTH_ATO_0000235,18384.53,8184.6,SYNTH_ATOSINK_0000235,0.0,10199.92,1,0,ato_rapid_drain,1
535,TRANSFER,5512.09,SYNTH_ATO_0000235,8184.6,2672.51,SYNTH_ATOSINK_0000235,0.0,5512.09,1,0,ato_rapid_drain,1
536,TRANSFER,224.01,SYNTH_ATO_0000235,2672.51,2448.5,SYNTH_ATOSINK_0000235,0.0,224.01,1,0,ato_rapid_drain,1
491,TRANSFER,8864.79,SYNTH_ATO_0000236,21191.34,12326.56,SYNTH_ATOSINK_0000236,0.0,8864.79,1,0,ato_rapid_drain,1
492,TRANSFER,8523.73,SYNTH_ATO_0000236,12326.56,3802.83,SYNTH_ATOSINK_0000236,0.0,8523.73,1,0,ato_rapid_drain,1
493,TRANSFER,1382.14,SYNTH_ATO_0000236,3802.83,2420.69,SYNTH_ATOSINK_0000236,0.0,1382.14,1,0,ato_rapid_drain,1
320,TRANSFER,6794.23,SYNTH_ATO_0000237,12434.13,5639.91,SYNTH_ATOSINK_0000237,0.0,6794.23,1,0,ato_rapid_drain,1
321,TRANSFER,3998.91,SYNTH_ATO_0000237,5639.91,1640.99,SYNTH_ATOSINK_0000237,0.0,3998.91,1,0,ato_rapid_drain,1
231,TRANSFER,20463.58,SYNTH_ATO_0000238,23925.06,3461.48,SYNTH_ATOSINK_0000238,0.0,20463.58,1,0,ato_rapid_drain,1
232,TRANSFER,754.54,SYNTH_ATO_0000238,3461.48,2706.94,SYNTH_ATOSINK_0000238,0.0,754.54,1,0,ato_rapid_drain,1
466,TRANSFER,9019.39,SYNTH_ATO_0000239,13094.25,4074.86,SYNTH_ATOSINK_0000239,0.0,9019.39,1,0,ato_rapid_drain,1
467,TRANSFER,3259.29,SYNTH_ATO_0000239,4074.86,815.57,SYNTH_ATOSINK_0000239,0.0,3259.29,1,0,ato_rapid_drain,1
106,TRANSFER,6840.81,SYNTH_ATO_0000240,14087.13,7246.32,SYNTH_ATOSINK_0000240,0.0,6840.81,1,0,ato_rapid_drain,1
107,TRANSFER,5407.57,SYNTH_ATO_0000240,7246.32,1838.76,SYNTH_ATOSINK_0000240,0.0,5407.57,1,0,ato_rapid_drain,1
108,TRANSFER,1392.79,SYNTH_ATO_0000240,1838.76,445.96,SYNTH_ATOSINK_0000240,0.0,1392.79,1,0,ato_rapid_drain,1
434,TRANSFER,25011.6,SYNTH_ATO_0000241,40846.87,15835.28,SYNTH_ATOSINK_0000241,0.0,25011.6,1,0,ato_rapid_drain,1
435,TRANSFER,10783.66,SYNTH_ATO_0000241,15835.28,5051.62,SYNTH_ATOSINK_0000241,0.0,10783.66,1,0,ato_rapid_drain,1
72,TRANSFER,7356.24,SYNTH_ATO_0000242,9659.03,2302.79,SYNTH_ATOSINK_0000242,0.0,7356.24,1,0,ato_rapid_drain,1
73,TRANSFER,1240.85,SYNTH_ATO_0000242,2302.79,1061.95,SYNTH_ATOSINK_0000242,0.0,1240.85,1,0,ato_rapid_drain,1
74,TRANSFER,293.77,SYNTH_ATO_0000242,1061.95,768.18,SYNTH_ATOSINK_0000242,0.0,293.77,1,0,ato_rapid_drain,1
482,TRANSFER,2859.64,SYNTH_ATO_0000243,4240.06,1380.42,SYNTH_ATOSINK_0000243,0.0,2859.64,1,0,ato_rapid_drain,1
483,TRANSFER,1131.02,SYNTH_ATO_0000243,1380.42,249.4,SYNTH_ATOSINK_0000243,0.0,1131.02,1,0,ato_rapid_drain,1
467,TRANSFER,32437.67,SYNTH_ATO_0000244,47408.76,14971.09,SYNTH_ATOSINK_0000244,0.0,32437.67,1,0,ato_rapid_drain,1
468,TRANSFER,12624.57,SYNTH_ATO_0000244,14971.09,2346.51,SYNTH_ATOSINK_0000244,0.0,12624.57,1,0,ato_rapid_drain,1
469,TRANSFER,1108.19,SYNTH_ATO_0000244,2346.51,1238.32,SYNTH_ATOSINK_0000244,0.0,1108.19,1,0,ato_rapid_drain,1
63,TRANSFER,62647.86,SYNTH_ATO_0000245,83249.45,20601.59,SYNTH_ATOSINK_0000245,0.0,62647.86,1,0,ato_rapid_drain,1
64,TRANSFER,14716.51,SYNTH_ATO_0000245,20601.59,5885.08,SYNTH_ATOSINK_0000245,0.0,14716.51,1,0,ato_rapid_drain,1
561,TRANSFER,5242.87,SYNTH_ATO_0000246,14141.07,8898.2,SYNTH_ATOSINK_0000246,0.0,5242.87,1,0,ato_rapid_drain,1
562,TRANSFER,3940.97,SYNTH_ATO_0000246,8898.2,4957.23,SYNTH_ATOSINK_0000246,0.0,3940.97,1,0,ato_rapid_drain,1
563,TRANSFER,3305.04,SYNTH_ATO_0000246,4957.23,1652.19,SYNTH_ATOSINK_0000246,0.0,3305.04,1,0,ato_rapid_drain,1
309,TRANSFER,2957.72,SYNTH_ATO_0000247,5641.45,2683.73,SYNTH_ATOSINK_0000247,0.0,2957.72,1,0,ato_rapid_drain,1
310,TRANSFER,1687.87,SYNTH_ATO_0000247,2683.73,995.87,SYNTH_ATOSINK_0000247,0.0,1687.87,1,0,ato_rapid_drain,1
311,TRANSFER,608.37,SYNTH_ATO_0000247,995.87,387.5,SYNTH_ATOSINK_0000247,0.0,608.37,1,0,ato_rapid_drain,1
584,TRANSFER,9333.31,SYNTH_ATO_0000248,14968.59,5635.28,SYNTH_ATOSINK_0000248,0.0,9333.31,1,0,ato_rapid_drain,1
585,TRANSFER,2198.94,SYNTH_ATO_0000248,5635.28,3436.35,SYNTH_ATOSINK_0000248,0.0,2198.94,1,0,ato_rapid_drain,1
586,TRANSFER,1814.71,SYNTH_ATO_0000248,3436.35,1621.64,SYNTH_ATOSINK_0000248,0.0,1814.71,1,0,ato_rapid_drain,1
33,TRANSFER,11863.31,SYNTH_ATO_0000249,15188.08,3324.77,SYNTH_ATOSINK_0000249,0.0,11863.31,1,0,ato_rapid_drain,1
34,TRANSFER,2973.88,SYNTH_ATO_0000249,3324.77,350.89,SYNTH_ATOSINK_0000249,0.0,2973.88,1,0,ato_rapid_drain,1
134,TRANSFER,13641.06,SYNTH_ATO_0000250,16091.49,2450.43,SYNTH_ATOSINK_0000250,0.0,13641.06,1,0,ato_rapid_drain,1
135,TRANSFER,872.79,SYNTH_ATO_0000250,2450.43,1577.64,SYNTH_ATOSINK_0000250,0.0,872.79,1,0,ato_rapid_drain,1
367,TRANSFER,4871.61,SYNTH_ATO_0000251,9246.19,4374.59,SYNTH_ATOSINK_0000251,0.0,4871.61,1,0,ato_rapid_drain,1
368,TRANSFER,3507.58,SYNTH_ATO_0000251,4374.59,867.01,SYNTH_ATOSINK_0000251,0.0,3507.58,1,0,ato_rapid_drain,1
369,TRANSFER,303.96,SYNTH_ATO_0000251,867.01,563.04,SYNTH_ATOSINK_0000251,0.0,303.96,1,0,ato_rapid_drain,1
140,TRANSFER,12165.41,SYNTH_ATO_0000252,25533.25,13367.83,SYNTH_ATOSINK_0000252,0.0,12165.41,1,0,ato_rapid_drain,1
141,TRANSFER,8669.23,SYNTH_ATO_0000252,13367.83,4698.6,SYNTH_ATOSINK_0000252,0.0,8669.23,1,0,ato_rapid_drain,1
142,TRANSFER,945.71,SYNTH_ATO_0000252,4698.6,3752.89,SYNTH_ATOSINK_0000252,0.0,945.71,1,0,ato_rapid_drain,1
246,TRANSFER,10276.96,SYNTH_ATO_0000253,24703.6,14426.64,SYNTH_ATOSINK_0000253,0.0,10276.96,1,0,ato_rapid_drain,1
247,TRANSFER,7859.03,SYNTH_ATO_0000253,14426.64,6567.61,SYNTH_ATOSINK_0000253,0.0,7859.03,1,0,ato_rapid_drain,1
248,TRANSFER,4146.86,SYNTH_ATO_0000253,6567.61,2420.76,SYNTH_ATOSINK_0000253,0.0,4146.86,1,0,ato_rapid_drain,1
490,TRANSFER,5358.49,SYNTH_ATO_0000254,7356.63,1998.13,SYNTH_ATOSINK_0000254,0.0,5358.49,1,0,ato_rapid_drain,1
491,TRANSFER,1594.37,SYNTH_ATO_0000254,1998.13,403.77,SYNTH_ATOSINK_0000254,0.0,1594.37,1,0,ato_rapid_drain,1
492,TRANSFER,137.19,SYNTH_ATO_0000254,403.77,266.57,SYNTH_ATOSINK_0000254,0.0,137.19,1,0,ato_rapid_drain,1
108,TRANSFER,18503.95,SYNTH_ATO_0000255,27433.44,8929.49,SYNTH_ATOSINK_0000255,0.0,18503.95,1,0,ato_rapid_drain,1
109,TRANSFER,5298.42,SYNTH_ATO_0000255,8929.49,3631.07,SYNTH_ATOSINK_0000255,0.0,5298.42,1,0,ato_rapid_drain,1
110,TRANSFER,1692.33,SYNTH_ATO_0000255,3631.07,1938.73,SYNTH_ATOSINK_0000255,0.0,1692.33,1,0,ato_rapid_drain,1
503,TRANSFER,33191.72,SYNTH_ATO_0000256,61797.06,28605.34,SYNTH_ATOSINK_0000256,0.0,33191.72,1,0,ato_rapid_drain,1
504,TRANSFER,21076.82,SYNTH_ATO_0000256,28605.34,7528.52,SYNTH_ATOSINK_0000256,0.0,21076.82,1,0,ato_rapid_drain,1
505,TRANSFER,1825.43,SYNTH_ATO_0000256,7528.52,5703.09,SYNTH_ATOSINK_0000256,0.0,1825.43,1,0,ato_rapid_drain,1
78,TRANSFER,11130.8,SYNTH_ATO_0000257,19993.77,8862.98,SYNTH_ATOSINK_0000257,0.0,11130.8,1,0,ato_rapid_drain,1
79,TRANSFER,4498.68,SYNTH_ATO_0000257,8862.98,4364.3,SYNTH_ATOSINK_0000257,0.0,4498.68,1,0,ato_rapid_drain,1
80,TRANSFER,3797.92,SYNTH_ATO_0000257,4364.3,566.39,SYNTH_ATOSINK_0000257,0.0,3797.92,1,0,ato_rapid_drain,1
130,TRANSFER,13457.92,SYNTH_ATO_0000258,14729.46,1271.54,SYNTH_ATOSINK_0000258,0.0,13457.92,1,0,ato_rapid_drain,1
131,TRANSFER,697.36,SYNTH_ATO_0000258,1271.54,574.18,SYNTH_ATOSINK_0000258,0.0,697.36,1,0,ato_rapid_drain,1
435,TRANSFER,6461.8,SYNTH_ATO_0000259,16560.87,10099.07,SYNTH_ATOSINK_0000259,0.0,6461.8,1,0,ato_rapid_drain,1
436,TRANSFER,5754.83,SYNTH_ATO_0000259,10099.07,4344.24,SYNTH_ATOSINK_0000259,0.0,5754.83,1,0,ato_rapid_drain,1
437,TRANSFER,2553.81,SYNTH_ATO_0000259,4344.24,1790.43,SYNTH_ATOSINK_0000259,0.0,2553.81,1,0,ato_rapid_drain,1
587,TRANSFER,17142.1,SYNTH_ATO_0000260,26086.0,8943.9,SYNTH_ATOSINK_0000260,0.0,17142.1,1,0,ato_rapid_drain,1
588,TRANSFER,3988.74,SYNTH_ATO_0000260,8943.9,4955.16,SYNTH_ATOSINK_0000260,0.0,3988.74,1,0,ato_rapid_drain,1
589,TRANSFER,2888.92,SYNTH_ATO_0000260,4955.16,2066.24,SYNTH_ATOSINK_0000260,0.0,2888.92,1,0,ato_rapid_drain,1
129,TRANSFER,3659.13,SYNTH_ATO_0000261,6384.3,2725.16,SYNTH_ATOSINK_0000261,0.0,3659.13,1,0,ato_rapid_drain,1
130,TRANSFER,1433.0,SYNTH_ATO_0000261,2725.16,1292.16,SYNTH_ATOSINK_0000261,0.0,1433.0,1,0,ato_rapid_drain,1
131,TRANSFER,741.05,SYNTH_ATO_0000261,1292.16,551.11,SYNTH_ATOSINK_0000261,0.0,741.05,1,0,ato_rapid_drain,1
222,TRANSFER,11500.74,SYNTH_ATO_0000262,19903.17,8402.43,SYNTH_ATOSINK_0000262,0.0,11500.74,1,0,ato_rapid_drain,1
223,TRANSFER,7052.72,SYNTH_ATO_0000262,8402.43,1349.71,SYNTH_ATOSINK_0000262,0.0,7052.72,1,0,ato_rapid_drain,1
684,TRANSFER,11712.32,SYNTH_ATO_0000263,14267.25,2554.92,SYNTH_ATOSINK_0000263,0.0,11712.32,1,0,ato_rapid_drain,1
685,TRANSFER,1034.53,SYNTH_ATO_0000263,2554.92,1520.4,SYNTH_ATOSINK_0000263,0.0,1034.53,1,0,ato_rapid_drain,1
733,TRANSFER,33458.81,SYNTH_ATO_0000264,54649.48,21190.68,SYNTH_ATOSINK_0000264,0.0,33458.81,1,0,ato_rapid_drain,1
734,TRANSFER,14728.19,SYNTH_ATO_0000264,21190.68,6462.48,SYNTH_ATOSINK_0000264,0.0,14728.19,1,0,ato_rapid_drain,1
432,TRANSFER,14253.28,SYNTH_ATO_0000265,16244.28,1991.0,SYNTH_ATOSINK_0000265,0.0,14253.28,1,0,ato_rapid_drain,1
433,TRANSFER,1481.7,SYNTH_ATO_0000265,1991.0,509.3,SYNTH_ATOSINK_0000265,0.0,1481.7,1,0,ato_rapid_drain,1
332,TRANSFER,35352.94,SYNTH_ATO_0000266,49056.73,13703.79,SYNTH_ATOSINK_0000266,0.0,35352.94,1,0,ato_rapid_drain,1
333,TRANSFER,9594.71,SYNTH_ATO_0000266,13703.79,4109.08,SYNTH_ATOSINK_0000266,0.0,9594.71,1,0,ato_rapid_drain,1
334,TRANSFER,2642.47,SYNTH_ATO_0000266,4109.08,1466.62,SYNTH_ATOSINK_0000266,0.0,2642.47,1,0,ato_rapid_drain,1
259,TRANSFER,8797.41,SYNTH_ATO_0000267,9299.87,502.46,SYNTH_ATOSINK_0000267,0.0,8797.41,1,0,ato_rapid_drain,1
260,TRANSFER,127.05,SYNTH_ATO_0000267,502.46,375.42,SYNTH_ATOSINK_0000267,0.0,127.05,1,0,ato_rapid_drain,1
455,TRANSFER,20840.67,SYNTH_ATO_0000268,25651.45,4810.78,SYNTH_ATOSINK_0000268,0.0,20840.67,1,0,ato_rapid_drain,1
456,TRANSFER,2675.22,SYNTH_ATO_0000268,4810.78,2135.56,SYNTH_ATOSINK_0000268,0.0,2675.22,1,0,ato_rapid_drain,1
457,TRANSFER,1549.85,SYNTH_ATO_0000268,2135.56,585.71,SYNTH_ATOSINK_0000268,0.0,1549.85,1,0,ato_rapid_drain,1
437,TRANSFER,11462.15,SYNTH_ATO_0000269,21843.1,10380.94,SYNTH_ATOSINK_0000269,0.0,11462.15,1,0,ato_rapid_drain,1
438,TRANSFER,5036.34,SYNTH_ATO_0000269,10380.94,5344.6,SYNTH_ATOSINK_0000269,0.0,5036.34,1,0,ato_rapid_drain,1
439,TRANSFER,4183.62,SYNTH_ATO_0000269,5344.6,1160.98,SYNTH_ATOSINK_0000269,0.0,4183.62,1,0,ato_rapid_drain,1
220,TRANSFER,5724.81,SYNTH_ATO_0000270,10706.13,4981.32,SYNTH_ATOSINK_0000270,0.0,5724.81,1,0,ato_rapid_drain,1
221,TRANSFER,4439.67,SYNTH_ATO_0000270,4981.32,541.66,SYNTH_ATOSINK_0000270,0.0,4439.67,1,0,ato_rapid_drain,1
18,TRANSFER,14672.76,SYNTH_ATO_0000271,20059.09,5386.33,SYNTH_ATOSINK_0000271,0.0,14672.76,1,0,ato_rapid_drain,1
19,TRANSFER,4366.06,SYNTH_ATO_0000271,5386.33,1020.27,SYNTH_ATOSINK_0000271,0.0,4366.06,1,0,ato_rapid_drain,1
113,TRANSFER,29500.82,SYNTH_ATO_0000272,37328.46,7827.64,SYNTH_ATOSINK_0000272,0.0,29500.82,1,0,ato_rapid_drain,1
114,TRANSFER,4560.61,SYNTH_ATO_0000272,7827.64,3267.02,SYNTH_ATOSINK_0000272,0.0,4560.61,1,0,ato_rapid_drain,1
709,TRANSFER,10441.09,SYNTH_ATO_0000273,14849.55,4408.46,SYNTH_ATOSINK_0000273,0.0,10441.09,1,0,ato_rapid_drain,1
710,TRANSFER,3062.18,SYNTH_ATO_0000273,4408.46,1346.28,SYNTH_ATOSINK_0000273,0.0,3062.18,1,0,ato_rapid_drain,1
311,TRANSFER,4302.6,SYNTH_ATO_0000274,6534.31,2231.72,SYNTH_ATOSINK_0000274,0.0,4302.6,1,0,ato_rapid_drain,1
312,TRANSFER,1455.63,SYNTH_ATO_0000274,2231.72,776.08,SYNTH_ATOSINK_0000274,0.0,1455.63,1,0,ato_rapid_drain,1
359,TRANSFER,12387.4,SYNTH_ATO_0000275,17844.71,5457.31,SYNTH_ATOSINK_0000275,0.0,12387.4,1,0,ato_rapid_drain,1
360,TRANSFER,2505.23,SYNTH_ATO_0000275,5457.31,2952.08,SYNTH_ATOSINK_0000275,0.0,2505.23,1,0,ato_rapid_drain,1
361,TRANSFER,1771.23,SYNTH_ATO_0000275,2952.08,1180.85,SYNTH_ATOSINK_0000275,0.0,1771.23,1,0,ato_rapid_drain,1
347,TRANSFER,4653.13,SYNTH_ATO_0000276,10493.87,5840.74,SYNTH_ATOSINK_0000276,0.0,4653.13,1,0,ato_rapid_drain,1
348,TRANSFER,3674.83,SYNTH_ATO_0000276,5840.74,2165.91,SYNTH_ATOSINK_0000276,0.0,3674.83,1,0,ato_rapid_drain,1
349,TRANSFER,986.52,SYNTH_ATO_0000276,2165.91,1179.39,SYNTH_ATOSINK_0000276,0.0,986.52,1,0,ato_rapid_drain,1
579,TRANSFER,5692.69,SYNTH_ATO_0000277,14685.2,8992.51,SYNTH_ATOSINK_0000277,0.0,5692.69,1,0,ato_rapid_drain,1
580,TRANSFER,3691.96,SYNTH_ATO_0000277,8992.51,5300.55,SYNTH_ATOSINK_0000277,0.0,3691.96,1,0,ato_rapid_drain,1
581,TRANSFER,3589.95,SYNTH_ATO_0000277,5300.55,1710.6,SYNTH_ATOSINK_0000277,0.0,3589.95,1,0,ato_rapid_drain,1
50,TRANSFER,7764.82,SYNTH_ATO_0000278,17172.2,9407.38,SYNTH_ATOSINK_0000278,0.0,7764.82,1,0,ato_rapid_drain,1
51,TRANSFER,7197.64,SYNTH_ATO_0000278,9407.38,2209.75,SYNTH_ATOSINK_0000278,0.0,7197.64,1,0,ato_rapid_drain,1
52,TRANSFER,942.01,SYNTH_ATO_0000278,2209.75,1267.74,SYNTH_ATOSINK_0000278,0.0,942.01,1,0,ato_rapid_drain,1
64,TRANSFER,3450.97,SYNTH_ATO_0000279,6480.86,3029.89,SYNTH_ATOSINK_0000279,0.0,3450.97,1,0,ato_rapid_drain,1
65,TRANSFER,1824.61,SYNTH_ATO_0000279,3029.89,1205.28,SYNTH_ATOSINK_0000279,0.0,1824.61,1,0,ato_rapid_drain,1
66,TRANSFER,578.56,SYNTH_ATO_0000279,1205.28,626.71,SYNTH_ATOSINK_0000279,0.0,578.56,1,0,ato_rapid_drain,1
206,TRANSFER,3125.1,SYNTH_ATO_0000280,6840.42,3715.32,SYNTH_ATOSINK_0000280,0.0,3125.1,1,0,ato_rapid_drain,1
207,TRANSFER,2411.01,SYNTH_ATO_0000280,3715.32,1304.31,SYNTH_ATOSINK_0000280,0.0,2411.01,1,0,ato_rapid_drain,1
208,TRANSFER,472.87,SYNTH_ATO_0000280,1304.31,831.44,SYNTH_ATOSINK_0000280,0.0,472.87,1,0,ato_rapid_drain,1
360,TRANSFER,9031.44,SYNTH_ATO_0000281,24082.49,15051.05,SYNTH_ATOSINK_0000281,0.0,9031.44,1,0,ato_rapid_drain,1
361,TRANSFER,7830.21,SYNTH_ATO_0000281,15051.05,7220.84,SYNTH_ATOSINK_0000281,0.0,7830.21,1,0,ato_rapid_drain,1
362,TRANSFER,6163.31,SYNTH_ATO_0000281,7220.84,1057.53,SYNTH_ATOSINK_0000281,0.0,6163.31,1,0,ato_rapid_drain,1
498,TRANSFER,12232.34,SYNTH_ATO_0000282,13178.85,946.52,SYNTH_ATOSINK_0000282,0.0,12232.34,1,0,ato_rapid_drain,1
499,TRANSFER,444.06,SYNTH_ATO_0000282,946.52,502.46,SYNTH_ATOSINK_0000282,0.0,444.06,1,0,ato_rapid_drain,1
365,TRANSFER,2934.01,SYNTH_ATO_0000283,3870.56,936.54,SYNTH_ATOSINK_0000283,0.0,2934.01,1,0,ato_rapid_drain,1
366,TRANSFER,440.34,SYNTH_ATO_0000283,936.54,496.2,SYNTH_ATOSINK_0000283,0.0,440.34,1,0,ato_rapid_drain,1
327,TRANSFER,19339.54,SYNTH_ATO_0000284,28880.05,9540.51,SYNTH_ATOSINK_0000284,0.0,19339.54,1,0,ato_rapid_drain,1
328,TRANSFER,5236.69,SYNTH_ATO_0000284,9540.51,4303.82,SYNTH_ATOSINK_0000284,0.0,5236.69,1,0,ato_rapid_drain,1
696,TRANSFER,9708.6,SYNTH_ATO_0000285,21235.34,11526.73,SYNTH_ATOSINK_0000285,0.0,9708.6,1,0,ato_rapid_drain,1
697,TRANSFER,8228.71,SYNTH_ATO_0000285,11526.73,3298.03,SYNTH_ATOSINK_0000285,0.0,8228.71,1,0,ato_rapid_drain,1
698,TRANSFER,1040.64,SYNTH_ATO_0000285,3298.03,2257.38,SYNTH_ATOSINK_0000285,0.0,1040.64,1,0,ato_rapid_drain,1
120,TRANSFER,8835.99,SYNTH_ATO_0000286,11750.78,2914.79,SYNTH_ATOSINK_0000286,0.0,8835.99,1,0,ato_rapid_drain,1
121,TRANSFER,2370.46,SYNTH_ATO_0000286,2914.79,544.34,SYNTH_ATOSINK_0000286,0.0,2370.46,1,0,ato_rapid_drain,1
424,TRANSFER,6036.12,SYNTH_ATO_0000287,8183.72,2147.6,SYNTH_ATOSINK_0000287,0.0,6036.12,1,0,ato_rapid_drain,1
425,TRANSFER,1632.79,SYNTH_ATO_0000287,2147.6,514.81,SYNTH_ATOSINK_0000287,0.0,1632.79,1,0,ato_rapid_drain,1
426,TRANSFER,180.04,SYNTH_ATO_0000287,514.81,334.77,SYNTH_ATOSINK_0000287,0.0,180.04,1,0,ato_rapid_drain,1
402,TRANSFER,13730.18,SYNTH_ATO_0000288,29776.8,16046.61,SYNTH_ATOSINK_0000288,0.0,13730.18,1,0,ato_rapid_drain,1
403,TRANSFER,9935.41,SYNTH_ATO_0000288,16046.61,6111.2,SYNTH_ATOSINK_0000288,0.0,9935.41,1,0,ato_rapid_drain,1
404,TRANSFER,2180.15,SYNTH_ATO_0000288,6111.2,3931.05,SYNTH_ATOSINK_0000288,0.0,2180.15,1,0,ato_rapid_drain,1
352,TRANSFER,12835.84,SYNTH_ATO_0000289,22239.17,9403.33,SYNTH_ATOSINK_0000289,0.0,12835.84,1,0,ato_rapid_drain,1
353,TRANSFER,6545.18,SYNTH_ATO_0000289,9403.33,2858.15,SYNTH_ATOSINK_0000289,0.0,6545.18,1,0,ato_rapid_drain,1
354,TRANSFER,1760.95,SYNTH_ATO_0000289,2858.15,1097.2,SYNTH_ATOSINK_0000289,0.0,1760.95,1,0,ato_rapid_drain,1
599,TRANSFER,34229.46,SYNTH_ATO_0000290,75324.55,41095.09,SYNTH_ATOSINK_0000290,0.0,34229.46,1,0,ato_rapid_drain,1
600,TRANSFER,22320.7,SYNTH_ATO_0000290,41095.09,18774.39,SYNTH_ATOSINK_0000290,0.0,22320.7,1,0,ato_rapid_drain,1
601,TRANSFER,8608.7,SYNTH_ATO_0000290,18774.39,10165.68,SYNTH_ATOSINK_0000290,0.0,8608.7,1,0,ato_rapid_drain,1
200,TRANSFER,11648.07,SYNTH_ATO_0000291,23204.77,11556.7,SYNTH_ATOSINK_0000291,0.0,11648.07,1,0,ato_rapid_drain,1
201,TRANSFER,4969.16,SYNTH_ATO_0000291,11556.7,6587.54,SYNTH_ATOSINK_0000291,0.0,4969.16,1,0,ato_rapid_drain,1
202,TRANSFER,4283.49,SYNTH_ATO_0000291,6587.54,2304.04,SYNTH_ATOSINK_0000291,0.0,4283.49,1,0,ato_rapid_drain,1
707,TRANSFER,12495.77,SYNTH_ATO_0000292,22756.86,10261.09,SYNTH_ATOSINK_0000292,0.0,12495.77,1,0,ato_rapid_drain,1
708,TRANSFER,9801.83,SYNTH_ATO_0000292,10261.09,459.25,SYNTH_ATOSINK_0000292,0.0,9801.83,1,0,ato_rapid_drain,1
248,TRANSFER,10659.62,SYNTH_ATO_0000293,16315.05,5655.43,SYNTH_ATOSINK_0000293,0.0,10659.62,1,0,ato_rapid_drain,1
249,TRANSFER,3616.65,SYNTH_ATO_0000293,5655.43,2038.78,SYNTH_ATOSINK_0000293,0.0,3616.65,1,0,ato_rapid_drain,1
403,TRANSFER,16195.81,SYNTH_ATO_0000294,29438.7,13242.89,SYNTH_ATOSINK_0000294,0.0,16195.81,1,0,ato_rapid_drain,1
404,TRANSFER,8722.7,SYNTH_ATO_0000294,13242.89,4520.2,SYNTH_ATOSINK_0000294,0.0,8722.7,1,0,ato_rapid_drain,1
405,TRANSFER,693.61,SYNTH_ATO_0000294,4520.2,3826.58,SYNTH_ATOSINK_0000294,0.0,693.61,1,0,ato_rapid_drain,1
385,TRANSFER,17894.06,SYNTH_ATO_0000295,26240.29,8346.23,SYNTH_ATOSINK_0000295,0.0,17894.06,1,0,ato_rapid_drain,1
386,TRANSFER,5852.46,SYNTH_ATO_0000295,8346.23,2493.77,SYNTH_ATOSINK_0000295,0.0,5852.46,1,0,ato_rapid_drain,1
630,TRANSFER,23285.66,SYNTH_ATO_0000296,38216.97,14931.31,SYNTH_ATOSINK_0000296,0.0,23285.66,1,0,ato_rapid_drain,1
631,TRANSFER,12277.4,SYNTH_ATO_0000296,14931.31,2653.9,SYNTH_ATOSINK_0000296,0.0,12277.4,1,0,ato_rapid_drain,1
326,TRANSFER,11262.41,SYNTH_ATO_0000297,13189.89,1927.48,SYNTH_ATOSINK_0000297,0.0,11262.41,1,0,ato_rapid_drain,1
327,TRANSFER,1548.63,SYNTH_ATO_0000297,1927.48,378.85,SYNTH_ATOSINK_0000297,0.0,1548.63,1,0,ato_rapid_drain,1
211,TRANSFER,9341.28,SYNTH_ATO_0000298,13887.65,4546.37,SYNTH_ATOSINK_0000298,0.0,9341.28,1,0,ato_rapid_drain,1
212,TRANSFER,4233.99,SYNTH_ATO_0000298,4546.37,312.38,SYNTH_ATOSINK_0000298,0.0,4233.99,1,0,ato_rapid_drain,1
16,TRANSFER,8689.12,SYNTH_ATO_0000299,13528.29,4839.17,SYNTH_ATOSINK_0000299,0.0,8689.12,1,0,ato_rapid_drain,1
17,TRANSFER,2932.4,SYNTH_ATO_0000299,4839.17,1906.77,SYNTH_ATOSINK_0000299,0.0,2932.4,1,0,ato_rapid_drain,1
270,TRANSFER,15663.38,SYNTH_ATO_0000300,28983.47,13320.09,SYNTH_ATOSINK_0000300,0.0,15663.38,1,0,ato_rapid_drain,1
271,TRANSFER,9492.53,SYNTH_ATO_0000300,13320.09,3827.57,SYNTH_ATOSINK_0000300,0.0,9492.53,1,0,ato_rapid_drain,1
612,TRANSFER,22711.68,SYNTH_ATO_0000301,44312.61,21600.93,SYNTH_ATOSINK_0000301,0.0,22711.68,1,0,ato_rapid_drain,1
613,TRANSFER,12651.98,SYNTH_ATO_0000301,21600.93,8948.95,SYNTH_ATOSINK_0000301,0.0,12651.98,1,0,ato_rapid_drain,1
614,TRANSFER,6857.22,SYNTH_ATO_0000301,8948.95,2091.74,SYNTH_ATOSINK_0000301,0.0,6857.22,1,0,ato_rapid_drain,1
8,TRANSFER,7866.87,SYNTH_ATO_0000302,13693.76,5826.89,SYNTH_ATOSINK_0000302,0.0,7866.87,1,0,ato_rapid_drain,1
9,TRANSFER,3411.53,SYNTH_ATO_0000302,5826.89,2415.37,SYNTH_ATOSINK_0000302,0.0,3411.53,1,0,ato_rapid_drain,1
10,TRANSFER,843.08,SYNTH_ATO_0000302,2415.37,1572.29,SYNTH_ATOSINK_0000302,0.0,843.08,1,0,ato_rapid_drain,1
663,TRANSFER,9338.96,SYNTH_ATO_0000303,13976.54,4637.58,SYNTH_ATOSINK_0000303,0.0,9338.96,1,0,ato_rapid_drain,1
664,TRANSFER,2299.44,SYNTH_ATO_0000303,4637.58,2338.14,SYNTH_ATOSINK_0000303,0.0,2299.44,1,0,ato_rapid_drain,1
665,TRANSFER,1849.39,SYNTH_ATO_0000303,2338.14,488.75,SYNTH_ATOSINK_0000303,0.0,1849.39,1,0,ato_rapid_drain,1
402,TRANSFER,10907.94,SYNTH_ATO_0000304,21773.44,10865.5,SYNTH_ATOSINK_0000304,0.0,10907.94,1,0,ato_rapid_drain,1
403,TRANSFER,5941.25,SYNTH_ATO_0000304,10865.5,4924.26,SYNTH_ATOSINK_0000304,0.0,5941.25,1,0,ato_rapid_drain,1
404,TRANSFER,3536.18,SYNTH_ATO_0000304,4924.26,1388.08,SYNTH_ATOSINK_0000304,0.0,3536.18,1,0,ato_rapid_drain,1
105,TRANSFER,4992.21,SYNTH_ATO_0000305,15561.31,10569.1,SYNTH_ATOSINK_0000305,0.0,4992.21,1,0,ato_rapid_drain,1
106,TRANSFER,4533.79,SYNTH_ATO_0000305,10569.1,6035.31,SYNTH_ATOSINK_0000305,0.0,4533.79,1,0,ato_rapid_drain,1
107,TRANSFER,3927.37,SYNTH_ATO_0000305,6035.31,2107.94,SYNTH_ATOSINK_0000305,0.0,3927.37,1,0,ato_rapid_drain,1
224,TRANSFER,22836.58,SYNTH_ATO_0000306,31927.79,9091.21,SYNTH_ATOSINK_0000306,0.0,22836.58,1,0,ato_rapid_drain,1
225,TRANSFER,4806.27,SYNTH_ATO_0000306,9091.21,4284.95,SYNTH_ATOSINK_0000306,0.0,4806.27,1,0,ato_rapid_drain,1
226,TRANSFER,2951.28,SYNTH_ATO_0000306,4284.95,1333.66,SYNTH_ATOSINK_0000306,0.0,2951.28,1,0,ato_rapid_drain,1
411,TRANSFER,3398.74,SYNTH_ATO_0000307,4670.09,1271.35,SYNTH_ATOSINK_0000307,0.0,3398.74,1,0,ato_rapid_drain,1
412,TRANSFER,677.9,SYNTH_ATO_0000307,1271.35,593.45,SYNTH_ATOSINK_0000307,0.0,677.9,1,0,ato_rapid_drain,1
235,TRANSFER,6095.49,SYNTH_ATO_0000308,10981.61,4886.11,SYNTH_ATOSINK_0000308,0.0,6095.49,1,0,ato_rapid_drain,1
236,TRANSFER,3843.46,SYNTH_ATO_0000308,4886.11,1042.66,SYNTH_ATOSINK_0000308,0.0,3843.46,1,0,ato_rapid_drain,1
82,TRANSFER,8070.63,SYNTH_ATO_0000309,11277.33,3206.7,SYNTH_ATOSINK_0000309,0.0,8070.63,1,0,ato_rapid_drain,1
83,TRANSFER,2324.63,SYNTH_ATO_0000309,3206.7,882.07,SYNTH_ATOSINK_0000309,0.0,2324.63,1,0,ato_rapid_drain,1
495,TRANSFER,3330.22,SYNTH_ATO_0000310,4481.83,1151.61,SYNTH_ATOSINK_0000310,0.0,3330.22,1,0,ato_rapid_drain,1
496,TRANSFER,771.1,SYNTH_ATO_0000310,1151.61,380.51,SYNTH_ATOSINK_0000310,0.0,771.1,1,0,ato_rapid_drain,1
498,TRANSFER,7839.71,SYNTH_ATO_0000311,10115.43,2275.72,SYNTH_ATOSINK_0000311,0.0,7839.71,1,0,ato_rapid_drain,1
499,TRANSFER,1660.72,SYNTH_ATO_0000311,2275.72,615.01,SYNTH_ATOSINK_0000311,0.0,1660.72,1,0,ato_rapid_drain,1
90,TRANSFER,5955.36,SYNTH_ATO_0000312,10414.0,4458.64,SYNTH_ATOSINK_0000312,0.0,5955.36,1,0,ato_rapid_drain,1
91,TRANSFER,2861.34,SYNTH_ATO_0000312,4458.64,1597.31,SYNTH_ATOSINK_0000312,0.0,2861.34,1,0,ato_rapid_drain,1
92,TRANSFER,918.83,SYNTH_ATO_0000312,1597.31,678.48,SYNTH_ATOSINK_0000312,0.0,918.83,1,0,ato_rapid_drain,1
210,TRANSFER,13289.95,SYNTH_ATO_0000313,15983.9,2693.95,SYNTH_ATOSINK_0000313,0.0,13289.95,1,0,ato_rapid_drain,1
211,TRANSFER,1567.87,SYNTH_ATO_0000313,2693.95,1126.08,SYNTH_ATOSINK_0000313,0.0,1567.87,1,0,ato_rapid_drain,1
212,TRANSFER,789.87,SYNTH_ATO_0000313,1126.08,336.21,SYNTH_ATOSINK_0000313,0.0,789.87,1,0,ato_rapid_drain,1
183,TRANSFER,21098.89,SYNTH_ATO_0000314,35164.05,14065.16,SYNTH_ATOSINK_0000314,0.0,21098.89,1,0,ato_rapid_drain,1
184,TRANSFER,13359.24,SYNTH_ATO_0000314,14065.16,705.92,SYNTH_ATOSINK_0000314,0.0,13359.24,1,0,ato_rapid_drain,1
490,TRANSFER,10903.35,SYNTH_ATO_0000315,15567.86,4664.51,SYNTH_ATOSINK_0000315,0.0,10903.35,1,0,ato_rapid_drain,1
491,TRANSFER,3374.55,SYNTH_ATO_0000315,4664.51,1289.96,SYNTH_ATOSINK_0000315,0.0,3374.55,1,0,ato_rapid_drain,1
541,TRANSFER,4947.13,SYNTH_ATO_0000316,9715.83,4768.7,SYNTH_ATOSINK_0000316,0.0,4947.13,1,0,ato_rapid_drain,1
542,TRANSFER,3431.57,SYNTH_ATO_0000316,4768.7,1337.13,SYNTH_ATOSINK_0000316,0.0,3431.57,1,0,ato_rapid_drain,1
539,TRANSFER,10497.57,SYNTH_ATO_0000317,17427.89,6930.33,SYNTH_ATOSINK_0000317,0.0,10497.57,1,0,ato_rapid_drain,1
540,TRANSFER,5965.16,SYNTH_ATO_0000317,6930.33,965.16,SYNTH_ATOSINK_0000317,0.0,5965.16,1,0,ato_rapid_drain,1
694,TRANSFER,17832.67,SYNTH_ATO_0000318,33843.57,16010.9,SYNTH_ATOSINK_0000318,0.0,17832.67,1,0,ato_rapid_drain,1
695,TRANSFER,15231.35,SYNTH_ATO_0000318,16010.9,779.54,SYNTH_ATOSINK_0000318,0.0,15231.35,1,0,ato_rapid_drain,1
570,TRANSFER,4667.29,SYNTH_ATO_0000319,10040.93,5373.64,SYNTH_ATOSINK_0000319,0.0,4667.29,1,0,ato_rapid_drain,1
571,TRANSFER,4283.02,SYNTH_ATO_0000319,5373.64,1090.62,SYNTH_ATOSINK_0000319,0.0,4283.02,1,0,ato_rapid_drain,1
237,TRANSFER,7145.5,SYNTH_ATO_0000320,10442.66,3297.16,SYNTH_ATOSINK_0000320,0.0,7145.5,1,0,ato_rapid_drain,1
238,TRANSFER,2356.87,SYNTH_ATO_0000320,3297.16,940.29,SYNTH_ATOSINK_0000320,0.0,2356.87,1,0,ato_rapid_drain,1
82,TRANSFER,17287.43,SYNTH_ATO_0000321,25213.36,7925.93,SYNTH_ATOSINK_0000321,0.0,17287.43,1,0,ato_rapid_drain,1
83,TRANSFER,5536.23,SYNTH_ATO_0000321,7925.93,2389.7,SYNTH_ATOSINK_0000321,0.0,5536.23,1,0,ato_rapid_drain,1
457,TRANSFER,8143.37,SYNTH_ATO_0000322,15789.15,7645.78,SYNTH_ATOSINK_0000322,0.0,8143.37,1,0,ato_rapid_drain,1
458,TRANSFER,5382.95,SYNTH_ATO_0000322,7645.78,2262.83,SYNTH_ATOSINK_0000322,0.0,5382.95,1,0,ato_rapid_drain,1
677,TRANSFER,23251.29,SYNTH_ATO_0000323,26595.33,3344.03,SYNTH_ATOSINK_0000323,0.0,23251.29,1,0,ato_rapid_drain,1
678,TRANSFER,1679.02,SYNTH_ATO_0000323,3344.03,1665.02,SYNTH_ATOSINK_0000323,0.0,1679.02,1,0,ato_rapid_drain,1
723,TRANSFER,12841.66,SYNTH_ATO_0000324,17886.69,5045.03,SYNTH_ATOSINK_0000324,0.0,12841.66,1,0,ato_rapid_drain,1
724,TRANSFER,3183.63,SYNTH_ATO_0000324,5045.03,1861.4,SYNTH_ATOSINK_0000324,0.0,3183.63,1,0,ato_rapid_drain,1
171,TRANSFER,24604.54,SYNTH_ATO_0000325,27474.08,2869.54,SYNTH_ATOSINK_0000325,0.0,24604.54,1,0,ato_rapid_drain,1
172,TRANSFER,1560.95,SYNTH_ATO_0000325,2869.54,1308.58,SYNTH_ATOSINK_0000325,0.0,1560.95,1,0,ato_rapid_drain,1
177,TRANSFER,5257.08,SYNTH_ATO_0000326,9691.0,4433.93,SYNTH_ATOSINK_0000326,0.0,5257.08,1,0,ato_rapid_drain,1
178,TRANSFER,2985.21,SYNTH_ATO_0000326,4433.93,1448.71,SYNTH_ATOSINK_0000326,0.0,2985.21,1,0,ato_rapid_drain,1
179,TRANSFER,1043.39,SYNTH_ATO_0000326,1448.71,405.32,SYNTH_ATOSINK_0000326,0.0,1043.39,1,0,ato_rapid_drain,1
28,TRANSFER,10585.54,SYNTH_ATO_0000327,17903.46,7317.91,SYNTH_ATOSINK_0000327,0.0,10585.54,1,0,ato_rapid_drain,1
29,TRANSFER,6543.77,SYNTH_ATO_0000327,7317.91,774.15,SYNTH_ATOSINK_0000327,0.0,6543.77,1,0,ato_rapid_drain,1
106,TRANSFER,7310.62,SYNTH_ATO_0000328,15892.24,8581.62,SYNTH_ATOSINK_0000328,0.0,7310.62,1,0,ato_rapid_drain,1
107,TRANSFER,4802.93,SYNTH_ATO_0000328,8581.62,3778.69,SYNTH_ATOSINK_0000328,0.0,4802.93,1,0,ato_rapid_drain,1
108,TRANSFER,2255.68,SYNTH_ATO_0000328,3778.69,1523.01,SYNTH_ATOSINK_0000328,0.0,2255.68,1,0,ato_rapid_drain,1
412,TRANSFER,7038.52,SYNTH_ATO_0000329,8694.67,1656.15,SYNTH_ATOSINK_0000329,0.0,7038.52,1,0,ato_rapid_drain,1
413,TRANSFER,715.39,SYNTH_ATO_0000329,1656.15,940.76,SYNTH_ATOSINK_0000329,0.0,715.39,1,0,ato_rapid_drain,1
407,TRANSFER,3555.51,SYNTH_ATO_0000330,7057.97,3502.46,SYNTH_ATOSINK_0000330,0.0,3555.51,1,0,ato_rapid_drain,1
408,TRANSFER,3005.08,SYNTH_ATO_0000330,3502.46,497.38,SYNTH_ATOSINK_0000330,0.0,3005.08,1,0,ato_rapid_drain,1
409,TRANSFER,125.75,SYNTH_ATO_0000330,497.38,371.63,SYNTH_ATOSINK_0000330,0.0,125.75,1,0,ato_rapid_drain,1
276,TRANSFER,24153.41,SYNTH_ATO_0000331,27212.98,3059.57,SYNTH_ATOSINK_0000331,0.0,24153.41,1,0,ato_rapid_drain,1
277,TRANSFER,1812.69,SYNTH_ATO_0000331,3059.57,1246.88,SYNTH_ATOSINK_0000331,0.0,1812.69,1,0,ato_rapid_drain,1
232,TRANSFER,7866.11,SYNTH_ATO_0000332,14609.52,6743.41,SYNTH_ATOSINK_0000332,0.0,7866.11,1,0,ato_rapid_drain,1
233,TRANSFER,5201.2,SYNTH_ATO_0000332,6743.41,1542.21,SYNTH_ATOSINK_0000332,0.0,5201.2,1,0,ato_rapid_drain,1
234,TRANSFER,283.79,SYNTH_ATO_0000332,1542.21,1258.41,SYNTH_ATOSINK_0000332,0.0,283.79,1,0,ato_rapid_drain,1
616,TRANSFER,4695.8,SYNTH_ATO_0000333,9765.7,5069.91,SYNTH_ATOSINK_0000333,0.0,4695.8,1,0,ato_rapid_drain,1
617,TRANSFER,2686.02,SYNTH_ATO_0000333,5069.91,2383.88,SYNTH_ATOSINK_0000333,0.0,2686.02,1,0,ato_rapid_drain,1
618,TRANSFER,2052.77,SYNTH_ATO_0000333,2383.88,331.12,SYNTH_ATOSINK_0000333,0.0,2052.77,1,0,ato_rapid_drain,1
340,TRANSFER,8149.37,SYNTH_ATO_0000334,17022.52,8873.16,SYNTH_ATOSINK_0000334,0.0,8149.37,1,0,ato_rapid_drain,1
341,TRANSFER,6638.24,SYNTH_ATO_0000334,8873.16,2234.92,SYNTH_ATOSINK_0000334,0.0,6638.24,1,0,ato_rapid_drain,1
600,TRANSFER,21621.94,SYNTH_ATO_0000335,35483.08,13861.15,SYNTH_ATOSINK_0000335,0.0,21621.94,1,0,ato_rapid_drain,1
601,TRANSFER,12593.65,SYNTH_ATO_0000335,13861.15,1267.49,SYNTH_ATOSINK_0000335,0.0,12593.65,1,0,ato_rapid_drain,1
714,TRANSFER,2407.07,SYNTH_ATO_0000336,4589.64,2182.57,SYNTH_ATOSINK_0000336,0.0,2407.07,1,0,ato_rapid_drain,1
715,TRANSFER,1551.46,SYNTH_ATO_0000336,2182.57,631.11,SYNTH_ATOSINK_0000336,0.0,1551.46,1,0,ato_rapid_drain,1
236,TRANSFER,4659.9,SYNTH_ATO_0000337,7346.78,2686.87,SYNTH_ATOSINK_0000337,0.0,4659.9,1,0,ato_rapid_drain,1
237,TRANSFER,1731.49,SYNTH_ATO_0000337,2686.87,955.39,SYNTH_ATOSINK_0000337,0.0,1731.49,1,0,ato_rapid_drain,1
152,TRANSFER,8625.95,SYNTH_ATO_0000338,10365.81,1739.86,SYNTH_ATOSINK_0000338,0.0,8625.95,1,0,ato_rapid_drain,1
153,TRANSFER,624.46,SYNTH_ATO_0000338,1739.86,1115.4,SYNTH_ATOSINK_0000338,0.0,624.46,1,0,ato_rapid_drain,1
154,TRANSFER,279.91,SYNTH_ATO_0000338,1115.4,835.49,SYNTH_ATOSINK_0000338,0.0,279.91,1,0,ato_rapid_drain,1
707,TRANSFER,16215.8,SYNTH_ATO_0000339,43334.63,27118.83,SYNTH_ATOSINK_0000339,0.0,16215.8,1,0,ato_rapid_drain,1
708,TRANSFER,11522.55,SYNTH_ATO_0000339,27118.83,15596.28,SYNTH_ATOSINK_0000339,0.0,11522.55,1,0,ato_rapid_drain,1
709,TRANSFER,9476.45,SYNTH_ATO_0000339,15596.28,6119.83,SYNTH_ATOSINK_0000339,0.0,9476.45,1,0,ato_rapid_drain,1
472,TRANSFER,9597.42,SYNTH_ATO_0000340,21365.92,11768.49,SYNTH_ATOSINK_0000340,0.0,9597.42,1,0,ato_rapid_drain,1
473,TRANSFER,7631.69,SYNTH_ATO_0000340,11768.49,4136.8,SYNTH_ATOSINK_0000340,0.0,7631.69,1,0,ato_rapid_drain,1
474,TRANSFER,1078.59,SYNTH_ATO_0000340,4136.8,3058.21,SYNTH_ATOSINK_0000340,0.0,1078.59,1,0,ato_rapid_drain,1
217,TRANSFER,19717.73,SYNTH_ATO_0000341,28577.94,8860.21,SYNTH_ATOSINK_0000341,0.0,19717.73,1,0,ato_rapid_drain,1
218,TRANSFER,2429.9,SYNTH_ATO_0000341,8860.21,6430.3,SYNTH_ATOSINK_0000341,0.0,2429.9,1,0,ato_rapid_drain,1
219,TRANSFER,2145.54,SYNTH_ATO_0000341,6430.3,4284.76,SYNTH_ATOSINK_0000341,0.0,2145.54,1,0,ato_rapid_drain,1
461,TRANSFER,4301.59,SYNTH_ATO_0000342,9098.85,4797.26,SYNTH_ATOSINK_0000342,0.0,4301.59,1,0,ato_rapid_drain,1
462,TRANSFER,3948.53,SYNTH_ATO_0000342,4797.26,848.73,SYNTH_ATOSINK_0000342,0.0,3948.53,1,0,ato_rapid_drain,1
381,TRANSFER,3365.46,SYNTH_ATO_0000343,9212.15,5846.68,SYNTH_ATOSINK_0000343,0.0,3365.46,1,0,ato_rapid_drain,1
382,TRANSFER,2849.49,SYNTH_ATO_0000343,5846.68,2997.2,SYNTH_ATOSINK_0000343,0.0,2849.49,1,0,ato_rapid_drain,1
383,TRANSFER,2543.05,SYNTH_ATO_0000343,2997.2,454.15,SYNTH_ATOSINK_0000343,0.0,2543.05,1,0,ato_rapid_drain,1
672,TRANSFER,14143.92,SYNTH_ATO_0000344,23592.6,9448.68,SYNTH_ATOSINK_0000344,0.0,14143.92,1,0,ato_rapid_drain,1
673,TRANSFER,3045.76,SYNTH_ATO_0000344,9448.68,6402.92,SYNTH_ATOSINK_0000344,0.0,3045.76,1,0,ato_rapid_drain,1
674,TRANSFER,2970.88,SYNTH_ATO_0000344,6402.92,3432.04,SYNTH_ATOSINK_0000344,0.0,2970.88,1,0,ato_rapid_drain,1
191,TRANSFER,10121.94,SYNTH_ATO_0000345,18675.44,8553.5,SYNTH_ATOSINK_0000345,0.0,10121.94,1,0,ato_rapid_drain,1
192,TRANSFER,7325.27,SYNTH_ATO_0000345,8553.5,1228.23,SYNTH_ATOSINK_0000345,0.0,7325.27,1,0,ato_rapid_drain,1
193,TRANSFER,10.47,SYNTH_ATO_0000345,1228.23,1217.76,SYNTH_ATOSINK_0000345,0.0,10.47,1,0,ato_rapid_drain,1
734,TRANSFER,17216.48,SYNTH_ATO_0000346,25065.39,7848.91,SYNTH_ATOSINK_0000346,0.0,17216.48,1,0,ato_rapid_drain,1
735,TRANSFER,4420.08,SYNTH_ATO_0000346,7848.91,3428.84,SYNTH_ATOSINK_0000346,0.0,4420.08,1,0,ato_rapid_drain,1
736,TRANSFER,2351.19,SYNTH_ATO_0000346,3428.84,1077.65,SYNTH_ATOSINK_0000346,0.0,2351.19,1,0,ato_rapid_drain,1
692,TRANSFER,11063.12,SYNTH_ATO_0000347,16113.25,5050.14,SYNTH_ATOSINK_0000347,0.0,11063.12,1,0,ato_rapid_drain,1
693,TRANSFER,2985.07,SYNTH_ATO_0000347,5050.14,2065.07,SYNTH_ATOSINK_0000347,0.0,2985.07,1,0,ato_rapid_drain,1
134,TRANSFER,17309.75,SYNTH_ATO_0000348,21309.03,3999.28,SYNTH_ATOSINK_0000348,0.0,17309.75,1,0,ato_rapid_drain,1
135,TRANSFER,833.62,SYNTH_ATO_0000348,3999.28,3165.66,SYNTH_ATOSINK_0000348,0.0,833.62,1,0,ato_rapid_drain,1
136,TRANSFER,376.15,SYNTH_ATO_0000348,3165.66,2789.52,SYNTH_ATOSINK_0000348,0.0,376.15,1,0,ato_rapid_drain,1
122,TRANSFER,11394.97,SYNTH_ATO_0000349,19828.42,8433.45,SYNTH_ATOSINK_0000349,0.0,11394.97,1,0,ato_rapid_drain,1
123,TRANSFER,4422.89,SYNTH_ATO_0000349,8433.45,4010.56,SYNTH_ATOSINK_0000349,0.0,4422.89,1,0,ato_rapid_drain,1
124,TRANSFER,3255.17,SYNTH_ATO_0000349,4010.56,755.38,SYNTH_ATOSINK_0000349,0.0,3255.17,1,0,ato_rapid_drain,1
397,TRANSFER,21254.96,SYNTH_ATO_0000350,28757.69,7502.73,SYNTH_ATOSINK_0000350,0.0,21254.96,1,0,ato_rapid_drain,1
398,TRANSFER,6266.33,SYNTH_ATO_0000350,7502.73,1236.4,SYNTH_ATOSINK_0000350,0.0,6266.33,1,0,ato_rapid_drain,1
34,TRANSFER,20055.65,SYNTH_ATO_0000351,29266.68,9211.03,SYNTH_ATOSINK_0000351,0.0,20055.65,1,0,ato_rapid_drain,1
35,TRANSFER,6209.06,SYNTH_ATO_0000351,9211.03,3001.97,SYNTH_ATOSINK_0000351,0.0,6209.06,1,0,ato_rapid_drain,1
36,TRANSFER,662.47,SYNTH_ATO_0000351,3001.97,2339.51,SYNTH_ATOSINK_0000351,0.0,662.47,1,0,ato_rapid_drain,1
221,TRANSFER,5490.56,SYNTH_ATO_0000352,6823.15,1332.59,SYNTH_ATOSINK_0000352,0.0,5490.56,1,0,ato_rapid_drain,1
222,TRANSFER,1035.76,SYNTH_ATO_0000352,1332.59,296.83,SYNTH_ATOSINK_0000352,0.0,1035.76,1,0,ato_rapid_drain,1
324,TRANSFER,1829.47,SYNTH_ATO_0000353,4682.74,2853.27,SYNTH_ATOSINK_0000353,0.0,1829.47,1,0,ato_rapid_drain,1
325,TRANSFER,1734.4,SYNTH_ATO_0000353,2853.27,1118.87,SYNTH_ATOSINK_0000353,0.0,1734.4,1,0,ato_rapid_drain,1
326,TRANSFER,472.92,SYNTH_ATO_0000353,1118.87,645.95,SYNTH_ATOSINK_0000353,0.0,472.92,1,0,ato_rapid_drain,1
718,TRANSFER,16117.86,SYNTH_ATO_0000354,32894.06,16776.2,SYNTH_ATOSINK_0000354,0.0,16117.86,1,0,ato_rapid_drain,1
719,TRANSFER,13528.98,SYNTH_ATO_0000354,16776.2,3247.22,SYNTH_ATOSINK_0000354,0.0,13528.98,1,0,ato_rapid_drain,1
735,TRANSFER,18449.43,SYNTH_ATO_0000355,36777.26,18327.83,SYNTH_ATOSINK_0000355,0.0,18449.43,1,0,ato_rapid_drain,1
736,TRANSFER,16338.69,SYNTH_ATO_0000355,18327.83,1989.15,SYNTH_ATOSINK_0000355,0.0,16338.69,1,0,ato_rapid_drain,1
114,TRANSFER,4187.25,SYNTH_ATO_0000356,9775.42,5588.17,SYNTH_ATOSINK_0000356,0.0,4187.25,1,0,ato_rapid_drain,1
115,TRANSFER,2342.26,SYNTH_ATO_0000356,5588.17,3245.91,SYNTH_ATOSINK_0000356,0.0,2342.26,1,0,ato_rapid_drain,1
116,TRANSFER,2106.77,SYNTH_ATO_0000356,3245.91,1139.14,SYNTH_ATOSINK_0000356,0.0,2106.77,1,0,ato_rapid_drain,1
660,TRANSFER,3658.23,SYNTH_ATO_0000357,5908.21,2249.98,SYNTH_ATOSINK_0000357,0.0,3658.23,1,0,ato_rapid_drain,1
661,TRANSFER,1941.59,SYNTH_ATO_0000357,2249.98,308.39,SYNTH_ATOSINK_0000357,0.0,1941.59,1,0,ato_rapid_drain,1
68,TRANSFER,13715.7,SYNTH_ATO_0000358,19137.8,5422.1,SYNTH_ATOSINK_0000358,0.0,13715.7,1,0,ato_rapid_drain,1
69,TRANSFER,3566.13,SYNTH_ATO_0000358,5422.1,1855.97,SYNTH_ATOSINK_0000358,0.0,3566.13,1,0,ato_rapid_drain,1
70,TRANSFER,239.66,SYNTH_ATO_0000358,1855.97,1616.32,SYNTH_ATOSINK_0000358,0.0,239.66,1,0,ato_rapid_drain,1
556,TRANSFER,18828.44,SYNTH_ATO_0000359,31523.95,12695.51,SYNTH_ATOSINK_0000359,0.0,18828.44,1,0,ato_rapid_drain,1
557,TRANSFER,11041.6,SYNTH_ATO_0000359,12695.51,1653.92,SYNTH_ATOSINK_0000359,0.0,11041.6,1,0,ato_rapid_drain,1
625,TRANSFER,44161.62,SYNTH_ATO_0000360,53027.01,8865.39,SYNTH_ATOSINK_0000360,0.0,44161.62,1,0,ato_rapid_drain,1
626,TRANSFER,3266.23,SYNTH_ATO_0000360,8865.39,5599.16,SYNTH_ATOSINK_0000360,0.0,3266.23,1,0,ato_rapid_drain,1
627,TRANSFER,848.38,SYNTH_ATO_0000360,5599.16,4750.78,SYNTH_ATOSINK_0000360,0.0,848.38,1,0,ato_rapid_drain,1
660,TRANSFER,16573.86,SYNTH_ATO_0000361,24582.22,8008.36,SYNTH_ATOSINK_0000361,0.0,16573.86,1,0,ato_rapid_drain,1
661,TRANSFER,5496.74,SYNTH_ATO_0000361,8008.36,2511.62,SYNTH_ATOSINK_0000361,0.0,5496.74,1,0,ato_rapid_drain,1
168,TRANSFER,10400.71,SYNTH_ATO_0000362,14428.63,4027.93,SYNTH_ATOSINK_0000362,0.0,10400.71,1,0,ato_rapid_drain,1
169,TRANSFER,2274.77,SYNTH_ATO_0000362,4027.93,1753.16,SYNTH_ATOSINK_0000362,0.0,2274.77,1,0,ato_rapid_drain,1
663,TRANSFER,5878.61,SYNTH_ATO_0000363,10552.54,4673.93,SYNTH_ATOSINK_0000363,0.0,5878.61,1,0,ato_rapid_drain,1
664,TRANSFER,2308.47,SYNTH_ATO_0000363,4673.93,2365.46,SYNTH_ATOSINK_0000363,0.0,2308.47,1,0,ato_rapid_drain,1
665,TRANSFER,1068.44,SYNTH_ATO_0000363,2365.46,1297.02,SYNTH_ATOSINK_0000363,0.0,1068.44,1,0,ato_rapid_drain,1
87,TRANSFER,8184.11,SYNTH_ATO_0000364,18158.08,9973.96,SYNTH_ATOSINK_0000364,0.0,8184.11,1,0,ato_rapid_drain,1
88,TRANSFER,6449.19,SYNTH_ATO_0000364,9973.96,3524.77,SYNTH_ATOSINK_0000364,0.0,6449.19,1,0,ato_rapid_drain,1
89,TRANSFER,2574.99,SYNTH_ATO_0000364,3524.77,949.78,SYNTH_ATOSINK_0000364,0.0,2574.99,1,0,ato_rapid_drain,1
386,TRANSFER,7552.06,SYNTH_ATO_0000365,15069.7,7517.63,SYNTH_ATOSINK_0000365,0.0,7552.06,1,0,ato_rapid_drain,1
387,TRANSFER,5490.13,SYNTH_ATO_0000365,7517.63,2027.5,SYNTH_ATOSINK_0000365,0.0,5490.13,1,0,ato_rapid_drain,1
348,TRANSFER,8236.83,SYNTH_ATO_0000366,9808.05,1571.23,SYNTH_ATOSINK_0000366,0.0,8236.83,1,0,ato_rapid_drain,1
349,TRANSFER,209.65,SYNTH_ATO_0000366,1571.23,1361.58,SYNTH_ATOSINK_0000366,0.0,209.65,1,0,ato_rapid_drain,1
235,TRANSFER,41212.0,SYNTH_ATO_0000367,61651.53,20439.53,SYNTH_ATOSINK_0000367,0.0,41212.0,1,0,ato_rapid_drain,1
236,TRANSFER,12604.73,SYNTH_ATO_0000367,20439.53,7834.81,SYNTH_ATOSINK_0000367,0.0,12604.73,1,0,ato_rapid_drain,1
17,TRANSFER,38642.41,SYNTH_ATO_0000368,52633.13,13990.72,SYNTH_ATOSINK_0000368,0.0,38642.41,1,0,ato_rapid_drain,1
18,TRANSFER,7295.53,SYNTH_ATO_0000368,13990.72,6695.19,SYNTH_ATOSINK_0000368,0.0,7295.53,1,0,ato_rapid_drain,1
572,TRANSFER,29420.94,SYNTH_ATO_0000369,35654.45,6233.51,SYNTH_ATOSINK_0000369,0.0,29420.94,1,0,ato_rapid_drain,1
573,TRANSFER,4700.51,SYNTH_ATO_0000369,6233.51,1533.0,SYNTH_ATOSINK_0000369,0.0,4700.51,1,0,ato_rapid_drain,1
249,TRANSFER,5308.17,SYNTH_ATO_0000370,10378.48,5070.31,SYNTH_ATOSINK_0000370,0.0,5308.17,1,0,ato_rapid_drain,1
250,TRANSFER,3434.54,SYNTH_ATO_0000370,5070.31,1635.78,SYNTH_ATOSINK_0000370,0.0,3434.54,1,0,ato_rapid_drain,1
251,TRANSFER,616.67,SYNTH_ATO_0000370,1635.78,1019.11,SYNTH_ATOSINK_0000370,0.0,616.67,1,0,ato_rapid_drain,1
491,TRANSFER,25887.2,SYNTH_ATO_0000371,30122.02,4234.81,SYNTH_ATOSINK_0000371,0.0,25887.2,1,0,ato_rapid_drain,1
492,TRANSFER,3594.73,SYNTH_ATO_0000371,4234.81,640.08,SYNTH_ATOSINK_0000371,0.0,3594.73,1,0,ato_rapid_drain,1
304,TRANSFER,13987.52,SYNTH_ATO_0000372,26470.23,12482.71,SYNTH_ATOSINK_0000372,0.0,13987.52,1,0,ato_rapid_drain,1
305,TRANSFER,8614.68,SYNTH_ATO_0000372,12482.71,3868.03,SYNTH_ATOSINK_0000372,0.0,8614.68,1,0,ato_rapid_drain,1
306,TRANSFER,369.66,SYNTH_ATO_0000372,3868.03,3498.37,SYNTH_ATOSINK_0000372,0.0,369.66,1,0,ato_rapid_drain,1
279,TRANSFER,21909.56,SYNTH_ATO_0000373,23518.14,1608.58,SYNTH_ATOSINK_0000373,0.0,21909.56,1,0,ato_rapid_drain,1
280,TRANSFER,78.96,SYNTH_ATO_0000373,1608.58,1529.62,SYNTH_ATOSINK_0000373,0.0,78.96,1,0,ato_rapid_drain,1
657,TRANSFER,22803.07,SYNTH_ATO_0000374,38169.77,15366.7,SYNTH_ATOSINK_0000374,0.0,22803.07,1,0,ato_rapid_drain,1
658,TRANSFER,11867.86,SYNTH_ATO_0000374,15366.7,3498.84,SYNTH_ATOSINK_0000374,0.0,11867.86,1,0,ato_rapid_drain,1
72,TRANSFER,14912.56,SYNTH_ATO_0000375,26402.73,11490.17,SYNTH_ATOSINK_0000375,0.0,14912.56,1,0,ato_rapid_drain,1
73,TRANSFER,8878.4,SYNTH_ATO_0000375,11490.17,2611.77,SYNTH_ATOSINK_0000375,0.0,8878.4,1,0,ato_rapid_drain,1
546,TRANSFER,14752.39,SYNTH_ATO_0000376,28113.59,13361.21,SYNTH_ATOSINK_0000376,0.0,14752.39,1,0,ato_rapid_drain,1
547,TRANSFER,8503.46,SYNTH_ATO_0000376,13361.21,4857.74,SYNTH_ATOSINK_0000376,0.0,8503.46,1,0,ato_rapid_drain,1
548,TRANSFER,3838.93,SYNTH_ATO_0000376,4857.74,1018.81,SYNTH_ATOSINK_0000376,0.0,3838.93,1,0,ato_rapid_drain,1
552,TRANSFER,18842.86,SYNTH_ATO_0000377,26427.06,7584.2,SYNTH_ATOSINK_0000377,0.0,18842.86,1,0,ato_rapid_drain,1
553,TRANSFER,6971.81,SYNTH_ATO_0000377,7584.2,612.38,SYNTH_ATOSINK_0000377,0.0,6971.81,1,0,ato_rapid_drain,1
281,TRANSFER,16398.52,SYNTH_ATO_0000378,22125.25,5726.74,SYNTH_ATOSINK_0000378,0.0,16398.52,1,0,ato_rapid_drain,1
282,TRANSFER,3180.62,SYNTH_ATO_0000378,5726.74,2546.11,SYNTH_ATOSINK_0000378,0.0,3180.62,1,0,ato_rapid_drain,1
283,TRANSFER,1737.91,SYNTH_ATO_0000378,2546.11,808.2,SYNTH_ATOSINK_0000378,0.0,1737.91,1,0,ato_rapid_drain,1
196,TRANSFER,4247.52,SYNTH_ATO_0000379,6184.7,1937.18,SYNTH_ATOSINK_0000379,0.0,4247.52,1,0,ato_rapid_drain,1
197,TRANSFER,1164.08,SYNTH_ATO_0000379,1937.18,773.09,SYNTH_ATOSINK_0000379,0.0,1164.08,1,0,ato_rapid_drain,1
6,TRANSFER,12533.14,SYNTH_ATO_0000380,18961.63,6428.49,SYNTH_ATOSINK_0000380,0.0,12533.14,1,0,ato_rapid_drain,1
7,TRANSFER,4128.52,SYNTH_ATO_0000380,6428.49,2299.97,SYNTH_ATOSINK_0000380,0.0,4128.52,1,0,ato_rapid_drain,1
694,TRANSFER,7559.99,SYNTH_ATO_0000381,12916.81,5356.82,SYNTH_ATOSINK_0000381,0.0,7559.99,1,0,ato_rapid_drain,1
695,TRANSFER,3239.88,SYNTH_ATO_0000381,5356.82,2116.95,SYNTH_ATOSINK_0000381,0.0,3239.88,1,0,ato_rapid_drain,1
696,TRANSFER,1281.1,SYNTH_ATO_0000381,2116.95,835.85,SYNTH_ATOSINK_0000381,0.0,1281.1,1,0,ato_rapid_drain,1
701,TRANSFER,7116.6,SYNTH_ATO_0000382,8367.37,1250.77,SYNTH_ATOSINK_0000382,0.0,7116.6,1,0,ato_rapid_drain,1
702,TRANSFER,310.12,SYNTH_ATO_0000382,1250.77,940.65,SYNTH_ATOSINK_0000382,0.0,310.12,1,0,ato_rapid_drain,1
179,TRANSFER,38928.18,SYNTH_ATO_0000383,49468.43,10540.25,SYNTH_ATOSINK_0000383,0.0,38928.18,1,0,ato_rapid_drain,1
180,TRANSFER,4346.64,SYNTH_ATO_0000383,10540.25,6193.61,SYNTH_ATOSINK_0000383,0.0,4346.64,1,0,ato_rapid_drain,1
181,TRANSFER,3498.29,SYNTH_ATO_0000383,6193.61,2695.32,SYNTH_ATOSINK_0000383,0.0,3498.29,1,0,ato_rapid_drain,1
25,TRANSFER,46523.26,SYNTH_ATO_0000384,50888.75,4365.5,SYNTH_ATOSINK_0000384,0.0,46523.26,1,0,ato_rapid_drain,1
26,TRANSFER,479.36,SYNTH_ATO_0000384,4365.5,3886.14,SYNTH_ATOSINK_0000384,0.0,479.36,1,0,ato_rapid_drain,1
92,TRANSFER,16238.95,SYNTH_ATO_0000385,40763.09,24524.14,SYNTH_ATOSINK_0000385,0.0,16238.95,1,0,ato_rapid_drain,1
93,TRANSFER,14764.73,SYNTH_ATO_0000385,24524.14,9759.42,SYNTH_ATOSINK_0000385,0.0,14764.73,1,0,ato_rapid_drain,1
94,TRANSFER,6564.33,SYNTH_ATO_0000385,9759.42,3195.09,SYNTH_ATOSINK_0000385,0.0,6564.33,1,0,ato_rapid_drain,1
50,TRANSFER,8710.02,SYNTH_ATO_0000386,21017.86,12307.85,SYNTH_ATOSINK_0000386,0.0,8710.02,1,0,ato_rapid_drain,1
51,TRANSFER,8441.96,SYNTH_ATO_0000386,12307.85,3865.89,SYNTH_ATOSINK_0000386,0.0,8441.96,1,0,ato_rapid_drain,1
52,TRANSFER,2977.07,SYNTH_ATO_0000386,3865.89,888.82,SYNTH_ATOSINK_0000386,0.0,2977.07,1,0,ato_rapid_drain,1
617,TRANSFER,19862.4,SYNTH_ATO_0000387,40553.41,20691.0,SYNTH_ATOSINK_0000387,0.0,19862.4,1,0,ato_rapid_drain,1
618,TRANSFER,18353.88,SYNTH_ATO_0000387,20691.0,2337.12,SYNTH_ATOSINK_0000387,0.0,18353.88,1,0,ato_rapid_drain,1
661,TRANSFER,13704.96,SYNTH_ATO_0000388,18164.64,4459.68,SYNTH_ATOSINK_0000388,0.0,13704.96,1,0,ato_rapid_drain,1
662,TRANSFER,1797.74,SYNTH_ATO_0000388,4459.68,2661.93,SYNTH_ATOSINK_0000388,0.0,1797.74,1,0,ato_rapid_drain,1
114,TRANSFER,11765.58,SYNTH_ATO_0000389,20367.15,8601.56,SYNTH_ATOSINK_0000389,0.0,11765.58,1,0,ato_rapid_drain,1
115,TRANSFER,3899.64,SYNTH_ATO_0000389,8601.56,4701.92,SYNTH_ATOSINK_0000389,0.0,3899.64,1,0,ato_rapid_drain,1
116,TRANSFER,1777.8,SYNTH_ATO_0000389,4701.92,2924.12,SYNTH_ATOSINK_0000389,0.0,1777.8,1,0,ato_rapid_drain,1
552,TRANSFER,4409.05,SYNTH_ATO_0000390,9357.35,4948.3,SYNTH_ATOSINK_0000390,0.0,4409.05,1,0,ato_rapid_drain,1
553,TRANSFER,2447.46,SYNTH_ATO_0000390,4948.3,2500.84,SYNTH_ATOSINK_0000390,0.0,2447.46,1,0,ato_rapid_drain,1
554,TRANSFER,1829.01,SYNTH_ATO_0000390,2500.84,671.83,SYNTH_ATOSINK_0000390,0.0,1829.01,1,0,ato_rapid_drain,1
134,TRANSFER,13038.79,SYNTH_ATO_0000391,22884.03,9845.25,SYNTH_ATOSINK_0000391,0.0,13038.79,1,0,ato_rapid_drain,1
135,TRANSFER,5257.83,SYNTH_ATO_0000391,9845.25,4587.42,SYNTH_ATOSINK_0000391,0.0,5257.83,1,0,ato_rapid_drain,1
136,TRANSFER,2601.2,SYNTH_ATO_0000391,4587.42,1986.22,SYNTH_ATOSINK_0000391,0.0,2601.2,1,0,ato_rapid_drain,1
274,TRANSFER,14641.82,SYNTH_ATO_0000392,18699.12,4057.3,SYNTH_ATOSINK_0000392,0.0,14641.82,1,0,ato_rapid_drain,1
275,TRANSFER,1161.27,SYNTH_ATO_0000392,4057.3,2896.03,SYNTH_ATOSINK_0000392,0.0,1161.27,1,0,ato_rapid_drain,1
276,TRANSFER,723.64,SYNTH_ATO_0000392,2896.03,2172.39,SYNTH_ATOSINK_0000392,0.0,723.64,1,0,ato_rapid_drain,1
445,TRANSFER,4691.89,SYNTH_ATO_0000393,8253.63,3561.74,SYNTH_ATOSINK_0000393,0.0,4691.89,1,0,ato_rapid_drain,1
446,TRANSFER,1896.74,SYNTH_ATO_0000393,3561.74,1665.0,SYNTH_ATOSINK_0000393,0.0,1896.74,1,0,ato_rapid_drain,1
447,TRANSFER,876.16,SYNTH_ATO_0000393,1665.0,788.84,SYNTH_ATOSINK_0000393,0.0,876.16,1,0,ato_rapid_drain,1
534,TRANSFER,16386.08,SYNTH_ATO_0000394,17488.2,1102.12,SYNTH_ATOSINK_0000394,0.0,16386.08,1,0,ato_rapid_drain,1
535,TRANSFER,201.97,SYNTH_ATO_0000394,1102.12,900.15,SYNTH_ATOSINK_0000394,0.0,201.97,1,0,ato_rapid_drain,1
647,TRANSFER,5732.03,SYNTH_ATO_0000395,17191.36,11459.33,SYNTH_ATOSINK_0000395,0.0,5732.03,1,0,ato_rapid_drain,1
648,TRANSFER,5616.17,SYNTH_ATO_0000395,11459.33,5843.16,SYNTH_ATOSINK_0000395,0.0,5616.17,1,0,ato_rapid_drain,1
649,TRANSFER,5111.83,SYNTH_ATO_0000395,5843.16,731.33,SYNTH_ATOSINK_0000395,0.0,5111.83,1,0,ato_rapid_drain,1
36,TRANSFER,35450.14,SYNTH_ATO_0000396,53025.95,17575.81,SYNTH_ATOSINK_0000396,0.0,35450.14,1,0,ato_rapid_drain,1
37,TRANSFER,13490.63,SYNTH_ATO_0000396,17575.81,4085.17,SYNTH_ATOSINK_0000396,0.0,13490.63,1,0,ato_rapid_drain,1
147,TRANSFER,19958.69,SYNTH_ATO_0000397,30838.77,10880.08,SYNTH_ATOSINK_0000397,0.0,19958.69,1,0,ato_rapid_drain,1
148,TRANSFER,3976.52,SYNTH_ATO_0000397,10880.08,6903.56,SYNTH_ATOSINK_0000397,0.0,3976.52,1,0,ato_rapid_drain,1
149,TRANSFER,3822.71,SYNTH_ATO_0000397,6903.56,3080.85,SYNTH_ATOSINK_0000397,0.0,3822.71,1,0,ato_rapid_drain,1
208,TRANSFER,13083.09,SYNTH_ATO_0000398,18158.01,5074.93,SYNTH_ATOSINK_0000398,0.0,13083.09,1,0,ato_rapid_drain,1
209,TRANSFER,2990.21,SYNTH_ATO_0000398,5074.93,2084.71,SYNTH_ATOSINK_0000398,0.0,2990.21,1,0,ato_rapid_drain,1
231,TRANSFER,7693.55,SYNTH_ATO_0000399,20936.98,13243.43,SYNTH_ATOSINK_0000399,0.0,7693.55,1,0,ato_rapid_drain,1
232,TRANSFER,5995.24,SYNTH_ATO_0000399,13243.43,7248.19,SYNTH_ATOSINK_0000399,0.0,5995.24,1,0,ato_rapid_drain,1
233,TRANSFER,5528.21,SYNTH_ATO_0000399,7248.19,1719.99,SYNTH_ATOSINK_0000399,0.0,5528.21,1,0,ato_rapid_drain,1
253,TRANSFER,8299.71,SYNTH_SMURF_0000000,59141.52,50841.8,SYNTH_SMURFSINK_0000000,0.0,8299.71,1,0,structuring_smurfing,1
494,TRANSFER,8543.24,SYNTH_SMURF_0000000,50841.8,42298.56,SYNTH_SMURFSINK_0000000,0.0,8543.24,1,0,structuring_smurfing,1
470,TRANSFER,7132.5,SYNTH_SMURF_0000000,42298.56,35166.06,SYNTH_SMURFSINK_0000000,0.0,7132.5,1,0,structuring_smurfing,1
529,TRANSFER,8091.55,SYNTH_SMURF_0000000,35166.06,27074.52,SYNTH_SMURFSINK_0000000,0.0,8091.55,1,0,structuring_smurfing,1
177,TRANSFER,8574.04,SYNTH_SMURF_0000000,27074.52,18500.48,SYNTH_SMURFSINK_0000000,0.0,8574.04,1,0,structuring_smurfing,1
471,TRANSFER,8580.02,SYNTH_SMURF_0000000,18500.48,9920.46,SYNTH_SMURFSINK_0000000,0.0,8580.02,1,0,structuring_smurfing,1
320,TRANSFER,7273.22,SYNTH_SMURF_0000001,55449.48,48176.26,SYNTH_SMURFSINK_0000001,0.0,7273.22,1,0,structuring_smurfing,1
451,TRANSFER,7737.52,SYNTH_SMURF_0000001,48176.26,40438.74,SYNTH_SMURFSINK_0000001,0.0,7737.52,1,0,structuring_smurfing,1
145,TRANSFER,8423.98,SYNTH_SMURF_0000001,40438.74,32014.76,SYNTH_SMURFSINK_0000001,0.0,8423.98,1,0,structuring_smurfing,1
182,TRANSFER,9357.07,SYNTH_SMURF_0000001,32014.76,22657.69,SYNTH_SMURFSINK_0000001,0.0,9357.07,1,0,structuring_smurfing,1
57,TRANSFER,8833.44,SYNTH_SMURF_0000001,22657.69,13824.25,SYNTH_SMURFSINK_0000001,0.0,8833.44,1,0,structuring_smurfing,1
538,TRANSFER,7244.1,SYNTH_SMURF_0000001,13824.25,6580.15,SYNTH_SMURFSINK_0000001,0.0,7244.1,1,0,structuring_smurfing,1
588,TRANSFER,8204.88,SYNTH_SMURF_0000002,53848.27,45643.4,SYNTH_SMURFSINK_0000002,0.0,8204.88,1,0,structuring_smurfing,1
145,TRANSFER,9333.09,SYNTH_SMURF_0000002,45643.4,36310.3,SYNTH_SMURFSINK_0000002,0.0,9333.09,1,0,structuring_smurfing,1
279,TRANSFER,8952.96,SYNTH_SMURF_0000002,36310.3,27357.34,SYNTH_SMURFSINK_0000002,0.0,8952.96,1,0,structuring_smurfing,1
158,TRANSFER,8403.33,SYNTH_SMURF_0000002,27357.34,18954.0,SYNTH_SMURFSINK_0000002,0.0,8403.33,1,0,structuring_smurfing,1
159,TRANSFER,7994.23,SYNTH_SMURF_0000002,18954.0,10959.78,SYNTH_SMURFSINK_0000002,0.0,7994.23,1,0,structuring_smurfing,1
271,TRANSFER,7136.03,SYNTH_SMURF_0000002,10959.78,3823.75,SYNTH_SMURFSINK_0000002,0.0,7136.03,1,0,structuring_smurfing,1
650,TRANSFER,7913.42,SYNTH_SMURF_0000003,59856.93,51943.51,SYNTH_SMURFSINK_0000003,0.0,7913.42,1,0,structuring_smurfing,1
425,TRANSFER,9202.47,SYNTH_SMURF_0000003,51943.51,42741.03,SYNTH_SMURFSINK_0000003,0.0,9202.47,1,0,structuring_smurfing,1
672,TRANSFER,8035.03,SYNTH_SMURF_0000003,42741.03,34706.01,SYNTH_SMURFSINK_0000003,0.0,8035.03,1,0,structuring_smurfing,1
710,TRANSFER,9085.77,SYNTH_SMURF_0000003,34706.01,25620.24,SYNTH_SMURFSINK_0000003,0.0,9085.77,1,0,structuring_smurfing,1
174,TRANSFER,9167.3,SYNTH_SMURF_0000003,25620.24,16452.94,SYNTH_SMURFSINK_0000003,0.0,9167.3,1,0,structuring_smurfing,1
322,TRANSFER,7299.22,SYNTH_SMURF_0000003,16452.94,9153.72,SYNTH_SMURFSINK_0000003,0.0,7299.22,1,0,structuring_smurfing,1
577,TRANSFER,8491.08,SYNTH_SMURF_0000004,58631.23,50140.15,SYNTH_SMURFSINK_0000004,0.0,8491.08,1,0,structuring_smurfing,1
662,TRANSFER,7571.7,SYNTH_SMURF_0000004,50140.15,42568.45,SYNTH_SMURFSINK_0000004,0.0,7571.7,1,0,structuring_smurfing,1
374,TRANSFER,9212.52,SYNTH_SMURF_0000004,42568.45,33355.93,SYNTH_SMURFSINK_0000004,0.0,9212.52,1,0,structuring_smurfing,1
621,TRANSFER,8346.22,SYNTH_SMURF_0000004,33355.93,25009.71,SYNTH_SMURFSINK_0000004,0.0,8346.22,1,0,structuring_smurfing,1
529,TRANSFER,7091.47,SYNTH_SMURF_0000004,25009.71,17918.24,SYNTH_SMURFSINK_0000004,0.0,7091.47,1,0,structuring_smurfing,1
237,TRANSFER,8844.14,SYNTH_SMURF_0000004,17918.24,9074.1,SYNTH_SMURFSINK_0000004,0.0,8844.14,1,0,structuring_smurfing,1
264,TRANSFER,8734.26,SYNTH_SMURF_0000005,56360.47,47626.21,SYNTH_SMURFSINK_0000005,0.0,8734.26,1,0,structuring_smurfing,1
607,TRANSFER,8249.02,SYNTH_SMURF_0000005,47626.21,39377.19,SYNTH_SMURFSINK_0000005,0.0,8249.02,1,0,structuring_smurfing,1
297,TRANSFER,8133.37,SYNTH_SMURF_0000005,39377.19,31243.82,SYNTH_SMURFSINK_0000005,0.0,8133.37,1,0,structuring_smurfing,1
112,TRANSFER,7322.51,SYNTH_SMURF_0000005,31243.82,23921.31,SYNTH_SMURFSINK_0000005,0.0,7322.51,1,0,structuring_smurfing,1
31,TRANSFER,7261.23,SYNTH_SMURF_0000005,23921.31,16660.08,SYNTH_SMURFSINK_0000005,0.0,7261.23,1,0,structuring_smurfing,1
165,TRANSFER,7628.38,SYNTH_SMURF_0000005,16660.08,9031.7,SYNTH_SMURFSINK_0000005,0.0,7628.38,1,0,structuring_smurfing,1
687,TRANSFER,7993.85,SYNTH_SMURF_0000006,67645.95,59652.1,SYNTH_SMURFSINK_0000006,0.0,7993.85,1,0,structuring_smurfing,1
606,TRANSFER,8690.63,SYNTH_SMURF_0000006,59652.1,50961.47,SYNTH_SMURFSINK_0000006,0.0,8690.63,1,0,structuring_smurfing,1
201,TRANSFER,9462.95,SYNTH_SMURF_0000006,50961.47,41498.51,SYNTH_SMURFSINK_0000006,0.0,9462.95,1,0,structuring_smurfing,1
472,TRANSFER,7407.68,SYNTH_SMURF_0000006,41498.51,34090.83,SYNTH_SMURFSINK_0000006,0.0,7407.68,1,0,structuring_smurfing,1
399,TRANSFER,9466.27,SYNTH_SMURF_0000006,34090.83,24624.56,SYNTH_SMURFSINK_0000006,0.0,9466.27,1,0,structuring_smurfing,1
431,TRANSFER,9436.72,SYNTH_SMURF_0000006,24624.56,15187.84,SYNTH_SMURFSINK_0000006,0.0,9436.72,1,0,structuring_smurfing,1
7,TRANSFER,8581.13,SYNTH_SMURF_0000007,54102.86,45521.73,SYNTH_SMURFSINK_0000007,0.0,8581.13,1,0,structuring_smurfing,1
329,TRANSFER,9109.96,SYNTH_SMURF_0000007,45521.73,36411.77,SYNTH_SMURFSINK_0000007,0.0,9109.96,1,0,structuring_smurfing,1
403,TRANSFER,8018.66,SYNTH_SMURF_0000007,36411.77,28393.11,SYNTH_SMURFSINK_0000007,0.0,8018.66,1,0,structuring_smurfing,1
254,TRANSFER,7033.47,SYNTH_SMURF_0000007,28393.11,21359.64,SYNTH_SMURFSINK_0000007,0.0,7033.47,1,0,structuring_smurfing,1
579,TRANSFER,8376.28,SYNTH_SMURF_0000007,21359.64,12983.36,SYNTH_SMURFSINK_0000007,0.0,8376.28,1,0,structuring_smurfing,1
220,TRANSFER,8369.41,SYNTH_SMURF_0000007,12983.36,4613.94,SYNTH_SMURFSINK_0000007,0.0,8369.41,1,0,structuring_smurfing,1
238,TRANSFER,7863.1,SYNTH_SMURF_0000008,61154.15,53291.06,SYNTH_SMURFSINK_0000008,0.0,7863.1,1,0,structuring_smurfing,1
210,TRANSFER,7793.69,SYNTH_SMURF_0000008,53291.06,45497.36,SYNTH_SMURFSINK_0000008,0.0,7793.69,1,0,structuring_smurfing,1
393,TRANSFER,8466.93,SYNTH_SMURF_0000008,45497.36,37030.43,SYNTH_SMURFSINK_0000008,0.0,8466.93,1,0,structuring_smurfing,1
503,TRANSFER,8348.06,SYNTH_SMURF_0000008,37030.43,28682.37,SYNTH_SMURFSINK_0000008,0.0,8348.06,1,0,structuring_smurfing,1
730,TRANSFER,8738.1,SYNTH_SMURF_0000008,28682.37,19944.27,SYNTH_SMURFSINK_0000008,0.0,8738.1,1,0,structuring_smurfing,1
19,TRANSFER,9565.0,SYNTH_SMURF_0000008,19944.27,10379.27,SYNTH_SMURFSINK_0000008,0.0,9565.0,1,0,structuring_smurfing,1
522,TRANSFER,8831.44,SYNTH_SMURF_0000009,62902.26,54070.83,SYNTH_SMURFSINK_0000009,0.0,8831.44,1,0,structuring_smurfing,1
70,TRANSFER,9016.18,SYNTH_SMURF_0000009,54070.83,45054.65,SYNTH_SMURFSINK_0000009,0.0,9016.18,1,0,structuring_smurfing,1
350,TRANSFER,8394.75,SYNTH_SMURF_0000009,45054.65,36659.9,SYNTH_SMURFSINK_0000009,0.0,8394.75,1,0,structuring_smurfing,1
481,TRANSFER,8630.65,SYNTH_SMURF_0000009,36659.9,28029.25,SYNTH_SMURFSINK_0000009,0.0,8630.65,1,0,structuring_smurfing,1
86,TRANSFER,8069.38,SYNTH_SMURF_0000009,28029.25,19959.87,SYNTH_SMURFSINK_0000009,0.0,8069.38,1,0,structuring_smurfing,1
727,TRANSFER,7111.38,SYNTH_SMURF_0000009,19959.87,12848.49,SYNTH_SMURFSINK_0000009,0.0,7111.38,1,0,structuring_smurfing,1
299,TRANSFER,8472.05,SYNTH_SMURF_0000010,59147.39,50675.34,SYNTH_SMURFSINK_0000010,0.0,8472.05,1,0,structuring_smurfing,1
28,TRANSFER,8673.77,SYNTH_SMURF_0000010,50675.34,42001.56,SYNTH_SMURFSINK_0000010,0.0,8673.77,1,0,structuring_smurfing,1
216,TRANSFER,8881.16,SYNTH_SMURF_0000010,42001.56,33120.41,SYNTH_SMURFSINK_0000010,0.0,8881.16,1,0,structuring_smurfing,1
581,TRANSFER,9319.21,SYNTH_SMURF_0000010,33120.41,23801.2,SYNTH_SMURFSINK_0000010,0.0,9319.21,1,0,structuring_smurfing,1
275,TRANSFER,7330.18,SYNTH_SMURF_0000010,23801.2,16471.02,SYNTH_SMURFSINK_0000010,0.0,7330.18,1,0,structuring_smurfing,1
75,TRANSFER,9500.69,SYNTH_SMURF_0000010,16471.02,6970.32,SYNTH_SMURFSINK_0000010,0.0,9500.69,1,0,structuring_smurfing,1
622,TRANSFER,7448.18,SYNTH_SMURF_0000011,65669.17,58220.99,SYNTH_SMURFSINK_0000011,0.0,7448.18,1,0,structuring_smurfing,1
91,TRANSFER,8217.94,SYNTH_SMURF_0000011,58220.99,50003.04,SYNTH_SMURFSINK_0000011,0.0,8217.94,1,0,structuring_smurfing,1
585,TRANSFER,8086.4,SYNTH_SMURF_0000011,50003.04,41916.64,SYNTH_SMURFSINK_0000011,0.0,8086.4,1,0,structuring_smurfing,1
225,TRANSFER,9072.68,SYNTH_SMURF_0000011,41916.64,32843.96,SYNTH_SMURFSINK_0000011,0.0,9072.68,1,0,structuring_smurfing,1
553,TRANSFER,9411.45,SYNTH_SMURF_0000011,32843.96,23432.5,SYNTH_SMURFSINK_0000011,0.0,9411.45,1,0,structuring_smurfing,1
679,TRANSFER,8761.93,SYNTH_SMURF_0000011,23432.5,14670.57,SYNTH_SMURFSINK_0000011,0.0,8761.93,1,0,structuring_smurfing,1
323,TRANSFER,8110.25,SYNTH_SMURF_0000012,57081.65,48971.4,SYNTH_SMURFSINK_0000012,0.0,8110.25,1,0,structuring_smurfing,1
443,TRANSFER,8801.97,SYNTH_SMURF_0000012,48971.4,40169.43,SYNTH_SMURFSINK_0000012,0.0,8801.97,1,0,structuring_smurfing,1
572,TRANSFER,8233.21,SYNTH_SMURF_0000012,40169.43,31936.22,SYNTH_SMURFSINK_0000012,0.0,8233.21,1,0,structuring_smurfing,1
204,TRANSFER,9034.34,SYNTH_SMURF_0000012,31936.22,22901.87,SYNTH_SMURFSINK_0000012,0.0,9034.34,1,0,structuring_smurfing,1
590,TRANSFER,7085.27,SYNTH_SMURF_0000012,22901.87,15816.6,SYNTH_SMURFSINK_0000012,0.0,7085.27,1,0,structuring_smurfing,1
502,TRANSFER,7389.22,SYNTH_SMURF_0000012,15816.6,8427.38,SYNTH_SMURFSINK_0000012,0.0,7389.22,1,0,structuring_smurfing,1
651,TRANSFER,9086.82,SYNTH_SMURF_0000013,59206.38,50119.56,SYNTH_SMURFSINK_0000013,0.0,9086.82,1,0,structuring_smurfing,1
637,TRANSFER,7732.07,SYNTH_SMURF_0000013,50119.56,42387.49,SYNTH_SMURFSINK_0000013,0.0,7732.07,1,0,structuring_smurfing,1
272,TRANSFER,8334.5,SYNTH_SMURF_0000013,42387.49,34052.99,SYNTH_SMURFSINK_0000013,0.0,8334.5,1,0,structuring_smurfing,1
653,TRANSFER,7533.2,SYNTH_SMURF_0000013,34052.99,26519.79,SYNTH_SMURFSINK_0000013,0.0,7533.2,1,0,structuring_smurfing,1
675,TRANSFER,9324.39,SYNTH_SMURF_0000013,26519.79,17195.4,SYNTH_SMURFSINK_0000013,0.0,9324.39,1,0,structuring_smurfing,1
693,TRANSFER,9222.28,SYNTH_SMURF_0000013,17195.4,7973.11,SYNTH_SMURFSINK_0000013,0.0,9222.28,1,0,structuring_smurfing,1
587,TRANSFER,8513.01,SYNTH_SMURF_0000014,59561.92,51048.91,SYNTH_SMURFSINK_0000014,0.0,8513.01,1,0,structuring_smurfing,1
637,TRANSFER,7925.03,SYNTH_SMURF_0000014,51048.91,43123.89,SYNTH_SMURFSINK_0000014,0.0,7925.03,1,0,structuring_smurfing,1
389,TRANSFER,7779.09,SYNTH_SMURF_0000014,43123.89,35344.79,SYNTH_SMURFSINK_0000014,0.0,7779.09,1,0,structuring_smurfing,1
460,TRANSFER,7651.55,SYNTH_SMURF_0000014,35344.79,27693.24,SYNTH_SMURFSINK_0000014,0.0,7651.55,1,0,structuring_smurfing,1
515,TRANSFER,7222.56,SYNTH_SMURF_0000014,27693.24,20470.69,SYNTH_SMURFSINK_0000014,0.0,7222.56,1,0,structuring_smurfing,1
372,TRANSFER,8340.73,SYNTH_SMURF_0000014,20470.69,12129.96,SYNTH_SMURFSINK_0000014,0.0,8340.73,1,0,structuring_smurfing,1
575,TRANSFER,7535.63,SYNTH_SMURF_0000015,59126.95,51591.31,SYNTH_SMURFSINK_0000015,0.0,7535.63,1,0,structuring_smurfing,1
643,TRANSFER,8934.88,SYNTH_SMURF_0000015,51591.31,42656.43,SYNTH_SMURFSINK_0000015,0.0,8934.88,1,0,structuring_smurfing,1
244,TRANSFER,9051.96,SYNTH_SMURF_0000015,42656.43,33604.47,SYNTH_SMURFSINK_0000015,0.0,9051.96,1,0,structuring_smurfing,1
547,TRANSFER,8552.15,SYNTH_SMURF_0000015,33604.47,25052.33,SYNTH_SMURFSINK_0000015,0.0,8552.15,1,0,structuring_smurfing,1
644,TRANSFER,9329.9,SYNTH_SMURF_0000015,25052.33,15722.43,SYNTH_SMURFSINK_0000015,0.0,9329.9,1,0,structuring_smurfing,1
602,TRANSFER,7785.84,SYNTH_SMURF_0000015,15722.43,7936.59,SYNTH_SMURFSINK_0000015,0.0,7785.84,1,0,structuring_smurfing,1
406,TRANSFER,9197.57,SYNTH_SMURF_0000016,61606.89,52409.32,SYNTH_SMURFSINK_0000016,0.0,9197.57,1,0,structuring_smurfing,1
93,TRANSFER,9010.37,SYNTH_SMURF_0000016,52409.32,43398.96,SYNTH_SMURFSINK_0000016,0.0,9010.37,1,0,structuring_smurfing,1
573,TRANSFER,8222.75,SYNTH_SMURF_0000016,43398.96,35176.21,SYNTH_SMURFSINK_0000016,0.0,8222.75,1,0,structuring_smurfing,1
175,TRANSFER,9502.76,SYNTH_SMURF_0000016,35176.21,25673.44,SYNTH_SMURFSINK_0000016,0.0,9502.76,1,0,structuring_smurfing,1
246,TRANSFER,8064.95,SYNTH_SMURF_0000016,25673.44,17608.49,SYNTH_SMURFSINK_0000016,0.0,8064.95,1,0,structuring_smurfing,1
595,TRANSFER,8526.76,SYNTH_SMURF_0000016,17608.49,9081.74,SYNTH_SMURFSINK_0000016,0.0,8526.76,1,0,structuring_smurfing,1
408,TRANSFER,9175.71,SYNTH_SMURF_0000017,64296.25,55120.54,SYNTH_SMURFSINK_0000017,0.0,9175.71,1,0,structuring_smurfing,1
338,TRANSFER,9416.94,SYNTH_SMURF_0000017,55120.54,45703.6,SYNTH_SMURFSINK_0000017,0.0,9416.94,1,0,structuring_smurfing,1
208,TRANSFER,7189.31,SYNTH_SMURF_0000017,45703.6,38514.29,SYNTH_SMURFSINK_0000017,0.0,7189.31,1,0,structuring_smurfing,1
301,TRANSFER,8552.02,SYNTH_SMURF_0000017,38514.29,29962.28,SYNTH_SMURFSINK_0000017,0.0,8552.02,1,0,structuring_smurfing,1
351,TRANSFER,8261.64,SYNTH_SMURF_0000017,29962.28,21700.64,SYNTH_SMURFSINK_0000017,0.0,8261.64,1,0,structuring_smurfing,1
350,TRANSFER,8658.56,SYNTH_SMURF_0000017,21700.64,13042.08,SYNTH_SMURFSINK_0000017,0.0,8658.56,1,0,structuring_smurfing,1
497,TRANSFER,9013.25,SYNTH_SMURF_0000018,66146.02,57132.77,SYNTH_SMURFSINK_0000018,0.0,9013.25,1,0,structuring_smurfing,1
231,TRANSFER,7921.72,SYNTH_SMURF_0000018,57132.77,49211.05,SYNTH_SMURFSINK_0000018,0.0,7921.72,1,0,structuring_smurfing,1
552,TRANSFER,9161.56,SYNTH_SMURF_0000018,49211.05,40049.49,SYNTH_SMURFSINK_0000018,0.0,9161.56,1,0,structuring_smurfing,1
525,TRANSFER,9304.86,SYNTH_SMURF_0000018,40049.49,30744.64,SYNTH_SMURFSINK_0000018,0.0,9304.86,1,0,structuring_smurfing,1
273,TRANSFER,7414.43,SYNTH_SMURF_0000018,30744.64,23330.21,SYNTH_SMURFSINK_0000018,0.0,7414.43,1,0,structuring_smurfing,1
190,TRANSFER,8573.24,SYNTH_SMURF_0000018,23330.21,14756.97,SYNTH_SMURFSINK_0000018,0.0,8573.24,1,0,structuring_smurfing,1
417,TRANSFER,8029.53,SYNTH_SMURF_0000019,66515.42,58485.89,SYNTH_SMURFSINK_0000019,0.0,8029.53,1,0,structuring_smurfing,1
56,TRANSFER,9364.49,SYNTH_SMURF_0000019,58485.89,49121.4,SYNTH_SMURFSINK_0000019,0.0,9364.49,1,0,structuring_smurfing,1
687,TRANSFER,9664.75,SYNTH_SMURF_0000019,49121.4,39456.65,SYNTH_SMURFSINK_0000019,0.0,9664.75,1,0,structuring_smurfing,1
298,TRANSFER,9362.1,SYNTH_SMURF_0000019,39456.65,30094.55,SYNTH_SMURFSINK_0000019,0.0,9362.1,1,0,structuring_smurfing,1
651,TRANSFER,7447.84,SYNTH_SMURF_0000019,30094.55,22646.71,SYNTH_SMURFSINK_0000019,0.0,7447.84,1,0,structuring_smurfing,1
623,TRANSFER,9213.08,SYNTH_SMURF_0000019,22646.71,13433.63,SYNTH_SMURFSINK_0000019,0.0,9213.08,1,0,structuring_smurfing,1
595,TRANSFER,8915.81,SYNTH_SMURF_0000020,59267.92,50352.12,SYNTH_SMURFSINK_0000020,0.0,8915.81,1,0,structuring_smurfing,1
681,TRANSFER,8264.69,SYNTH_SMURF_0000020,50352.12,42087.42,SYNTH_SMURFSINK_0000020,0.0,8264.69,1,0,structuring_smurfing,1
53,TRANSFER,9409.71,SYNTH_SMURF_0000020,42087.42,32677.71,SYNTH_SMURFSINK_0000020,0.0,9409.71,1,0,structuring_smurfing,1
213,TRANSFER,7620.86,SYNTH_SMURF_0000020,32677.71,25056.85,SYNTH_SMURFSINK_0000020,0.0,7620.86,1,0,structuring_smurfing,1
255,TRANSFER,7460.06,SYNTH_SMURF_0000020,25056.85,17596.8,SYNTH_SMURFSINK_0000020,0.0,7460.06,1,0,structuring_smurfing,1
184,TRANSFER,8735.57,SYNTH_SMURF_0000020,17596.8,8861.23,SYNTH_SMURFSINK_0000020,0.0,8735.57,1,0,structuring_smurfing,1
504,TRANSFER,9675.36,SYNTH_SMURF_0000021,64594.84,54919.48,SYNTH_SMURFSINK_0000021,0.0,9675.36,1,0,structuring_smurfing,1
322,TRANSFER,7032.78,SYNTH_SMURF_0000021,54919.48,47886.7,SYNTH_SMURFSINK_0000021,0.0,7032.78,1,0,structuring_smurfing,1
312,TRANSFER,8502.51,SYNTH_SMURF_0000021,47886.7,39384.19,SYNTH_SMURFSINK_0000021,0.0,8502.51,1,0,structuring_smurfing,1
123,TRANSFER,8383.18,SYNTH_SMURF_0000021,39384.19,31001.01,SYNTH_SMURFSINK_0000021,0.0,8383.18,1,0,structuring_smurfing,1
184,TRANSFER,9180.11,SYNTH_SMURF_0000021,31001.01,21820.9,SYNTH_SMURFSINK_0000021,0.0,9180.11,1,0,structuring_smurfing,1
533,TRANSFER,7959.26,SYNTH_SMURF_0000021,21820.9,13861.64,SYNTH_SMURFSINK_0000021,0.0,7959.26,1,0,structuring_smurfing,1
559,TRANSFER,7007.31,SYNTH_SMURF_0000022,51615.17,44607.86,SYNTH_SMURFSINK_0000022,0.0,7007.31,1,0,structuring_smurfing,1
153,TRANSFER,7806.65,SYNTH_SMURF_0000022,44607.86,36801.21,SYNTH_SMURFSINK_0000022,0.0,7806.65,1,0,structuring_smurfing,1
87,TRANSFER,8498.61,SYNTH_SMURF_0000022,36801.21,28302.59,SYNTH_SMURFSINK_0000022,0.0,8498.61,1,0,structuring_smurfing,1
372,TRANSFER,7902.05,SYNTH_SMURF_0000022,28302.59,20400.54,SYNTH_SMURFSINK_0000022,0.0,7902.05,1,0,structuring_smurfing,1
193,TRANSFER,7734.52,SYNTH_SMURF_0000022,20400.54,12666.02,SYNTH_SMURFSINK_0000022,0.0,7734.52,1,0,structuring_smurfing,1
531,TRANSFER,8242.1,SYNTH_SMURF_0000022,12666.02,4423.92,SYNTH_SMURFSINK_0000022,0.0,8242.1,1,0,structuring_smurfing,1
713,TRANSFER,9064.99,SYNTH_SMURF_0000023,61912.83,52847.83,SYNTH_SMURFSINK_0000023,0.0,9064.99,1,0,structuring_smurfing,1
63,TRANSFER,7973.53,SYNTH_SMURF_0000023,52847.83,44874.31,SYNTH_SMURFSINK_0000023,0.0,7973.53,1,0,structuring_smurfing,1
662,TRANSFER,9113.46,SYNTH_SMURF_0000023,44874.31,35760.85,SYNTH_SMURFSINK_0000023,0.0,9113.46,1,0,structuring_smurfing,1
160,TRANSFER,7556.94,SYNTH_SMURF_0000023,35760.85,28203.92,SYNTH_SMURFSINK_0000023,0.0,7556.94,1,0,structuring_smurfing,1
52,TRANSFER,7503.99,SYNTH_SMURF_0000023,28203.92,20699.93,SYNTH_SMURFSINK_0000023,0.0,7503.99,1,0,structuring_smurfing,1
545,TRANSFER,8341.97,SYNTH_SMURF_0000023,20699.93,12357.96,SYNTH_SMURFSINK_0000023,0.0,8341.97,1,0,structuring_smurfing,1
454,TRANSFER,9348.15,SYNTH_SMURF_0000024,67697.19,58349.04,SYNTH_SMURFSINK_0000024,0.0,9348.15,1,0,structuring_smurfing,1
115,TRANSFER,8885.76,SYNTH_SMURF_0000024,58349.04,49463.29,SYNTH_SMURFSINK_0000024,0.0,8885.76,1,0,structuring_smurfing,1
432,TRANSFER,8820.21,SYNTH_SMURF_0000024,49463.29,40643.07,SYNTH_SMURFSINK_0000024,0.0,8820.21,1,0,structuring_smurfing,1
241,TRANSFER,8417.75,SYNTH_SMURF_0000024,40643.07,32225.32,SYNTH_SMURFSINK_0000024,0.0,8417.75,1,0,structuring_smurfing,1
23,TRANSFER,8762.53,SYNTH_SMURF_0000024,32225.32,23462.8,SYNTH_SMURFSINK_0000024,0.0,8762.53,1,0,structuring_smurfing,1
83,TRANSFER,9481.6,SYNTH_SMURF_0000024,23462.8,13981.2,SYNTH_SMURFSINK_0000024,0.0,9481.6,1,0,structuring_smurfing,1
422,TRANSFER,9675.7,SYNTH_SMURF_0000025,55765.95,46090.25,SYNTH_SMURFSINK_0000025,0.0,9675.7,1,0,structuring_smurfing,1
259,TRANSFER,7436.81,SYNTH_SMURF_0000025,46090.25,38653.44,SYNTH_SMURFSINK_0000025,0.0,7436.81,1,0,structuring_smurfing,1
481,TRANSFER,9158.68,SYNTH_SMURF_0000025,38653.44,29494.75,SYNTH_SMURFSINK_0000025,0.0,9158.68,1,0,structuring_smurfing,1
457,TRANSFER,9396.04,SYNTH_SMURF_0000025,29494.75,20098.71,SYNTH_SMURFSINK_0000025,0.0,9396.04,1,0,structuring_smurfing,1
407,TRANSFER,7131.96,SYNTH_SMURF_0000025,20098.71,12966.75,SYNTH_SMURFSINK_0000025,0.0,7131.96,1,0,structuring_smurfing,1
362,TRANSFER,9036.04,SYNTH_SMURF_0000025,12966.75,3930.7,SYNTH_SMURFSINK_0000025,0.0,9036.04,1,0,structuring_smurfing,1
436,TRANSFER,8722.03,SYNTH_SMURF_0000026,63630.15,54908.11,SYNTH_SMURFSINK_0000026,0.0,8722.03,1,0,structuring_smurfing,1
652,TRANSFER,7948.81,SYNTH_SMURF_0000026,54908.11,46959.31,SYNTH_SMURFSINK_0000026,0.0,7948.81,1,0,structuring_smurfing,1
337,TRANSFER,7584.91,SYNTH_SMURF_0000026,46959.31,39374.4,SYNTH_SMURFSINK_0000026,0.0,7584.91,1,0,structuring_smurfing,1
303,TRANSFER,8868.09,SYNTH_SMURF_0000026,39374.4,30506.31,SYNTH_SMURFSINK_0000026,0.0,8868.09,1,0,structuring_smurfing,1
385,TRANSFER,8854.49,SYNTH_SMURF_0000026,30506.31,21651.81,SYNTH_SMURFSINK_0000026,0.0,8854.49,1,0,structuring_smurfing,1
628,TRANSFER,8455.75,SYNTH_SMURF_0000026,21651.81,13196.06,SYNTH_SMURFSINK_0000026,0.0,8455.75,1,0,structuring_smurfing,1
36,TRANSFER,8565.09,SYNTH_SMURF_0000027,65115.65,56550.56,SYNTH_SMURFSINK_0000027,0.0,8565.09,1,0,structuring_smurfing,1
347,TRANSFER,8692.27,SYNTH_SMURF_0000027,56550.56,47858.29,SYNTH_SMURFSINK_0000027,0.0,8692.27,1,0,structuring_smurfing,1
436,TRANSFER,7953.88,SYNTH_SMURF_0000027,47858.29,39904.41,SYNTH_SMURFSINK_0000027,0.0,7953.88,1,0,structuring_smurfing,1
54,TRANSFER,8834.61,SYNTH_SMURF_0000027,39904.41,31069.8,SYNTH_SMURFSINK_0000027,0.0,8834.61,1,0,structuring_smurfing,1
344,TRANSFER,9080.07,SYNTH_SMURF_0000027,31069.8,21989.73,SYNTH_SMURFSINK_0000027,0.0,9080.07,1,0,structuring_smurfing,1
429,TRANSFER,9695.22,SYNTH_SMURF_0000027,21989.73,12294.51,SYNTH_SMURFSINK_0000027,0.0,9695.22,1,0,structuring_smurfing,1
345,TRANSFER,7496.28,SYNTH_SMURF_0000028,53184.22,45687.94,SYNTH_SMURFSINK_0000028,0.0,7496.28,1,0,structuring_smurfing,1
48,TRANSFER,7447.53,SYNTH_SMURF_0000028,45687.94,38240.41,SYNTH_SMURFSINK_0000028,0.0,7447.53,1,0,structuring_smurfing,1
343,TRANSFER,7121.4,SYNTH_SMURF_0000028,38240.41,31119.01,SYNTH_SMURFSINK_0000028,0.0,7121.4,1,0,structuring_smurfing,1
408,TRANSFER,9357.75,SYNTH_SMURF_0000028,31119.01,21761.26,SYNTH_SMURFSINK_0000028,0.0,9357.75,1,0,structuring_smurfing,1
367,TRANSFER,8872.46,SYNTH_SMURF_0000028,21761.26,12888.79,SYNTH_SMURFSINK_0000028,0.0,8872.46,1,0,structuring_smurfing,1
241,TRANSFER,7107.86,SYNTH_SMURF_0000028,12888.79,5780.94,SYNTH_SMURFSINK_0000028,0.0,7107.86,1,0,structuring_smurfing,1
177,TRANSFER,8833.69,SYNTH_SMURF_0000029,65921.48,57087.79,SYNTH_SMURFSINK_0000029,0.0,8833.69,1,0,structuring_smurfing,1
163,TRANSFER,7145.95,SYNTH_SMURF_0000029,57087.79,49941.84,SYNTH_SMURFSINK_0000029,0.0,7145.95,1,0,structuring_smurfing,1
618,TRANSFER,9580.82,SYNTH_SMURF_0000029,49941.84,40361.02,SYNTH_SMURFSINK_0000029,0.0,9580.82,1,0,structuring_smurfing,1
585,TRANSFER,9648.05,SYNTH_SMURF_0000029,40361.02,30712.97,SYNTH_SMURFSINK_0000029,0.0,9648.05,1,0,structuring_smurfing,1
389,TRANSFER,8995.5,SYNTH_SMURF_0000029,30712.97,21717.47,SYNTH_SMURFSINK_0000029,0.0,8995.5,1,0,structuring_smurfing,1
534,TRANSFER,8256.07,SYNTH_SMURF_0000029,21717.47,13461.4,SYNTH_SMURFSINK_0000029,0.0,8256.07,1,0,structuring_smurfing,1
168,TRANSFER,8846.38,SYNTH_SMURF_0000030,54514.47,45668.09,SYNTH_SMURFSINK_0000030,0.0,8846.38,1,0,structuring_smurfing,1
558,TRANSFER,8736.55,SYNTH_SMURF_0000030,45668.09,36931.53,SYNTH_SMURFSINK_0000030,0.0,8736.55,1,0,structuring_smurfing,1
301,TRANSFER,8754.53,SYNTH_SMURF_0000030,36931.53,28177.0,SYNTH_SMURFSINK_0000030,0.0,8754.53,1,0,structuring_smurfing,1
311,TRANSFER,7730.27,SYNTH_SMURF_0000030,28177.0,20446.73,SYNTH_SMURFSINK_0000030,0.0,7730.27,1,0,structuring_smurfing,1
395,TRANSFER,8003.62,SYNTH_SMURF_0000030,20446.73,12443.11,SYNTH_SMURFSINK_0000030,0.0,8003.62,1,0,structuring_smurfing,1
333,TRANSFER,7123.29,SYNTH_SMURF_0000030,12443.11,5319.82,SYNTH_SMURFSINK_0000030,0.0,7123.29,1,0,structuring_smurfing,1
308,TRANSFER,7173.36,SYNTH_SMURF_0000031,57820.71,50647.35,SYNTH_SMURFSINK_0000031,0.0,7173.36,1,0,structuring_smurfing,1
254,TRANSFER,9072.27,SYNTH_SMURF_0000031,50647.35,41575.08,SYNTH_SMURFSINK_0000031,0.0,9072.27,1,0,structuring_smurfing,1
418,TRANSFER,8016.47,SYNTH_SMURF_0000031,41575.08,33558.61,SYNTH_SMURFSINK_0000031,0.0,8016.47,1,0,structuring_smurfing,1
547,TRANSFER,8026.64,SYNTH_SMURF_0000031,33558.61,25531.98,SYNTH_SMURFSINK_0000031,0.0,8026.64,1,0,structuring_smurfing,1
199,TRANSFER,8164.56,SYNTH_SMURF_0000031,25531.98,17367.42,SYNTH_SMURFSINK_0000031,0.0,8164.56,1,0,structuring_smurfing,1
688,TRANSFER,9200.62,SYNTH_SMURF_0000031,17367.42,8166.8,SYNTH_SMURFSINK_0000031,0.0,9200.62,1,0,structuring_smurfing,1
595,TRANSFER,8118.95,SYNTH_SMURF_0000032,49726.34,41607.39,SYNTH_SMURFSINK_0000032,0.0,8118.95,1,0,structuring_smurfing,1
286,TRANSFER,8418.26,SYNTH_SMURF_0000032,41607.39,33189.12,SYNTH_SMURFSINK_0000032,0.0,8418.26,1,0,structuring_smurfing,1
489,TRANSFER,7857.85,SYNTH_SMURF_0000032,33189.12,25331.27,SYNTH_SMURFSINK_0000032,0.0,7857.85,1,0,structuring_smurfing,1
416,TRANSFER,7281.48,SYNTH_SMURF_0000032,25331.27,18049.8,SYNTH_SMURFSINK_0000032,0.0,7281.48,1,0,structuring_smurfing,1
251,TRANSFER,8120.1,SYNTH_SMURF_0000032,18049.8,9929.7,SYNTH_SMURFSINK_0000032,0.0,8120.1,1,0,structuring_smurfing,1
667,TRANSFER,7334.41,SYNTH_SMURF_0000032,9929.7,2595.29,SYNTH_SMURFSINK_0000032,0.0,7334.41,1,0,structuring_smurfing,1
388,TRANSFER,7673.78,SYNTH_SMURF_0000033,51771.05,44097.27,SYNTH_SMURFSINK_0000033,0.0,7673.78,1,0,structuring_smurfing,1
27,TRANSFER,7319.91,SYNTH_SMURF_0000033,44097.27,36777.36,SYNTH_SMURFSINK_0000033,0.0,7319.91,1,0,structuring_smurfing,1
101,TRANSFER,7585.34,SYNTH_SMURF_0000033,36777.36,29192.01,SYNTH_SMURFSINK_0000033,0.0,7585.34,1,0,structuring_smurfing,1
128,TRANSFER,7741.34,SYNTH_SMURF_0000033,29192.01,21450.67,SYNTH_SMURFSINK_0000033,0.0,7741.34,1,0,structuring_smurfing,1
158,TRANSFER,8083.53,SYNTH_SMURF_0000033,21450.67,13367.15,SYNTH_SMURFSINK_0000033,0.0,8083.53,1,0,structuring_smurfing,1
91,TRANSFER,8428.41,SYNTH_SMURF_0000033,13367.15,4938.74,SYNTH_SMURFSINK_0000033,0.0,8428.41,1,0,structuring_smurfing,1
431,TRANSFER,7065.42,SYNTH_SMURF_0000034,58223.13,51157.72,SYNTH_SMURFSINK_0000034,0.0,7065.42,1,0,structuring_smurfing,1
433,TRANSFER,9541.69,SYNTH_SMURF_0000034,51157.72,41616.02,SYNTH_SMURFSINK_0000034,0.0,9541.69,1,0,structuring_smurfing,1
466,TRANSFER,7292.43,SYNTH_SMURF_0000034,41616.02,34323.59,SYNTH_SMURFSINK_0000034,0.0,7292.43,1,0,structuring_smurfing,1
470,TRANSFER,7342.52,SYNTH_SMURF_0000034,34323.59,26981.07,SYNTH_SMURFSINK_0000034,0.0,7342.52,1,0,structuring_smurfing,1
397,TRANSFER,7395.68,SYNTH_SMURF_0000034,26981.07,19585.4,SYNTH_SMURFSINK_0000034,0.0,7395.68,1,0,structuring_smurfing,1
694,TRANSFER,9649.45,SYNTH_SMURF_0000034,19585.4,9935.95,SYNTH_SMURFSINK_0000034,0.0,9649.45,1,0,structuring_smurfing,1
482,TRANSFER,8134.23,SYNTH_SMURF_0000035,55238.87,47104.64,SYNTH_SMURFSINK_0000035,0.0,8134.23,1,0,structuring_smurfing,1
495,TRANSFER,8036.67,SYNTH_SMURF_0000035,47104.64,39067.97,SYNTH_SMURFSINK_0000035,0.0,8036.67,1,0,structuring_smurfing,1
226,TRANSFER,9514.36,SYNTH_SMURF_0000035,39067.97,29553.62,SYNTH_SMURFSINK_0000035,0.0,9514.36,1,0,structuring_smurfing,1
699,TRANSFER,7402.91,SYNTH_SMURF_0000035,29553.62,22150.7,SYNTH_SMURFSINK_0000035,0.0,7402.91,1,0,structuring_smurfing,1
441,TRANSFER,9692.09,SYNTH_SMURF_0000035,22150.7,12458.62,SYNTH_SMURFSINK_0000035,0.0,9692.09,1,0,structuring_smurfing,1
73,TRANSFER,8023.64,SYNTH_SMURF_0000035,12458.62,4434.98,SYNTH_SMURFSINK_0000035,0.0,8023.64,1,0,structuring_smurfing,1
635,TRANSFER,8440.15,SYNTH_SMURF_0000036,53116.7,44676.55,SYNTH_SMURFSINK_0000036,0.0,8440.15,1,0,structuring_smurfing,1
24,TRANSFER,8818.49,SYNTH_SMURF_0000036,44676.55,35858.07,SYNTH_SMURFSINK_0000036,0.0,8818.49,1,0,structuring_smurfing,1
234,TRANSFER,8231.87,SYNTH_SMURF_0000036,35858.07,27626.2,SYNTH_SMURFSINK_0000036,0.0,8231.87,1,0,structuring_smurfing,1
499,TRANSFER,7418.46,SYNTH_SMURF_0000036,27626.2,20207.74,SYNTH_SMURFSINK_0000036,0.0,7418.46,1,0,structuring_smurfing,1
546,TRANSFER,7659.12,SYNTH_SMURF_0000036,20207.74,12548.62,SYNTH_SMURFSINK_0000036,0.0,7659.12,1,0,structuring_smurfing,1
726,TRANSFER,9306.86,SYNTH_SMURF_0000036,12548.62,3241.76,SYNTH_SMURFSINK_0000036,0.0,9306.86,1,0,structuring_smurfing,1
445,TRANSFER,8592.43,SYNTH_SMURF_0000037,55181.3,46588.87,SYNTH_SMURFSINK_0000037,0.0,8592.43,1,0,structuring_smurfing,1
177,TRANSFER,8846.8,SYNTH_SMURF_0000037,46588.87,37742.07,SYNTH_SMURFSINK_0000037,0.0,8846.8,1,0,structuring_smurfing,1
671,TRANSFER,8588.0,SYNTH_SMURF_0000037,37742.07,29154.08,SYNTH_SMURFSINK_0000037,0.0,8588.0,1,0,structuring_smurfing,1
413,TRANSFER,7986.0,SYNTH_SMURF_0000037,29154.08,21168.08,SYNTH_SMURFSINK_0000037,0.0,7986.0,1,0,structuring_smurfing,1
534,TRANSFER,8882.66,SYNTH_SMURF_0000037,21168.08,12285.41,SYNTH_SMURFSINK_0000037,0.0,8882.66,1,0,structuring_smurfing,1
628,TRANSFER,8604.59,SYNTH_SMURF_0000037,12285.41,3680.82,SYNTH_SMURFSINK_0000037,0.0,8604.59,1,0,structuring_smurfing,1
486,TRANSFER,7660.49,SYNTH_SMURF_0000038,52907.72,45247.23,SYNTH_SMURFSINK_0000038,0.0,7660.49,1,0,structuring_smurfing,1
235,TRANSFER,7030.2,SYNTH_SMURF_0000038,45247.23,38217.02,SYNTH_SMURFSINK_0000038,0.0,7030.2,1,0,structuring_smurfing,1
518,TRANSFER,9663.89,SYNTH_SMURF_0000038,38217.02,28553.13,SYNTH_SMURFSINK_0000038,0.0,9663.89,1,0,structuring_smurfing,1
336,TRANSFER,7600.7,SYNTH_SMURF_0000038,28553.13,20952.43,SYNTH_SMURFSINK_0000038,0.0,7600.7,1,0,structuring_smurfing,1
118,TRANSFER,9200.17,SYNTH_SMURF_0000038,20952.43,11752.27,SYNTH_SMURFSINK_0000038,0.0,9200.17,1,0,structuring_smurfing,1
268,TRANSFER,7455.34,SYNTH_SMURF_0000038,11752.27,4296.93,SYNTH_SMURFSINK_0000038,0.0,7455.34,1,0,structuring_smurfing,1
371,TRANSFER,9097.06,SYNTH_SMURF_0000039,59534.57,50437.51,SYNTH_SMURFSINK_0000039,0.0,9097.06,1,0,structuring_smurfing,1
47,TRANSFER,7399.46,SYNTH_SMURF_0000039,50437.51,43038.06,SYNTH_SMURFSINK_0000039,0.0,7399.46,1,0,structuring_smurfing,1
257,TRANSFER,9466.13,SYNTH_SMURF_0000039,43038.06,33571.93,SYNTH_SMURFSINK_0000039,0.0,9466.13,1,0,structuring_smurfing,1
219,TRANSFER,8398.27,SYNTH_SMURF_0000039,33571.93,25173.66,SYNTH_SMURFSINK_0000039,0.0,8398.27,1,0,structuring_smurfing,1
516,TRANSFER,7908.23,SYNTH_SMURF_0000039,25173.66,17265.43,SYNTH_SMURFSINK_0000039,0.0,7908.23,1,0,structuring_smurfing,1
639,TRANSFER,7423.97,SYNTH_SMURF_0000039,17265.43,9841.46,SYNTH_SMURFSINK_0000039,0.0,7423.97,1,0,structuring_smurfing,1
190,TRANSFER,7694.31,SYNTH_SMURF_0000040,58046.85,50352.55,SYNTH_SMURFSINK_0000040,0.0,7694.31,1,0,structuring_smurfing,1
370,TRANSFER,8465.94,SYNTH_SMURF_0000040,50352.55,41886.61,SYNTH_SMURFSINK_0000040,0.0,8465.94,1,0,structuring_smurfing,1
183,TRANSFER,7865.23,SYNTH_SMURF_0000040,41886.61,34021.38,SYNTH_SMURFSINK_0000040,0.0,7865.23,1,0,structuring_smurfing,1
476,TRANSFER,7765.36,SYNTH_SMURF_0000040,34021.38,26256.02,SYNTH_SMURFSINK_0000040,0.0,7765.36,1,0,structuring_smurfing,1
196,TRANSFER,8549.38,SYNTH_SMURF_0000040,26256.02,17706.64,SYNTH_SMURFSINK_0000040,0.0,8549.38,1,0,structuring_smurfing,1
128,TRANSFER,7494.96,SYNTH_SMURF_0000040,17706.64,10211.68,SYNTH_SMURFSINK_0000040,0.0,7494.96,1,0,structuring_smurfing,1
522,TRANSFER,8917.0,SYNTH_SMURF_0000041,61200.31,52283.31,SYNTH_SMURFSINK_0000041,0.0,8917.0,1,0,structuring_smurfing,1
423,TRANSFER,8933.55,SYNTH_SMURF_0000041,52283.31,43349.76,SYNTH_SMURFSINK_0000041,0.0,8933.55,1,0,structuring_smurfing,1
180,TRANSFER,9362.77,SYNTH_SMURF_0000041,43349.76,33986.99,SYNTH_SMURFSINK_0000041,0.0,9362.77,1,0,structuring_smurfing,1
73,TRANSFER,8656.73,SYNTH_SMURF_0000041,33986.99,25330.25,SYNTH_SMURFSINK_0000041,0.0,8656.73,1,0,structuring_smurfing,1
562,TRANSFER,7751.19,SYNTH_SMURF_0000041,25330.25,17579.07,SYNTH_SMURFSINK_0000041,0.0,7751.19,1,0,structuring_smurfing,1
175,TRANSFER,7268.68,SYNTH_SMURF_0000041,17579.07,10310.39,SYNTH_SMURFSINK_0000041,0.0,7268.68,1,0,structuring_smurfing,1
609,TRANSFER,9135.34,SYNTH_SMURF_0000042,57193.37,48058.04,SYNTH_SMURFSINK_0000042,0.0,9135.34,1,0,structuring_smurfing,1
459,TRANSFER,9219.08,SYNTH_SMURF_0000042,48058.04,38838.96,SYNTH_SMURFSINK_0000042,0.0,9219.08,1,0,structuring_smurfing,1
122,TRANSFER,7835.77,SYNTH_SMURF_0000042,38838.96,31003.19,SYNTH_SMURFSINK_0000042,0.0,7835.77,1,0,structuring_smurfing,1
185,TRANSFER,8482.18,SYNTH_SMURF_0000042,31003.19,22521.01,SYNTH_SMURFSINK_0000042,0.0,8482.18,1,0,structuring_smurfing,1
623,TRANSFER,8520.13,SYNTH_SMURF_0000042,22521.01,14000.88,SYNTH_SMURFSINK_0000042,0.0,8520.13,1,0,structuring_smurfing,1
708,TRANSFER,8276.8,SYNTH_SMURF_0000042,14000.88,5724.09,SYNTH_SMURFSINK_0000042,0.0,8276.8,1,0,structuring_smurfing,1
550,TRANSFER,9013.32,SYNTH_SMURF_0000043,59446.09,50432.77,SYNTH_SMURFSINK_0000043,0.0,9013.32,1,0,structuring_smurfing,1
558,TRANSFER,7228.1,SYNTH_SMURF_0000043,50432.77,43204.67,SYNTH_SMURFSINK_0000043,0.0,7228.1,1,0,structuring_smurfing,1
201,TRANSFER,9090.93,SYNTH_SMURF_0000043,43204.67,34113.74,SYNTH_SMURFSINK_0000043,0.0,9090.93,1,0,structuring_smurfing,1
237,TRANSFER,8592.96,SYNTH_SMURF_0000043,34113.74,25520.78,SYNTH_SMURFSINK_0000043,0.0,8592.96,1,0,structuring_smurfing,1
246,TRANSFER,7299.03,SYNTH_SMURF_0000043,25520.78,18221.76,SYNTH_SMURFSINK_0000043,0.0,7299.03,1,0,structuring_smurfing,1
631,TRANSFER,7214.67,SYNTH_SMURF_0000043,18221.76,11007.09,SYNTH_SMURFSINK_0000043,0.0,7214.67,1,0,structuring_smurfing,1
431,TRANSFER,9560.0,SYNTH_SMURF_0000044,59294.89,49734.89,SYNTH_SMURFSINK_0000044,0.0,9560.0,1,0,structuring_smurfing,1
336,TRANSFER,7247.21,SYNTH_SMURF_0000044,49734.89,42487.68,SYNTH_SMURFSINK_0000044,0.0,7247.21,1,0,structuring_smurfing,1
97,TRANSFER,7880.64,SYNTH_SMURF_0000044,42487.68,34607.04,SYNTH_SMURFSINK_0000044,0.0,7880.64,1,0,structuring_smurfing,1
409,TRANSFER,7633.62,SYNTH_SMURF_0000044,34607.04,26973.42,SYNTH_SMURFSINK_0000044,0.0,7633.62,1,0,structuring_smurfing,1
162,TRANSFER,8061.78,SYNTH_SMURF_0000044,26973.42,18911.65,SYNTH_SMURFSINK_0000044,0.0,8061.78,1,0,structuring_smurfing,1
260,TRANSFER,9004.3,SYNTH_SMURF_0000044,18911.65,9907.35,SYNTH_SMURFSINK_0000044,0.0,9004.3,1,0,structuring_smurfing,1
104,TRANSFER,8020.57,SYNTH_SMURF_0000045,63149.86,55129.29,SYNTH_SMURFSINK_0000045,0.0,8020.57,1,0,structuring_smurfing,1
499,TRANSFER,9132.75,SYNTH_SMURF_0000045,55129.29,45996.55,SYNTH_SMURFSINK_0000045,0.0,9132.75,1,0,structuring_smurfing,1
525,TRANSFER,7174.04,SYNTH_SMURF_0000045,45996.55,38822.51,SYNTH_SMURFSINK_0000045,0.0,7174.04,1,0,structuring_smurfing,1
459,TRANSFER,7685.51,SYNTH_SMURF_0000045,38822.51,31137.01,SYNTH_SMURFSINK_0000045,0.0,7685.51,1,0,structuring_smurfing,1
676,TRANSFER,7621.28,SYNTH_SMURF_0000045,31137.01,23515.73,SYNTH_SMURFSINK_0000045,0.0,7621.28,1,0,structuring_smurfing,1
22,TRANSFER,9660.48,SYNTH_SMURF_0000045,23515.73,13855.24,SYNTH_SMURFSINK_0000045,0.0,9660.48,1,0,structuring_smurfing,1
496,TRANSFER,9064.76,SYNTH_SMURF_0000046,63684.53,54619.78,SYNTH_SMURFSINK_0000046,0.0,9064.76,1,0,structuring_smurfing,1
642,TRANSFER,8207.94,SYNTH_SMURF_0000046,54619.78,46411.84,SYNTH_SMURFSINK_0000046,0.0,8207.94,1,0,structuring_smurfing,1
587,TRANSFER,9023.69,SYNTH_SMURF_0000046,46411.84,37388.15,SYNTH_SMURFSINK_0000046,0.0,9023.69,1,0,structuring_smurfing,1
204,TRANSFER,9633.59,SYNTH_SMURF_0000046,37388.15,27754.56,SYNTH_SMURFSINK_0000046,0.0,9633.59,1,0,structuring_smurfing,1
145,TRANSFER,8244.65,SYNTH_SMURF_0000046,27754.56,19509.91,SYNTH_SMURFSINK_0000046,0.0,8244.65,1,0,structuring_smurfing,1
653,TRANSFER,8734.82,SYNTH_SMURF_0000046,19509.91,10775.09,SYNTH_SMURFSINK_0000046,0.0,8734.82,1,0,structuring_smurfing,1
572,TRANSFER,8337.94,SYNTH_SMURF_0000047,52954.74,44616.79,SYNTH_SMURFSINK_0000047,0.0,8337.94,1,0,structuring_smurfing,1
324,TRANSFER,8666.84,SYNTH_SMURF_0000047,44616.79,35949.95,SYNTH_SMURFSINK_0000047,0.0,8666.84,1,0,structuring_smurfing,1
100,TRANSFER,7409.49,SYNTH_SMURF_0000047,35949.95,28540.46,SYNTH_SMURFSINK_0000047,0.0,7409.49,1,0,structuring_smurfing,1
191,TRANSFER,7582.04,SYNTH_SMURF_0000047,28540.46,20958.42,SYNTH_SMURFSINK_0000047,0.0,7582.04,1,0,structuring_smurfing,1
158,TRANSFER,7728.73,SYNTH_SMURF_0000047,20958.42,13229.69,SYNTH_SMURFSINK_0000047,0.0,7728.73,1,0,structuring_smurfing,1
632,TRANSFER,8614.0,SYNTH_SMURF_0000047,13229.69,4615.69,SYNTH_SMURFSINK_0000047,0.0,8614.0,1,0,structuring_smurfing,1
68,TRANSFER,8975.39,SYNTH_SMURF_0000048,57473.37,48497.97,SYNTH_SMURFSINK_0000048,0.0,8975.39,1,0,structuring_smurfing,1
633,TRANSFER,8210.84,SYNTH_SMURF_0000048,48497.97,40287.14,SYNTH_SMURFSINK_0000048,0.0,8210.84,1,0,structuring_smurfing,1
12,TRANSFER,7043.89,SYNTH_SMURF_0000048,40287.14,33243.24,SYNTH_SMURFSINK_0000048,0.0,7043.89,1,0,structuring_smurfing,1
659,TRANSFER,9602.84,SYNTH_SMURF_0000048,33243.24,23640.4,SYNTH_SMURFSINK_0000048,0.0,9602.84,1,0,structuring_smurfing,1
494,TRANSFER,9202.56,SYNTH_SMURF_0000048,23640.4,14437.84,SYNTH_SMURFSINK_0000048,0.0,9202.56,1,0,structuring_smurfing,1
247,TRANSFER,8953.61,SYNTH_SMURF_0000048,14437.84,5484.23,SYNTH_SMURFSINK_0000048,0.0,8953.61,1,0,structuring_smurfing,1
341,TRANSFER,7307.55,SYNTH_SMURF_0000049,64116.85,56809.3,SYNTH_SMURFSINK_0000049,0.0,7307.55,1,0,structuring_smurfing,1
356,TRANSFER,8780.15,SYNTH_SMURF_0000049,56809.3,48029.15,SYNTH_SMURFSINK_0000049,0.0,8780.15,1,0,structuring_smurfing,1
526,TRANSFER,9108.48,SYNTH_SMURF_0000049,48029.15,38920.67,SYNTH_SMURFSINK_0000049,0.0,9108.48,1,0,structuring_smurfing,1
423,TRANSFER,9054.57,SYNTH_SMURF_0000049,38920.67,29866.1,SYNTH_SMURFSINK_0000049,0.0,9054.57,1,0,structuring_smurfing,1
563,TRANSFER,7853.94,SYNTH_SMURF_0000049,29866.1,22012.16,SYNTH_SMURFSINK_0000049,0.0,7853.94,1,0,structuring_smurfing,1
678,TRANSFER,7554.2,SYNTH_SMURF_0000049,22012.16,14457.95,SYNTH_SMURFSINK_0000049,0.0,7554.2,1,0,structuring_smurfing,1
685,TRANSFER,8256.85,SYNTH_SMURF_0000050,51906.89,43650.04,SYNTH_SMURFSINK_0000050,0.0,8256.85,1,0,structuring_smurfing,1
698,TRANSFER,7128.18,SYNTH_SMURF_0000050,43650.04,36521.86,SYNTH_SMURFSINK_0000050,0.0,7128.18,1,0,structuring_smurfing,1
167,TRANSFER,7225.62,SYNTH_SMURF_0000050,36521.86,29296.24,SYNTH_SMURFSINK_0000050,0.0,7225.62,1,0,structuring_smurfing,1
166,TRANSFER,8053.75,SYNTH_SMURF_0000050,29296.24,21242.5,SYNTH_SMURFSINK_0000050,0.0,8053.75,1,0,structuring_smurfing,1
40,TRANSFER,7695.76,SYNTH_SMURF_0000050,21242.5,13546.74,SYNTH_SMURFSINK_0000050,0.0,7695.76,1,0,structuring_smurfing,1
698,TRANSFER,7458.84,SYNTH_SMURF_0000050,13546.74,6087.9,SYNTH_SMURFSINK_0000050,0.0,7458.84,1,0,structuring_smurfing,1
421,TRANSFER,8745.35,SYNTH_SMURF_0000051,56139.92,47394.57,SYNTH_SMURFSINK_0000051,0.0,8745.35,1,0,structuring_smurfing,1
463,TRANSFER,7504.07,SYNTH_SMURF_0000051,47394.57,39890.5,SYNTH_SMURFSINK_0000051,0.0,7504.07,1,0,structuring_smurfing,1
40,TRANSFER,9531.8,SYNTH_SMURF_0000051,39890.5,30358.69,SYNTH_SMURFSINK_0000051,0.0,9531.8,1,0,structuring_smurfing,1
346,TRANSFER,7814.84,SYNTH_SMURF_0000051,30358.69,22543.85,SYNTH_SMURFSINK_0000051,0.0,7814.84,1,0,structuring_smurfing,1
368,TRANSFER,7689.0,SYNTH_SMURF_0000051,22543.85,14854.85,SYNTH_SMURFSINK_0000051,0.0,7689.0,1,0,structuring_smurfing,1
451,TRANSFER,8920.14,SYNTH_SMURF_0000051,14854.85,5934.71,SYNTH_SMURFSINK_0000051,0.0,8920.14,1,0,structuring_smurfing,1
227,TRANSFER,7437.89,SYNTH_SMURF_0000052,49958.49,42520.61,SYNTH_SMURFSINK_0000052,0.0,7437.89,1,0,structuring_smurfing,1
421,TRANSFER,7897.42,SYNTH_SMURF_0000052,42520.61,34623.19,SYNTH_SMURFSINK_0000052,0.0,7897.42,1,0,structuring_smurfing,1
181,TRANSFER,7894.38,SYNTH_SMURF_0000052,34623.19,26728.81,SYNTH_SMURFSINK_0000052,0.0,7894.38,1,0,structuring_smurfing,1
110,TRANSFER,8226.28,SYNTH_SMURF_0000052,26728.81,18502.53,SYNTH_SMURFSINK_0000052,0.0,8226.28,1,0,structuring_smurfing,1
445,TRANSFER,7514.13,SYNTH_SMURF_0000052,18502.53,10988.4,SYNTH_SMURFSINK_0000052,0.0,7514.13,1,0,structuring_smurfing,1
522,TRANSFER,7521.12,SYNTH_SMURF_0000052,10988.4,3467.28,SYNTH_SMURFSINK_0000052,0.0,7521.12,1,0,structuring_smurfing,1
49,TRANSFER,7115.99,SYNTH_SMURF_0000053,61274.96,54158.98,SYNTH_SMURFSINK_0000053,0.0,7115.99,1,0,structuring_smurfing,1
309,TRANSFER,8947.7,SYNTH_SMURF_0000053,54158.98,45211.28,SYNTH_SMURFSINK_0000053,0.0,8947.7,1,0,structuring_smurfing,1
15,TRANSFER,9054.76,SYNTH_SMURF_0000053,45211.28,36156.52,SYNTH_SMURFSINK_0000053,0.0,9054.76,1,0,structuring_smurfing,1
214,TRANSFER,9276.26,SYNTH_SMURF_0000053,36156.52,26880.26,SYNTH_SMURFSINK_0000053,0.0,9276.26,1,0,structuring_smurfing,1
427,TRANSFER,7153.41,SYNTH_SMURF_0000053,26880.26,19726.86,SYNTH_SMURFSINK_0000053,0.0,7153.41,1,0,structuring_smurfing,1
160,TRANSFER,9097.65,SYNTH_SMURF_0000053,19726.86,10629.21,SYNTH_SMURFSINK_0000053,0.0,9097.65,1,0,structuring_smurfing,1
232,TRANSFER,8984.72,SYNTH_SMURF_0000054,64383.42,55398.71,SYNTH_SMURFSINK_0000054,0.0,8984.72,1,0,structuring_smurfing,1
261,TRANSFER,8921.64,SYNTH_SMURF_0000054,55398.71,46477.07,SYNTH_SMURFSINK_0000054,0.0,8921.64,1,0,structuring_smurfing,1
563,TRANSFER,9317.77,SYNTH_SMURF_0000054,46477.07,37159.3,SYNTH_SMURFSINK_0000054,0.0,9317.77,1,0,structuring_smurfing,1
89,TRANSFER,7496.24,SYNTH_SMURF_0000054,37159.3,29663.06,SYNTH_SMURFSINK_0000054,0.0,7496.24,1,0,structuring_smurfing,1
315,TRANSFER,7002.23,SYNTH_SMURF_0000054,29663.06,22660.83,SYNTH_SMURFSINK_0000054,0.0,7002.23,1,0,structuring_smurfing,1
132,TRANSFER,8616.03,SYNTH_SMURF_0000054,22660.83,14044.8,SYNTH_SMURFSINK_0000054,0.0,8616.03,1,0,structuring_smurfing,1
70,TRANSFER,7842.68,SYNTH_SMURF_0000055,63379.53,55536.85,SYNTH_SMURFSINK_0000055,0.0,7842.68,1,0,structuring_smurfing,1
483,TRANSFER,9652.02,SYNTH_SMURF_0000055,55536.85,45884.83,SYNTH_SMURFSINK_0000055,0.0,9652.02,1,0,structuring_smurfing,1
199,TRANSFER,9603.79,SYNTH_SMURF_0000055,45884.83,36281.04,SYNTH_SMURFSINK_0000055,0.0,9603.79,1,0,structuring_smurfing,1
95,TRANSFER,7384.94,SYNTH_SMURF_0000055,36281.04,28896.09,SYNTH_SMURFSINK_0000055,0.0,7384.94,1,0,structuring_smurfing,1
61,TRANSFER,8930.3,SYNTH_SMURF_0000055,28896.09,19965.8,SYNTH_SMURFSINK_0000055,0.0,8930.3,1,0,structuring_smurfing,1
178,TRANSFER,8622.17,SYNTH_SMURF_0000055,19965.8,11343.63,SYNTH_SMURFSINK_0000055,0.0,8622.17,1,0,structuring_smurfing,1
521,TRANSFER,8919.06,SYNTH_SMURF_0000056,55181.94,46262.88,SYNTH_SMURFSINK_0000056,0.0,8919.06,1,0,structuring_smurfing,1
16,TRANSFER,9658.38,SYNTH_SMURF_0000056,46262.88,36604.5,SYNTH_SMURFSINK_0000056,0.0,9658.38,1,0,structuring_smurfing,1
65,TRANSFER,8830.63,SYNTH_SMURF_0000056,36604.5,27773.87,SYNTH_SMURFSINK_0000056,0.0,8830.63,1,0,structuring_smurfing,1
376,TRANSFER,7108.49,SYNTH_SMURF_0000056,27773.87,20665.38,SYNTH_SMURFSINK_0000056,0.0,7108.49,1,0,structuring_smurfing,1
473,TRANSFER,9340.92,SYNTH_SMURF_0000056,20665.38,11324.46,SYNTH_SMURFSINK_0000056,0.0,9340.92,1,0,structuring_smurfing,1
659,TRANSFER,7984.63,SYNTH_SMURF_0000056,11324.46,3339.83,SYNTH_SMURFSINK_0000056,0.0,7984.63,1,0,structuring_smurfing,1
432,TRANSFER,7217.47,SYNTH_SMURF_0000057,51749.64,44532.17,SYNTH_SMURFSINK_0000057,0.0,7217.47,1,0,structuring_smurfing,1
50,TRANSFER,8962.93,SYNTH_SMURF_0000057,44532.17,35569.24,SYNTH_SMURFSINK_0000057,0.0,8962.93,1,0,structuring_smurfing,1
207,TRANSFER,9333.0,SYNTH_SMURF_0000057,35569.24,26236.24,SYNTH_SMURFSINK_0000057,0.0,9333.0,1,0,structuring_smurfing,1
403,TRANSFER,7386.91,SYNTH_SMURF_0000057,26236.24,18849.33,SYNTH_SMURFSINK_0000057,0.0,7386.91,1,0,structuring_smurfing,1
350,TRANSFER,7778.46,SYNTH_SMURF_0000057,18849.33,11070.87,SYNTH_SMURFSINK_0000057,0.0,7778.46,1,0,structuring_smurfing,1
512,TRANSFER,7526.58,SYNTH_SMURF_0000057,11070.87,3544.29,SYNTH_SMURFSINK_0000057,0.0,7526.58,1,0,structuring_smurfing,1
376,TRANSFER,7416.62,SYNTH_SMURF_0000058,61116.08,53699.46,SYNTH_SMURFSINK_0000058,0.0,7416.62,1,0,structuring_smurfing,1
648,TRANSFER,9515.85,SYNTH_SMURF_0000058,53699.46,44183.62,SYNTH_SMURFSINK_0000058,0.0,9515.85,1,0,structuring_smurfing,1
599,TRANSFER,9056.07,SYNTH_SMURF_0000058,44183.62,35127.55,SYNTH_SMURFSINK_0000058,0.0,9056.07,1,0,structuring_smurfing,1
295,TRANSFER,9491.4,SYNTH_SMURF_0000058,35127.55,25636.15,SYNTH_SMURFSINK_0000058,0.0,9491.4,1,0,structuring_smurfing,1
107,TRANSFER,9475.04,SYNTH_SMURF_0000058,25636.15,16161.11,SYNTH_SMURFSINK_0000058,0.0,9475.04,1,0,structuring_smurfing,1
7,TRANSFER,8753.36,SYNTH_SMURF_0000058,16161.11,7407.75,SYNTH_SMURFSINK_0000058,0.0,8753.36,1,0,structuring_smurfing,1
464,TRANSFER,8893.43,SYNTH_SMURF_0000059,62411.48,53518.05,SYNTH_SMURFSINK_0000059,0.0,8893.43,1,0,structuring_smurfing,1
23,TRANSFER,9134.75,SYNTH_SMURF_0000059,53518.05,44383.3,SYNTH_SMURFSINK_0000059,0.0,9134.75,1,0,structuring_smurfing,1
593,TRANSFER,8593.58,SYNTH_SMURF_0000059,44383.3,35789.72,SYNTH_SMURFSINK_0000059,0.0,8593.58,1,0,structuring_smurfing,1
233,TRANSFER,7395.38,SYNTH_SMURF_0000059,35789.72,28394.34,SYNTH_SMURFSINK_0000059,0.0,7395.38,1,0,structuring_smurfing,1
54,TRANSFER,9019.33,SYNTH_SMURF_0000059,28394.34,19375.01,SYNTH_SMURFSINK_0000059,0.0,9019.33,1,0,structuring_smurfing,1
266,TRANSFER,7957.97,SYNTH_SMURF_0000059,19375.01,11417.04,SYNTH_SMURFSINK_0000059,0.0,7957.97,1,0,structuring_smurfing,1
134,TRANSFER,7375.31,SYNTH_SMURF_0000060,64382.85,57007.54,SYNTH_SMURFSINK_0000060,0.0,7375.31,1,0,structuring_smurfing,1
309,TRANSFER,9181.15,SYNTH_SMURF_0000060,57007.54,47826.38,SYNTH_SMURFSINK_0000060,0.0,9181.15,1,0,structuring_smurfing,1
190,TRANSFER,8828.38,SYNTH_SMURF_0000060,47826.38,38998.01,SYNTH_SMURFSINK_0000060,0.0,8828.38,1,0,structuring_smurfing,1
85,TRANSFER,7526.06,SYNTH_SMURF_0000060,38998.01,31471.95,SYNTH_SMURFSINK_0000060,0.0,7526.06,1,0,structuring_smurfing,1
92,TRANSFER,8749.85,SYNTH_SMURF_0000060,31471.95,22722.09,SYNTH_SMURFSINK_0000060,0.0,8749.85,1,0,structuring_smurfing,1
366,TRANSFER,8305.48,SYNTH_SMURF_0000060,22722.09,14416.61,SYNTH_SMURFSINK_0000060,0.0,8305.48,1,0,structuring_smurfing,1
560,TRANSFER,7769.13,SYNTH_SMURF_0000061,59604.31,51835.17,SYNTH_SMURFSINK_0000061,0.0,7769.13,1,0,structuring_smurfing,1
225,TRANSFER,7959.05,SYNTH_SMURF_0000061,51835.17,43876.12,SYNTH_SMURFSINK_0000061,0.0,7959.05,1,0,structuring_smurfing,1
105,TRANSFER,7869.62,SYNTH_SMURF_0000061,43876.12,36006.5,SYNTH_SMURFSINK_0000061,0.0,7869.62,1,0,structuring_smurfing,1
118,TRANSFER,9425.28,SYNTH_SMURF_0000061,36006.5,26581.23,SYNTH_SMURFSINK_0000061,0.0,9425.28,1,0,structuring_smurfing,1
642,TRANSFER,8520.01,SYNTH_SMURF_0000061,26581.23,18061.22,SYNTH_SMURFSINK_0000061,0.0,8520.01,1,0,structuring_smurfing,1
429,TRANSFER,9481.73,SYNTH_SMURF_0000061,18061.22,8579.49,SYNTH_SMURFSINK_0000061,0.0,9481.73,1,0,structuring_smurfing,1
70,TRANSFER,9622.67,SYNTH_SMURF_0000062,53866.11,44243.44,SYNTH_SMURFSINK_0000062,0.0,9622.67,1,0,structuring_smurfing,1
73,TRANSFER,8493.14,SYNTH_SMURF_0000062,44243.44,35750.31,SYNTH_SMURFSINK_0000062,0.0,8493.14,1,0,structuring_smurfing,1
563,TRANSFER,7731.49,SYNTH_SMURF_0000062,35750.31,28018.82,SYNTH_SMURFSINK_0000062,0.0,7731.49,1,0,structuring_smurfing,1
218,TRANSFER,8320.23,SYNTH_SMURF_0000062,28018.82,19698.59,SYNTH_SMURFSINK_0000062,0.0,8320.23,1,0,structuring_smurfing,1
198,TRANSFER,7100.74,SYNTH_SMURF_0000062,19698.59,12597.85,SYNTH_SMURFSINK_0000062,0.0,7100.74,1,0,structuring_smurfing,1
426,TRANSFER,9170.8,SYNTH_SMURF_0000062,12597.85,3427.05,SYNTH_SMURFSINK_0000062,0.0,9170.8,1,0,structuring_smurfing,1
234,TRANSFER,8288.12,SYNTH_SMURF_0000063,62695.55,54407.43,SYNTH_SMURFSINK_0000063,0.0,8288.12,1,0,structuring_smurfing,1
128,TRANSFER,7914.48,SYNTH_SMURF_0000063,54407.43,46492.95,SYNTH_SMURFSINK_0000063,0.0,7914.48,1,0,structuring_smurfing,1
685,TRANSFER,7615.81,SYNTH_SMURF_0000063,46492.95,38877.13,SYNTH_SMURFSINK_0000063,0.0,7615.81,1,0,structuring_smurfing,1
701,TRANSFER,7509.7,SYNTH_SMURF_0000063,38877.13,31367.43,SYNTH_SMURFSINK_0000063,0.0,7509.7,1,0,structuring_smurfing,1
244,TRANSFER,9061.21,SYNTH_SMURF_0000063,31367.43,22306.22,SYNTH_SMURFSINK_0000063,0.0,9061.21,1,0,structuring_smurfing,1
446,TRANSFER,9569.16,SYNTH_SMURF_0000063,22306.22,12737.06,SYNTH_SMURFSINK_0000063,0.0,9569.16,1,0,structuring_smurfing,1
64,TRANSFER,8305.37,SYNTH_SMURF_0000064,51256.01,42950.65,SYNTH_SMURFSINK_0000064,0.0,8305.37,1,0,structuring_smurfing,1
222,TRANSFER,8440.07,SYNTH_SMURF_0000064,42950.65,34510.58,SYNTH_SMURFSINK_0000064,0.0,8440.07,1,0,structuring_smurfing,1
73,TRANSFER,7874.33,SYNTH_SMURF_0000064,34510.58,26636.25,SYNTH_SMURFSINK_0000064,0.0,7874.33,1,0,structuring_smurfing,1
96,TRANSFER,7284.2,SYNTH_SMURF_0000064,26636.25,19352.05,SYNTH_SMURFSINK_0000064,0.0,7284.2,1,0,structuring_smurfing,1
118,TRANSFER,8794.53,SYNTH_SMURF_0000064,19352.05,10557.52,SYNTH_SMURFSINK_0000064,0.0,8794.53,1,0,structuring_smurfing,1
153,TRANSFER,7090.75,SYNTH_SMURF_0000064,10557.52,3466.77,SYNTH_SMURFSINK_0000064,0.0,7090.75,1,0,structuring_smurfing,1
49,TRANSFER,8170.11,SYNTH_SMURF_0000065,56798.35,48628.24,SYNTH_SMURFSINK_0000065,0.0,8170.11,1,0,structuring_smurfing,1
694,TRANSFER,7952.41,SYNTH_SMURF_0000065,48628.24,40675.83,SYNTH_SMURFSINK_0000065,0.0,7952.41,1,0,structuring_smurfing,1
263,TRANSFER,8945.24,SYNTH_SMURF_0000065,40675.83,31730.59,SYNTH_SMURFSINK_0000065,0.0,8945.24,1,0,structuring_smurfing,1
526,TRANSFER,8563.37,SYNTH_SMURF_0000065,31730.59,23167.21,SYNTH_SMURFSINK_0000065,0.0,8563.37,1,0,structuring_smurfing,1
670,TRANSFER,8327.23,SYNTH_SMURF_0000065,23167.21,14839.99,SYNTH_SMURFSINK_0000065,0.0,8327.23,1,0,structuring_smurfing,1
390,TRANSFER,8314.85,SYNTH_SMURF_0000065,14839.99,6525.14,SYNTH_SMURFSINK_0000065,0.0,8314.85,1,0,structuring_smurfing,1
366,TRANSFER,7691.04,SYNTH_SMURF_0000066,53558.8,45867.76,SYNTH_SMURFSINK_0000066,0.0,7691.04,1,0,structuring_smurfing,1
461,TRANSFER,9698.4,SYNTH_SMURF_0000066,45867.76,36169.36,SYNTH_SMURFSINK_0000066,0.0,9698.4,1,0,structuring_smurfing,1
248,TRANSFER,8940.46,SYNTH_SMURF_0000066,36169.36,27228.9,SYNTH_SMURFSINK_0000066,0.0,8940.46,1,0,structuring_smurfing,1
76,TRANSFER,7127.88,SYNTH_SMURF_0000066,27228.9,20101.01,SYNTH_SMURFSINK_0000066,0.0,7127.88,1,0,structuring_smurfing,1
118,TRANSFER,7167.09,SYNTH_SMURF_0000066,20101.01,12933.92,SYNTH_SMURFSINK_0000066,0.0,7167.09,1,0,structuring_smurfing,1
677,TRANSFER,7068.85,SYNTH_SMURF_0000066,12933.92,5865.07,SYNTH_SMURFSINK_0000066,0.0,7068.85,1,0,structuring_smurfing,1
701,TRANSFER,7172.73,SYNTH_SMURF_0000067,57484.89,50312.16,SYNTH_SMURFSINK_0000067,0.0,7172.73,1,0,structuring_smurfing,1
331,TRANSFER,8991.14,SYNTH_SMURF_0000067,50312.16,41321.02,SYNTH_SMURFSINK_0000067,0.0,8991.14,1,0,structuring_smurfing,1
563,TRANSFER,7274.82,SYNTH_SMURF_0000067,41321.02,34046.19,SYNTH_SMURFSINK_0000067,0.0,7274.82,1,0,structuring_smurfing,1
532,TRANSFER,7231.01,SYNTH_SMURF_0000067,34046.19,26815.19,SYNTH_SMURFSINK_0000067,0.0,7231.01,1,0,structuring_smurfing,1
143,TRANSFER,7840.3,SYNTH_SMURF_0000067,26815.19,18974.89,SYNTH_SMURFSINK_0000067,0.0,7840.3,1,0,structuring_smurfing,1
576,TRANSFER,7033.66,SYNTH_SMURF_0000067,18974.89,11941.23,SYNTH_SMURFSINK_0000067,0.0,7033.66,1,0,structuring_smurfing,1
340,TRANSFER,8367.48,SYNTH_SMURF_0000068,54467.2,46099.72,SYNTH_SMURFSINK_0000068,0.0,8367.48,1,0,structuring_smurfing,1
297,TRANSFER,7602.2,SYNTH_SMURF_0000068,46099.72,38497.52,SYNTH_SMURFSINK_0000068,0.0,7602.2,1,0,structuring_smurfing,1
169,TRANSFER,9549.19,SYNTH_SMURF_0000068,38497.52,28948.33,SYNTH_SMURFSINK_0000068,0.0,9549.19,1,0,structuring_smurfing,1
258,TRANSFER,7742.42,SYNTH_SMURF_0000068,28948.33,21205.91,SYNTH_SMURFSINK_0000068,0.0,7742.42,1,0,structuring_smurfing,1
275,TRANSFER,7070.74,SYNTH_SMURF_0000068,21205.91,14135.17,SYNTH_SMURFSINK_0000068,0.0,7070.74,1,0,structuring_smurfing,1
389,TRANSFER,7655.22,SYNTH_SMURF_0000068,14135.17,6479.95,SYNTH_SMURFSINK_0000068,0.0,7655.22,1,0,structuring_smurfing,1
138,TRANSFER,9218.79,SYNTH_SMURF_0000069,56887.94,47669.15,SYNTH_SMURFSINK_0000069,0.0,9218.79,1,0,structuring_smurfing,1
411,TRANSFER,7425.52,SYNTH_SMURF_0000069,47669.15,40243.63,SYNTH_SMURFSINK_0000069,0.0,7425.52,1,0,structuring_smurfing,1
638,TRANSFER,7279.48,SYNTH_SMURF_0000069,40243.63,32964.15,SYNTH_SMURFSINK_0000069,0.0,7279.48,1,0,structuring_smurfing,1
543,TRANSFER,8358.09,SYNTH_SMURF_0000069,32964.15,24606.06,SYNTH_SMURFSINK_0000069,0.0,8358.09,1,0,structuring_smurfing,1
271,TRANSFER,8814.1,SYNTH_SMURF_0000069,24606.06,15791.96,SYNTH_SMURFSINK_0000069,0.0,8814.1,1,0,structuring_smurfing,1
274,TRANSFER,9147.92,SYNTH_SMURF_0000069,15791.96,6644.05,SYNTH_SMURFSINK_0000069,0.0,9147.92,1,0,structuring_smurfing,1
640,TRANSFER,8337.83,SYNTH_SMURF_0000070,62083.89,53746.06,SYNTH_SMURFSINK_0000070,0.0,8337.83,1,0,structuring_smurfing,1
249,TRANSFER,7962.06,SYNTH_SMURF_0000070,53746.06,45784.0,SYNTH_SMURFSINK_0000070,0.0,7962.06,1,0,structuring_smurfing,1
130,TRANSFER,8513.62,SYNTH_SMURF_0000070,45784.0,37270.38,SYNTH_SMURFSINK_0000070,0.0,8513.62,1,0,structuring_smurfing,1
256,TRANSFER,8297.64,SYNTH_SMURF_0000070,37270.38,28972.74,SYNTH_SMURFSINK_0000070,0.0,8297.64,1,0,structuring_smurfing,1
224,TRANSFER,8830.45,SYNTH_SMURF_0000070,28972.74,20142.29,SYNTH_SMURFSINK_0000070,0.0,8830.45,1,0,structuring_smurfing,1
422,TRANSFER,8800.8,SYNTH_SMURF_0000070,20142.29,11341.5,SYNTH_SMURFSINK_0000070,0.0,8800.8,1,0,structuring_smurfing,1
38,TRANSFER,8748.01,SYNTH_SMURF_0000071,64583.93,55835.92,SYNTH_SMURFSINK_0000071,0.0,8748.01,1,0,structuring_smurfing,1
114,TRANSFER,7364.64,SYNTH_SMURF_0000071,55835.92,48471.28,SYNTH_SMURFSINK_0000071,0.0,7364.64,1,0,structuring_smurfing,1
284,TRANSFER,8190.81,SYNTH_SMURF_0000071,48471.28,40280.47,SYNTH_SMURFSINK_0000071,0.0,8190.81,1,0,structuring_smurfing,1
396,TRANSFER,9410.31,SYNTH_SMURF_0000071,40280.47,30870.16,SYNTH_SMURFSINK_0000071,0.0,9410.31,1,0,structuring_smurfing,1
529,TRANSFER,7098.03,SYNTH_SMURF_0000071,30870.16,23772.14,SYNTH_SMURFSINK_0000071,0.0,7098.03,1,0,structuring_smurfing,1
316,TRANSFER,9308.94,SYNTH_SMURF_0000071,23772.14,14463.19,SYNTH_SMURFSINK_0000071,0.0,9308.94,1,0,structuring_smurfing,1
676,TRANSFER,7774.21,SYNTH_SMURF_0000072,66622.42,58848.21,SYNTH_SMURFSINK_0000072,0.0,7774.21,1,0,structuring_smurfing,1
393,TRANSFER,9338.94,SYNTH_SMURF_0000072,58848.21,49509.27,SYNTH_SMURFSINK_0000072,0.0,9338.94,1,0,structuring_smurfing,1
694,TRANSFER,9490.45,SYNTH_SMURF_0000072,49509.27,40018.81,SYNTH_SMURFSINK_0000072,0.0,9490.45,1,0,structuring_smurfing,1
662,TRANSFER,8503.45,SYNTH_SMURF_0000072,40018.81,31515.37,SYNTH_SMURFSINK_0000072,0.0,8503.45,1,0,structuring_smurfing,1
382,TRANSFER,7547.23,SYNTH_SMURF_0000072,31515.37,23968.14,SYNTH_SMURFSINK_0000072,0.0,7547.23,1,0,structuring_smurfing,1
338,TRANSFER,8850.17,SYNTH_SMURF_0000072,23968.14,15117.97,SYNTH_SMURFSINK_0000072,0.0,8850.17,1,0,structuring_smurfing,1
353,TRANSFER,7076.53,SYNTH_SMURF_0000073,61335.67,54259.14,SYNTH_SMURFSINK_0000073,0.0,7076.53,1,0,structuring_smurfing,1
475,TRANSFER,8999.2,SYNTH_SMURF_0000073,54259.14,45259.94,SYNTH_SMURFSINK_0000073,0.0,8999.2,1,0,structuring_smurfing,1
614,TRANSFER,9502.71,SYNTH_SMURF_0000073,45259.94,35757.23,SYNTH_SMURFSINK_0000073,0.0,9502.71,1,0,structuring_smurfing,1
91,TRANSFER,7201.91,SYNTH_SMURF_0000073,35757.23,28555.32,SYNTH_SMURFSINK_0000073,0.0,7201.91,1,0,structuring_smurfing,1
369,TRANSFER,7297.46,SYNTH_SMURF_0000073,28555.32,21257.86,SYNTH_SMURFSINK_0000073,0.0,7297.46,1,0,structuring_smurfing,1
622,TRANSFER,8868.28,SYNTH_SMURF_0000073,21257.86,12389.58,SYNTH_SMURFSINK_0000073,0.0,8868.28,1,0,structuring_smurfing,1
404,TRANSFER,8392.93,SYNTH_SMURF_0000074,50929.58,42536.65,SYNTH_SMURFSINK_0000074,0.0,8392.93,1,0,structuring_smurfing,1
366,TRANSFER,7679.62,SYNTH_SMURF_0000074,42536.65,34857.03,SYNTH_SMURFSINK_0000074,0.0,7679.62,1,0,structuring_smurfing,1
394,TRANSFER,8366.13,SYNTH_SMURF_0000074,34857.03,26490.9,SYNTH_SMURFSINK_0000074,0.0,8366.13,1,0,structuring_smurfing,1
67,TRANSFER,7272.19,SYNTH_SMURF_0000074,26490.9,19218.71,SYNTH_SMURFSINK_0000074,0.0,7272.19,1,0,structuring_smurfing,1
332,TRANSFER,8778.88,SYNTH_SMURF_0000074,19218.71,10439.82,SYNTH_SMURFSINK_0000074,0.0,8778.88,1,0,structuring_smurfing,1
245,TRANSFER,7361.74,SYNTH_SMURF_0000074,10439.82,3078.08,SYNTH_SMURFSINK_0000074,0.0,7361.74,1,0,structuring_smurfing,1
278,TRANSFER,9295.77,SYNTH_SMURF_0000075,60453.2,51157.43,SYNTH_SMURFSINK_0000075,0.0,9295.77,1,0,structuring_smurfing,1
411,TRANSFER,9324.07,SYNTH_SMURF_0000075,51157.43,41833.36,SYNTH_SMURFSINK_0000075,0.0,9324.07,1,0,structuring_smurfing,1
491,TRANSFER,7924.13,SYNTH_SMURF_0000075,41833.36,33909.23,SYNTH_SMURFSINK_0000075,0.0,7924.13,1,0,structuring_smurfing,1
99,TRANSFER,8779.31,SYNTH_SMURF_0000075,33909.23,25129.92,SYNTH_SMURFSINK_0000075,0.0,8779.31,1,0,structuring_smurfing,1
640,TRANSFER,8087.06,SYNTH_SMURF_0000075,25129.92,17042.86,SYNTH_SMURFSINK_0000075,0.0,8087.06,1,0,structuring_smurfing,1
637,TRANSFER,7416.32,SYNTH_SMURF_0000075,17042.86,9626.55,SYNTH_SMURFSINK_0000075,0.0,7416.32,1,0,structuring_smurfing,1
342,TRANSFER,9658.44,SYNTH_SMURF_0000076,61973.72,52315.28,SYNTH_SMURFSINK_0000076,0.0,9658.44,1,0,structuring_smurfing,1
14,TRANSFER,7669.33,SYNTH_SMURF_0000076,52315.28,44645.95,SYNTH_SMURFSINK_0000076,0.0,7669.33,1,0,structuring_smurfing,1
415,TRANSFER,7205.06,SYNTH_SMURF_0000076,44645.95,37440.88,SYNTH_SMURFSINK_0000076,0.0,7205.06,1,0,structuring_smurfing,1
415,TRANSFER,8517.24,SYNTH_SMURF_0000076,37440.88,28923.64,SYNTH_SMURFSINK_0000076,0.0,8517.24,1,0,structuring_smurfing,1
262,TRANSFER,7887.72,SYNTH_SMURF_0000076,28923.64,21035.92,SYNTH_SMURFSINK_0000076,0.0,7887.72,1,0,structuring_smurfing,1
201,TRANSFER,7870.31,SYNTH_SMURF_0000076,21035.92,13165.61,SYNTH_SMURFSINK_0000076,0.0,7870.31,1,0,structuring_smurfing,1
572,TRANSFER,7909.01,SYNTH_SMURF_0000077,66020.7,58111.69,SYNTH_SMURFSINK_0000077,0.0,7909.01,1,0,structuring_smurfing,1
436,TRANSFER,8833.5,SYNTH_SMURF_0000077,58111.69,49278.19,SYNTH_SMURFSINK_0000077,0.0,8833.5,1,0,structuring_smurfing,1
475,TRANSFER,9042.68,SYNTH_SMURF_0000077,49278.19,40235.51,SYNTH_SMURFSINK_0000077,0.0,9042.68,1,0,structuring_smurfing,1
38,TRANSFER,7885.87,SYNTH_SMURF_0000077,40235.51,32349.64,SYNTH_SMURFSINK_0000077,0.0,7885.87,1,0,structuring_smurfing,1
35,TRANSFER,9218.43,SYNTH_SMURF_0000077,32349.64,23131.21,SYNTH_SMURFSINK_0000077,0.0,9218.43,1,0,structuring_smurfing,1
70,TRANSFER,8868.08,SYNTH_SMURF_0000077,23131.21,14263.13,SYNTH_SMURFSINK_0000077,0.0,8868.08,1,0,structuring_smurfing,1
526,TRANSFER,7055.2,SYNTH_SMURF_0000078,56064.13,49008.94,SYNTH_SMURFSINK_0000078,0.0,7055.2,1,0,structuring_smurfing,1
536,TRANSFER,9137.99,SYNTH_SMURF_0000078,49008.94,39870.95,SYNTH_SMURFSINK_0000078,0.0,9137.99,1,0,structuring_smurfing,1
87,TRANSFER,8218.09,SYNTH_SMURF_0000078,39870.95,31652.85,SYNTH_SMURFSINK_0000078,0.0,8218.09,1,0,structuring_smurfing,1
565,TRANSFER,9131.81,SYNTH_SMURF_0000078,31652.85,22521.05,SYNTH_SMURFSINK_0000078,0.0,9131.81,1,0,structuring_smurfing,1
87,TRANSFER,7018.13,SYNTH_SMURF_0000078,22521.05,15502.91,SYNTH_SMURFSINK_0000078,0.0,7018.13,1,0,structuring_smurfing,1
477,TRANSFER,7778.14,SYNTH_SMURF_0000078,15502.91,7724.78,SYNTH_SMURFSINK_0000078,0.0,7778.14,1,0,structuring_smurfing,1
311,TRANSFER,8207.24,SYNTH_SMURF_0000079,60365.85,52158.61,SYNTH_SMURFSINK_0000079,0.0,8207.24,1,0,structuring_smurfing,1
652,TRANSFER,8491.3,SYNTH_SMURF_0000079,52158.61,43667.31,SYNTH_SMURFSINK_0000079,0.0,8491.3,1,0,structuring_smurfing,1
137,TRANSFER,8105.66,SYNTH_SMURF_0000079,43667.31,35561.66,SYNTH_SMURFSINK_0000079,0.0,8105.66,1,0,structuring_smurfing,1
680,TRANSFER,8492.21,SYNTH_SMURF_0000079,35561.66,27069.44,SYNTH_SMURFSINK_0000079,0.0,8492.21,1,0,structuring_smurfing,1
208,TRANSFER,8167.31,SYNTH_SMURF_0000079,27069.44,18902.14,SYNTH_SMURFSINK_0000079,0.0,8167.31,1,0,structuring_smurfing,1
432,TRANSFER,9232.13,SYNTH_SMURF_0000079,18902.14,9670.01,SYNTH_SMURFSINK_0000079,0.0,9232.13,1,0,structuring_smurfing,1
230,TRANSFER,8889.95,SYNTH_SMURF_0000080,63508.7,54618.75,SYNTH_SMURFSINK_0000080,0.0,8889.95,1,0,structuring_smurfing,1
438,TRANSFER,9024.27,SYNTH_SMURF_0000080,54618.75,45594.48,SYNTH_SMURFSINK_0000080,0.0,9024.27,1,0,structuring_smurfing,1
706,TRANSFER,8826.26,SYNTH_SMURF_0000080,45594.48,36768.22,SYNTH_SMURFSINK_0000080,0.0,8826.26,1,0,structuring_smurfing,1
8,TRANSFER,9014.56,SYNTH_SMURF_0000080,36768.22,27753.66,SYNTH_SMURFSINK_0000080,0.0,9014.56,1,0,structuring_smurfing,1
692,TRANSFER,7563.34,SYNTH_SMURF_0000080,27753.66,20190.32,SYNTH_SMURFSINK_0000080,0.0,7563.34,1,0,structuring_smurfing,1
634,TRANSFER,8345.61,SYNTH_SMURF_0000080,20190.32,11844.71,SYNTH_SMURFSINK_0000080,0.0,8345.61,1,0,structuring_smurfing,1
460,TRANSFER,9047.41,SYNTH_SMURF_0000081,56056.81,47009.41,SYNTH_SMURFSINK_0000081,0.0,9047.41,1,0,structuring_smurfing,1
471,TRANSFER,8058.51,SYNTH_SMURF_0000081,47009.41,38950.89,SYNTH_SMURFSINK_0000081,0.0,8058.51,1,0,structuring_smurfing,1
693,TRANSFER,9306.35,SYNTH_SMURF_0000081,38950.89,29644.54,SYNTH_SMURFSINK_0000081,0.0,9306.35,1,0,structuring_smurfing,1
537,TRANSFER,8117.87,SYNTH_SMURF_0000081,29644.54,21526.67,SYNTH_SMURFSINK_0000081,0.0,8117.87,1,0,structuring_smurfing,1
50,TRANSFER,8540.37,SYNTH_SMURF_0000081,21526.67,12986.3,SYNTH_SMURFSINK_0000081,0.0,8540.37,1,0,structuring_smurfing,1
426,TRANSFER,7001.73,SYNTH_SMURF_0000081,12986.3,5984.56,SYNTH_SMURFSINK_0000081,0.0,7001.73,1,0,structuring_smurfing,1
674,TRANSFER,9589.5,SYNTH_SMURF_0000082,60668.66,51079.17,SYNTH_SMURFSINK_0000082,0.0,9589.5,1,0,structuring_smurfing,1
459,TRANSFER,8909.62,SYNTH_SMURF_0000082,51079.17,42169.54,SYNTH_SMURFSINK_0000082,0.0,8909.62,1,0,structuring_smurfing,1
615,TRANSFER,9667.44,SYNTH_SMURF_0000082,42169.54,32502.11,SYNTH_SMURFSINK_0000082,0.0,9667.44,1,0,structuring_smurfing,1
145,TRANSFER,9622.41,SYNTH_SMURF_0000082,32502.11,22879.7,SYNTH_SMURFSINK_0000082,0.0,9622.41,1,0,structuring_smurfing,1
78,TRANSFER,9481.06,SYNTH_SMURF_0000082,22879.7,13398.65,SYNTH_SMURFSINK_0000082,0.0,9481.06,1,0,structuring_smurfing,1
419,TRANSFER,9039.5,SYNTH_SMURF_0000082,13398.65,4359.14,SYNTH_SMURFSINK_0000082,0.0,9039.5,1,0,structuring_smurfing,1
673,TRANSFER,8028.54,SYNTH_SMURF_0000083,60607.26,52578.72,SYNTH_SMURFSINK_0000083,0.0,8028.54,1,0,structuring_smurfing,1
359,TRANSFER,8366.1,SYNTH_SMURF_0000083,52578.72,44212.62,SYNTH_SMURFSINK_0000083,0.0,8366.1,1,0,structuring_smurfing,1
337,TRANSFER,8167.28,SYNTH_SMURF_0000083,44212.62,36045.34,SYNTH_SMURFSINK_0000083,0.0,8167.28,1,0,structuring_smurfing,1
41,TRANSFER,7293.18,SYNTH_SMURF_0000083,36045.34,28752.15,SYNTH_SMURFSINK_0000083,0.0,7293.18,1,0,structuring_smurfing,1
710,TRANSFER,7414.53,SYNTH_SMURF_0000083,28752.15,21337.63,SYNTH_SMURFSINK_0000083,0.0,7414.53,1,0,structuring_smurfing,1
45,TRANSFER,9261.57,SYNTH_SMURF_0000083,21337.63,12076.06,SYNTH_SMURFSINK_0000083,0.0,9261.57,1,0,structuring_smurfing,1
407,TRANSFER,7616.4,SYNTH_SMURF_0000084,53197.94,45581.54,SYNTH_SMURFSINK_0000084,0.0,7616.4,1,0,structuring_smurfing,1
637,TRANSFER,8598.88,SYNTH_SMURF_0000084,45581.54,36982.66,SYNTH_SMURFSINK_0000084,0.0,8598.88,1,0,structuring_smurfing,1
331,TRANSFER,7417.0,SYNTH_SMURF_0000084,36982.66,29565.66,SYNTH_SMURFSINK_0000084,0.0,7417.0,1,0,structuring_smurfing,1
180,TRANSFER,7819.67,SYNTH_SMURF_0000084,29565.66,21745.98,SYNTH_SMURFSINK_0000084,0.0,7819.67,1,0,structuring_smurfing,1
142,TRANSFER,9399.75,SYNTH_SMURF_0000084,21745.98,12346.24,SYNTH_SMURFSINK_0000084,0.0,9399.75,1,0,structuring_smurfing,1
277,TRANSFER,8469.06,SYNTH_SMURF_0000084,12346.24,3877.17,SYNTH_SMURFSINK_0000084,0.0,8469.06,1,0,structuring_smurfing,1
52,TRANSFER,9300.31,SYNTH_SMURF_0000085,60264.86,50964.55,SYNTH_SMURFSINK_0000085,0.0,9300.31,1,0,structuring_smurfing,1
584,TRANSFER,9331.94,SYNTH_SMURF_0000085,50964.55,41632.61,SYNTH_SMURFSINK_0000085,0.0,9331.94,1,0,structuring_smurfing,1
672,TRANSFER,8493.64,SYNTH_SMURF_0000085,41632.61,33138.97,SYNTH_SMURFSINK_0000085,0.0,8493.64,1,0,structuring_smurfing,1
370,TRANSFER,7928.9,SYNTH_SMURF_0000085,33138.97,25210.07,SYNTH_SMURFSINK_0000085,0.0,7928.9,1,0,structuring_smurfing,1
398,TRANSFER,8401.91,SYNTH_SMURF_0000085,25210.07,16808.16,SYNTH_SMURFSINK_0000085,0.0,8401.91,1,0,structuring_smurfing,1
677,TRANSFER,7789.66,SYNTH_SMURF_0000085,16808.16,9018.5,SYNTH_SMURFSINK_0000085,0.0,7789.66,1,0,structuring_smurfing,1
440,TRANSFER,9442.17,SYNTH_SMURF_0000086,60360.48,50918.32,SYNTH_SMURFSINK_0000086,0.0,9442.17,1,0,structuring_smurfing,1
588,TRANSFER,7498.0,SYNTH_SMURF_0000086,50918.32,43420.31,SYNTH_SMURFSINK_0000086,0.0,7498.0,1,0,structuring_smurfing,1
167,TRANSFER,9628.04,SYNTH_SMURF_0000086,43420.31,33792.27,SYNTH_SMURFSINK_0000086,0.0,9628.04,1,0,structuring_smurfing,1
227,TRANSFER,9192.91,SYNTH_SMURF_0000086,33792.27,24599.36,SYNTH_SMURFSINK_0000086,0.0,9192.91,1,0,structuring_smurfing,1
167,TRANSFER,9323.98,SYNTH_SMURF_0000086,24599.36,15275.38,SYNTH_SMURFSINK_0000086,0.0,9323.98,1,0,structuring_smurfing,1
550,TRANSFER,8303.85,SYNTH_SMURF_0000086,15275.38,6971.53,SYNTH_SMURFSINK_0000086,0.0,8303.85,1,0,structuring_smurfing,1
454,TRANSFER,8044.95,SYNTH_SMURF_0000087,58823.22,50778.27,SYNTH_SMURFSINK_0000087,0.0,8044.95,1,0,structuring_smurfing,1
593,TRANSFER,9214.28,SYNTH_SMURF_0000087,50778.27,41563.99,SYNTH_SMURFSINK_0000087,0.0,9214.28,1,0,structuring_smurfing,1
478,TRANSFER,7693.02,SYNTH_SMURF_0000087,41563.99,33870.96,SYNTH_SMURFSINK_0000087,0.0,7693.02,1,0,structuring_smurfing,1
317,TRANSFER,9012.26,SYNTH_SMURF_0000087,33870.96,24858.71,SYNTH_SMURFSINK_0000087,0.0,9012.26,1,0,structuring_smurfing,1
457,TRANSFER,7199.02,SYNTH_SMURF_0000087,24858.71,17659.68,SYNTH_SMURFSINK_0000087,0.0,7199.02,1,0,structuring_smurfing,1
520,TRANSFER,9067.5,SYNTH_SMURF_0000087,17659.68,8592.19,SYNTH_SMURFSINK_0000087,0.0,9067.5,1,0,structuring_smurfing,1
217,TRANSFER,9104.27,SYNTH_SMURF_0000088,56490.47,47386.21,SYNTH_SMURFSINK_0000088,0.0,9104.27,1,0,structuring_smurfing,1
73,TRANSFER,7790.01,SYNTH_SMURF_0000088,47386.21,39596.2,SYNTH_SMURFSINK_0000088,0.0,7790.01,1,0,structuring_smurfing,1
345,TRANSFER,9170.48,SYNTH_SMURF_0000088,39596.2,30425.72,SYNTH_SMURFSINK_0000088,0.0,9170.48,1,0,structuring_smurfing,1
738,TRANSFER,7885.79,SYNTH_SMURF_0000088,30425.72,22539.93,SYNTH_SMURFSINK_0000088,0.0,7885.79,1,0,structuring_smurfing,1
405,TRANSFER,9176.17,SYNTH_SMURF_0000088,22539.93,13363.75,SYNTH_SMURFSINK_0000088,0.0,9176.17,1,0,structuring_smurfing,1
625,TRANSFER,7234.36,SYNTH_SMURF_0000088,13363.75,6129.39,SYNTH_SMURFSINK_0000088,0.0,7234.36,1,0,structuring_smurfing,1
189,TRANSFER,7351.07,SYNTH_SMURF_0000089,60092.9,52741.83,SYNTH_SMURFSINK_0000089,0.0,7351.07,1,0,structuring_smurfing,1
203,TRANSFER,8353.26,SYNTH_SMURF_0000089,52741.83,44388.57,SYNTH_SMURFSINK_0000089,0.0,8353.26,1,0,structuring_smurfing,1
445,TRANSFER,7594.13,SYNTH_SMURF_0000089,44388.57,36794.44,SYNTH_SMURFSINK_0000089,0.0,7594.13,1,0,structuring_smurfing,1
154,TRANSFER,9525.99,SYNTH_SMURF_0000089,36794.44,27268.45,SYNTH_SMURFSINK_0000089,0.0,9525.99,1,0,structuring_smurfing,1
199,TRANSFER,7010.81,SYNTH_SMURF_0000089,27268.45,20257.64,SYNTH_SMURFSINK_0000089,0.0,7010.81,1,0,structuring_smurfing,1
186,TRANSFER,7386.63,SYNTH_SMURF_0000089,20257.64,12871.01,SYNTH_SMURFSINK_0000089,0.0,7386.63,1,0,structuring_smurfing,1
359,TRANSFER,8626.9,SYNTH_SMURF_0000090,64059.62,55432.72,SYNTH_SMURFSINK_0000090,0.0,8626.9,1,0,structuring_smurfing,1
472,TRANSFER,8875.24,SYNTH_SMURF_0000090,55432.72,46557.48,SYNTH_SMURFSINK_0000090,0.0,8875.24,1,0,structuring_smurfing,1
190,TRANSFER,7986.86,SYNTH_SMURF_0000090,46557.48,38570.62,SYNTH_SMURFSINK_0000090,0.0,7986.86,1,0,structuring_smurfing,1
225,TRANSFER,7431.29,SYNTH_SMURF_0000090,38570.62,31139.33,SYNTH_SMURFSINK_0000090,0.0,7431.29,1,0,structuring_smurfing,1
522,TRANSFER,7865.58,SYNTH_SMURF_0000090,31139.33,23273.75,SYNTH_SMURFSINK_0000090,0.0,7865.58,1,0,structuring_smurfing,1
339,TRANSFER,9603.56,SYNTH_SMURF_0000090,23273.75,13670.19,SYNTH_SMURFSINK_0000090,0.0,9603.56,1,0,structuring_smurfing,1
564,TRANSFER,8815.59,SYNTH_SMURF_0000091,59858.38,51042.8,SYNTH_SMURFSINK_0000091,0.0,8815.59,1,0,structuring_smurfing,1
328,TRANSFER,8735.37,SYNTH_SMURF_0000091,51042.8,42307.43,SYNTH_SMURFSINK_0000091,0.0,8735.37,1,0,structuring_smurfing,1
331,TRANSFER,7512.37,SYNTH_SMURF_0000091,42307.43,34795.05,SYNTH_SMURFSINK_0000091,0.0,7512.37,1,0,structuring_smurfing,1
419,TRANSFER,7287.25,SYNTH_SMURF_0000091,34795.05,27507.8,SYNTH_SMURFSINK_0000091,0.0,7287.25,1,0,structuring_smurfing,1
224,TRANSFER,9605.88,SYNTH_SMURF_0000091,27507.8,17901.92,SYNTH_SMURFSINK_0000091,0.0,9605.88,1,0,structuring_smurfing,1
81,TRANSFER,8616.92,SYNTH_SMURF_0000091,17901.92,9285.0,SYNTH_SMURFSINK_0000091,0.0,8616.92,1,0,structuring_smurfing,1
214,TRANSFER,7746.74,SYNTH_SMURF_0000092,53759.55,46012.81,SYNTH_SMURFSINK_0000092,0.0,7746.74,1,0,structuring_smurfing,1
284,TRANSFER,7081.57,SYNTH_SMURF_0000092,46012.81,38931.24,SYNTH_SMURFSINK_0000092,0.0,7081.57,1,0,structuring_smurfing,1
201,TRANSFER,9202.75,SYNTH_SMURF_0000092,38931.24,29728.49,SYNTH_SMURFSINK_0000092,0.0,9202.75,1,0,structuring_smurfing,1
285,TRANSFER,7476.44,SYNTH_SMURF_0000092,29728.49,22252.05,SYNTH_SMURFSINK_0000092,0.0,7476.44,1,0,structuring_smurfing,1
234,TRANSFER,7139.87,SYNTH_SMURF_0000092,22252.05,15112.18,SYNTH_SMURFSINK_0000092,0.0,7139.87,1,0,structuring_smurfing,1
182,TRANSFER,9040.87,SYNTH_SMURF_0000092,15112.18,6071.31,SYNTH_SMURFSINK_0000092,0.0,9040.87,1,0,structuring_smurfing,1
394,TRANSFER,7548.5,SYNTH_SMURF_0000093,54928.09,47379.58,SYNTH_SMURFSINK_0000093,0.0,7548.5,1,0,structuring_smurfing,1
82,TRANSFER,7857.67,SYNTH_SMURF_0000093,47379.58,39521.91,SYNTH_SMURFSINK_0000093,0.0,7857.67,1,0,structuring_smurfing,1
165,TRANSFER,7223.93,SYNTH_SMURF_0000093,39521.91,32297.99,SYNTH_SMURFSINK_0000093,0.0,7223.93,1,0,structuring_smurfing,1
180,TRANSFER,7428.03,SYNTH_SMURF_0000093,32297.99,24869.95,SYNTH_SMURFSINK_0000093,0.0,7428.03,1,0,structuring_smurfing,1
653,TRANSFER,8126.04,SYNTH_SMURF_0000093,24869.95,16743.91,SYNTH_SMURFSINK_0000093,0.0,8126.04,1,0,structuring_smurfing,1
642,TRANSFER,9374.56,SYNTH_SMURF_0000093,16743.91,7369.35,SYNTH_SMURFSINK_0000093,0.0,9374.56,1,0,structuring_smurfing,1
551,TRANSFER,7570.3,SYNTH_SMURF_0000094,53871.45,46301.15,SYNTH_SMURFSINK_0000094,0.0,7570.3,1,0,structuring_smurfing,1
248,TRANSFER,7347.19,SYNTH_SMURF_0000094,46301.15,38953.96,SYNTH_SMURFSINK_0000094,0.0,7347.19,1,0,structuring_smurfing,1
43,TRANSFER,8026.0,SYNTH_SMURF_0000094,38953.96,30927.96,SYNTH_SMURFSINK_0000094,0.0,8026.0,1,0,structuring_smurfing,1
256,TRANSFER,8554.72,SYNTH_SMURF_0000094,30927.96,22373.25,SYNTH_SMURFSINK_0000094,0.0,8554.72,1,0,structuring_smurfing,1
686,TRANSFER,7971.82,SYNTH_SMURF_0000094,22373.25,14401.43,SYNTH_SMURFSINK_0000094,0.0,7971.82,1,0,structuring_smurfing,1
576,TRANSFER,8649.23,SYNTH_SMURF_0000094,14401.43,5752.2,SYNTH_SMURFSINK_0000094,0.0,8649.23,1,0,structuring_smurfing,1
558,TRANSFER,7144.0,SYNTH_SMURF_0000095,57075.79,49931.78,SYNTH_SMURFSINK_0000095,0.0,7144.0,1,0,structuring_smurfing,1
95,TRANSFER,8992.21,SYNTH_SMURF_0000095,49931.78,40939.57,SYNTH_SMURFSINK_0000095,0.0,8992.21,1,0,structuring_smurfing,1
429,TRANSFER,7461.71,SYNTH_SMURF_0000095,40939.57,33477.86,SYNTH_SMURFSINK_0000095,0.0,7461.71,1,0,structuring_smurfing,1
260,TRANSFER,8149.42,SYNTH_SMURF_0000095,33477.86,25328.43,SYNTH_SMURFSINK_0000095,0.0,8149.42,1,0,structuring_smurfing,1
289,TRANSFER,8315.02,SYNTH_SMURF_0000095,25328.43,17013.41,SYNTH_SMURFSINK_0000095,0.0,8315.02,1,0,structuring_smurfing,1
662,TRANSFER,7498.07,SYNTH_SMURF_0000095,17013.41,9515.34,SYNTH_SMURFSINK_0000095,0.0,7498.07,1,0,structuring_smurfing,1
340,TRANSFER,7249.1,SYNTH_SMURF_0000096,50942.76,43693.66,SYNTH_SMURFSINK_0000096,0.0,7249.1,1,0,structuring_smurfing,1
29,TRANSFER,8464.87,SYNTH_SMURF_0000096,43693.66,35228.79,SYNTH_SMURFSINK_0000096,0.0,8464.87,1,0,structuring_smurfing,1
47,TRANSFER,9030.27,SYNTH_SMURF_0000096,35228.79,26198.53,SYNTH_SMURFSINK_0000096,0.0,9030.27,1,0,structuring_smurfing,1
326,TRANSFER,8143.68,SYNTH_SMURF_0000096,26198.53,18054.85,SYNTH_SMURFSINK_0000096,0.0,8143.68,1,0,structuring_smurfing,1
565,TRANSFER,7808.41,SYNTH_SMURF_0000096,18054.85,10246.44,SYNTH_SMURFSINK_0000096,0.0,7808.41,1,0,structuring_smurfing,1
646,TRANSFER,7127.94,SYNTH_SMURF_0000096,10246.44,3118.5,SYNTH_SMURFSINK_0000096,0.0,7127.94,1,0,structuring_smurfing,1
170,TRANSFER,7413.37,SYNTH_SMURF_0000097,63306.94,55893.57,SYNTH_SMURFSINK_0000097,0.0,7413.37,1,0,structuring_smurfing,1
567,TRANSFER,7894.45,SYNTH_SMURF_0000097,55893.57,47999.12,SYNTH_SMURFSINK_0000097,0.0,7894.45,1,0,structuring_smurfing,1
708,TRANSFER,8809.25,SYNTH_SMURF_0000097,47999.12,39189.87,SYNTH_SMURFSINK_0000097,0.0,8809.25,1,0,structuring_smurfing,1
728,TRANSFER,8185.39,SYNTH_SMURF_0000097,39189.87,31004.47,SYNTH_SMURFSINK_0000097,0.0,8185.39,1,0,structuring_smurfing,1
420,TRANSFER,8982.33,SYNTH_SMURF_0000097,31004.47,22022.15,SYNTH_SMURFSINK_0000097,0.0,8982.33,1,0,structuring_smurfing,1
559,TRANSFER,9342.51,SYNTH_SMURF_0000097,22022.15,12679.63,SYNTH_SMURFSINK_0000097,0.0,9342.51,1,0,structuring_smurfing,1
531,TRANSFER,9523.64,SYNTH_SMURF_0000098,67263.27,57739.63,SYNTH_SMURFSINK_0000098,0.0,9523.64,1,0,structuring_smurfing,1
580,TRANSFER,8283.06,SYNTH_SMURF_0000098,57739.63,49456.57,SYNTH_SMURFSINK_0000098,0.0,8283.06,1,0,structuring_smurfing,1
568,TRANSFER,8723.37,SYNTH_SMURF_0000098,49456.57,40733.2,SYNTH_SMURFSINK_0000098,0.0,8723.37,1,0,structuring_smurfing,1
589,TRANSFER,8390.34,SYNTH_SMURF_0000098,40733.2,32342.86,SYNTH_SMURFSINK_0000098,0.0,8390.34,1,0,structuring_smurfing,1
598,TRANSFER,9297.8,SYNTH_SMURF_0000098,32342.86,23045.06,SYNTH_SMURFSINK_0000098,0.0,9297.8,1,0,structuring_smurfing,1
704,TRANSFER,8164.67,SYNTH_SMURF_0000098,23045.06,14880.39,SYNTH_SMURFSINK_0000098,0.0,8164.67,1,0,structuring_smurfing,1
360,TRANSFER,9448.64,SYNTH_SMURF_0000099,60454.91,51006.27,SYNTH_SMURFSINK_0000099,0.0,9448.64,1,0,structuring_smurfing,1
513,TRANSFER,8548.52,SYNTH_SMURF_0000099,51006.27,42457.75,SYNTH_SMURFSINK_0000099,0.0,8548.52,1,0,structuring_smurfing,1
688,TRANSFER,8563.71,SYNTH_SMURF_0000099,42457.75,33894.04,SYNTH_SMURFSINK_0000099,0.0,8563.71,1,0,structuring_smurfing,1
562,TRANSFER,7451.69,SYNTH_SMURF_0000099,33894.04,26442.35,SYNTH_SMURFSINK_0000099,0.0,7451.69,1,0,structuring_smurfing,1
553,TRANSFER,9632.4,SYNTH_SMURF_0000099,26442.35,16809.95,SYNTH_SMURFSINK_0000099,0.0,9632.4,1,0,structuring_smurfing,1
348,TRANSFER,7688.55,SYNTH_SMURF_0000099,16809.95,9121.41,SYNTH_SMURFSINK_0000099,0.0,7688.55,1,0,structuring_smurfing,1
90,TRANSFER,10574.22,SYNTH_MULE0_0000000,10574.22,0.0,SYNTH_MULE0_0000001,0.0,10204.01,1,0,mule_network_layering,1
91,TRANSFER,10204.01,SYNTH_MULE0_0000001,10204.01,0.0,SYNTH_MULE0_0000002,0.0,9463.37,1,0,mule_network_layering,1
92,TRANSFER,9463.37,SYNTH_MULE0_0000002,9463.37,0.0,SYNTH_MULE0_0000003,0.0,9098.32,1,0,mule_network_layering,1
93,CASH_OUT,9098.32,SYNTH_MULESINK0_0000000,9098.32,0.0,SYNTH_MERCHANT0_0000000,0.0,9098.32,1,0,mule_network_layering,1
628,TRANSFER,4139.01,SYNTH_MULE1_0000000,4139.01,0.0,SYNTH_MULE1_0000001,0.0,3929.19,1,0,mule_network_layering,1
629,TRANSFER,3929.19,SYNTH_MULE1_0000001,3929.19,0.0,SYNTH_MULE1_0000002,0.0,3744.35,1,0,mule_network_layering,1
630,TRANSFER,3744.35,SYNTH_MULE1_0000002,3744.35,0.0,SYNTH_MULE1_0000003,0.0,3500.67,1,0,mule_network_layering,1
631,CASH_OUT,3500.67,SYNTH_MULESINK1_0000000,3500.67,0.0,SYNTH_MERCHANT1_0000000,0.0,3500.67,1,0,mule_network_layering,1
277,TRANSFER,3164.57,SYNTH_MULE2_0000000,3164.57,0.0,SYNTH_MULE2_0000001,0.0,3051.6,1,0,mule_network_layering,1
278,TRANSFER,3051.6,SYNTH_MULE2_0000001,3051.6,0.0,SYNTH_MULE2_0000002,0.0,2939.64,1,0,mule_network_layering,1
279,TRANSFER,2939.64,SYNTH_MULE2_0000002,2939.64,0.0,SYNTH_MULE2_0000003,0.0,2717.2,1,0,mule_network_layering,1
280,CASH_OUT,2717.2,SYNTH_MULESINK2_0000000,2717.2,0.0,SYNTH_MERCHANT2_0000000,0.0,2717.2,1,0,mule_network_layering,1
122,TRANSFER,6166.39,SYNTH_MULE3_0000000,6166.39,0.0,SYNTH_MULE3_0000001,0.0,5922.1,1,0,mule_network_layering,1
123,TRANSFER,5922.1,SYNTH_MULE3_0000001,5922.1,0.0,SYNTH_MULE3_0000002,0.0,5772.25,1,0,mule_network_layering,1
124,TRANSFER,5772.25,SYNTH_MULE3_0000002,5772.25,0.0,SYNTH_MULE3_0000003,0.0,5570.68,1,0,mule_network_layering,1
125,CASH_OUT,5570.68,SYNTH_MULESINK3_0000000,5570.68,0.0,SYNTH_MERCHANT3_0000000,0.0,5570.68,1,0,mule_network_layering,1
320,TRANSFER,6275.05,SYNTH_MULE4_0000000,6275.05,0.0,SYNTH_MULE4_0000001,0.0,5956.57,1,0,mule_network_layering,1
321,TRANSFER,5956.57,SYNTH_MULE4_0000001,5956.57,0.0,SYNTH_MULE4_0000002,0.0,5717.0,1,0,mule_network_layering,1
322,TRANSFER,5717.0,SYNTH_MULE4_0000002,5717.0,0.0,SYNTH_MULE4_0000003,0.0,5375.56,1,0,mule_network_layering,1
323,CASH_OUT,5375.56,SYNTH_MULESINK4_0000000,5375.56,0.0,SYNTH_MERCHANT4_0000000,0.0,5375.56,1,0,mule_network_layering,1
490,TRANSFER,5191.15,SYNTH_MULE5_0000000,5191.15,0.0,SYNTH_MULE5_0000001,0.0,4787.92,1,0,mule_network_layering,1
491,TRANSFER,4787.92,SYNTH_MULE5_0000001,4787.92,0.0,SYNTH_MULE5_0000002,0.0,4496.62,1,0,mule_network_layering,1
492,TRANSFER,4496.62,SYNTH_MULE5_0000002,4496.62,0.0,SYNTH_MULE5_0000003,0.0,4186.04,1,0,mule_network_layering,1
493,CASH_OUT,4186.04,SYNTH_MULESINK5_0000000,4186.04,0.0,SYNTH_MERCHANT5_0000000,0.0,4186.04,1,0,mule_network_layering,1
265,TRANSFER,5831.28,SYNTH_MULE6_0000000,5831.28,0.0,SYNTH_MULE6_0000001,0.0,5468.18,1,0,mule_network_layering,1
266,TRANSFER,5468.18,SYNTH_MULE6_0000001,5468.18,0.0,SYNTH_MULE6_0000002,0.0,5333.14,1,0,mule_network_layering,1
267,TRANSFER,5333.14,SYNTH_MULE6_0000002,5333.14,0.0,SYNTH_MULE6_0000003,0.0,4983.92,1,0,mule_network_layering,1
268,CASH_OUT,4983.92,SYNTH_MULESINK6_0000000,4983.92,0.0,SYNTH_MERCHANT6_0000000,0.0,4983.92,1,0,mule_network_layering,1
484,TRANSFER,2263.12,SYNTH_MULE7_0000000,2263.12,0.0,SYNTH_MULE7_0000001,0.0,2104.32,1,0,mule_network_layering,1
485,TRANSFER,2104.32,SYNTH_MULE7_0000001,2104.32,0.0,SYNTH_MULE7_0000002,0.0,1944.44,1,0,mule_network_layering,1
486,TRANSFER,1944.44,SYNTH_MULE7_0000002,1944.44,0.0,SYNTH_MULE7_0000003,0.0,1879.16,1,0,mule_network_layering,1
487,CASH_OUT,1879.16,SYNTH_MULESINK7_0000000,1879.16,0.0,SYNTH_MERCHANT7_0000000,0.0,1879.16,1,0,mule_network_layering,1
514,TRANSFER,4599.67,SYNTH_MULE8_0000000,4599.67,0.0,SYNTH_MULE8_0000001,0.0,4242.67,1,0,mule_network_layering,1
515,TRANSFER,4242.67,SYNTH_MULE8_0000001,4242.67,0.0,SYNTH_MULE8_0000002,0.0,4125.27,1,0,mule_network_layering,1
516,TRANSFER,4125.27,SYNTH_MULE8_0000002,4125.27,0.0,SYNTH_MULE8_0000003,0.0,3956.38,1,0,mule_network_layering,1
517,CASH_OUT,3956.38,SYNTH_MULESINK8_0000000,3956.38,0.0,SYNTH_MERCHANT8_0000000,0.0,3956.38,1,0,mule_network_layering,1
12,TRANSFER,3654.05,SYNTH_MULE9_0000000,3654.05,0.0,SYNTH_MULE9_0000001,0.0,3509.77,1,0,mule_network_layering,1
13,TRANSFER,3509.77,SYNTH_MULE9_0000001,3509.77,0.0,SYNTH_MULE9_0000002,0.0,3434.67,1,0,mule_network_layering,1
14,TRANSFER,3434.67,SYNTH_MULE9_0000002,3434.67,0.0,SYNTH_MULE9_0000003,0.0,3334.34,1,0,mule_network_layering,1
15,CASH_OUT,3334.34,SYNTH_MULESINK9_0000000,3334.34,0.0,SYNTH_MERCHANT9_0000000,0.0,3334.34,1,0,mule_network_layering,1
94,TRANSFER,6240.27,SYNTH_MULE10_0000000,6240.27,0.0,SYNTH_MULE10_0000001,0.0,5872.5,1,0,mule_network_layering,1
95,TRANSFER,5872.5,SYNTH_MULE10_0000001,5872.5,0.0,SYNTH_MULE10_0000002,0.0,5480.79,1,0,mule_network_layering,1
96,TRANSFER,5480.79,SYNTH_MULE10_0000002,5480.79,0.0,SYNTH_MULE10_0000003,0.0,5234.61,1,0,mule_network_layering,1
97,CASH_OUT,5234.61,SYNTH_MULESINK10_0000000,5234.61,0.0,SYNTH_MERCHANT10_0000000,0.0,5234.61,1,0,mule_network_layering,1
96,TRANSFER,4633.98,SYNTH_MULE11_0000000,4633.98,0.0,SYNTH_MULE11_0000001,0.0,4483.85,1,0,mule_network_layering,1
97,TRANSFER,4483.85,SYNTH_MULE11_0000001,4483.85,0.0,SYNTH_MULE11_0000002,0.0,4310.13,1,0,mule_network_layering,1
98,TRANSFER,4310.13,SYNTH_MULE11_0000002,4310.13,0.0,SYNTH_MULE11_0000003,0.0,4177.84,1,0,mule_network_layering,1
99,CASH_OUT,4177.84,SYNTH_MULESINK11_0000000,4177.84,0.0,SYNTH_MERCHANT11_0000000,0.0,4177.84,1,0,mule_network_layering,1
38,TRANSFER,5872.15,SYNTH_MULE12_0000000,5872.15,0.0,SYNTH_MULE12_0000001,0.0,5520.02,1,0,mule_network_layering,1
39,TRANSFER,5520.02,SYNTH_MULE12_0000001,5520.02,0.0,SYNTH_MULE12_0000002,0.0,5201.1,1,0,mule_network_layering,1
40,TRANSFER,5201.1,SYNTH_MULE12_0000002,5201.1,0.0,SYNTH_MULE12_0000003,0.0,4805.09,1,0,mule_network_layering,1
41,CASH_OUT,4805.09,SYNTH_MULESINK12_0000000,4805.09,0.0,SYNTH_MERCHANT12_0000000,0.0,4805.09,1,0,mule_network_layering,1
690,TRANSFER,7144.11,SYNTH_MULE13_0000000,7144.11,0.0,SYNTH_MULE13_0000001,0.0,6942.26,1,0,mule_network_layering,1
691,TRANSFER,6942.26,SYNTH_MULE13_0000001,6942.26,0.0,SYNTH_MULE13_0000002,0.0,6568.46,1,0,mule_network_layering,1
692,TRANSFER,6568.46,SYNTH_MULE13_0000002,6568.46,0.0,SYNTH_MULE13_0000003,0.0,6412.82,1,0,mule_network_layering,1
693,CASH_OUT,6412.82,SYNTH_MULESINK13_0000000,6412.82,0.0,SYNTH_MERCHANT13_0000000,0.0,6412.82,1,0,mule_network_layering,1
231,TRANSFER,6329.34,SYNTH_MULE14_0000000,6329.34,0.0,SYNTH_MULE14_0000001,0.0,6040.28,1,0,mule_network_layering,1
232,TRANSFER,6040.28,SYNTH_MULE14_0000001,6040.28,0.0,SYNTH_MULE14_0000002,0.0,5818.06,1,0,mule_network_layering,1
233,TRANSFER,5818.06,SYNTH_MULE14_0000002,5818.06,0.0,SYNTH_MULE14_0000003,0.0,5462.29,1,0,mule_network_layering,1
234,CASH_OUT,5462.29,SYNTH_MULESINK14_0000000,5462.29,0.0,SYNTH_MERCHANT14_0000000,0.0,5462.29,1,0,mule_network_layering,1
472,TRANSFER,15338.45,SYNTH_MULE15_0000000,15338.45,0.0,SYNTH_MULE15_0000001,0.0,14453.95,1,0,mule_network_layering,1
473,TRANSFER,14453.95,SYNTH_MULE15_0000001,14453.95,0.0,SYNTH_MULE15_0000002,0.0,13698.0,1,0,mule_network_layering,1
474,TRANSFER,13698.0,SYNTH_MULE15_0000002,13698.0,0.0,SYNTH_MULE15_0000003,0.0,13398.49,1,0,mule_network_layering,1
475,CASH_OUT,13398.49,SYNTH_MULESINK15_0000000,13398.49,0.0,SYNTH_MERCHANT15_0000000,0.0,13398.49,1,0,mule_network_layering,1
275,TRANSFER,9115.94,SYNTH_MULE16_0000000,9115.94,0.0,SYNTH_MULE16_0000001,0.0,8785.54,1,0,mule_network_layering,1
276,TRANSFER,8785.54,SYNTH_MULE16_0000001,8785.54,0.0,SYNTH_MULE16_0000002,0.0,8437.01,1,0,mule_network_layering,1
277,TRANSFER,8437.01,SYNTH_MULE16_0000002,8437.01,0.0,SYNTH_MULE16_0000003,0.0,7794.65,1,0,mule_network_layering,1
278,CASH_OUT,7794.65,SYNTH_MULESINK16_0000000,7794.65,0.0,SYNTH_MERCHANT16_0000000,0.0,7794.65,1,0,mule_network_layering,1
454,TRANSFER,2481.55,SYNTH_MULE17_0000000,2481.55,0.0,SYNTH_MULE17_0000001,0.0,2339.47,1,0,mule_network_layering,1
455,TRANSFER,2339.47,SYNTH_MULE17_0000001,2339.47,0.0,SYNTH_MULE17_0000002,0.0,2234.61,1,0,mule_network_layering,1
456,TRANSFER,2234.61,SYNTH_MULE17_0000002,2234.61,0.0,SYNTH_MULE17_0000003,0.0,2126.87,1,0,mule_network_layering,1
457,CASH_OUT,2126.87,SYNTH_MULESINK17_0000000,2126.87,0.0,SYNTH_MERCHANT17_0000000,0.0,2126.87,1,0,mule_network_layering,1
63,TRANSFER,7044.48,SYNTH_MULE18_0000000,7044.48,0.0,SYNTH_MULE18_0000001,0.0,6613.81,1,0,mule_network_layering,1
64,TRANSFER,6613.81,SYNTH_MULE18_0000001,6613.81,0.0,SYNTH_MULE18_0000002,0.0,6465.69,1,0,mule_network_layering,1
65,TRANSFER,6465.69,SYNTH_MULE18_0000002,6465.69,0.0,SYNTH_MULE18_0000003,0.0,6027.95,1,0,mule_network_layering,1
66,CASH_OUT,6027.95,SYNTH_MULESINK18_0000000,6027.95,0.0,SYNTH_MERCHANT18_0000000,0.0,6027.95,1,0,mule_network_layering,1
269,TRANSFER,4577.08,SYNTH_MULE19_0000000,4577.08,0.0,SYNTH_MULE19_0000001,0.0,4309.03,1,0,mule_network_layering,1
270,TRANSFER,4309.03,SYNTH_MULE19_0000001,4309.03,0.0,SYNTH_MULE19_0000002,0.0,4054.12,1,0,mule_network_layering,1
271,TRANSFER,4054.12,SYNTH_MULE19_0000002,4054.12,0.0,SYNTH_MULE19_0000003,0.0,3825.11,1,0,mule_network_layering,1
272,CASH_OUT,3825.11,SYNTH_MULESINK19_0000000,3825.11,0.0,SYNTH_MERCHANT19_0000000,0.0,3825.11,1,0,mule_network_layering,1
282,TRANSFER,4638.16,SYNTH_MULE20_0000000,4638.16,0.0,SYNTH_MULE20_0000001,0.0,4349.08,1,0,mule_network_layering,1
283,TRANSFER,4349.08,SYNTH_MULE20_0000001,4349.08,0.0,SYNTH_MULE20_0000002,0.0,4200.44,1,0,mule_network_layering,1
284,TRANSFER,4200.44,SYNTH_MULE20_0000002,4200.44,0.0,SYNTH_MULE20_0000003,0.0,4045.03,1,0,mule_network_layering,1
285,CASH_OUT,4045.03,SYNTH_MULESINK20_0000000,4045.03,0.0,SYNTH_MERCHANT20_0000000,0.0,4045.03,1,0,mule_network_layering,1
373,TRANSFER,6659.2,SYNTH_MULE21_0000000,6659.2,0.0,SYNTH_MULE21_0000001,0.0,6379.48,1,0,mule_network_layering,1
374,TRANSFER,6379.48,SYNTH_MULE21_0000001,6379.48,0.0,SYNTH_MULE21_0000002,0.0,6102.24,1,0,mule_network_layering,1
375,TRANSFER,6102.24,SYNTH_MULE21_0000002,6102.24,0.0,SYNTH_MULE21_0000003,0.0,5759.1,1,0,mule_network_layering,1
376,CASH_OUT,5759.1,SYNTH_MULESINK21_0000000,5759.1,0.0,SYNTH_MERCHANT21_0000000,0.0,5759.1,1,0,mule_network_layering,1
286,TRANSFER,7114.42,SYNTH_MULE22_0000000,7114.42,0.0,SYNTH_MULE22_0000001,0.0,6785.37,1,0,mule_network_layering,1
287,TRANSFER,6785.37,SYNTH_MULE22_0000001,6785.37,0.0,SYNTH_MULE22_0000002,0.0,6362.13,1,0,mule_network_layering,1
288,TRANSFER,6362.13,SYNTH_MULE22_0000002,6362.13,0.0,SYNTH_MULE22_0000003,0.0,6203.8,1,0,mule_network_layering,1
289,CASH_OUT,6203.8,SYNTH_MULESINK22_0000000,6203.8,0.0,SYNTH_MERCHANT22_0000000,0.0,6203.8,1,0,mule_network_layering,1
592,TRANSFER,2871.07,SYNTH_MULE23_0000000,2871.07,0.0,SYNTH_MULE23_0000001,0.0,2697.21,1,0,mule_network_layering,1
593,TRANSFER,2697.21,SYNTH_MULE23_0000001,2697.21,0.0,SYNTH_MULE23_0000002,0.0,2587.65,1,0,mule_network_layering,1
594,TRANSFER,2587.65,SYNTH_MULE23_0000002,2587.65,0.0,SYNTH_MULE23_0000003,0.0,2388.51,1,0,mule_network_layering,1
595,CASH_OUT,2388.51,SYNTH_MULESINK23_0000000,2388.51,0.0,SYNTH_MERCHANT23_0000000,0.0,2388.51,1,0,mule_network_layering,1
209,TRANSFER,3420.11,SYNTH_MULE24_0000000,3420.11,0.0,SYNTH_MULE24_0000001,0.0,3298.89,1,0,mule_network_layering,1
210,TRANSFER,3298.89,SYNTH_MULE24_0000001,3298.89,0.0,SYNTH_MULE24_0000002,0.0,3110.17,1,0,mule_network_layering,1
211,TRANSFER,3110.17,SYNTH_MULE24_0000002,3110.17,0.0,SYNTH_MULE24_0000003,0.0,2960.81,1,0,mule_network_layering,1
212,CASH_OUT,2960.81,SYNTH_MULESINK24_0000000,2960.81,0.0,SYNTH_MERCHANT24_0000000,0.0,2960.81,1,0,mule_network_layering,1
618,TRANSFER,2342.63,SYNTH_MULE25_0000000,2342.63,0.0,SYNTH_MULE25_0000001,0.0,2280.11,1,0,mule_network_layering,1
619,TRANSFER,2280.11,SYNTH_MULE25_0000001,2280.11,0.0,SYNTH_MULE25_0000002,0.0,2218.1,1,0,mule_network_layering,1
620,TRANSFER,2218.1,SYNTH_MULE25_0000002,2218.1,0.0,SYNTH_MULE25_0000003,0.0,2040.78,1,0,mule_network_layering,1
621,CASH_OUT,2040.78,SYNTH_MULESINK25_0000000,2040.78,0.0,SYNTH_MERCHANT25_0000000,0.0,2040.78,1,0,mule_network_layering,1
151,TRANSFER,4308.06,SYNTH_MULE26_0000000,4308.06,0.0,SYNTH_MULE26_0000001,0.0,3975.58,1,0,mule_network_layering,1
152,TRANSFER,3975.58,SYNTH_MULE26_0000001,3975.58,0.0,SYNTH_MULE26_0000002,0.0,3891.31,1,0,mule_network_layering,1
153,TRANSFER,3891.31,SYNTH_MULE26_0000002,3891.31,0.0,SYNTH_MULE26_0000003,0.0,3715.75,1,0,mule_network_layering,1
154,CASH_OUT,3715.75,SYNTH_MULESINK26_0000000,3715.75,0.0,SYNTH_MERCHANT26_0000000,0.0,3715.75,1,0,mule_network_layering,1
392,TRANSFER,9131.55,SYNTH_MULE27_0000000,9131.55,0.0,SYNTH_MULE27_0000001,0.0,8558.33,1,0,mule_network_layering,1
393,TRANSFER,8558.33,SYNTH_MULE27_0000001,8558.33,0.0,SYNTH_MULE27_0000002,0.0,8149.09,1,0,mule_network_layering,1
394,TRANSFER,8149.09,SYNTH_MULE27_0000002,8149.09,0.0,SYNTH_MULE27_0000003,0.0,7509.66,1,0,mule_network_layering,1
395,CASH_OUT,7509.66,SYNTH_MULESINK27_0000000,7509.66,0.0,SYNTH_MERCHANT27_0000000,0.0,7509.66,1,0,mule_network_layering,1
434,TRANSFER,6298.28,SYNTH_MULE28_0000000,6298.28,0.0,SYNTH_MULE28_0000001,0.0,5851.33,1,0,mule_network_layering,1
435,TRANSFER,5851.33,SYNTH_MULE28_0000001,5851.33,0.0,SYNTH_MULE28_0000002,0.0,5408.17,1,0,mule_network_layering,1
436,TRANSFER,5408.17,SYNTH_MULE28_0000002,5408.17,0.0,SYNTH_MULE28_0000003,0.0,5217.34,1,0,mule_network_layering,1
437,CASH_OUT,5217.34,SYNTH_MULESINK28_0000000,5217.34,0.0,SYNTH_MERCHANT28_0000000,0.0,5217.34,1,0,mule_network_layering,1
623,TRANSFER,4325.82,SYNTH_MULE29_0000000,4325.82,0.0,SYNTH_MULE29_0000001,0.0,4105.42,1,0,mule_network_layering,1
624,TRANSFER,4105.42,SYNTH_MULE29_0000001,4105.42,0.0,SYNTH_MULE29_0000002,0.0,3894.44,1,0,mule_network_layering,1
625,TRANSFER,3894.44,SYNTH_MULE29_0000002,3894.44,0.0,SYNTH_MULE29_0000003,0.0,3600.5,1,0,mule_network_layering,1
626,CASH_OUT,3600.5,SYNTH_MULESINK29_0000000,3600.5,0.0,SYNTH_MERCHANT29_0000000,0.0,3600.5,1,0,mule_network_layering,1
546,TRANSFER,1719.76,SYNTH_MULE30_0000000,1719.76,0.0,SYNTH_MULE30_0000001,0.0,1644.09,1,0,mule_network_layering,1
547,TRANSFER,1644.09,SYNTH_MULE30_0000001,1644.09,0.0,SYNTH_MULE30_0000002,0.0,1598.04,1,0,mule_network_layering,1
548,TRANSFER,1598.04,SYNTH_MULE30_0000002,1598.04,0.0,SYNTH_MULE30_0000003,0.0,1547.64,1,0,mule_network_layering,1
549,CASH_OUT,1547.64,SYNTH_MULESINK30_0000000,1547.64,0.0,SYNTH_MERCHANT30_0000000,0.0,1547.64,1,0,mule_network_layering,1
546,TRANSFER,5469.9,SYNTH_MULE31_0000000,5469.9,0.0,SYNTH_MULE31_0000001,0.0,5129.17,1,0,mule_network_layering,1
547,TRANSFER,5129.17,SYNTH_MULE31_0000001,5129.17,0.0,SYNTH_MULE31_0000002,0.0,4863.37,1,0,mule_network_layering,1
548,TRANSFER,4863.37,SYNTH_MULE31_0000002,4863.37,0.0,SYNTH_MULE31_0000003,0.0,4656.86,1,0,mule_network_layering,1
549,CASH_OUT,4656.86,SYNTH_MULESINK31_0000000,4656.86,0.0,SYNTH_MERCHANT31_0000000,0.0,4656.86,1,0,mule_network_layering,1
80,TRANSFER,4148.33,SYNTH_MULE32_0000000,4148.33,0.0,SYNTH_MULE32_0000001,0.0,3846.02,1,0,mule_network_layering,1
81,TRANSFER,3846.02,SYNTH_MULE32_0000001,3846.02,0.0,SYNTH_MULE32_0000002,0.0,3642.87,1,0,mule_network_layering,1
82,TRANSFER,3642.87,SYNTH_MULE32_0000002,3642.87,0.0,SYNTH_MULE32_0000003,0.0,3390.81,1,0,mule_network_layering,1
83,CASH_OUT,3390.81,SYNTH_MULESINK32_0000000,3390.81,0.0,SYNTH_MERCHANT32_0000000,0.0,3390.81,1,0,mule_network_layering,1
27,TRANSFER,4358.47,SYNTH_MULE33_0000000,4358.47,0.0,SYNTH_MULE33_0000001,0.0,4044.98,1,0,mule_network_layering,1
28,TRANSFER,4044.98,SYNTH_MULE33_0000001,4044.98,0.0,SYNTH_MULE33_0000002,0.0,3870.31,1,0,mule_network_layering,1
29,TRANSFER,3870.31,SYNTH_MULE33_0000002,3870.31,0.0,SYNTH_MULE33_0000003,0.0,3700.97,1,0,mule_network_layering,1
30,CASH_OUT,3700.97,SYNTH_MULESINK33_0000000,3700.97,0.0,SYNTH_MERCHANT33_0000000,0.0,3700.97,1,0,mule_network_layering,1
301,TRANSFER,4308.64,SYNTH_MULE34_0000000,4308.64,0.0,SYNTH_MULE34_0000001,0.0,4081.62,1,0,mule_network_layering,1
302,TRANSFER,4081.62,SYNTH_MULE34_0000001,4081.62,0.0,SYNTH_MULE34_0000002,0.0,3838.24,1,0,mule_network_layering,1
303,TRANSFER,3838.24,SYNTH_MULE34_0000002,3838.24,0.0,SYNTH_MULE34_0000003,0.0,3662.33,1,0,mule_network_layering,1
304,CASH_OUT,3662.33,SYNTH_MULESINK34_0000000,3662.33,0.0,SYNTH_MERCHANT34_0000000,0.0,3662.33,1,0,mule_network_layering,1
642,TRANSFER,3133.51,SYNTH_MULE35_0000000,3133.51,0.0,SYNTH_MULE35_0000001,0.0,3005.79,1,0,mule_network_layering,1
643,TRANSFER,3005.79,SYNTH_MULE35_0000001,3005.79,0.0,SYNTH_MULE35_0000002,0.0,2779.23,1,0,mule_network_layering,1
644,TRANSFER,2779.23,SYNTH_MULE35_0000002,2779.23,0.0,SYNTH_MULE35_0000003,0.0,2689.06,1,0,mule_network_layering,1
645,CASH_OUT,2689.06,SYNTH_MULESINK35_0000000,2689.06,0.0,SYNTH_MERCHANT35_0000000,0.0,2689.06,1,0,mule_network_layering,1
188,TRANSFER,8711.85,SYNTH_MULE36_0000000,8711.85,0.0,SYNTH_MULE36_0000001,0.0,8104.47,1,0,mule_network_layering,1
189,TRANSFER,8104.47,SYNTH_MULE36_0000001,8104.47,0.0,SYNTH_MULE36_0000002,0.0,7874.86,1,0,mule_network_layering,1
190,TRANSFER,7874.86,SYNTH_MULE36_0000002,7874.86,0.0,SYNTH_MULE36_0000003,0.0,7287.43,1,0,mule_network_layering,1
191,CASH_OUT,7287.43,SYNTH_MULESINK36_0000000,7287.43,0.0,SYNTH_MERCHANT36_0000000,0.0,7287.43,1,0,mule_network_layering,1
585,TRANSFER,4592.43,SYNTH_MULE37_0000000,4592.43,0.0,SYNTH_MULE37_0000001,0.0,4360.01,1,0,mule_network_layering,1
586,TRANSFER,4360.01,SYNTH_MULE37_0000001,4360.01,0.0,SYNTH_MULE37_0000002,0.0,4263.39,1,0,mule_network_layering,1
587,TRANSFER,4263.39,SYNTH_MULE37_0000002,4263.39,0.0,SYNTH_MULE37_0000003,0.0,4050.96,1,0,mule_network_layering,1
588,CASH_OUT,4050.96,SYNTH_MULESINK37_0000000,4050.96,0.0,SYNTH_MERCHANT37_0000000,0.0,4050.96,1,0,mule_network_layering,1
332,TRANSFER,5086.78,SYNTH_MULE38_0000000,5086.78,0.0,SYNTH_MULE38_0000001,0.0,4786.93,1,0,mule_network_layering,1
333,TRANSFER,4786.93,SYNTH_MULE38_0000001,4786.93,0.0,SYNTH_MULE38_0000002,0.0,4548.25,1,0,mule_network_layering,1
334,TRANSFER,4548.25,SYNTH_MULE38_0000002,4548.25,0.0,SYNTH_MULE38_0000003,0.0,4431.84,1,0,mule_network_layering,1
335,CASH_OUT,4431.84,SYNTH_MULESINK38_0000000,4431.84,0.0,SYNTH_MERCHANT38_0000000,0.0,4431.84,1,0,mule_network_layering,1
679,TRANSFER,3553.34,SYNTH_MULE39_0000000,3553.34,0.0,SYNTH_MULE39_0000001,0.0,3441.58,1,0,mule_network_layering,1
680,TRANSFER,3441.58,SYNTH_MULE39_0000001,3441.58,0.0,SYNTH_MULE39_0000002,0.0,3247.14,1,0,mule_network_layering,1
681,TRANSFER,3247.14,SYNTH_MULE39_0000002,3247.14,0.0,SYNTH_MULE39_0000003,0.0,3147.55,1,0,mule_network_layering,1
682,CASH_OUT,3147.55,SYNTH_MULESINK39_0000000,3147.55,0.0,SYNTH_MERCHANT39_0000000,0.0,3147.55,1,0,mule_network_layering,1
238,TRANSFER,5098.04,SYNTH_MULE40_0000000,5098.04,0.0,SYNTH_MULE40_0000001,0.0,4968.2,1,0,mule_network_layering,1
239,TRANSFER,4968.2,SYNTH_MULE40_0000001,4968.2,0.0,SYNTH_MULE40_0000002,0.0,4607.78,1,0,mule_network_layering,1
240,TRANSFER,4607.78,SYNTH_MULE40_0000002,4607.78,0.0,SYNTH_MULE40_0000003,0.0,4433.98,1,0,mule_network_layering,1
241,CASH_OUT,4433.98,SYNTH_MULESINK40_0000000,4433.98,0.0,SYNTH_MERCHANT40_0000000,0.0,4433.98,1,0,mule_network_layering,1
256,TRANSFER,5755.58,SYNTH_MULE41_0000000,5755.58,0.0,SYNTH_MULE41_0000001,0.0,5314.34,1,0,mule_network_layering,1
257,TRANSFER,5314.34,SYNTH_MULE41_0000001,5314.34,0.0,SYNTH_MULE41_0000002,0.0,4980.1,1,0,mule_network_layering,1
258,TRANSFER,4980.1,SYNTH_MULE41_0000002,4980.1,0.0,SYNTH_MULE41_0000003,0.0,4859.89,1,0,mule_network_layering,1
259,CASH_OUT,4859.89,SYNTH_MULESINK41_0000000,4859.89,0.0,SYNTH_MERCHANT41_0000000,0.0,4859.89,1,0,mule_network_layering,1
159,TRANSFER,2474.26,SYNTH_MULE42_0000000,2474.26,0.0,SYNTH_MULE42_0000001,0.0,2284.2,1,0,mule_network_layering,1
160,TRANSFER,2284.2,SYNTH_MULE42_0000001,2284.2,0.0,SYNTH_MULE42_0000002,0.0,2223.99,1,0,mule_network_layering,1
161,TRANSFER,2223.99,SYNTH_MULE42_0000002,2223.99,0.0,SYNTH_MULE42_0000003,0.0,2126.67,1,0,mule_network_layering,1
162,CASH_OUT,2126.67,SYNTH_MULESINK42_0000000,2126.67,0.0,SYNTH_MERCHANT42_0000000,0.0,2126.67,1,0,mule_network_layering,1
387,TRANSFER,6155.76,SYNTH_MULE43_0000000,6155.76,0.0,SYNTH_MULE43_0000001,0.0,5776.02,1,0,mule_network_layering,1
388,TRANSFER,5776.02,SYNTH_MULE43_0000001,5776.02,0.0,SYNTH_MULE43_0000002,0.0,5565.6,1,0,mule_network_layering,1
389,TRANSFER,5565.6,SYNTH_MULE43_0000002,5565.6,0.0,SYNTH_MULE43_0000003,0.0,5339.12,1,0,mule_network_layering,1
390,CASH_OUT,5339.12,SYNTH_MULESINK43_0000000,5339.12,0.0,SYNTH_MERCHANT43_0000000,0.0,5339.12,1,0,mule_network_layering,1
315,TRANSFER,2946.92,SYNTH_MULE44_0000000,2946.92,0.0,SYNTH_MULE44_0000001,0.0,2860.02,1,0,mule_network_layering,1
316,TRANSFER,2860.02,SYNTH_MULE44_0000001,2860.02,0.0,SYNTH_MULE44_0000002,0.0,2728.67,1,0,mule_network_layering,1
317,TRANSFER,2728.67,SYNTH_MULE44_0000002,2728.67,0.0,SYNTH_MULE44_0000003,0.0,2650.63,1,0,mule_network_layering,1
318,CASH_OUT,2650.63,SYNTH_MULESINK44_0000000,2650.63,0.0,SYNTH_MERCHANT44_0000000,0.0,2650.63,1,0,mule_network_layering,1
420,TRANSFER,2919.8,SYNTH_MULE45_0000000,2919.8,0.0,SYNTH_MULE45_0000001,0.0,2769.98,1,0,mule_network_layering,1
421,TRANSFER,2769.98,SYNTH_MULE45_0000001,2769.98,0.0,SYNTH_MULE45_0000002,0.0,2681.84,1,0,mule_network_layering,1
422,TRANSFER,2681.84,SYNTH_MULE45_0000002,2681.84,0.0,SYNTH_MULE45_0000003,0.0,2615.92,1,0,mule_network_layering,1
423,CASH_OUT,2615.92,SYNTH_MULESINK45_0000000,2615.92,0.0,SYNTH_MERCHANT45_0000000,0.0,2615.92,1,0,mule_network_layering,1
664,TRANSFER,8057.13,SYNTH_MULE46_0000000,8057.13,0.0,SYNTH_MULE46_0000001,0.0,7828.6,1,0,mule_network_layering,1
665,TRANSFER,7828.6,SYNTH_MULE46_0000001,7828.6,0.0,SYNTH_MULE46_0000002,0.0,7440.23,1,0,mule_network_layering,1
666,TRANSFER,7440.23,SYNTH_MULE46_0000002,7440.23,0.0,SYNTH_MULE46_0000003,0.0,7000.45,1,0,mule_network_layering,1
667,CASH_OUT,7000.45,SYNTH_MULESINK46_0000000,7000.45,0.0,SYNTH_MERCHANT46_0000000,0.0,7000.45,1,0,mule_network_layering,1
440,TRANSFER,4425.59,SYNTH_MULE47_0000000,4425.59,0.0,SYNTH_MULE47_0000001,0.0,4182.73,1,0,mule_network_layering,1
441,TRANSFER,4182.73,SYNTH_MULE47_0000001,4182.73,0.0,SYNTH_MULE47_0000002,0.0,4040.3,1,0,mule_network_layering,1
442,TRANSFER,4040.3,SYNTH_MULE47_0000002,4040.3,0.0,SYNTH_MULE47_0000003,0.0,3869.29,1,0,mule_network_layering,1
443,CASH_OUT,3869.29,SYNTH_MULESINK47_0000000,3869.29,0.0,SYNTH_MERCHANT47_0000000,0.0,3869.29,1,0,mule_network_layering,1
320,TRANSFER,3221.05,SYNTH_MULE48_0000000,3221.05,0.0,SYNTH_MULE48_0000001,0.0,3066.42,1,0,mule_network_layering,1
321,TRANSFER,3066.42,SYNTH_MULE48_0000001,3066.42,0.0,SYNTH_MULE48_0000002,0.0,2822.86,1,0,mule_network_layering,1
322,TRANSFER,2822.86,SYNTH_MULE48_0000002,2822.86,0.0,SYNTH_MULE48_0000003,0.0,2597.67,1,0,mule_network_layering,1
323,CASH_OUT,2597.67,SYNTH_MULESINK48_0000000,2597.67,0.0,SYNTH_MERCHANT48_0000000,0.0,2597.67,1,0,mule_network_layering,1
402,TRANSFER,3810.07,SYNTH_MULE49_0000000,3810.07,0.0,SYNTH_MULE49_0000001,0.0,3715.42,1,0,mule_network_layering,1
403,TRANSFER,3715.42,SYNTH_MULE49_0000001,3715.42,0.0,SYNTH_MULE49_0000002,0.0,3568.98,1,0,mule_network_layering,1
404,TRANSFER,3568.98,SYNTH_MULE49_0000002,3568.98,0.0,SYNTH_MULE49_0000003,0.0,3446.7,1,0,mule_network_layering,1
405,CASH_OUT,3446.7,SYNTH_MULESINK49_0000000,3446.7,0.0,SYNTH_MERCHANT49_0000000,0.0,3446.7,1,0,mule_network_layering,1
180,PAYMENT,1.38,SYNTH_CARDTEST_0000000,4995.38,4993.99,SYNTH_MERCH0_0000000,0.0,1.38,1,0,card_testing_burst,1
180,PAYMENT,2.81,SYNTH_CARDTEST_0000000,4993.99,4991.18,SYNTH_MERCH0_0000001,0.0,2.81,1,0,card_testing_burst,1
180,PAYMENT,2.36,SYNTH_CARDTEST_0000000,4991.18,4988.82,SYNTH_MERCH0_0000002,0.0,2.36,1,0,card_testing_burst,1
180,PAYMENT,1.72,SYNTH_CARDTEST_0000000,4988.82,4987.1,SYNTH_MERCH0_0000003,0.0,1.72,1,0,card_testing_burst,1
180,PAYMENT,3.86,SYNTH_CARDTEST_0000000,4987.1,4983.24,SYNTH_MERCH0_0000004,0.0,3.86,1,0,card_testing_burst,1
180,PAYMENT,2.43,SYNTH_CARDTEST_0000000,4983.24,4980.81,SYNTH_MERCH0_0000005,0.0,2.43,1,0,card_testing_burst,1
180,PAYMENT,4.41,SYNTH_CARDTEST_0000000,4980.81,4976.4,SYNTH_MERCH0_0000006,0.0,4.41,1,0,card_testing_burst,1
180,PAYMENT,1.96,SYNTH_CARDTEST_0000000,4976.4,4974.44,SYNTH_MERCH0_0000007,0.0,1.96,1,0,card_testing_burst,1
180,PAYMENT,3.15,SYNTH_CARDTEST_0000000,4974.44,4971.28,SYNTH_MERCH0_0000008,0.0,3.15,1,0,card_testing_burst,1
180,PAYMENT,1.74,SYNTH_CARDTEST_0000000,4971.28,4969.55,SYNTH_MERCH0_0000009,0.0,1.74,1,0,card_testing_burst,1
180,PAYMENT,2.98,SYNTH_CARDTEST_0000000,4969.55,4966.57,SYNTH_MERCH0_0000010,0.0,2.98,1,0,card_testing_burst,1
180,PAYMENT,1.61,SYNTH_CARDTEST_0000000,4966.57,4964.96,SYNTH_MERCH0_0000011,0.0,1.61,1,0,card_testing_burst,1
180,PAYMENT,1.65,SYNTH_CARDTEST_0000000,4964.96,4963.31,SYNTH_MERCH0_0000012,0.0,1.65,1,0,card_testing_burst,1
180,PAYMENT,3.45,SYNTH_CARDTEST_0000000,4963.31,4959.86,SYNTH_MERCH0_0000013,0.0,3.45,1,0,card_testing_burst,1
180,PAYMENT,2.06,SYNTH_CARDTEST_0000000,4959.86,4957.81,SYNTH_MERCH0_0000014,0.0,2.06,1,0,card_testing_burst,1
180,PAYMENT,1.69,SYNTH_CARDTEST_0000000,4957.81,4956.12,SYNTH_MERCH0_0000015,0.0,1.69,1,0,card_testing_burst,1
180,PAYMENT,4.72,SYNTH_CARDTEST_0000000,4956.12,4951.4,SYNTH_MERCH0_0000016,0.0,4.72,1,0,card_testing_burst,1
180,PAYMENT,1.17,SYNTH_CARDTEST_0000000,4951.4,4950.23,SYNTH_MERCH0_0000017,0.0,1.17,1,0,card_testing_burst,1
180,PAYMENT,3.26,SYNTH_CARDTEST_0000000,4950.23,4946.96,SYNTH_MERCH0_0000018,0.0,3.26,1,0,card_testing_burst,1
180,PAYMENT,3.19,SYNTH_CARDTEST_0000000,4946.96,4943.77,SYNTH_MERCH0_0000019,0.0,3.19,1,0,card_testing_burst,1
11,PAYMENT,2.81,SYNTH_CARDTEST_0000001,24542.6,24539.79,SYNTH_MERCH1_0000000,0.0,2.81,1,0,card_testing_burst,1
11,PAYMENT,1.35,SYNTH_CARDTEST_0000001,24539.79,24538.44,SYNTH_MERCH1_0000001,0.0,1.35,1,0,card_testing_burst,1
11,PAYMENT,3.89,SYNTH_CARDTEST_0000001,24538.44,24534.55,SYNTH_MERCH1_0000002,0.0,3.89,1,0,card_testing_burst,1
11,PAYMENT,1.89,SYNTH_CARDTEST_0000001,24534.55,24532.67,SYNTH_MERCH1_0000003,0.0,1.89,1,0,card_testing_burst,1
11,PAYMENT,1.77,SYNTH_CARDTEST_0000001,24532.67,24530.89,SYNTH_MERCH1_0000004,0.0,1.77,1,0,card_testing_burst,1
11,PAYMENT,2.26,SYNTH_CARDTEST_0000001,24530.89,24528.63,SYNTH_MERCH1_0000005,0.0,2.26,1,0,card_testing_burst,1
11,PAYMENT,4.61,SYNTH_CARDTEST_0000001,24528.63,24524.02,SYNTH_MERCH1_0000006,0.0,4.61,1,0,card_testing_burst,1
11,PAYMENT,4.19,SYNTH_CARDTEST_0000001,24524.02,24519.84,SYNTH_MERCH1_0000007,0.0,4.19,1,0,card_testing_burst,1
11,PAYMENT,4.79,SYNTH_CARDTEST_0000001,24519.84,24515.05,SYNTH_MERCH1_0000008,0.0,4.79,1,0,card_testing_burst,1
11,PAYMENT,3.61,SYNTH_CARDTEST_0000001,24515.05,24511.44,SYNTH_MERCH1_0000009,0.0,3.61,1,0,card_testing_burst,1
11,PAYMENT,3.65,SYNTH_CARDTEST_0000001,24511.44,24507.79,SYNTH_MERCH1_0000010,0.0,3.65,1,0,card_testing_burst,1
11,PAYMENT,2.92,SYNTH_CARDTEST_0000001,24507.79,24504.87,SYNTH_MERCH1_0000011,0.0,2.92,1,0,card_testing_burst,1
11,PAYMENT,4.62,SYNTH_CARDTEST_0000001,24504.87,24500.25,SYNTH_MERCH1_0000012,0.0,4.62,1,0,card_testing_burst,1
11,PAYMENT,3.04,SYNTH_CARDTEST_0000001,24500.25,24497.21,SYNTH_MERCH1_0000013,0.0,3.04,1,0,card_testing_burst,1
11,PAYMENT,2.42,SYNTH_CARDTEST_0000001,24497.21,24494.79,SYNTH_MERCH1_0000014,0.0,2.42,1,0,card_testing_burst,1
11,PAYMENT,3.56,SYNTH_CARDTEST_0000001,24494.79,24491.23,SYNTH_MERCH1_0000015,0.0,3.56,1,0,card_testing_burst,1
11,PAYMENT,3.18,SYNTH_CARDTEST_0000001,24491.23,24488.04,SYNTH_MERCH1_0000016,0.0,3.18,1,0,card_testing_burst,1
11,PAYMENT,1.5,SYNTH_CARDTEST_0000001,24488.04,24486.54,SYNTH_MERCH1_0000017,0.0,1.5,1,0,card_testing_burst,1
11,PAYMENT,2.57,SYNTH_CARDTEST_0000001,24486.54,24483.97,SYNTH_MERCH1_0000018,0.0,2.57,1,0,card_testing_burst,1
11,PAYMENT,2.25,SYNTH_CARDTEST_0000001,24483.97,24481.72,SYNTH_MERCH1_0000019,0.0,2.25,1,0,card_testing_burst,1
395,PAYMENT,4.29,SYNTH_CARDTEST_0000002,1727.8,1723.52,SYNTH_MERCH2_0000000,0.0,4.29,1,0,card_testing_burst,1
395,PAYMENT,2.77,SYNTH_CARDTEST_0000002,1723.52,1720.75,SYNTH_MERCH2_0000001,0.0,2.77,1,0,card_testing_burst,1
395,PAYMENT,4.01,SYNTH_CARDTEST_0000002,1720.75,1716.73,SYNTH_MERCH2_0000002,0.0,4.01,1,0,card_testing_burst,1
395,PAYMENT,1.54,SYNTH_CARDTEST_0000002,1716.73,1715.19,SYNTH_MERCH2_0000003,0.0,1.54,1,0,card_testing_burst,1
395,PAYMENT,4.7,SYNTH_CARDTEST_0000002,1715.19,1710.49,SYNTH_MERCH2_0000004,0.0,4.7,1,0,card_testing_burst,1
395,PAYMENT,2.92,SYNTH_CARDTEST_0000002,1710.49,1707.57,SYNTH_MERCH2_0000005,0.0,2.92,1,0,card_testing_burst,1
395,PAYMENT,2.04,SYNTH_CARDTEST_0000002,1707.57,1705.53,SYNTH_MERCH2_0000006,0.0,2.04,1,0,card_testing_burst,1
395,PAYMENT,1.97,SYNTH_CARDTEST_0000002,1705.53,1703.56,SYNTH_MERCH2_0000007,0.0,1.97,1,0,card_testing_burst,1
395,PAYMENT,2.06,SYNTH_CARDTEST_0000002,1703.56,1701.5,SYNTH_MERCH2_0000008,0.0,2.06,1,0,card_testing_burst,1
395,PAYMENT,2.47,SYNTH_CARDTEST_0000002,1701.5,1699.04,SYNTH_MERCH2_0000009,0.0,2.47,1,0,card_testing_burst,1
395,PAYMENT,3.87,SYNTH_CARDTEST_0000002,1699.04,1695.17,SYNTH_MERCH2_0000010,0.0,3.87,1,0,card_testing_burst,1
395,PAYMENT,4.8,SYNTH_CARDTEST_0000002,1695.17,1690.37,SYNTH_MERCH2_0000011,0.0,4.8,1,0,card_testing_burst,1
395,PAYMENT,3.68,SYNTH_CARDTEST_0000002,1690.37,1686.69,SYNTH_MERCH2_0000012,0.0,3.68,1,0,card_testing_burst,1
395,PAYMENT,3.19,SYNTH_CARDTEST_0000002,1686.69,1683.5,SYNTH_MERCH2_0000013,0.0,3.19,1,0,card_testing_burst,1
395,PAYMENT,2.79,SYNTH_CARDTEST_0000002,1683.5,1680.71,SYNTH_MERCH2_0000014,0.0,2.79,1,0,card_testing_burst,1
395,PAYMENT,4.31,SYNTH_CARDTEST_0000002,1680.71,1676.4,SYNTH_MERCH2_0000015,0.0,4.31,1,0,card_testing_burst,1
395,PAYMENT,4.4,SYNTH_CARDTEST_0000002,1676.4,1672.0,SYNTH_MERCH2_0000016,0.0,4.4,1,0,card_testing_burst,1
395,PAYMENT,2.17,SYNTH_CARDTEST_0000002,1672.0,1669.83,SYNTH_MERCH2_0000017,0.0,2.17,1,0,card_testing_burst,1
395,PAYMENT,4.81,SYNTH_CARDTEST_0000002,1669.83,1665.01,SYNTH_MERCH2_0000018,0.0,4.81,1,0,card_testing_burst,1
395,PAYMENT,2.58,SYNTH_CARDTEST_0000002,1665.01,1662.43,SYNTH_MERCH2_0000019,0.0,2.58,1,0,card_testing_burst,1
281,PAYMENT,4.87,SYNTH_CARDTEST_0000003,1140.06,1135.19,SYNTH_MERCH3_0000000,0.0,4.87,1,0,card_testing_burst,1
281,PAYMENT,3.81,SYNTH_CARDTEST_0000003,1135.19,1131.38,SYNTH_MERCH3_0000001,0.0,3.81,1,0,card_testing_burst,1
281,PAYMENT,1.65,SYNTH_CARDTEST_0000003,1131.38,1129.73,SYNTH_MERCH3_0000002,0.0,1.65,1,0,card_testing_burst,1
281,PAYMENT,3.34,SYNTH_CARDTEST_0000003,1129.73,1126.39,SYNTH_MERCH3_0000003,0.0,3.34,1,0,card_testing_burst,1
281,PAYMENT,1.48,SYNTH_CARDTEST_0000003,1126.39,1124.91,SYNTH_MERCH3_0000004,0.0,1.48,1,0,card_testing_burst,1
281,PAYMENT,4.16,SYNTH_CARDTEST_0000003,1124.91,1120.76,SYNTH_MERCH3_0000005,0.0,4.16,1,0,card_testing_burst,1
281,PAYMENT,2.13,SYNTH_CARDTEST_0000003,1120.76,1118.63,SYNTH_MERCH3_0000006,0.0,2.13,1,0,card_testing_burst,1
281,PAYMENT,3.78,SYNTH_CARDTEST_0000003,1118.63,1114.85,SYNTH_MERCH3_0000007,0.0,3.78,1,0,card_testing_burst,1
281,PAYMENT,4.64,SYNTH_CARDTEST_0000003,1114.85,1110.21,SYNTH_MERCH3_0000008,0.0,4.64,1,0,card_testing_burst,1
281,PAYMENT,1.72,SYNTH_CARDTEST_0000003,1110.21,1108.49,SYNTH_MERCH3_0000009,0.0,1.72,1,0,card_testing_burst,1
281,PAYMENT,2.57,SYNTH_CARDTEST_0000003,1108.49,1105.91,SYNTH_MERCH3_0000010,0.0,2.57,1,0,card_testing_burst,1
281,PAYMENT,3.59,SYNTH_CARDTEST_0000003,1105.91,1102.33,SYNTH_MERCH3_0000011,0.0,3.59,1,0,card_testing_burst,1
281,PAYMENT,2.68,SYNTH_CARDTEST_0000003,1102.33,1099.65,SYNTH_MERCH3_0000012,0.0,2.68,1,0,card_testing_burst,1
281,PAYMENT,1.7,SYNTH_CARDTEST_0000003,1099.65,1097.95,SYNTH_MERCH3_0000013,0.0,1.7,1,0,card_testing_burst,1
281,PAYMENT,1.12,SYNTH_CARDTEST_0000003,1097.95,1096.83,SYNTH_MERCH3_0000014,0.0,1.12,1,0,card_testing_burst,1
281,PAYMENT,2.63,SYNTH_CARDTEST_0000003,1096.83,1094.21,SYNTH_MERCH3_0000015,0.0,2.63,1,0,card_testing_burst,1
281,PAYMENT,3.6,SYNTH_CARDTEST_0000003,1094.21,1090.61,SYNTH_MERCH3_0000016,0.0,3.6,1,0,card_testing_burst,1
281,PAYMENT,3.3,SYNTH_CARDTEST_0000003,1090.61,1087.31,SYNTH_MERCH3_0000017,0.0,3.3,1,0,card_testing_burst,1
281,PAYMENT,1.62,SYNTH_CARDTEST_0000003,1087.31,1085.69,SYNTH_MERCH3_0000018,0.0,1.62,1,0,card_testing_burst,1
281,PAYMENT,2.8,SYNTH_CARDTEST_0000003,1085.69,1082.88,SYNTH_MERCH3_0000019,0.0,2.8,1,0,card_testing_burst,1
249,PAYMENT,3.92,SYNTH_CARDTEST_0000004,1653.38,1649.46,SYNTH_MERCH4_0000000,0.0,3.92,1,0,card_testing_burst,1
249,PAYMENT,2.24,SYNTH_CARDTEST_0000004,1649.46,1647.22,SYNTH_MERCH4_0000001,0.0,2.24,1,0,card_testing_burst,1
249,PAYMENT,3.16,SYNTH_CARDTEST_0000004,1647.22,1644.06,SYNTH_MERCH4_0000002,0.0,3.16,1,0,card_testing_burst,1
249,PAYMENT,4.69,SYNTH_CARDTEST_0000004,1644.06,1639.37,SYNTH_MERCH4_0000003,0.0,4.69,1,0,card_testing_burst,1
249,PAYMENT,3.16,SYNTH_CARDTEST_0000004,1639.37,1636.21,SYNTH_MERCH4_0000004,0.0,3.16,1,0,card_testing_burst,1
249,PAYMENT,3.47,SYNTH_CARDTEST_0000004,1636.21,1632.74,SYNTH_MERCH4_0000005,0.0,3.47,1,0,card_testing_burst,1
249,PAYMENT,1.29,SYNTH_CARDTEST_0000004,1632.74,1631.45,SYNTH_MERCH4_0000006,0.0,1.29,1,0,card_testing_burst,1
249,PAYMENT,1.71,SYNTH_CARDTEST_0000004,1631.45,1629.74,SYNTH_MERCH4_0000007,0.0,1.71,1,0,card_testing_burst,1
249,PAYMENT,1.4,SYNTH_CARDTEST_0000004,1629.74,1628.33,SYNTH_MERCH4_0000008,0.0,1.4,1,0,card_testing_burst,1
249,PAYMENT,4.06,SYNTH_CARDTEST_0000004,1628.33,1624.27,SYNTH_MERCH4_0000009,0.0,4.06,1,0,card_testing_burst,1
249,PAYMENT,4.34,SYNTH_CARDTEST_0000004,1624.27,1619.93,SYNTH_MERCH4_0000010,0.0,4.34,1,0,card_testing_burst,1
249,PAYMENT,1.75,SYNTH_CARDTEST_0000004,1619.93,1618.18,SYNTH_MERCH4_0000011,0.0,1.75,1,0,card_testing_burst,1
249,PAYMENT,1.88,SYNTH_CARDTEST_0000004,1618.18,1616.31,SYNTH_MERCH4_0000012,0.0,1.88,1,0,card_testing_burst,1
249,PAYMENT,2.29,SYNTH_CARDTEST_0000004,1616.31,1614.01,SYNTH_MERCH4_0000013,0.0,2.29,1,0,card_testing_burst,1
249,PAYMENT,3.36,SYNTH_CARDTEST_0000004,1614.01,1610.65,SYNTH_MERCH4_0000014,0.0,3.36,1,0,card_testing_burst,1
249,PAYMENT,3.49,SYNTH_CARDTEST_0000004,1610.65,1607.16,SYNTH_MERCH4_0000015,0.0,3.49,1,0,card_testing_burst,1
249,PAYMENT,3.75,SYNTH_CARDTEST_0000004,1607.16,1603.42,SYNTH_MERCH4_0000016,0.0,3.75,1,0,card_testing_burst,1
249,PAYMENT,4.62,SYNTH_CARDTEST_0000004,1603.42,1598.8,SYNTH_MERCH4_0000017,0.0,4.62,1,0,card_testing_burst,1
249,PAYMENT,2.18,SYNTH_CARDTEST_0000004,1598.8,1596.62,SYNTH_MERCH4_0000018,0.0,2.18,1,0,card_testing_burst,1
249,PAYMENT,3.64,SYNTH_CARDTEST_0000004,1596.62,1592.98,SYNTH_MERCH4_0000019,0.0,3.64,1,0,card_testing_burst,1
204,PAYMENT,2.22,SYNTH_CARDTEST_0000005,6344.31,6342.08,SYNTH_MERCH5_0000000,0.0,2.22,1,0,card_testing_burst,1
204,PAYMENT,4.63,SYNTH_CARDTEST_0000005,6342.08,6337.45,SYNTH_MERCH5_0000001,0.0,4.63,1,0,card_testing_burst,1
204,PAYMENT,1.38,SYNTH_CARDTEST_0000005,6337.45,6336.07,SYNTH_MERCH5_0000002,0.0,1.38,1,0,card_testing_burst,1
204,PAYMENT,3.85,SYNTH_CARDTEST_0000005,6336.07,6332.22,SYNTH_MERCH5_0000003,0.0,3.85,1,0,card_testing_burst,1
204,PAYMENT,3.91,SYNTH_CARDTEST_0000005,6332.22,6328.31,SYNTH_MERCH5_0000004,0.0,3.91,1,0,card_testing_burst,1
204,PAYMENT,4.66,SYNTH_CARDTEST_0000005,6328.31,6323.65,SYNTH_MERCH5_0000005,0.0,4.66,1,0,card_testing_burst,1
204,PAYMENT,3.07,SYNTH_CARDTEST_0000005,6323.65,6320.58,SYNTH_MERCH5_0000006,0.0,3.07,1,0,card_testing_burst,1
204,PAYMENT,2.29,SYNTH_CARDTEST_0000005,6320.58,6318.29,SYNTH_MERCH5_0000007,0.0,2.29,1,0,card_testing_burst,1
204,PAYMENT,4.31,SYNTH_CARDTEST_0000005,6318.29,6313.98,SYNTH_MERCH5_0000008,0.0,4.31,1,0,card_testing_burst,1
204,PAYMENT,4.08,SYNTH_CARDTEST_0000005,6313.98,6309.9,SYNTH_MERCH5_0000009,0.0,4.08,1,0,card_testing_burst,1
204,PAYMENT,3.0,SYNTH_CARDTEST_0000005,6309.9,6306.89,SYNTH_MERCH5_0000010,0.0,3.0,1,0,card_testing_burst,1
204,PAYMENT,4.07,SYNTH_CARDTEST_0000005,6306.89,6302.82,SYNTH_MERCH5_0000011,0.0,4.07,1,0,card_testing_burst,1
204,PAYMENT,2.07,SYNTH_CARDTEST_0000005,6302.82,6300.75,SYNTH_MERCH5_0000012,0.0,2.07,1,0,card_testing_burst,1
204,PAYMENT,3.36,SYNTH_CARDTEST_0000005,6300.75,6297.39,SYNTH_MERCH5_0000013,0.0,3.36,1,0,card_testing_burst,1
204,PAYMENT,4.46,SYNTH_CARDTEST_0000005,6297.39,6292.93,SYNTH_MERCH5_0000014,0.0,4.46,1,0,card_testing_burst,1
204,PAYMENT,2.27,SYNTH_CARDTEST_0000005,6292.93,6290.66,SYNTH_MERCH5_0000015,0.0,2.27,1,0,card_testing_burst,1
204,PAYMENT,2.93,SYNTH_CARDTEST_0000005,6290.66,6287.73,SYNTH_MERCH5_0000016,0.0,2.93,1,0,card_testing_burst,1
204,PAYMENT,4.8,SYNTH_CARDTEST_0000005,6287.73,6282.92,SYNTH_MERCH5_0000017,0.0,4.8,1,0,card_testing_burst,1
204,PAYMENT,4.19,SYNTH_CARDTEST_0000005,6282.92,6278.73,SYNTH_MERCH5_0000018,0.0,4.19,1,0,card_testing_burst,1
204,PAYMENT,4.55,SYNTH_CARDTEST_0000005,6278.73,6274.18,SYNTH_MERCH5_0000019,0.0,4.55,1,0,card_testing_burst,1
314,PAYMENT,1.61,SYNTH_CARDTEST_0000006,4320.06,4318.45,SYNTH_MERCH6_0000000,0.0,1.61,1,0,card_testing_burst,1
314,PAYMENT,3.08,SYNTH_CARDTEST_0000006,4318.45,4315.38,SYNTH_MERCH6_0000001,0.0,3.08,1,0,card_testing_burst,1
314,PAYMENT,2.92,SYNTH_CARDTEST_0000006,4315.38,4312.46,SYNTH_MERCH6_0000002,0.0,2.92,1,0,card_testing_burst,1
314,PAYMENT,4.19,SYNTH_CARDTEST_0000006,4312.46,4308.26,SYNTH_MERCH6_0000003,0.0,4.19,1,0,card_testing_burst,1
314,PAYMENT,4.63,SYNTH_CARDTEST_0000006,4308.26,4303.63,SYNTH_MERCH6_0000004,0.0,4.63,1,0,card_testing_burst,1
314,PAYMENT,3.92,SYNTH_CARDTEST_0000006,4303.63,4299.71,SYNTH_MERCH6_0000005,0.0,3.92,1,0,card_testing_burst,1
314,PAYMENT,3.51,SYNTH_CARDTEST_0000006,4299.71,4296.2,SYNTH_MERCH6_0000006,0.0,3.51,1,0,card_testing_burst,1
314,PAYMENT,2.71,SYNTH_CARDTEST_0000006,4296.2,4293.49,SYNTH_MERCH6_0000007,0.0,2.71,1,0,card_testing_burst,1
314,PAYMENT,3.04,SYNTH_CARDTEST_0000006,4293.49,4290.45,SYNTH_MERCH6_0000008,0.0,3.04,1,0,card_testing_burst,1
314,PAYMENT,3.04,SYNTH_CARDTEST_0000006,4290.45,4287.41,SYNTH_MERCH6_0000009,0.0,3.04,1,0,card_testing_burst,1
314,PAYMENT,1.08,SYNTH_CARDTEST_0000006,4287.41,4286.33,SYNTH_MERCH6_0000010,0.0,1.08,1,0,card_testing_burst,1
314,PAYMENT,3.01,SYNTH_CARDTEST_0000006,4286.33,4283.32,SYNTH_MERCH6_0000011,0.0,3.01,1,0,card_testing_burst,1
314,PAYMENT,4.42,SYNTH_CARDTEST_0000006,4283.32,4278.89,SYNTH_MERCH6_0000012,0.0,4.42,1,0,card_testing_burst,1
314,PAYMENT,3.84,SYNTH_CARDTEST_0000006,4278.89,4275.06,SYNTH_MERCH6_0000013,0.0,3.84,1,0,card_testing_burst,1
314,PAYMENT,4.18,SYNTH_CARDTEST_0000006,4275.06,4270.87,SYNTH_MERCH6_0000014,0.0,4.18,1,0,card_testing_burst,1
314,PAYMENT,2.56,SYNTH_CARDTEST_0000006,4270.87,4268.31,SYNTH_MERCH6_0000015,0.0,2.56,1,0,card_testing_burst,1
314,PAYMENT,3.12,SYNTH_CARDTEST_0000006,4268.31,4265.19,SYNTH_MERCH6_0000016,0.0,3.12,1,0,card_testing_burst,1
314,PAYMENT,1.13,SYNTH_CARDTEST_0000006,4265.19,4264.06,SYNTH_MERCH6_0000017,0.0,1.13,1,0,card_testing_burst,1
314,PAYMENT,2.53,SYNTH_CARDTEST_0000006,4264.06,4261.53,SYNTH_MERCH6_0000018,0.0,2.53,1,0,card_testing_burst,1
314,PAYMENT,2.9,SYNTH_CARDTEST_0000006,4261.53,4258.63,SYNTH_MERCH6_0000019,0.0,2.9,1,0,card_testing_burst,1
739,PAYMENT,1.12,SYNTH_CARDTEST_0000007,3694.23,3693.11,SYNTH_MERCH7_0000000,0.0,1.12,1,0,card_testing_burst,1
739,PAYMENT,3.76,SYNTH_CARDTEST_0000007,3693.11,3689.34,SYNTH_MERCH7_0000001,0.0,3.76,1,0,card_testing_burst,1
739,PAYMENT,2.74,SYNTH_CARDTEST_0000007,3689.34,3686.6,SYNTH_MERCH7_0000002,0.0,2.74,1,0,card_testing_burst,1
739,PAYMENT,2.66,SYNTH_CARDTEST_0000007,3686.6,3683.94,SYNTH_MERCH7_0000003,0.0,2.66,1,0,card_testing_burst,1
739,PAYMENT,2.0,SYNTH_CARDTEST_0000007,3683.94,3681.94,SYNTH_MERCH7_0000004,0.0,2.0,1,0,card_testing_burst,1
739,PAYMENT,3.15,SYNTH_CARDTEST_0000007,3681.94,3678.79,SYNTH_MERCH7_0000005,0.0,3.15,1,0,card_testing_burst,1
739,PAYMENT,2.75,SYNTH_CARDTEST_0000007,3678.79,3676.04,SYNTH_MERCH7_0000006,0.0,2.75,1,0,card_testing_burst,1
739,PAYMENT,2.9,SYNTH_CARDTEST_0000007,3676.04,3673.14,SYNTH_MERCH7_0000007,0.0,2.9,1,0,card_testing_burst,1
739,PAYMENT,3.32,SYNTH_CARDTEST_0000007,3673.14,3669.82,SYNTH_MERCH7_0000008,0.0,3.32,1,0,card_testing_burst,1
739,PAYMENT,1.03,SYNTH_CARDTEST_0000007,3669.82,3668.79,SYNTH_MERCH7_0000009,0.0,1.03,1,0,card_testing_burst,1
739,PAYMENT,4.63,SYNTH_CARDTEST_0000007,3668.79,3664.16,SYNTH_MERCH7_0000010,0.0,4.63,1,0,card_testing_burst,1
739,PAYMENT,1.28,SYNTH_CARDTEST_0000007,3664.16,3662.88,SYNTH_MERCH7_0000011,0.0,1.28,1,0,card_testing_burst,1
739,PAYMENT,2.8,SYNTH_CARDTEST_0000007,3662.88,3660.07,SYNTH_MERCH7_0000012,0.0,2.8,1,0,card_testing_burst,1
739,PAYMENT,1.83,SYNTH_CARDTEST_0000007,3660.07,3658.25,SYNTH_MERCH7_0000013,0.0,1.83,1,0,card_testing_burst,1
739,PAYMENT,3.1,SYNTH_CARDTEST_0000007,3658.25,3655.15,SYNTH_MERCH7_0000014,0.0,3.1,1,0,card_testing_burst,1
739,PAYMENT,2.12,SYNTH_CARDTEST_0000007,3655.15,3653.03,SYNTH_MERCH7_0000015,0.0,2.12,1,0,card_testing_burst,1
739,PAYMENT,4.44,SYNTH_CARDTEST_0000007,3653.03,3648.59,SYNTH_MERCH7_0000016,0.0,4.44,1,0,card_testing_burst,1
739,PAYMENT,2.59,SYNTH_CARDTEST_0000007,3648.59,3646.0,SYNTH_MERCH7_0000017,0.0,2.59,1,0,card_testing_burst,1
739,PAYMENT,3.56,SYNTH_CARDTEST_0000007,3646.0,3642.45,SYNTH_MERCH7_0000018,0.0,3.56,1,0,card_testing_burst,1
739,PAYMENT,2.0,SYNTH_CARDTEST_0000007,3642.45,3640.45,SYNTH_MERCH7_0000019,0.0,2.0,1,0,card_testing_burst,1
733,PAYMENT,3.15,SYNTH_CARDTEST_0000008,1817.17,1814.03,SYNTH_MERCH8_0000000,0.0,3.15,1,0,card_testing_burst,1
733,PAYMENT,2.84,SYNTH_CARDTEST_0000008,1814.03,1811.19,SYNTH_MERCH8_0000001,0.0,2.84,1,0,card_testing_burst,1
733,PAYMENT,4.85,SYNTH_CARDTEST_0000008,1811.19,1806.34,SYNTH_MERCH8_0000002,0.0,4.85,1,0,card_testing_burst,1
733,PAYMENT,3.83,SYNTH_CARDTEST_0000008,1806.34,1802.51,SYNTH_MERCH8_0000003,0.0,3.83,1,0,card_testing_burst,1
733,PAYMENT,4.98,SYNTH_CARDTEST_0000008,1802.51,1797.53,SYNTH_MERCH8_0000004,0.0,4.98,1,0,card_testing_burst,1
733,PAYMENT,2.18,SYNTH_CARDTEST_0000008,1797.53,1795.35,SYNTH_MERCH8_0000005,0.0,2.18,1,0,card_testing_burst,1
733,PAYMENT,4.16,SYNTH_CARDTEST_0000008,1795.35,1791.2,SYNTH_MERCH8_0000006,0.0,4.16,1,0,card_testing_burst,1
733,PAYMENT,3.22,SYNTH_CARDTEST_0000008,1791.2,1787.97,SYNTH_MERCH8_0000007,0.0,3.22,1,0,card_testing_burst,1
733,PAYMENT,3.45,SYNTH_CARDTEST_0000008,1787.97,1784.53,SYNTH_MERCH8_0000008,0.0,3.45,1,0,card_testing_burst,1
733,PAYMENT,4.94,SYNTH_CARDTEST_0000008,1784.53,1779.58,SYNTH_MERCH8_0000009,0.0,4.94,1,0,card_testing_burst,1
733,PAYMENT,3.62,SYNTH_CARDTEST_0000008,1779.58,1775.97,SYNTH_MERCH8_0000010,0.0,3.62,1,0,card_testing_burst,1
733,PAYMENT,4.6,SYNTH_CARDTEST_0000008,1775.97,1771.37,SYNTH_MERCH8_0000011,0.0,4.6,1,0,card_testing_burst,1
733,PAYMENT,3.9,SYNTH_CARDTEST_0000008,1771.37,1767.47,SYNTH_MERCH8_0000012,0.0,3.9,1,0,card_testing_burst,1
733,PAYMENT,1.51,SYNTH_CARDTEST_0000008,1767.47,1765.96,SYNTH_MERCH8_0000013,0.0,1.51,1,0,card_testing_burst,1
733,PAYMENT,3.8,SYNTH_CARDTEST_0000008,1765.96,1762.16,SYNTH_MERCH8_0000014,0.0,3.8,1,0,card_testing_burst,1
733,PAYMENT,2.94,SYNTH_CARDTEST_0000008,1762.16,1759.22,SYNTH_MERCH8_0000015,0.0,2.94,1,0,card_testing_burst,1
733,PAYMENT,4.68,SYNTH_CARDTEST_0000008,1759.22,1754.55,SYNTH_MERCH8_0000016,0.0,4.68,1,0,card_testing_burst,1
733,PAYMENT,4.23,SYNTH_CARDTEST_0000008,1754.55,1750.32,SYNTH_MERCH8_0000017,0.0,4.23,1,0,card_testing_burst,1
733,PAYMENT,1.42,SYNTH_CARDTEST_0000008,1750.32,1748.9,SYNTH_MERCH8_0000018,0.0,1.42,1,0,card_testing_burst,1
733,PAYMENT,1.54,SYNTH_CARDTEST_0000008,1748.9,1747.37,SYNTH_MERCH8_0000019,0.0,1.54,1,0,card_testing_burst,1
300,PAYMENT,2.97,SYNTH_CARDTEST_0000009,10009.19,10006.22,SYNTH_MERCH9_0000000,0.0,2.97,1,0,card_testing_burst,1
300,PAYMENT,1.32,SYNTH_CARDTEST_0000009,10006.22,10004.89,SYNTH_MERCH9_0000001,0.0,1.32,1,0,card_testing_burst,1
300,PAYMENT,3.89,SYNTH_CARDTEST_0000009,10004.89,10001.0,SYNTH_MERCH9_0000002,0.0,3.89,1,0,card_testing_burst,1
300,PAYMENT,3.21,SYNTH_CARDTEST_0000009,10001.0,9997.79,SYNTH_MERCH9_0000003,0.0,3.21,1,0,card_testing_burst,1
300,PAYMENT,4.34,SYNTH_CARDTEST_0000009,9997.79,9993.45,SYNTH_MERCH9_0000004,0.0,4.34,1,0,card_testing_burst,1
300,PAYMENT,2.12,SYNTH_CARDTEST_0000009,9993.45,9991.33,SYNTH_MERCH9_0000005,0.0,2.12,1,0,card_testing_burst,1
300,PAYMENT,3.08,SYNTH_CARDTEST_0000009,9991.33,9988.25,SYNTH_MERCH9_0000006,0.0,3.08,1,0,card_testing_burst,1
300,PAYMENT,1.47,SYNTH_CARDTEST_0000009,9988.25,9986.78,SYNTH_MERCH9_0000007,0.0,1.47,1,0,card_testing_burst,1
300,PAYMENT,4.54,SYNTH_CARDTEST_0000009,9986.78,9982.24,SYNTH_MERCH9_0000008,0.0,4.54,1,0,card_testing_burst,1
300,PAYMENT,1.7,SYNTH_CARDTEST_0000009,9982.24,9980.54,SYNTH_MERCH9_0000009,0.0,1.7,1,0,card_testing_burst,1
300,PAYMENT,1.41,SYNTH_CARDTEST_0000009,9980.54,9979.13,SYNTH_MERCH9_0000010,0.0,1.41,1,0,card_testing_burst,1
300,PAYMENT,1.82,SYNTH_CARDTEST_0000009,9979.13,9977.31,SYNTH_MERCH9_0000011,0.0,1.82,1,0,card_testing_burst,1
300,PAYMENT,4.22,SYNTH_CARDTEST_0000009,9977.31,9973.09,SYNTH_MERCH9_0000012,0.0,4.22,1,0,card_testing_burst,1
300,PAYMENT,1.42,SYNTH_CARDTEST_0000009,9973.09,9971.66,SYNTH_MERCH9_0000013,0.0,1.42,1,0,card_testing_burst,1
300,PAYMENT,3.46,SYNTH_CARDTEST_0000009,9971.66,9968.21,SYNTH_MERCH9_0000014,0.0,3.46,1,0,card_testing_burst,1
300,PAYMENT,3.98,SYNTH_CARDTEST_0000009,9968.21,9964.22,SYNTH_MERCH9_0000015,0.0,3.98,1,0,card_testing_burst,1
300,PAYMENT,4.0,SYNTH_CARDTEST_0000009,9964.22,9960.22,SYNTH_MERCH9_0000016,0.0,4.0,1,0,card_testing_burst,1
300,PAYMENT,1.76,SYNTH_CARDTEST_0000009,9960.22,9958.46,SYNTH_MERCH9_0000017,0.0,1.76,1,0,card_testing_burst,1
300,PAYMENT,1.25,SYNTH_CARDTEST_0000009,9958.46,9957.21,SYNTH_MERCH9_0000018,0.0,1.25,1,0,card_testing_burst,1
300,PAYMENT,2.8,SYNTH_CARDTEST_0000009,9957.21,9954.42,SYNTH_MERCH9_0000019,0.0,2.8,1,0,card_testing_burst,1
565,PAYMENT,2.43,SYNTH_CARDTEST_0000010,2226.45,2224.03,SYNTH_MERCH10_0000000,0.0,2.43,1,0,card_testing_burst,1
565,PAYMENT,2.8,SYNTH_CARDTEST_0000010,2224.03,2221.23,SYNTH_MERCH10_0000001,0.0,2.8,1,0,card_testing_burst,1
565,PAYMENT,1.45,SYNTH_CARDTEST_0000010,2221.23,2219.78,SYNTH_MERCH10_0000002,0.0,1.45,1,0,card_testing_burst,1
565,PAYMENT,3.27,SYNTH_CARDTEST_0000010,2219.78,2216.51,SYNTH_MERCH10_0000003,0.0,3.27,1,0,card_testing_burst,1
565,PAYMENT,1.74,SYNTH_CARDTEST_0000010,2216.51,2214.76,SYNTH_MERCH10_0000004,0.0,1.74,1,0,card_testing_burst,1
565,PAYMENT,3.72,SYNTH_CARDTEST_0000010,2214.76,2211.05,SYNTH_MERCH10_0000005,0.0,3.72,1,0,card_testing_burst,1
565,PAYMENT,1.28,SYNTH_CARDTEST_0000010,2211.05,2209.76,SYNTH_MERCH10_0000006,0.0,1.28,1,0,card_testing_burst,1
565,PAYMENT,4.9,SYNTH_CARDTEST_0000010,2209.76,2204.86,SYNTH_MERCH10_0000007,0.0,4.9,1,0,card_testing_burst,1
565,PAYMENT,3.74,SYNTH_CARDTEST_0000010,2204.86,2201.12,SYNTH_MERCH10_0000008,0.0,3.74,1,0,card_testing_burst,1
565,PAYMENT,1.73,SYNTH_CARDTEST_0000010,2201.12,2199.4,SYNTH_MERCH10_0000009,0.0,1.73,1,0,card_testing_burst,1
565,PAYMENT,1.06,SYNTH_CARDTEST_0000010,2199.4,2198.34,SYNTH_MERCH10_0000010,0.0,1.06,1,0,card_testing_burst,1
565,PAYMENT,2.34,SYNTH_CARDTEST_0000010,2198.34,2196.0,SYNTH_MERCH10_0000011,0.0,2.34,1,0,card_testing_burst,1
565,PAYMENT,1.61,SYNTH_CARDTEST_0000010,2196.0,2194.39,SYNTH_MERCH10_0000012,0.0,1.61,1,0,card_testing_burst,1
565,PAYMENT,1.87,SYNTH_CARDTEST_0000010,2194.39,2192.52,SYNTH_MERCH10_0000013,0.0,1.87,1,0,card_testing_burst,1
565,PAYMENT,4.49,SYNTH_CARDTEST_0000010,2192.52,2188.03,SYNTH_MERCH10_0000014,0.0,4.49,1,0,card_testing_burst,1
565,PAYMENT,3.41,SYNTH_CARDTEST_0000010,2188.03,2184.61,SYNTH_MERCH10_0000015,0.0,3.41,1,0,card_testing_burst,1
565,PAYMENT,1.71,SYNTH_CARDTEST_0000010,2184.61,2182.91,SYNTH_MERCH10_0000016,0.0,1.71,1,0,card_testing_burst,1
565,PAYMENT,3.23,SYNTH_CARDTEST_0000010,2182.91,2179.68,SYNTH_MERCH10_0000017,0.0,3.23,1,0,card_testing_burst,1
565,PAYMENT,2.02,SYNTH_CARDTEST_0000010,2179.68,2177.66,SYNTH_MERCH10_0000018,0.0,2.02,1,0,card_testing_burst,1
565,PAYMENT,4.9,SYNTH_CARDTEST_0000010,2177.66,2172.75,SYNTH_MERCH10_0000019,0.0,4.9,1,0,card_testing_burst,1
519,PAYMENT,3.93,SYNTH_CARDTEST_0000011,2374.14,2370.21,SYNTH_MERCH11_0000000,0.0,3.93,1,0,card_testing_burst,1
519,PAYMENT,4.09,SYNTH_CARDTEST_0000011,2370.21,2366.12,SYNTH_MERCH11_0000001,0.0,4.09,1,0,card_testing_burst,1
519,PAYMENT,1.27,SYNTH_CARDTEST_0000011,2366.12,2364.85,SYNTH_MERCH11_0000002,0.0,1.27,1,0,card_testing_burst,1
519,PAYMENT,1.69,SYNTH_CARDTEST_0000011,2364.85,2363.16,SYNTH_MERCH11_0000003,0.0,1.69,1,0,card_testing_burst,1
519,PAYMENT,2.54,SYNTH_CARDTEST_0000011,2363.16,2360.62,SYNTH_MERCH11_0000004,0.0,2.54,1,0,card_testing_burst,1
519,PAYMENT,4.47,SYNTH_CARDTEST_0000011,2360.62,2356.15,SYNTH_MERCH11_0000005,0.0,4.47,1,0,card_testing_burst,1
519,PAYMENT,3.15,SYNTH_CARDTEST_0000011,2356.15,2353.0,SYNTH_MERCH11_0000006,0.0,3.15,1,0,card_testing_burst,1
519,PAYMENT,3.62,SYNTH_CARDTEST_0000011,2353.0,2349.38,SYNTH_MERCH11_0000007,0.0,3.62,1,0,card_testing_burst,1
519,PAYMENT,4.13,SYNTH_CARDTEST_0000011,2349.38,2345.25,SYNTH_MERCH11_0000008,0.0,4.13,1,0,card_testing_burst,1
519,PAYMENT,4.31,SYNTH_CARDTEST_0000011,2345.25,2340.94,SYNTH_MERCH11_0000009,0.0,4.31,1,0,card_testing_burst,1
519,PAYMENT,2.91,SYNTH_CARDTEST_0000011,2340.94,2338.03,SYNTH_MERCH11_0000010,0.0,2.91,1,0,card_testing_burst,1
519,PAYMENT,3.04,SYNTH_CARDTEST_0000011,2338.03,2335.0,SYNTH_MERCH11_0000011,0.0,3.04,1,0,card_testing_burst,1
519,PAYMENT,3.87,SYNTH_CARDTEST_0000011,2335.0,2331.12,SYNTH_MERCH11_0000012,0.0,3.87,1,0,card_testing_burst,1
519,PAYMENT,2.05,SYNTH_CARDTEST_0000011,2331.12,2329.07,SYNTH_MERCH11_0000013,0.0,2.05,1,0,card_testing_burst,1
519,PAYMENT,4.42,SYNTH_CARDTEST_0000011,2329.07,2324.65,SYNTH_MERCH11_0000014,0.0,4.42,1,0,card_testing_burst,1
519,PAYMENT,1.08,SYNTH_CARDTEST_0000011,2324.65,2323.57,SYNTH_MERCH11_0000015,0.0,1.08,1,0,card_testing_burst,1
519,PAYMENT,1.78,SYNTH_CARDTEST_0000011,2323.57,2321.79,SYNTH_MERCH11_0000016,0.0,1.78,1,0,card_testing_burst,1
519,PAYMENT,4.2,SYNTH_CARDTEST_0000011,2321.79,2317.59,SYNTH_MERCH11_0000017,0.0,4.2,1,0,card_testing_burst,1
519,PAYMENT,2.36,SYNTH_CARDTEST_0000011,2317.59,2315.23,SYNTH_MERCH11_0000018,0.0,2.36,1,0,card_testing_burst,1
519,PAYMENT,1.6,SYNTH_CARDTEST_0000011,2315.23,2313.63,SYNTH_MERCH11_0000019,0.0,1.6,1,0,card_testing_burst,1
340,PAYMENT,4.38,SYNTH_CARDTEST_0000012,2529.71,2525.32,SYNTH_MERCH12_0000000,0.0,4.38,1,0,card_testing_burst,1
340,PAYMENT,1.28,SYNTH_CARDTEST_0000012,2525.32,2524.04,SYNTH_MERCH12_0000001,0.0,1.28,1,0,card_testing_burst,1
340,PAYMENT,1.12,SYNTH_CARDTEST_0000012,2524.04,2522.92,SYNTH_MERCH12_0000002,0.0,1.12,1,0,card_testing_burst,1
340,PAYMENT,2.86,SYNTH_CARDTEST_0000012,2522.92,2520.06,SYNTH_MERCH12_0000003,0.0,2.86,1,0,card_testing_burst,1
340,PAYMENT,4.82,SYNTH_CARDTEST_0000012,2520.06,2515.23,SYNTH_MERCH12_0000004,0.0,4.82,1,0,card_testing_burst,1
340,PAYMENT,2.12,SYNTH_CARDTEST_0000012,2515.23,2513.12,SYNTH_MERCH12_0000005,0.0,2.12,1,0,card_testing_burst,1
340,PAYMENT,4.84,SYNTH_CARDTEST_0000012,2513.12,2508.28,SYNTH_MERCH12_0000006,0.0,4.84,1,0,card_testing_burst,1
340,PAYMENT,4.55,SYNTH_CARDTEST_0000012,2508.28,2503.73,SYNTH_MERCH12_0000007,0.0,4.55,1,0,card_testing_burst,1
340,PAYMENT,2.13,SYNTH_CARDTEST_0000012,2503.73,2501.6,SYNTH_MERCH12_0000008,0.0,2.13,1,0,card_testing_burst,1
340,PAYMENT,4.27,SYNTH_CARDTEST_0000012,2501.6,2497.33,SYNTH_MERCH12_0000009,0.0,4.27,1,0,card_testing_burst,1
340,PAYMENT,3.74,SYNTH_CARDTEST_0000012,2497.33,2493.59,SYNTH_MERCH12_0000010,0.0,3.74,1,0,card_testing_burst,1
340,PAYMENT,3.05,SYNTH_CARDTEST_0000012,2493.59,2490.54,SYNTH_MERCH12_0000011,0.0,3.05,1,0,card_testing_burst,1
340,PAYMENT,2.69,SYNTH_CARDTEST_0000012,2490.54,2487.85,SYNTH_MERCH12_0000012,0.0,2.69,1,0,card_testing_burst,1
340,PAYMENT,4.26,SYNTH_CARDTEST_0000012,2487.85,2483.59,SYNTH_MERCH12_0000013,0.0,4.26,1,0,card_testing_burst,1
340,PAYMENT,4.17,SYNTH_CARDTEST_0000012,2483.59,2479.41,SYNTH_MERCH12_0000014,0.0,4.17,1,0,card_testing_burst,1
340,PAYMENT,4.03,SYNTH_CARDTEST_0000012,2479.41,2475.39,SYNTH_MERCH12_0000015,0.0,4.03,1,0,card_testing_burst,1
340,PAYMENT,4.99,SYNTH_CARDTEST_0000012,2475.39,2470.39,SYNTH_MERCH12_0000016,0.0,4.99,1,0,card_testing_burst,1
340,PAYMENT,2.91,SYNTH_CARDTEST_0000012,2470.39,2467.48,SYNTH_MERCH12_0000017,0.0,2.91,1,0,card_testing_burst,1
340,PAYMENT,4.23,SYNTH_CARDTEST_0000012,2467.48,2463.25,SYNTH_MERCH12_0000018,0.0,4.23,1,0,card_testing_burst,1
340,PAYMENT,4.45,SYNTH_CARDTEST_0000012,2463.25,2458.8,SYNTH_MERCH12_0000019,0.0,4.45,1,0,card_testing_burst,1
394,PAYMENT,1.17,SYNTH_CARDTEST_0000013,7103.0,7101.83,SYNTH_MERCH13_0000000,0.0,1.17,1,0,card_testing_burst,1
394,PAYMENT,2.62,SYNTH_CARDTEST_0000013,7101.83,7099.22,SYNTH_MERCH13_0000001,0.0,2.62,1,0,card_testing_burst,1
394,PAYMENT,4.43,SYNTH_CARDTEST_0000013,7099.22,7094.79,SYNTH_MERCH13_0000002,0.0,4.43,1,0,card_testing_burst,1
394,PAYMENT,2.16,SYNTH_CARDTEST_0000013,7094.79,7092.63,SYNTH_MERCH13_0000003,0.0,2.16,1,0,card_testing_burst,1
394,PAYMENT,3.8,SYNTH_CARDTEST_0000013,7092.63,7088.83,SYNTH_MERCH13_0000004,0.0,3.8,1,0,card_testing_burst,1
394,PAYMENT,1.03,SYNTH_CARDTEST_0000013,7088.83,7087.8,SYNTH_MERCH13_0000005,0.0,1.03,1,0,card_testing_burst,1
394,PAYMENT,2.42,SYNTH_CARDTEST_0000013,7087.8,7085.38,SYNTH_MERCH13_0000006,0.0,2.42,1,0,card_testing_burst,1
394,PAYMENT,3.46,SYNTH_CARDTEST_0000013,7085.38,7081.92,SYNTH_MERCH13_0000007,0.0,3.46,1,0,card_testing_burst,1
394,PAYMENT,1.52,SYNTH_CARDTEST_0000013,7081.92,7080.4,SYNTH_MERCH13_0000008,0.0,1.52,1,0,card_testing_burst,1
394,PAYMENT,4.59,SYNTH_CARDTEST_0000013,7080.4,7075.81,SYNTH_MERCH13_0000009,0.0,4.59,1,0,card_testing_burst,1
394,PAYMENT,1.63,SYNTH_CARDTEST_0000013,7075.81,7074.19,SYNTH_MERCH13_0000010,0.0,1.63,1,0,card_testing_burst,1
394,PAYMENT,4.64,SYNTH_CARDTEST_0000013,7074.19,7069.55,SYNTH_MERCH13_0000011,0.0,4.64,1,0,card_testing_burst,1
394,PAYMENT,1.87,SYNTH_CARDTEST_0000013,7069.55,7067.68,SYNTH_MERCH13_0000012,0.0,1.87,1,0,card_testing_burst,1
394,PAYMENT,4.98,SYNTH_CARDTEST_0000013,7067.68,7062.71,SYNTH_MERCH13_0000013,0.0,4.98,1,0,card_testing_burst,1
394,PAYMENT,3.42,SYNTH_CARDTEST_0000013,7062.71,7059.29,SYNTH_MERCH13_0000014,0.0,3.42,1,0,card_testing_burst,1
394,PAYMENT,1.34,SYNTH_CARDTEST_0000013,7059.29,7057.95,SYNTH_MERCH13_0000015,0.0,1.34,1,0,card_testing_burst,1
394,PAYMENT,1.26,SYNTH_CARDTEST_0000013,7057.95,7056.69,SYNTH_MERCH13_0000016,0.0,1.26,1,0,card_testing_burst,1
394,PAYMENT,1.3,SYNTH_CARDTEST_0000013,7056.69,7055.39,SYNTH_MERCH13_0000017,0.0,1.3,1,0,card_testing_burst,1
394,PAYMENT,3.36,SYNTH_CARDTEST_0000013,7055.39,7052.03,SYNTH_MERCH13_0000018,0.0,3.36,1,0,card_testing_burst,1
394,PAYMENT,4.24,SYNTH_CARDTEST_0000013,7052.03,7047.79,SYNTH_MERCH13_0000019,0.0,4.24,1,0,card_testing_burst,1
154,PAYMENT,3.36,SYNTH_CARDTEST_0000014,9141.99,9138.64,SYNTH_MERCH14_0000000,0.0,3.36,1,0,card_testing_burst,1
154,PAYMENT,3.13,SYNTH_CARDTEST_0000014,9138.64,9135.5,SYNTH_MERCH14_0000001,0.0,3.13,1,0,card_testing_burst,1
154,PAYMENT,3.75,SYNTH_CARDTEST_0000014,9135.5,9131.75,SYNTH_MERCH14_0000002,0.0,3.75,1,0,card_testing_burst,1
154,PAYMENT,2.89,SYNTH_CARDTEST_0000014,9131.75,9128.86,SYNTH_MERCH14_0000003,0.0,2.89,1,0,card_testing_burst,1
154,PAYMENT,3.86,SYNTH_CARDTEST_0000014,9128.86,9125.01,SYNTH_MERCH14_0000004,0.0,3.86,1,0,card_testing_burst,1
154,PAYMENT,4.99,SYNTH_CARDTEST_0000014,9125.01,9120.02,SYNTH_MERCH14_0000005,0.0,4.99,1,0,card_testing_burst,1
154,PAYMENT,2.4,SYNTH_CARDTEST_0000014,9120.02,9117.62,SYNTH_MERCH14_0000006,0.0,2.4,1,0,card_testing_burst,1
154,PAYMENT,1.05,SYNTH_CARDTEST_0000014,9117.62,9116.57,SYNTH_MERCH14_0000007,0.0,1.05,1,0,card_testing_burst,1
154,PAYMENT,1.5,SYNTH_CARDTEST_0000014,9116.57,9115.07,SYNTH_MERCH14_0000008,0.0,1.5,1,0,card_testing_burst,1
154,PAYMENT,3.21,SYNTH_CARDTEST_0000014,9115.07,9111.85,SYNTH_MERCH14_0000009,0.0,3.21,1,0,card_testing_burst,1
154,PAYMENT,2.38,SYNTH_CARDTEST_0000014,9111.85,9109.48,SYNTH_MERCH14_0000010,0.0,2.38,1,0,card_testing_burst,1
154,PAYMENT,4.76,SYNTH_CARDTEST_0000014,9109.48,9104.72,SYNTH_MERCH14_0000011,0.0,4.76,1,0,card_testing_burst,1
154,PAYMENT,3.51,SYNTH_CARDTEST_0000014,9104.72,9101.21,SYNTH_MERCH14_0000012,0.0,3.51,1,0,card_testing_burst,1
154,PAYMENT,3.08,SYNTH_CARDTEST_0000014,9101.21,9098.13,SYNTH_MERCH14_0000013,0.0,3.08,1,0,card_testing_burst,1
154,PAYMENT,4.19,SYNTH_CARDTEST_0000014,9098.13,9093.93,SYNTH_MERCH14_0000014,0.0,4.19,1,0,card_testing_burst,1
154,PAYMENT,2.03,SYNTH_CARDTEST_0000014,9093.93,9091.9,SYNTH_MERCH14_0000015,0.0,2.03,1,0,card_testing_burst,1
154,PAYMENT,4.28,SYNTH_CARDTEST_0000014,9091.9,9087.62,SYNTH_MERCH14_0000016,0.0,4.28,1,0,card_testing_burst,1
154,PAYMENT,1.01,SYNTH_CARDTEST_0000014,9087.62,9086.61,SYNTH_MERCH14_0000017,0.0,1.01,1,0,card_testing_burst,1
154,PAYMENT,3.48,SYNTH_CARDTEST_0000014,9086.61,9083.13,SYNTH_MERCH14_0000018,0.0,3.48,1,0,card_testing_burst,1
154,PAYMENT,4.74,SYNTH_CARDTEST_0000014,9083.13,9078.39,SYNTH_MERCH14_0000019,0.0,4.74,1,0,card_testing_burst,1
330,PAYMENT,4.41,SYNTH_CARDTEST_0000015,4436.6,4432.18,SYNTH_MERCH15_0000000,0.0,4.41,1,0,card_testing_burst,1
330,PAYMENT,2.59,SYNTH_CARDTEST_0000015,4432.18,4429.6,SYNTH_MERCH15_0000001,0.0,2.59,1,0,card_testing_burst,1
330,PAYMENT,4.3,SYNTH_CARDTEST_0000015,4429.6,4425.3,SYNTH_MERCH15_0000002,0.0,4.3,1,0,card_testing_burst,1
330,PAYMENT,3.2,SYNTH_CARDTEST_0000015,4425.3,4422.1,SYNTH_MERCH15_0000003,0.0,3.2,1,0,card_testing_burst,1
330,PAYMENT,3.47,SYNTH_CARDTEST_0000015,4422.1,4418.62,SYNTH_MERCH15_0000004,0.0,3.47,1,0,card_testing_burst,1
330,PAYMENT,1.24,SYNTH_CARDTEST_0000015,4418.62,4417.39,SYNTH_MERCH15_0000005,0.0,1.24,1,0,card_testing_burst,1
330,PAYMENT,1.81,SYNTH_CARDTEST_0000015,4417.39,4415.58,SYNTH_MERCH15_0000006,0.0,1.81,1,0,card_testing_burst,1
330,PAYMENT,3.2,SYNTH_CARDTEST_0000015,4415.58,4412.38,SYNTH_MERCH15_0000007,0.0,3.2,1,0,card_testing_burst,1
330,PAYMENT,1.24,SYNTH_CARDTEST_0000015,4412.38,4411.14,SYNTH_MERCH15_0000008,0.0,1.24,1,0,card_testing_burst,1
330,PAYMENT,3.97,SYNTH_CARDTEST_0000015,4411.14,4407.18,SYNTH_MERCH15_0000009,0.0,3.97,1,0,card_testing_burst,1
330,PAYMENT,4.36,SYNTH_CARDTEST_0000015,4407.18,4402.82,SYNTH_MERCH15_0000010,0.0,4.36,1,0,card_testing_burst,1
330,PAYMENT,4.68,SYNTH_CARDTEST_0000015,4402.82,4398.13,SYNTH_MERCH15_0000011,0.0,4.68,1,0,card_testing_burst,1
330,PAYMENT,1.41,SYNTH_CARDTEST_0000015,4398.13,4396.73,SYNTH_MERCH15_0000012,0.0,1.41,1,0,card_testing_burst,1
330,PAYMENT,4.76,SYNTH_CARDTEST_0000015,4396.73,4391.97,SYNTH_MERCH15_0000013,0.0,4.76,1,0,card_testing_burst,1
330,PAYMENT,1.27,SYNTH_CARDTEST_0000015,4391.97,4390.7,SYNTH_MERCH15_0000014,0.0,1.27,1,0,card_testing_burst,1
330,PAYMENT,2.9,SYNTH_CARDTEST_0000015,4390.7,4387.8,SYNTH_MERCH15_0000015,0.0,2.9,1,0,card_testing_burst,1
330,PAYMENT,4.36,SYNTH_CARDTEST_0000015,4387.8,4383.44,SYNTH_MERCH15_0000016,0.0,4.36,1,0,card_testing_burst,1
330,PAYMENT,1.28,SYNTH_CARDTEST_0000015,4383.44,4382.16,SYNTH_MERCH15_0000017,0.0,1.28,1,0,card_testing_burst,1
330,PAYMENT,1.07,SYNTH_CARDTEST_0000015,4382.16,4381.09,SYNTH_MERCH15_0000018,0.0,1.07,1,0,card_testing_burst,1
330,PAYMENT,1.1,SYNTH_CARDTEST_0000015,4381.09,4379.99,SYNTH_MERCH15_0000019,0.0,1.1,1,0,card_testing_burst,1
432,PAYMENT,1.51,SYNTH_CARDTEST_0000016,35048.13,35046.62,SYNTH_MERCH16_0000000,0.0,1.51,1,0,card_testing_burst,1
432,PAYMENT,1.5,SYNTH_CARDTEST_0000016,35046.62,35045.12,SYNTH_MERCH16_0000001,0.0,1.5,1,0,card_testing_burst,1
432,PAYMENT,3.27,SYNTH_CARDTEST_0000016,35045.12,35041.85,SYNTH_MERCH16_0000002,0.0,3.27,1,0,card_testing_burst,1
432,PAYMENT,1.94,SYNTH_CARDTEST_0000016,35041.85,35039.91,SYNTH_MERCH16_0000003,0.0,1.94,1,0,card_testing_burst,1
432,PAYMENT,3.92,SYNTH_CARDTEST_0000016,35039.91,35035.99,SYNTH_MERCH16_0000004,0.0,3.92,1,0,card_testing_burst,1
432,PAYMENT,4.8,SYNTH_CARDTEST_0000016,35035.99,35031.19,SYNTH_MERCH16_0000005,0.0,4.8,1,0,card_testing_burst,1
432,PAYMENT,4.06,SYNTH_CARDTEST_0000016,35031.19,35027.13,SYNTH_MERCH16_0000006,0.0,4.06,1,0,card_testing_burst,1
432,PAYMENT,4.51,SYNTH_CARDTEST_0000016,35027.13,35022.62,SYNTH_MERCH16_0000007,0.0,4.51,1,0,card_testing_burst,1
432,PAYMENT,3.08,SYNTH_CARDTEST_0000016,35022.62,35019.54,SYNTH_MERCH16_0000008,0.0,3.08,1,0,card_testing_burst,1
432,PAYMENT,4.33,SYNTH_CARDTEST_0000016,35019.54,35015.21,SYNTH_MERCH16_0000009,0.0,4.33,1,0,card_testing_burst,1
432,PAYMENT,1.73,SYNTH_CARDTEST_0000016,35015.21,35013.48,SYNTH_MERCH16_0000010,0.0,1.73,1,0,card_testing_burst,1
432,PAYMENT,1.27,SYNTH_CARDTEST_0000016,35013.48,35012.21,SYNTH_MERCH16_0000011,0.0,1.27,1,0,card_testing_burst,1
432,PAYMENT,3.62,SYNTH_CARDTEST_0000016,35012.21,35008.58,SYNTH_MERCH16_0000012,0.0,3.62,1,0,card_testing_burst,1
432,PAYMENT,1.21,SYNTH_CARDTEST_0000016,35008.58,35007.37,SYNTH_MERCH16_0000013,0.0,1.21,1,0,card_testing_burst,1
432,PAYMENT,4.57,SYNTH_CARDTEST_0000016,35007.37,35002.8,SYNTH_MERCH16_0000014,0.0,4.57,1,0,card_testing_burst,1
432,PAYMENT,3.77,SYNTH_CARDTEST_0000016,35002.8,34999.04,SYNTH_MERCH16_0000015,0.0,3.77,1,0,card_testing_burst,1
432,PAYMENT,4.81,SYNTH_CARDTEST_0000016,34999.04,34994.23,SYNTH_MERCH16_0000016,0.0,4.81,1,0,card_testing_burst,1
432,PAYMENT,2.26,SYNTH_CARDTEST_0000016,34994.23,34991.97,SYNTH_MERCH16_0000017,0.0,2.26,1,0,card_testing_burst,1
432,PAYMENT,2.94,SYNTH_CARDTEST_0000016,34991.97,34989.03,SYNTH_MERCH16_0000018,0.0,2.94,1,0,card_testing_burst,1
432,PAYMENT,3.97,SYNTH_CARDTEST_0000016,34989.03,34985.06,SYNTH_MERCH16_0000019,0.0,3.97,1,0,card_testing_burst,1
602,PAYMENT,3.17,SYNTH_CARDTEST_0000017,3005.59,3002.42,SYNTH_MERCH17_0000000,0.0,3.17,1,0,card_testing_burst,1
602,PAYMENT,3.64,SYNTH_CARDTEST_0000017,3002.42,2998.78,SYNTH_MERCH17_0000001,0.0,3.64,1,0,card_testing_burst,1
602,PAYMENT,4.92,SYNTH_CARDTEST_0000017,2998.78,2993.87,SYNTH_MERCH17_0000002,0.0,4.92,1,0,card_testing_burst,1
602,PAYMENT,3.98,SYNTH_CARDTEST_0000017,2993.87,2989.89,SYNTH_MERCH17_0000003,0.0,3.98,1,0,card_testing_burst,1
602,PAYMENT,1.47,SYNTH_CARDTEST_0000017,2989.89,2988.42,SYNTH_MERCH17_0000004,0.0,1.47,1,0,card_testing_burst,1
602,PAYMENT,2.9,SYNTH_CARDTEST_0000017,2988.42,2985.52,SYNTH_MERCH17_0000005,0.0,2.9,1,0,card_testing_burst,1
602,PAYMENT,3.36,SYNTH_CARDTEST_0000017,2985.52,2982.16,SYNTH_MERCH17_0000006,0.0,3.36,1,0,card_testing_burst,1
602,PAYMENT,1.59,SYNTH_CARDTEST_0000017,2982.16,2980.58,SYNTH_MERCH17_0000007,0.0,1.59,1,0,card_testing_burst,1
602,PAYMENT,2.73,SYNTH_CARDTEST_0000017,2980.58,2977.85,SYNTH_MERCH17_0000008,0.0,2.73,1,0,card_testing_burst,1
602,PAYMENT,2.14,SYNTH_CARDTEST_0000017,2977.85,2975.71,SYNTH_MERCH17_0000009,0.0,2.14,1,0,card_testing_burst,1
602,PAYMENT,1.48,SYNTH_CARDTEST_0000017,2975.71,2974.24,SYNTH_MERCH17_0000010,0.0,1.48,1,0,card_testing_burst,1
602,PAYMENT,3.05,SYNTH_CARDTEST_0000017,2974.24,2971.19,SYNTH_MERCH17_0000011,0.0,3.05,1,0,card_testing_burst,1
602,PAYMENT,1.66,SYNTH_CARDTEST_0000017,2971.19,2969.53,SYNTH_MERCH17_0000012,0.0,1.66,1,0,card_testing_burst,1
602,PAYMENT,3.36,SYNTH_CARDTEST_0000017,2969.53,2966.16,SYNTH_MERCH17_0000013,0.0,3.36,1,0,card_testing_burst,1
602,PAYMENT,1.68,SYNTH_CARDTEST_0000017,2966.16,2964.48,SYNTH_MERCH17_0000014,0.0,1.68,1,0,card_testing_burst,1
602,PAYMENT,3.89,SYNTH_CARDTEST_0000017,2964.48,2960.59,SYNTH_MERCH17_0000015,0.0,3.89,1,0,card_testing_burst,1
602,PAYMENT,1.78,SYNTH_CARDTEST_0000017,2960.59,2958.81,SYNTH_MERCH17_0000016,0.0,1.78,1,0,card_testing_burst,1
602,PAYMENT,4.59,SYNTH_CARDTEST_0000017,2958.81,2954.22,SYNTH_MERCH17_0000017,0.0,4.59,1,0,card_testing_burst,1
602,PAYMENT,1.1,SYNTH_CARDTEST_0000017,2954.22,2953.12,SYNTH_MERCH17_0000018,0.0,1.1,1,0,card_testing_burst,1
602,PAYMENT,3.09,SYNTH_CARDTEST_0000017,2953.12,2950.03,SYNTH_MERCH17_0000019,0.0,3.09,1,0,card_testing_burst,1
222,PAYMENT,2.89,SYNTH_CARDTEST_0000018,2761.75,2758.86,SYNTH_MERCH18_0000000,0.0,2.89,1,0,card_testing_burst,1
222,PAYMENT,4.37,SYNTH_CARDTEST_0000018,2758.86,2754.49,SYNTH_MERCH18_0000001,0.0,4.37,1,0,card_testing_burst,1
222,PAYMENT,4.66,SYNTH_CARDTEST_0000018,2754.49,2749.83,SYNTH_MERCH18_0000002,0.0,4.66,1,0,card_testing_burst,1
222,PAYMENT,2.21,SYNTH_CARDTEST_0000018,2749.83,2747.62,SYNTH_MERCH18_0000003,0.0,2.21,1,0,card_testing_burst,1
222,PAYMENT,1.62,SYNTH_CARDTEST_0000018,2747.62,2746.0,SYNTH_MERCH18_0000004,0.0,1.62,1,0,card_testing_burst,1
222,PAYMENT,3.88,SYNTH_CARDTEST_0000018,2746.0,2742.12,SYNTH_MERCH18_0000005,0.0,3.88,1,0,card_testing_burst,1
222,PAYMENT,3.33,SYNTH_CARDTEST_0000018,2742.12,2738.79,SYNTH_MERCH18_0000006,0.0,3.33,1,0,card_testing_burst,1
222,PAYMENT,1.8,SYNTH_CARDTEST_0000018,2738.79,2736.99,SYNTH_MERCH18_0000007,0.0,1.8,1,0,card_testing_burst,1
222,PAYMENT,4.04,SYNTH_CARDTEST_0000018,2736.99,2732.95,SYNTH_MERCH18_0000008,0.0,4.04,1,0,card_testing_burst,1
222,PAYMENT,3.08,SYNTH_CARDTEST_0000018,2732.95,2729.87,SYNTH_MERCH18_0000009,0.0,3.08,1,0,card_testing_burst,1
222,PAYMENT,3.61,SYNTH_CARDTEST_0000018,2729.87,2726.26,SYNTH_MERCH18_0000010,0.0,3.61,1,0,card_testing_burst,1
222,PAYMENT,2.44,SYNTH_CARDTEST_0000018,2726.26,2723.82,SYNTH_MERCH18_0000011,0.0,2.44,1,0,card_testing_burst,1
222,PAYMENT,2.76,SYNTH_CARDTEST_0000018,2723.82,2721.07,SYNTH_MERCH18_0000012,0.0,2.76,1,0,card_testing_burst,1
222,PAYMENT,1.72,SYNTH_CARDTEST_0000018,2721.07,2719.34,SYNTH_MERCH18_0000013,0.0,1.72,1,0,card_testing_burst,1
222,PAYMENT,4.03,SYNTH_CARDTEST_0000018,2719.34,2715.32,SYNTH_MERCH18_0000014,0.0,4.03,1,0,card_testing_burst,1
222,PAYMENT,1.63,SYNTH_CARDTEST_0000018,2715.32,2713.69,SYNTH_MERCH18_0000015,0.0,1.63,1,0,card_testing_burst,1
222,PAYMENT,4.11,SYNTH_CARDTEST_0000018,2713.69,2709.58,SYNTH_MERCH18_0000016,0.0,4.11,1,0,card_testing_burst,1
222,PAYMENT,4.19,SYNTH_CARDTEST_0000018,2709.58,2705.39,SYNTH_MERCH18_0000017,0.0,4.19,1,0,card_testing_burst,1
222,PAYMENT,3.99,SYNTH_CARDTEST_0000018,2705.39,2701.4,SYNTH_MERCH18_0000018,0.0,3.99,1,0,card_testing_burst,1
222,PAYMENT,1.08,SYNTH_CARDTEST_0000018,2701.4,2700.32,SYNTH_MERCH18_0000019,0.0,1.08,1,0,card_testing_burst,1
167,PAYMENT,2.87,SYNTH_CARDTEST_0000019,1937.95,1935.08,SYNTH_MERCH19_0000000,0.0,2.87,1,0,card_testing_burst,1
167,PAYMENT,3.38,SYNTH_CARDTEST_0000019,1935.08,1931.69,SYNTH_MERCH19_0000001,0.0,3.38,1,0,card_testing_burst,1
167,PAYMENT,4.68,SYNTH_CARDTEST_0000019,1931.69,1927.02,SYNTH_MERCH19_0000002,0.0,4.68,1,0,card_testing_burst,1
167,PAYMENT,2.5,SYNTH_CARDTEST_0000019,1927.02,1924.51,SYNTH_MERCH19_0000003,0.0,2.5,1,0,card_testing_burst,1
167,PAYMENT,4.5,SYNTH_CARDTEST_0000019,1924.51,1920.01,SYNTH_MERCH19_0000004,0.0,4.5,1,0,card_testing_burst,1
167,PAYMENT,1.65,SYNTH_CARDTEST_0000019,1920.01,1918.36,SYNTH_MERCH19_0000005,0.0,1.65,1,0,card_testing_burst,1
167,PAYMENT,2.49,SYNTH_CARDTEST_0000019,1918.36,1915.87,SYNTH_MERCH19_0000006,0.0,2.49,1,0,card_testing_burst,1
167,PAYMENT,1.21,SYNTH_CARDTEST_0000019,1915.87,1914.67,SYNTH_MERCH19_0000007,0.0,1.21,1,0,card_testing_burst,1
167,PAYMENT,3.97,SYNTH_CARDTEST_0000019,1914.67,1910.7,SYNTH_MERCH19_0000008,0.0,3.97,1,0,card_testing_burst,1
167,PAYMENT,1.6,SYNTH_CARDTEST_0000019,1910.7,1909.09,SYNTH_MERCH19_0000009,0.0,1.6,1,0,card_testing_burst,1
167,PAYMENT,2.03,SYNTH_CARDTEST_0000019,1909.09,1907.07,SYNTH_MERCH19_0000010,0.0,2.03,1,0,card_testing_burst,1
167,PAYMENT,4.1,SYNTH_CARDTEST_0000019,1907.07,1902.96,SYNTH_MERCH19_0000011,0.0,4.1,1,0,card_testing_burst,1
167,PAYMENT,3.14,SYNTH_CARDTEST_0000019,1902.96,1899.83,SYNTH_MERCH19_0000012,0.0,3.14,1,0,card_testing_burst,1
167,PAYMENT,1.06,SYNTH_CARDTEST_0000019,1899.83,1898.77,SYNTH_MERCH19_0000013,0.0,1.06,1,0,card_testing_burst,1
167,PAYMENT,1.01,SYNTH_CARDTEST_0000019,1898.77,1897.76,SYNTH_MERCH19_0000014,0.0,1.01,1,0,card_testing_burst,1
167,PAYMENT,3.04,SYNTH_CARDTEST_0000019,1897.76,1894.72,SYNTH_MERCH19_0000015,0.0,3.04,1,0,card_testing_burst,1
167,PAYMENT,2.22,SYNTH_CARDTEST_0000019,1894.72,1892.5,SYNTH_MERCH19_0000016,0.0,2.22,1,0,card_testing_burst,1
167,PAYMENT,1.72,SYNTH_CARDTEST_0000019,1892.5,1890.78,SYNTH_MERCH19_0000017,0.0,1.72,1,0,card_testing_burst,1
167,PAYMENT,3.45,SYNTH_CARDTEST_0000019,1890.78,1887.32,SYNTH_MERCH19_0000018,0.0,3.45,1,0,card_testing_burst,1
167,PAYMENT,1.91,SYNTH_CARDTEST_0000019,1887.32,1885.41,SYNTH_MERCH19_0000019,0.0,1.91,1,0,card_testing_burst,1
189,PAYMENT,1.75,SYNTH_CARDTEST_0000020,4422.94,4421.2,SYNTH_MERCH20_0000000,0.0,1.75,1,0,card_testing_burst,1
189,PAYMENT,1.55,SYNTH_CARDTEST_0000020,4421.2,4419.64,SYNTH_MERCH20_0000001,0.0,1.55,1,0,card_testing_burst,1
189,PAYMENT,1.95,SYNTH_CARDTEST_0000020,4419.64,4417.7,SYNTH_MERCH20_0000002,0.0,1.95,1,0,card_testing_burst,1
189,PAYMENT,1.12,SYNTH_CARDTEST_0000020,4417.7,4416.58,SYNTH_MERCH20_0000003,0.0,1.12,1,0,card_testing_burst,1
189,PAYMENT,2.23,SYNTH_CARDTEST_0000020,4416.58,4414.34,SYNTH_MERCH20_0000004,0.0,2.23,1,0,card_testing_burst,1
189,PAYMENT,4.61,SYNTH_CARDTEST_0000020,4414.34,4409.74,SYNTH_MERCH20_0000005,0.0,4.61,1,0,card_testing_burst,1
189,PAYMENT,4.33,SYNTH_CARDTEST_0000020,4409.74,4405.41,SYNTH_MERCH20_0000006,0.0,4.33,1,0,card_testing_burst,1
189,PAYMENT,2.49,SYNTH_CARDTEST_0000020,4405.41,4402.92,SYNTH_MERCH20_0000007,0.0,2.49,1,0,card_testing_burst,1
189,PAYMENT,3.3,SYNTH_CARDTEST_0000020,4402.92,4399.62,SYNTH_MERCH20_0000008,0.0,3.3,1,0,card_testing_burst,1
189,PAYMENT,3.27,SYNTH_CARDTEST_0000020,4399.62,4396.35,SYNTH_MERCH20_0000009,0.0,3.27,1,0,card_testing_burst,1
189,PAYMENT,4.31,SYNTH_CARDTEST_0000020,4396.35,4392.04,SYNTH_MERCH20_0000010,0.0,4.31,1,0,card_testing_burst,1
189,PAYMENT,1.95,SYNTH_CARDTEST_0000020,4392.04,4390.09,SYNTH_MERCH20_0000011,0.0,1.95,1,0,card_testing_burst,1
189,PAYMENT,2.19,SYNTH_CARDTEST_0000020,4390.09,4387.91,SYNTH_MERCH20_0000012,0.0,2.19,1,0,card_testing_burst,1
189,PAYMENT,2.21,SYNTH_CARDTEST_0000020,4387.91,4385.7,SYNTH_MERCH20_0000013,0.0,2.21,1,0,card_testing_burst,1
189,PAYMENT,1.16,SYNTH_CARDTEST_0000020,4385.7,4384.53,SYNTH_MERCH20_0000014,0.0,1.16,1,0,card_testing_burst,1
189,PAYMENT,2.26,SYNTH_CARDTEST_0000020,4384.53,4382.28,SYNTH_MERCH20_0000015,0.0,2.26,1,0,card_testing_burst,1
189,PAYMENT,4.51,SYNTH_CARDTEST_0000020,4382.28,4377.76,SYNTH_MERCH20_0000016,0.0,4.51,1,0,card_testing_burst,1
189,PAYMENT,4.65,SYNTH_CARDTEST_0000020,4377.76,4373.12,SYNTH_MERCH20_0000017,0.0,4.65,1,0,card_testing_burst,1
189,PAYMENT,1.44,SYNTH_CARDTEST_0000020,4373.12,4371.68,SYNTH_MERCH20_0000018,0.0,1.44,1,0,card_testing_burst,1
189,PAYMENT,2.83,SYNTH_CARDTEST_0000020,4371.68,4368.85,SYNTH_MERCH20_0000019,0.0,2.83,1,0,card_testing_burst,1
282,PAYMENT,2.96,SYNTH_CARDTEST_0000021,2263.61,2260.65,SYNTH_MERCH21_0000000,0.0,2.96,1,0,card_testing_burst,1
282,PAYMENT,3.22,SYNTH_CARDTEST_0000021,2260.65,2257.44,SYNTH_MERCH21_0000001,0.0,3.22,1,0,card_testing_burst,1
282,PAYMENT,1.08,SYNTH_CARDTEST_0000021,2257.44,2256.35,SYNTH_MERCH21_0000002,0.0,1.08,1,0,card_testing_burst,1
282,PAYMENT,4.37,SYNTH_CARDTEST_0000021,2256.35,2251.99,SYNTH_MERCH21_0000003,0.0,4.37,1,0,card_testing_burst,1
282,PAYMENT,4.89,SYNTH_CARDTEST_0000021,2251.99,2247.09,SYNTH_MERCH21_0000004,0.0,4.89,1,0,card_testing_burst,1
282,PAYMENT,3.61,SYNTH_CARDTEST_0000021,2247.09,2243.48,SYNTH_MERCH21_0000005,0.0,3.61,1,0,card_testing_burst,1
282,PAYMENT,3.64,SYNTH_CARDTEST_0000021,2243.48,2239.84,SYNTH_MERCH21_0000006,0.0,3.64,1,0,card_testing_burst,1
282,PAYMENT,3.11,SYNTH_CARDTEST_0000021,2239.84,2236.72,SYNTH_MERCH21_0000007,0.0,3.11,1,0,card_testing_burst,1
282,PAYMENT,2.34,SYNTH_CARDTEST_0000021,2236.72,2234.39,SYNTH_MERCH21_0000008,0.0,2.34,1,0,card_testing_burst,1
282,PAYMENT,1.6,SYNTH_CARDTEST_0000021,2234.39,2232.79,SYNTH_MERCH21_0000009,0.0,1.6,1,0,card_testing_burst,1
282,PAYMENT,3.34,SYNTH_CARDTEST_0000021,2232.79,2229.45,SYNTH_MERCH21_0000010,0.0,3.34,1,0,card_testing_burst,1
282,PAYMENT,1.18,SYNTH_CARDTEST_0000021,2229.45,2228.27,SYNTH_MERCH21_0000011,0.0,1.18,1,0,card_testing_burst,1
282,PAYMENT,4.3,SYNTH_CARDTEST_0000021,2228.27,2223.98,SYNTH_MERCH21_0000012,0.0,4.3,1,0,card_testing_burst,1
282,PAYMENT,2.68,SYNTH_CARDTEST_0000021,2223.98,2221.29,SYNTH_MERCH21_0000013,0.0,2.68,1,0,card_testing_burst,1
282,PAYMENT,2.66,SYNTH_CARDTEST_0000021,2221.29,2218.63,SYNTH_MERCH21_0000014,0.0,2.66,1,0,card_testing_burst,1
282,PAYMENT,2.31,SYNTH_CARDTEST_0000021,2218.63,2216.32,SYNTH_MERCH21_0000015,0.0,2.31,1,0,card_testing_burst,1
282,PAYMENT,4.88,SYNTH_CARDTEST_0000021,2216.32,2211.45,SYNTH_MERCH21_0000016,0.0,4.88,1,0,card_testing_burst,1
282,PAYMENT,1.7,SYNTH_CARDTEST_0000021,2211.45,2209.75,SYNTH_MERCH21_0000017,0.0,1.7,1,0,card_testing_burst,1
282,PAYMENT,1.61,SYNTH_CARDTEST_0000021,2209.75,2208.14,SYNTH_MERCH21_0000018,0.0,1.61,1,0,card_testing_burst,1
282,PAYMENT,1.66,SYNTH_CARDTEST_0000021,2208.14,2206.48,SYNTH_MERCH21_0000019,0.0,1.66,1,0,card_testing_burst,1
741,PAYMENT,1.94,SYNTH_CARDTEST_0000022,2997.21,2995.27,SYNTH_MERCH22_0000000,0.0,1.94,1,0,card_testing_burst,1
741,PAYMENT,4.62,SYNTH_CARDTEST_0000022,2995.27,2990.65,SYNTH_MERCH22_0000001,0.0,4.62,1,0,card_testing_burst,1
741,PAYMENT,2.11,SYNTH_CARDTEST_0000022,2990.65,2988.53,SYNTH_MERCH22_0000002,0.0,2.11,1,0,card_testing_burst,1
741,PAYMENT,3.59,SYNTH_CARDTEST_0000022,2988.53,2984.94,SYNTH_MERCH22_0000003,0.0,3.59,1,0,card_testing_burst,1
741,PAYMENT,1.16,SYNTH_CARDTEST_0000022,2984.94,2983.78,SYNTH_MERCH22_0000004,0.0,1.16,1,0,card_testing_burst,1
741,PAYMENT,2.98,SYNTH_CARDTEST_0000022,2983.78,2980.8,SYNTH_MERCH22_0000005,0.0,2.98,1,0,card_testing_burst,1
741,PAYMENT,3.62,SYNTH_CARDTEST_0000022,2980.8,2977.18,SYNTH_MERCH22_0000006,0.0,3.62,1,0,card_testing_burst,1
741,PAYMENT,3.15,SYNTH_CARDTEST_0000022,2977.18,2974.03,SYNTH_MERCH22_0000007,0.0,3.15,1,0,card_testing_burst,1
741,PAYMENT,1.95,SYNTH_CARDTEST_0000022,2974.03,2972.08,SYNTH_MERCH22_0000008,0.0,1.95,1,0,card_testing_burst,1
741,PAYMENT,4.31,SYNTH_CARDTEST_0000022,2972.08,2967.77,SYNTH_MERCH22_0000009,0.0,4.31,1,0,card_testing_burst,1
741,PAYMENT,4.88,SYNTH_CARDTEST_0000022,2967.77,2962.89,SYNTH_MERCH22_0000010,0.0,4.88,1,0,card_testing_burst,1
741,PAYMENT,2.84,SYNTH_CARDTEST_0000022,2962.89,2960.05,SYNTH_MERCH22_0000011,0.0,2.84,1,0,card_testing_burst,1
741,PAYMENT,3.54,SYNTH_CARDTEST_0000022,2960.05,2956.51,SYNTH_MERCH22_0000012,0.0,3.54,1,0,card_testing_burst,1
741,PAYMENT,4.16,SYNTH_CARDTEST_0000022,2956.51,2952.34,SYNTH_MERCH22_0000013,0.0,4.16,1,0,card_testing_burst,1
741,PAYMENT,1.97,SYNTH_CARDTEST_0000022,2952.34,2950.38,SYNTH_MERCH22_0000014,0.0,1.97,1,0,card_testing_burst,1
741,PAYMENT,4.46,SYNTH_CARDTEST_0000022,2950.38,2945.92,SYNTH_MERCH22_0000015,0.0,4.46,1,0,card_testing_burst,1
741,PAYMENT,2.12,SYNTH_CARDTEST_0000022,2945.92,2943.8,SYNTH_MERCH22_0000016,0.0,2.12,1,0,card_testing_burst,1
741,PAYMENT,4.1,SYNTH_CARDTEST_0000022,2943.8,2939.7,SYNTH_MERCH22_0000017,0.0,4.1,1,0,card_testing_burst,1
741,PAYMENT,1.45,SYNTH_CARDTEST_0000022,2939.7,2938.25,SYNTH_MERCH22_0000018,0.0,1.45,1,0,card_testing_burst,1
741,PAYMENT,2.15,SYNTH_CARDTEST_0000022,2938.25,2936.09,SYNTH_MERCH22_0000019,0.0,2.15,1,0,card_testing_burst,1
735,PAYMENT,3.1,SYNTH_CARDTEST_0000023,2457.19,2454.09,SYNTH_MERCH23_0000000,0.0,3.1,1,0,card_testing_burst,1
735,PAYMENT,4.4,SYNTH_CARDTEST_0000023,2454.09,2449.68,SYNTH_MERCH23_0000001,0.0,4.4,1,0,card_testing_burst,1
735,PAYMENT,4.98,SYNTH_CARDTEST_0000023,2449.68,2444.7,SYNTH_MERCH23_0000002,0.0,4.98,1,0,card_testing_burst,1
735,PAYMENT,1.43,SYNTH_CARDTEST_0000023,2444.7,2443.27,SYNTH_MERCH23_0000003,0.0,1.43,1,0,card_testing_burst,1
735,PAYMENT,2.09,SYNTH_CARDTEST_0000023,2443.27,2441.19,SYNTH_MERCH23_0000004,0.0,2.09,1,0,card_testing_burst,1
735,PAYMENT,2.43,SYNTH_CARDTEST_0000023,2441.19,2438.76,SYNTH_MERCH23_0000005,0.0,2.43,1,0,card_testing_burst,1
735,PAYMENT,2.92,SYNTH_CARDTEST_0000023,2438.76,2435.84,SYNTH_MERCH23_0000006,0.0,2.92,1,0,card_testing_burst,1
735,PAYMENT,2.98,SYNTH_CARDTEST_0000023,2435.84,2432.86,SYNTH_MERCH23_0000007,0.0,2.98,1,0,card_testing_burst,1
735,PAYMENT,4.42,SYNTH_CARDTEST_0000023,2432.86,2428.44,SYNTH_MERCH23_0000008,0.0,4.42,1,0,card_testing_burst,1
735,PAYMENT,4.08,SYNTH_CARDTEST_0000023,2428.44,2424.36,SYNTH_MERCH23_0000009,0.0,4.08,1,0,card_testing_burst,1
735,PAYMENT,1.08,SYNTH_CARDTEST_0000023,2424.36,2423.28,SYNTH_MERCH23_0000010,0.0,1.08,1,0,card_testing_burst,1
735,PAYMENT,2.82,SYNTH_CARDTEST_0000023,2423.28,2420.46,SYNTH_MERCH23_0000011,0.0,2.82,1,0,card_testing_burst,1
735,PAYMENT,3.47,SYNTH_CARDTEST_0000023,2420.46,2416.99,SYNTH_MERCH23_0000012,0.0,3.47,1,0,card_testing_burst,1
735,PAYMENT,2.84,SYNTH_CARDTEST_0000023,2416.99,2414.15,SYNTH_MERCH23_0000013,0.0,2.84,1,0,card_testing_burst,1
735,PAYMENT,1.52,SYNTH_CARDTEST_0000023,2414.15,2412.63,SYNTH_MERCH23_0000014,0.0,1.52,1,0,card_testing_burst,1
735,PAYMENT,2.59,SYNTH_CARDTEST_0000023,2412.63,2410.04,SYNTH_MERCH23_0000015,0.0,2.59,1,0,card_testing_burst,1
735,PAYMENT,2.65,SYNTH_CARDTEST_0000023,2410.04,2407.39,SYNTH_MERCH23_0000016,0.0,2.65,1,0,card_testing_burst,1
735,PAYMENT,1.75,SYNTH_CARDTEST_0000023,2407.39,2405.64,SYNTH_MERCH23_0000017,0.0,1.75,1,0,card_testing_burst,1
735,PAYMENT,4.03,SYNTH_CARDTEST_0000023,2405.64,2401.61,SYNTH_MERCH23_0000018,0.0,4.03,1,0,card_testing_burst,1
735,PAYMENT,2.29,SYNTH_CARDTEST_0000023,2401.61,2399.33,SYNTH_MERCH23_0000019,0.0,2.29,1,0,card_testing_burst,1
577,PAYMENT,4.51,SYNTH_CARDTEST_0000024,3845.4,3840.89,SYNTH_MERCH24_0000000,0.0,4.51,1,0,card_testing_burst,1
577,PAYMENT,1.49,SYNTH_CARDTEST_0000024,3840.89,3839.4,SYNTH_MERCH24_0000001,0.0,1.49,1,0,card_testing_burst,1
577,PAYMENT,1.46,SYNTH_CARDTEST_0000024,3839.4,3837.94,SYNTH_MERCH24_0000002,0.0,1.46,1,0,card_testing_burst,1
577,PAYMENT,2.2,SYNTH_CARDTEST_0000024,3837.94,3835.74,SYNTH_MERCH24_0000003,0.0,2.2,1,0,card_testing_burst,1
577,PAYMENT,2.72,SYNTH_CARDTEST_0000024,3835.74,3833.02,SYNTH_MERCH24_0000004,0.0,2.72,1,0,card_testing_burst,1
577,PAYMENT,2.19,SYNTH_CARDTEST_0000024,3833.02,3830.82,SYNTH_MERCH24_0000005,0.0,2.19,1,0,card_testing_burst,1
577,PAYMENT,4.05,SYNTH_CARDTEST_0000024,3830.82,3826.77,SYNTH_MERCH24_0000006,0.0,4.05,1,0,card_testing_burst,1
577,PAYMENT,1.98,SYNTH_CARDTEST_0000024,3826.77,3824.79,SYNTH_MERCH24_0000007,0.0,1.98,1,0,card_testing_burst,1
577,PAYMENT,1.34,SYNTH_CARDTEST_0000024,3824.79,3823.45,SYNTH_MERCH24_0000008,0.0,1.34,1,0,card_testing_burst,1
577,PAYMENT,2.66,SYNTH_CARDTEST_0000024,3823.45,3820.8,SYNTH_MERCH24_0000009,0.0,2.66,1,0,card_testing_burst,1
577,PAYMENT,4.09,SYNTH_CARDTEST_0000024,3820.8,3816.7,SYNTH_MERCH24_0000010,0.0,4.09,1,0,card_testing_burst,1
577,PAYMENT,4.4,SYNTH_CARDTEST_0000024,3816.7,3812.3,SYNTH_MERCH24_0000011,0.0,4.4,1,0,card_testing_burst,1
577,PAYMENT,3.93,SYNTH_CARDTEST_0000024,3812.3,3808.37,SYNTH_MERCH24_0000012,0.0,3.93,1,0,card_testing_burst,1
577,PAYMENT,3.23,SYNTH_CARDTEST_0000024,3808.37,3805.13,SYNTH_MERCH24_0000013,0.0,3.23,1,0,card_testing_burst,1
577,PAYMENT,3.9,SYNTH_CARDTEST_0000024,3805.13,3801.24,SYNTH_MERCH24_0000014,0.0,3.9,1,0,card_testing_burst,1
577,PAYMENT,3.73,SYNTH_CARDTEST_0000024,3801.24,3797.51,SYNTH_MERCH24_0000015,0.0,3.73,1,0,card_testing_burst,1
577,PAYMENT,1.94,SYNTH_CARDTEST_0000024,3797.51,3795.57,SYNTH_MERCH24_0000016,0.0,1.94,1,0,card_testing_burst,1
577,PAYMENT,3.2,SYNTH_CARDTEST_0000024,3795.57,3792.37,SYNTH_MERCH24_0000017,0.0,3.2,1,0,card_testing_burst,1
577,PAYMENT,4.08,SYNTH_CARDTEST_0000024,3792.37,3788.29,SYNTH_MERCH24_0000018,0.0,4.08,1,0,card_testing_burst,1
577,PAYMENT,2.27,SYNTH_CARDTEST_0000024,3788.29,3786.02,SYNTH_MERCH24_0000019,0.0,2.27,1,0,card_testing_burst,1
383,PAYMENT,2.93,SYNTH_CARDTEST_0000025,30347.69,30344.76,SYNTH_MERCH25_0000000,0.0,2.93,1,0,card_testing_burst,1
383,PAYMENT,3.01,SYNTH_CARDTEST_0000025,30344.76,30341.75,SYNTH_MERCH25_0000001,0.0,3.01,1,0,card_testing_burst,1
383,PAYMENT,1.36,SYNTH_CARDTEST_0000025,30341.75,30340.39,SYNTH_MERCH25_0000002,0.0,1.36,1,0,card_testing_burst,1
383,PAYMENT,3.66,SYNTH_CARDTEST_0000025,30340.39,30336.73,SYNTH_MERCH25_0000003,0.0,3.66,1,0,card_testing_burst,1
383,PAYMENT,4.46,SYNTH_CARDTEST_0000025,30336.73,30332.26,SYNTH_MERCH25_0000004,0.0,4.46,1,0,card_testing_burst,1
383,PAYMENT,1.57,SYNTH_CARDTEST_0000025,30332.26,30330.7,SYNTH_MERCH25_0000005,0.0,1.57,1,0,card_testing_burst,1
383,PAYMENT,2.46,SYNTH_CARDTEST_0000025,30330.7,30328.23,SYNTH_MERCH25_0000006,0.0,2.46,1,0,card_testing_burst,1
383,PAYMENT,1.19,SYNTH_CARDTEST_0000025,30328.23,30327.04,SYNTH_MERCH25_0000007,0.0,1.19,1,0,card_testing_burst,1
383,PAYMENT,1.12,SYNTH_CARDTEST_0000025,30327.04,30325.92,SYNTH_MERCH25_0000008,0.0,1.12,1,0,card_testing_burst,1
383,PAYMENT,4.96,SYNTH_CARDTEST_0000025,30325.92,30320.96,SYNTH_MERCH25_0000009,0.0,4.96,1,0,card_testing_burst,1
383,PAYMENT,2.97,SYNTH_CARDTEST_0000025,30320.96,30317.99,SYNTH_MERCH25_0000010,0.0,2.97,1,0,card_testing_burst,1
383,PAYMENT,2.42,SYNTH_CARDTEST_0000025,30317.99,30315.57,SYNTH_MERCH25_0000011,0.0,2.42,1,0,card_testing_burst,1
383,PAYMENT,2.1,SYNTH_CARDTEST_0000025,30315.57,30313.47,SYNTH_MERCH25_0000012,0.0,2.1,1,0,card_testing_burst,1
383,PAYMENT,4.92,SYNTH_CARDTEST_0000025,30313.47,30308.55,SYNTH_MERCH25_0000013,0.0,4.92,1,0,card_testing_burst,1
383,PAYMENT,2.01,SYNTH_CARDTEST_0000025,30308.55,30306.54,SYNTH_MERCH25_0000014,0.0,2.01,1,0,card_testing_burst,1
383,PAYMENT,3.9,SYNTH_CARDTEST_0000025,30306.54,30302.63,SYNTH_MERCH25_0000015,0.0,3.9,1,0,card_testing_burst,1
383,PAYMENT,2.14,SYNTH_CARDTEST_0000025,30302.63,30300.5,SYNTH_MERCH25_0000016,0.0,2.14,1,0,card_testing_burst,1
383,PAYMENT,1.28,SYNTH_CARDTEST_0000025,30300.5,30299.22,SYNTH_MERCH25_0000017,0.0,1.28,1,0,card_testing_burst,1
383,PAYMENT,3.73,SYNTH_CARDTEST_0000025,30299.22,30295.48,SYNTH_MERCH25_0000018,0.0,3.73,1,0,card_testing_burst,1
383,PAYMENT,1.01,SYNTH_CARDTEST_0000025,30295.48,30294.48,SYNTH_MERCH25_0000019,0.0,1.01,1,0,card_testing_burst,1
256,PAYMENT,3.98,SYNTH_CARDTEST_0000026,7239.54,7235.56,SYNTH_MERCH26_0000000,0.0,3.98,1,0,card_testing_burst,1
256,PAYMENT,4.08,SYNTH_CARDTEST_0000026,7235.56,7231.48,SYNTH_MERCH26_0000001,0.0,4.08,1,0,card_testing_burst,1
256,PAYMENT,3.9,SYNTH_CARDTEST_0000026,7231.48,7227.58,SYNTH_MERCH26_0000002,0.0,3.9,1,0,card_testing_burst,1
256,PAYMENT,1.1,SYNTH_CARDTEST_0000026,7227.58,7226.48,SYNTH_MERCH26_0000003,0.0,1.1,1,0,card_testing_burst,1
256,PAYMENT,3.81,SYNTH_CARDTEST_0000026,7226.48,7222.67,SYNTH_MERCH26_0000004,0.0,3.81,1,0,card_testing_burst,1
256,PAYMENT,4.96,SYNTH_CARDTEST_0000026,7222.67,7217.71,SYNTH_MERCH26_0000005,0.0,4.96,1,0,card_testing_burst,1
256,PAYMENT,1.97,SYNTH_CARDTEST_0000026,7217.71,7215.74,SYNTH_MERCH26_0000006,0.0,1.97,1,0,card_testing_burst,1
256,PAYMENT,2.1,SYNTH_CARDTEST_0000026,7215.74,7213.64,SYNTH_MERCH26_0000007,0.0,2.1,1,0,card_testing_burst,1
256,PAYMENT,4.25,SYNTH_CARDTEST_0000026,7213.64,7209.39,SYNTH_MERCH26_0000008,0.0,4.25,1,0,card_testing_burst,1
256,PAYMENT,1.64,SYNTH_CARDTEST_0000026,7209.39,7207.74,SYNTH_MERCH26_0000009,0.0,1.64,1,0,card_testing_burst,1
256,PAYMENT,3.64,SYNTH_CARDTEST_0000026,7207.74,7204.1,SYNTH_MERCH26_0000010,0.0,3.64,1,0,card_testing_burst,1
256,PAYMENT,4.02,SYNTH_CARDTEST_0000026,7204.1,7200.08,SYNTH_MERCH26_0000011,0.0,4.02,1,0,card_testing_burst,1
256,PAYMENT,1.15,SYNTH_CARDTEST_0000026,7200.08,7198.93,SYNTH_MERCH26_0000012,0.0,1.15,1,0,card_testing_burst,1
256,PAYMENT,3.22,SYNTH_CARDTEST_0000026,7198.93,7195.72,SYNTH_MERCH26_0000013,0.0,3.22,1,0,card_testing_burst,1
256,PAYMENT,3.3,SYNTH_CARDTEST_0000026,7195.72,7192.42,SYNTH_MERCH26_0000014,0.0,3.3,1,0,card_testing_burst,1
256,PAYMENT,2.21,SYNTH_CARDTEST_0000026,7192.42,7190.2,SYNTH_MERCH26_0000015,0.0,2.21,1,0,card_testing_burst,1
256,PAYMENT,4.51,SYNTH_CARDTEST_0000026,7190.2,7185.7,SYNTH_MERCH26_0000016,0.0,4.51,1,0,card_testing_burst,1
256,PAYMENT,1.65,SYNTH_CARDTEST_0000026,7185.7,7184.05,SYNTH_MERCH26_0000017,0.0,1.65,1,0,card_testing_burst,1
256,PAYMENT,2.46,SYNTH_CARDTEST_0000026,7184.05,7181.59,SYNTH_MERCH26_0000018,0.0,2.46,1,0,card_testing_burst,1
256,PAYMENT,4.39,SYNTH_CARDTEST_0000026,7181.59,7177.19,SYNTH_MERCH26_0000019,0.0,4.39,1,0,card_testing_burst,1
186,PAYMENT,4.29,SYNTH_CARDTEST_0000027,1518.49,1514.21,SYNTH_MERCH27_0000000,0.0,4.29,1,0,card_testing_burst,1
186,PAYMENT,1.32,SYNTH_CARDTEST_0000027,1514.21,1512.89,SYNTH_MERCH27_0000001,0.0,1.32,1,0,card_testing_burst,1
186,PAYMENT,2.96,SYNTH_CARDTEST_0000027,1512.89,1509.93,SYNTH_MERCH27_0000002,0.0,2.96,1,0,card_testing_burst,1
186,PAYMENT,1.3,SYNTH_CARDTEST_0000027,1509.93,1508.63,SYNTH_MERCH27_0000003,0.0,1.3,1,0,card_testing_burst,1
186,PAYMENT,3.71,SYNTH_CARDTEST_0000027,1508.63,1504.92,SYNTH_MERCH27_0000004,0.0,3.71,1,0,card_testing_burst,1
186,PAYMENT,4.16,SYNTH_CARDTEST_0000027,1504.92,1500.76,SYNTH_MERCH27_0000005,0.0,4.16,1,0,card_testing_burst,1
186,PAYMENT,4.4,SYNTH_CARDTEST_0000027,1500.76,1496.36,SYNTH_MERCH27_0000006,0.0,4.4,1,0,card_testing_burst,1
186,PAYMENT,4.93,SYNTH_CARDTEST_0000027,1496.36,1491.43,SYNTH_MERCH27_0000007,0.0,4.93,1,0,card_testing_burst,1
186,PAYMENT,3.69,SYNTH_CARDTEST_0000027,1491.43,1487.74,SYNTH_MERCH27_0000008,0.0,3.69,1,0,card_testing_burst,1
186,PAYMENT,4.08,SYNTH_CARDTEST_0000027,1487.74,1483.67,SYNTH_MERCH27_0000009,0.0,4.08,1,0,card_testing_burst,1
186,PAYMENT,3.02,SYNTH_CARDTEST_0000027,1483.67,1480.65,SYNTH_MERCH27_0000010,0.0,3.02,1,0,card_testing_burst,1
186,PAYMENT,4.65,SYNTH_CARDTEST_0000027,1480.65,1475.99,SYNTH_MERCH27_0000011,0.0,4.65,1,0,card_testing_burst,1
186,PAYMENT,3.58,SYNTH_CARDTEST_0000027,1475.99,1472.42,SYNTH_MERCH27_0000012,0.0,3.58,1,0,card_testing_burst,1
186,PAYMENT,4.53,SYNTH_CARDTEST_0000027,1472.42,1467.89,SYNTH_MERCH27_0000013,0.0,4.53,1,0,card_testing_burst,1
186,PAYMENT,1.94,SYNTH_CARDTEST_0000027,1467.89,1465.94,SYNTH_MERCH27_0000014,0.0,1.94,1,0,card_testing_burst,1
186,PAYMENT,2.99,SYNTH_CARDTEST_0000027,1465.94,1462.96,SYNTH_MERCH27_0000015,0.0,2.99,1,0,card_testing_burst,1
186,PAYMENT,3.92,SYNTH_CARDTEST_0000027,1462.96,1459.04,SYNTH_MERCH27_0000016,0.0,3.92,1,0,card_testing_burst,1
186,PAYMENT,1.81,SYNTH_CARDTEST_0000027,1459.04,1457.23,SYNTH_MERCH27_0000017,0.0,1.81,1,0,card_testing_burst,1
186,PAYMENT,1.85,SYNTH_CARDTEST_0000027,1457.23,1455.38,SYNTH_MERCH27_0000018,0.0,1.85,1,0,card_testing_burst,1
186,PAYMENT,4.91,SYNTH_CARDTEST_0000027,1455.38,1450.47,SYNTH_MERCH27_0000019,0.0,4.91,1,0,card_testing_burst,1
160,PAYMENT,2.33,SYNTH_CARDTEST_0000028,1856.98,1854.65,SYNTH_MERCH28_0000000,0.0,2.33,1,0,card_testing_burst,1
160,PAYMENT,2.59,SYNTH_CARDTEST_0000028,1854.65,1852.06,SYNTH_MERCH28_0000001,0.0,2.59,1,0,card_testing_burst,1
160,PAYMENT,3.49,SYNTH_CARDTEST_0000028,1852.06,1848.57,SYNTH_MERCH28_0000002,0.0,3.49,1,0,card_testing_burst,1
160,PAYMENT,4.69,SYNTH_CARDTEST_0000028,1848.57,1843.88,SYNTH_MERCH28_0000003,0.0,4.69,1,0,card_testing_burst,1
160,PAYMENT,4.95,SYNTH_CARDTEST_0000028,1843.88,1838.93,SYNTH_MERCH28_0000004,0.0,4.95,1,0,card_testing_burst,1
160,PAYMENT,3.61,SYNTH_CARDTEST_0000028,1838.93,1835.32,SYNTH_MERCH28_0000005,0.0,3.61,1,0,card_testing_burst,1
160,PAYMENT,3.8,SYNTH_CARDTEST_0000028,1835.32,1831.52,SYNTH_MERCH28_0000006,0.0,3.8,1,0,card_testing_burst,1
160,PAYMENT,2.29,SYNTH_CARDTEST_0000028,1831.52,1829.24,SYNTH_MERCH28_0000007,0.0,2.29,1,0,card_testing_burst,1
160,PAYMENT,4.43,SYNTH_CARDTEST_0000028,1829.24,1824.81,SYNTH_MERCH28_0000008,0.0,4.43,1,0,card_testing_burst,1
160,PAYMENT,1.87,SYNTH_CARDTEST_0000028,1824.81,1822.94,SYNTH_MERCH28_0000009,0.0,1.87,1,0,card_testing_burst,1
160,PAYMENT,1.43,SYNTH_CARDTEST_0000028,1822.94,1821.51,SYNTH_MERCH28_0000010,0.0,1.43,1,0,card_testing_burst,1
160,PAYMENT,4.89,SYNTH_CARDTEST_0000028,1821.51,1816.62,SYNTH_MERCH28_0000011,0.0,4.89,1,0,card_testing_burst,1
160,PAYMENT,4.46,SYNTH_CARDTEST_0000028,1816.62,1812.16,SYNTH_MERCH28_0000012,0.0,4.46,1,0,card_testing_burst,1
160,PAYMENT,2.21,SYNTH_CARDTEST_0000028,1812.16,1809.95,SYNTH_MERCH28_0000013,0.0,2.21,1,0,card_testing_burst,1
160,PAYMENT,3.7,SYNTH_CARDTEST_0000028,1809.95,1806.25,SYNTH_MERCH28_0000014,0.0,3.7,1,0,card_testing_burst,1
160,PAYMENT,2.87,SYNTH_CARDTEST_0000028,1806.25,1803.38,SYNTH_MERCH28_0000015,0.0,2.87,1,0,card_testing_burst,1
160,PAYMENT,2.29,SYNTH_CARDTEST_0000028,1803.38,1801.08,SYNTH_MERCH28_0000016,0.0,2.29,1,0,card_testing_burst,1
160,PAYMENT,2.15,SYNTH_CARDTEST_0000028,1801.08,1798.94,SYNTH_MERCH28_0000017,0.0,2.15,1,0,card_testing_burst,1
160,PAYMENT,1.54,SYNTH_CARDTEST_0000028,1798.94,1797.39,SYNTH_MERCH28_0000018,0.0,1.54,1,0,card_testing_burst,1
160,PAYMENT,3.2,SYNTH_CARDTEST_0000028,1797.39,1794.2,SYNTH_MERCH28_0000019,0.0,3.2,1,0,card_testing_burst,1
135,PAYMENT,3.05,SYNTH_CARDTEST_0000029,50640.22,50637.17,SYNTH_MERCH29_0000000,0.0,3.05,1,0,card_testing_burst,1
135,PAYMENT,1.86,SYNTH_CARDTEST_0000029,50637.17,50635.31,SYNTH_MERCH29_0000001,0.0,1.86,1,0,card_testing_burst,1
135,PAYMENT,4.75,SYNTH_CARDTEST_0000029,50635.31,50630.55,SYNTH_MERCH29_0000002,0.0,4.75,1,0,card_testing_burst,1
135,PAYMENT,3.55,SYNTH_CARDTEST_0000029,50630.55,50627.0,SYNTH_MERCH29_0000003,0.0,3.55,1,0,card_testing_burst,1
135,PAYMENT,4.6,SYNTH_CARDTEST_0000029,50627.0,50622.4,SYNTH_MERCH29_0000004,0.0,4.6,1,0,card_testing_burst,1
135,PAYMENT,1.44,SYNTH_CARDTEST_0000029,50622.4,50620.96,SYNTH_MERCH29_0000005,0.0,1.44,1,0,card_testing_burst,1
135,PAYMENT,3.49,SYNTH_CARDTEST_0000029,50620.96,50617.47,SYNTH_MERCH29_0000006,0.0,3.49,1,0,card_testing_burst,1
135,PAYMENT,4.4,SYNTH_CARDTEST_0000029,50617.47,50613.07,SYNTH_MERCH29_0000007,0.0,4.4,1,0,card_testing_burst,1
135,PAYMENT,2.32,SYNTH_CARDTEST_0000029,50613.07,50610.75,SYNTH_MERCH29_0000008,0.0,2.32,1,0,card_testing_burst,1
135,PAYMENT,1.78,SYNTH_CARDTEST_0000029,50610.75,50608.97,SYNTH_MERCH29_0000009,0.0,1.78,1,0,card_testing_burst,1
135,PAYMENT,2.06,SYNTH_CARDTEST_0000029,50608.97,50606.91,SYNTH_MERCH29_0000010,0.0,2.06,1,0,card_testing_burst,1
135,PAYMENT,2.09,SYNTH_CARDTEST_0000029,50606.91,50604.82,SYNTH_MERCH29_0000011,0.0,2.09,1,0,card_testing_burst,1
135,PAYMENT,2.79,SYNTH_CARDTEST_0000029,50604.82,50602.03,SYNTH_MERCH29_0000012,0.0,2.79,1,0,card_testing_burst,1
135,PAYMENT,2.3,SYNTH_CARDTEST_0000029,50602.03,50599.72,SYNTH_MERCH29_0000013,0.0,2.3,1,0,card_testing_burst,1
135,PAYMENT,2.09,SYNTH_CARDTEST_0000029,50599.72,50597.64,SYNTH_MERCH29_0000014,0.0,2.09,1,0,card_testing_burst,1
135,PAYMENT,3.59,SYNTH_CARDTEST_0000029,50597.64,50594.04,SYNTH_MERCH29_0000015,0.0,3.59,1,0,card_testing_burst,1
135,PAYMENT,1.21,SYNTH_CARDTEST_0000029,50594.04,50592.83,SYNTH_MERCH29_0000016,0.0,1.21,1,0,card_testing_burst,1
135,PAYMENT,2.36,SYNTH_CARDTEST_0000029,50592.83,50590.47,SYNTH_MERCH29_0000017,0.0,2.36,1,0,card_testing_burst,1
135,PAYMENT,3.76,SYNTH_CARDTEST_0000029,50590.47,50586.71,SYNTH_MERCH29_0000018,0.0,3.76,1,0,card_testing_burst,1
135,PAYMENT,1.7,SYNTH_CARDTEST_0000029,50586.71,50585.01,SYNTH_MERCH29_0000019,0.0,1.7,1,0,card_testing_burst,1
406,PAYMENT,1.0,SYNTH_CARDTEST_0000030,7831.1,7830.1,SYNTH_MERCH30_0000000,0.0,1.0,1,0,card_testing_burst,1
406,PAYMENT,2.9,SYNTH_CARDTEST_0000030,7830.1,7827.2,SYNTH_MERCH30_0000001,0.0,2.9,1,0,card_testing_burst,1
406,PAYMENT,1.16,SYNTH_CARDTEST_0000030,7827.2,7826.05,SYNTH_MERCH30_0000002,0.0,1.16,1,0,card_testing_burst,1
406,PAYMENT,2.09,SYNTH_CARDTEST_0000030,7826.05,7823.96,SYNTH_MERCH30_0000003,0.0,2.09,1,0,card_testing_burst,1
406,PAYMENT,4.98,SYNTH_CARDTEST_0000030,7823.96,7818.98,SYNTH_MERCH30_0000004,0.0,4.98,1,0,card_testing_burst,1
406,PAYMENT,4.67,SYNTH_CARDTEST_0000030,7818.98,7814.3,SYNTH_MERCH30_0000005,0.0,4.67,1,0,card_testing_burst,1
406,PAYMENT,1.86,SYNTH_CARDTEST_0000030,7814.3,7812.44,SYNTH_MERCH30_0000006,0.0,1.86,1,0,card_testing_burst,1
406,PAYMENT,2.24,SYNTH_CARDTEST_0000030,7812.44,7810.2,SYNTH_MERCH30_0000007,0.0,2.24,1,0,card_testing_burst,1
406,PAYMENT,2.85,SYNTH_CARDTEST_0000030,7810.2,7807.35,SYNTH_MERCH30_0000008,0.0,2.85,1,0,card_testing_burst,1
406,PAYMENT,4.38,SYNTH_CARDTEST_0000030,7807.35,7802.97,SYNTH_MERCH30_0000009,0.0,4.38,1,0,card_testing_burst,1
406,PAYMENT,4.21,SYNTH_CARDTEST_0000030,7802.97,7798.76,SYNTH_MERCH30_0000010,0.0,4.21,1,0,card_testing_burst,1
406,PAYMENT,1.5,SYNTH_CARDTEST_0000030,7798.76,7797.25,SYNTH_MERCH30_0000011,0.0,1.5,1,0,card_testing_burst,1
406,PAYMENT,1.5,SYNTH_CARDTEST_0000030,7797.25,7795.76,SYNTH_MERCH30_0000012,0.0,1.5,1,0,card_testing_burst,1
406,PAYMENT,2.67,SYNTH_CARDTEST_0000030,7795.76,7793.09,SYNTH_MERCH30_0000013,0.0,2.67,1,0,card_testing_burst,1
406,PAYMENT,4.48,SYNTH_CARDTEST_0000030,7793.09,7788.61,SYNTH_MERCH30_0000014,0.0,4.48,1,0,card_testing_burst,1
406,PAYMENT,4.53,SYNTH_CARDTEST_0000030,7788.61,7784.08,SYNTH_MERCH30_0000015,0.0,4.53,1,0,card_testing_burst,1
406,PAYMENT,1.43,SYNTH_CARDTEST_0000030,7784.08,7782.65,SYNTH_MERCH30_0000016,0.0,1.43,1,0,card_testing_burst,1
406,PAYMENT,3.3,SYNTH_CARDTEST_0000030,7782.65,7779.35,SYNTH_MERCH30_0000017,0.0,3.3,1,0,card_testing_burst,1
406,PAYMENT,1.62,SYNTH_CARDTEST_0000030,7779.35,7777.73,SYNTH_MERCH30_0000018,0.0,1.62,1,0,card_testing_burst,1
406,PAYMENT,3.74,SYNTH_CARDTEST_0000030,7777.73,7773.99,SYNTH_MERCH30_0000019,0.0,3.74,1,0,card_testing_burst,1
149,PAYMENT,2.82,SYNTH_CARDTEST_0000031,4301.15,4298.33,SYNTH_MERCH31_0000000,0.0,2.82,1,0,card_testing_burst,1
149,PAYMENT,1.33,SYNTH_CARDTEST_0000031,4298.33,4297.0,SYNTH_MERCH31_0000001,0.0,1.33,1,0,card_testing_burst,1
149,PAYMENT,3.32,SYNTH_CARDTEST_0000031,4297.0,4293.68,SYNTH_MERCH31_0000002,0.0,3.32,1,0,card_testing_burst,1
149,PAYMENT,2.63,SYNTH_CARDTEST_0000031,4293.68,4291.05,SYNTH_MERCH31_0000003,0.0,2.63,1,0,card_testing_burst,1
149,PAYMENT,4.24,SYNTH_CARDTEST_0000031,4291.05,4286.81,SYNTH_MERCH31_0000004,0.0,4.24,1,0,card_testing_burst,1
149,PAYMENT,2.36,SYNTH_CARDTEST_0000031,4286.81,4284.44,SYNTH_MERCH31_0000005,0.0,2.36,1,0,card_testing_burst,1
149,PAYMENT,4.5,SYNTH_CARDTEST_0000031,4284.44,4279.95,SYNTH_MERCH31_0000006,0.0,4.5,1,0,card_testing_burst,1
149,PAYMENT,2.09,SYNTH_CARDTEST_0000031,4279.95,4277.85,SYNTH_MERCH31_0000007,0.0,2.09,1,0,card_testing_burst,1
149,PAYMENT,1.63,SYNTH_CARDTEST_0000031,4277.85,4276.22,SYNTH_MERCH31_0000008,0.0,1.63,1,0,card_testing_burst,1
149,PAYMENT,2.23,SYNTH_CARDTEST_0000031,4276.22,4273.99,SYNTH_MERCH31_0000009,0.0,2.23,1,0,card_testing_burst,1
149,PAYMENT,1.14,SYNTH_CARDTEST_0000031,4273.99,4272.85,SYNTH_MERCH31_0000010,0.0,1.14,1,0,card_testing_burst,1
149,PAYMENT,2.12,SYNTH_CARDTEST_0000031,4272.85,4270.73,SYNTH_MERCH31_0000011,0.0,2.12,1,0,card_testing_burst,1
149,PAYMENT,3.64,SYNTH_CARDTEST_0000031,4270.73,4267.09,SYNTH_MERCH31_0000012,0.0,3.64,1,0,card_testing_burst,1
149,PAYMENT,1.57,SYNTH_CARDTEST_0000031,4267.09,4265.52,SYNTH_MERCH31_0000013,0.0,1.57,1,0,card_testing_burst,1
149,PAYMENT,1.45,SYNTH_CARDTEST_0000031,4265.52,4264.07,SYNTH_MERCH31_0000014,0.0,1.45,1,0,card_testing_burst,1
149,PAYMENT,1.53,SYNTH_CARDTEST_0000031,4264.07,4262.55,SYNTH_MERCH31_0000015,0.0,1.53,1,0,card_testing_burst,1
149,PAYMENT,1.31,SYNTH_CARDTEST_0000031,4262.55,4261.24,SYNTH_MERCH31_0000016,0.0,1.31,1,0,card_testing_burst,1
149,PAYMENT,4.5,SYNTH_CARDTEST_0000031,4261.24,4256.74,SYNTH_MERCH31_0000017,0.0,4.5,1,0,card_testing_burst,1
149,PAYMENT,4.78,SYNTH_CARDTEST_0000031,4256.74,4251.96,SYNTH_MERCH31_0000018,0.0,4.78,1,0,card_testing_burst,1
149,PAYMENT,1.19,SYNTH_CARDTEST_0000031,4251.96,4250.77,SYNTH_MERCH31_0000019,0.0,1.19,1,0,card_testing_burst,1
252,PAYMENT,4.99,SYNTH_CARDTEST_0000032,3889.76,3884.78,SYNTH_MERCH32_0000000,0.0,4.99,1,0,card_testing_burst,1
252,PAYMENT,2.39,SYNTH_CARDTEST_0000032,3884.78,3882.39,SYNTH_MERCH32_0000001,0.0,2.39,1,0,card_testing_burst,1
252,PAYMENT,2.14,SYNTH_CARDTEST_0000032,3882.39,3880.24,SYNTH_MERCH32_0000002,0.0,2.14,1,0,card_testing_burst,1
252,PAYMENT,2.81,SYNTH_CARDTEST_0000032,3880.24,3877.43,SYNTH_MERCH32_0000003,0.0,2.81,1,0,card_testing_burst,1
252,PAYMENT,4.43,SYNTH_CARDTEST_0000032,3877.43,3873.0,SYNTH_MERCH32_0000004,0.0,4.43,1,0,card_testing_burst,1
252,PAYMENT,3.91,SYNTH_CARDTEST_0000032,3873.0,3869.09,SYNTH_MERCH32_0000005,0.0,3.91,1,0,card_testing_burst,1
252,PAYMENT,2.89,SYNTH_CARDTEST_0000032,3869.09,3866.2,SYNTH_MERCH32_0000006,0.0,2.89,1,0,card_testing_burst,1
252,PAYMENT,1.98,SYNTH_CARDTEST_0000032,3866.2,3864.23,SYNTH_MERCH32_0000007,0.0,1.98,1,0,card_testing_burst,1
252,PAYMENT,3.91,SYNTH_CARDTEST_0000032,3864.23,3860.32,SYNTH_MERCH32_0000008,0.0,3.91,1,0,card_testing_burst,1
252,PAYMENT,4.42,SYNTH_CARDTEST_0000032,3860.32,3855.9,SYNTH_MERCH32_0000009,0.0,4.42,1,0,card_testing_burst,1
252,PAYMENT,2.6,SYNTH_CARDTEST_0000032,3855.9,3853.3,SYNTH_MERCH32_0000010,0.0,2.6,1,0,card_testing_burst,1
252,PAYMENT,3.67,SYNTH_CARDTEST_0000032,3853.3,3849.63,SYNTH_MERCH32_0000011,0.0,3.67,1,0,card_testing_burst,1
252,PAYMENT,2.6,SYNTH_CARDTEST_0000032,3849.63,3847.02,SYNTH_MERCH32_0000012,0.0,2.6,1,0,card_testing_burst,1
252,PAYMENT,2.91,SYNTH_CARDTEST_0000032,3847.02,3844.11,SYNTH_MERCH32_0000013,0.0,2.91,1,0,card_testing_burst,1
252,PAYMENT,3.1,SYNTH_CARDTEST_0000032,3844.11,3841.01,SYNTH_MERCH32_0000014,0.0,3.1,1,0,card_testing_burst,1
252,PAYMENT,4.1,SYNTH_CARDTEST_0000032,3841.01,3836.91,SYNTH_MERCH32_0000015,0.0,4.1,1,0,card_testing_burst,1
252,PAYMENT,4.91,SYNTH_CARDTEST_0000032,3836.91,3832.0,SYNTH_MERCH32_0000016,0.0,4.91,1,0,card_testing_burst,1
252,PAYMENT,2.78,SYNTH_CARDTEST_0000032,3832.0,3829.22,SYNTH_MERCH32_0000017,0.0,2.78,1,0,card_testing_burst,1
252,PAYMENT,2.37,SYNTH_CARDTEST_0000032,3829.22,3826.85,SYNTH_MERCH32_0000018,0.0,2.37,1,0,card_testing_burst,1
252,PAYMENT,2.49,SYNTH_CARDTEST_0000032,3826.85,3824.36,SYNTH_MERCH32_0000019,0.0,2.49,1,0,card_testing_burst,1
547,PAYMENT,2.19,SYNTH_CARDTEST_0000033,1116.28,1114.1,SYNTH_MERCH33_0000000,0.0,2.19,1,0,card_testing_burst,1
547,PAYMENT,1.35,SYNTH_CARDTEST_0000033,1114.1,1112.75,SYNTH_MERCH33_0000001,0.0,1.35,1,0,card_testing_burst,1
547,PAYMENT,2.71,SYNTH_CARDTEST_0000033,1112.75,1110.04,SYNTH_MERCH33_0000002,0.0,2.71,1,0,card_testing_burst,1
547,PAYMENT,1.67,SYNTH_CARDTEST_0000033,1110.04,1108.37,SYNTH_MERCH33_0000003,0.0,1.67,1,0,card_testing_burst,1
547,PAYMENT,2.39,SYNTH_CARDTEST_0000033,1108.37,1105.98,SYNTH_MERCH33_0000004,0.0,2.39,1,0,card_testing_burst,1
547,PAYMENT,4.17,SYNTH_CARDTEST_0000033,1105.98,1101.81,SYNTH_MERCH33_0000005,0.0,4.17,1,0,card_testing_burst,1
547,PAYMENT,1.98,SYNTH_CARDTEST_0000033,1101.81,1099.82,SYNTH_MERCH33_0000006,0.0,1.98,1,0,card_testing_burst,1
547,PAYMENT,3.45,SYNTH_CARDTEST_0000033,1099.82,1096.38,SYNTH_MERCH33_0000007,0.0,3.45,1,0,card_testing_burst,1
547,PAYMENT,4.6,SYNTH_CARDTEST_0000033,1096.38,1091.77,SYNTH_MERCH33_0000008,0.0,4.6,1,0,card_testing_burst,1
547,PAYMENT,3.27,SYNTH_CARDTEST_0000033,1091.77,1088.5,SYNTH_MERCH33_0000009,0.0,3.27,1,0,card_testing_burst,1
547,PAYMENT,1.78,SYNTH_CARDTEST_0000033,1088.5,1086.73,SYNTH_MERCH33_0000010,0.0,1.78,1,0,card_testing_burst,1
547,PAYMENT,2.38,SYNTH_CARDTEST_0000033,1086.73,1084.35,SYNTH_MERCH33_0000011,0.0,2.38,1,0,card_testing_burst,1
547,PAYMENT,3.36,SYNTH_CARDTEST_0000033,1084.35,1080.99,SYNTH_MERCH33_0000012,0.0,3.36,1,0,card_testing_burst,1
547,PAYMENT,3.03,SYNTH_CARDTEST_0000033,1080.99,1077.96,SYNTH_MERCH33_0000013,0.0,3.03,1,0,card_testing_burst,1
547,PAYMENT,1.59,SYNTH_CARDTEST_0000033,1077.96,1076.37,SYNTH_MERCH33_0000014,0.0,1.59,1,0,card_testing_burst,1
547,PAYMENT,2.79,SYNTH_CARDTEST_0000033,1076.37,1073.58,SYNTH_MERCH33_0000015,0.0,2.79,1,0,card_testing_burst,1
547,PAYMENT,3.17,SYNTH_CARDTEST_0000033,1073.58,1070.41,SYNTH_MERCH33_0000016,0.0,3.17,1,0,card_testing_burst,1
547,PAYMENT,2.07,SYNTH_CARDTEST_0000033,1070.41,1068.34,SYNTH_MERCH33_0000017,0.0,2.07,1,0,card_testing_burst,1
547,PAYMENT,3.45,SYNTH_CARDTEST_0000033,1068.34,1064.89,SYNTH_MERCH33_0000018,0.0,3.45,1,0,card_testing_burst,1
547,PAYMENT,1.28,SYNTH_CARDTEST_0000033,1064.89,1063.61,SYNTH_MERCH33_0000019,0.0,1.28,1,0,card_testing_burst,1
527,PAYMENT,2.04,SYNTH_CARDTEST_0000034,498.76,496.72,SYNTH_MERCH34_0000000,0.0,2.04,1,0,card_testing_burst,1
527,PAYMENT,3.42,SYNTH_CARDTEST_0000034,496.72,493.3,SYNTH_MERCH34_0000001,0.0,3.42,1,0,card_testing_burst,1
527,PAYMENT,2.64,SYNTH_CARDTEST_0000034,493.3,490.66,SYNTH_MERCH34_0000002,0.0,2.64,1,0,card_testing_burst,1
527,PAYMENT,2.27,SYNTH_CARDTEST_0000034,490.66,488.39,SYNTH_MERCH34_0000003,0.0,2.27,1,0,card_testing_burst,1
527,PAYMENT,4.66,SYNTH_CARDTEST_0000034,488.39,483.73,SYNTH_MERCH34_0000004,0.0,4.66,1,0,card_testing_burst,1
527,PAYMENT,2.37,SYNTH_CARDTEST_0000034,483.73,481.36,SYNTH_MERCH34_0000005,0.0,2.37,1,0,card_testing_burst,1
527,PAYMENT,1.95,SYNTH_CARDTEST_0000034,481.36,479.41,SYNTH_MERCH34_0000006,0.0,1.95,1,0,card_testing_burst,1
527,PAYMENT,4.64,SYNTH_CARDTEST_0000034,479.41,474.77,SYNTH_MERCH34_0000007,0.0,4.64,1,0,card_testing_burst,1
527,PAYMENT,3.98,SYNTH_CARDTEST_0000034,474.77,470.79,SYNTH_MERCH34_0000008,0.0,3.98,1,0,card_testing_burst,1
527,PAYMENT,3.73,SYNTH_CARDTEST_0000034,470.79,467.06,SYNTH_MERCH34_0000009,0.0,3.73,1,0,card_testing_burst,1
527,PAYMENT,1.2,SYNTH_CARDTEST_0000034,467.06,465.86,SYNTH_MERCH34_0000010,0.0,1.2,1,0,card_testing_burst,1
527,PAYMENT,1.52,SYNTH_CARDTEST_0000034,465.86,464.34,SYNTH_MERCH34_0000011,0.0,1.52,1,0,card_testing_burst,1
527,PAYMENT,3.55,SYNTH_CARDTEST_0000034,464.34,460.78,SYNTH_MERCH34_0000012,0.0,3.55,1,0,card_testing_burst,1
527,PAYMENT,1.84,SYNTH_CARDTEST_0000034,460.78,458.95,SYNTH_MERCH34_0000013,0.0,1.84,1,0,card_testing_burst,1
527,PAYMENT,1.9,SYNTH_CARDTEST_0000034,458.95,457.04,SYNTH_MERCH34_0000014,0.0,1.9,1,0,card_testing_burst,1
527,PAYMENT,4.12,SYNTH_CARDTEST_0000034,457.04,452.93,SYNTH_MERCH34_0000015,0.0,4.12,1,0,card_testing_burst,1
527,PAYMENT,2.14,SYNTH_CARDTEST_0000034,452.93,450.78,SYNTH_MERCH34_0000016,0.0,2.14,1,0,card_testing_burst,1
527,PAYMENT,1.29,SYNTH_CARDTEST_0000034,450.78,449.5,SYNTH_MERCH34_0000017,0.0,1.29,1,0,card_testing_burst,1
527,PAYMENT,1.15,SYNTH_CARDTEST_0000034,449.5,448.35,SYNTH_MERCH34_0000018,0.0,1.15,1,0,card_testing_burst,1
527,PAYMENT,2.77,SYNTH_CARDTEST_0000034,448.35,445.58,SYNTH_MERCH34_0000019,0.0,2.77,1,0,card_testing_burst,1
596,PAYMENT,4.48,SYNTH_CARDTEST_0000035,17844.71,17840.24,SYNTH_MERCH35_0000000,0.0,4.48,1,0,card_testing_burst,1
596,PAYMENT,1.44,SYNTH_CARDTEST_0000035,17840.24,17838.8,SYNTH_MERCH35_0000001,0.0,1.44,1,0,card_testing_burst,1
596,PAYMENT,1.79,SYNTH_CARDTEST_0000035,17838.8,17837.01,SYNTH_MERCH35_0000002,0.0,1.79,1,0,card_testing_burst,1
596,PAYMENT,3.12,SYNTH_CARDTEST_0000035,17837.01,17833.89,SYNTH_MERCH35_0000003,0.0,3.12,1,0,card_testing_burst,1
596,PAYMENT,2.46,SYNTH_CARDTEST_0000035,17833.89,17831.43,SYNTH_MERCH35_0000004,0.0,2.46,1,0,card_testing_burst,1
596,PAYMENT,2.93,SYNTH_CARDTEST_0000035,17831.43,17828.5,SYNTH_MERCH35_0000005,0.0,2.93,1,0,card_testing_burst,1
596,PAYMENT,4.7,SYNTH_CARDTEST_0000035,17828.5,17823.81,SYNTH_MERCH35_0000006,0.0,4.7,1,0,card_testing_burst,1
596,PAYMENT,3.18,SYNTH_CARDTEST_0000035,17823.81,17820.63,SYNTH_MERCH35_0000007,0.0,3.18,1,0,card_testing_burst,1
596,PAYMENT,2.66,SYNTH_CARDTEST_0000035,17820.63,17817.97,SYNTH_MERCH35_0000008,0.0,2.66,1,0,card_testing_burst,1
596,PAYMENT,4.96,SYNTH_CARDTEST_0000035,17817.97,17813.01,SYNTH_MERCH35_0000009,0.0,4.96,1,0,card_testing_burst,1
596,PAYMENT,1.26,SYNTH_CARDTEST_0000035,17813.01,17811.75,SYNTH_MERCH35_0000010,0.0,1.26,1,0,card_testing_burst,1
596,PAYMENT,4.73,SYNTH_CARDTEST_0000035,17811.75,17807.02,SYNTH_MERCH35_0000011,0.0,4.73,1,0,card_testing_burst,1
596,PAYMENT,3.01,SYNTH_CARDTEST_0000035,17807.02,17804.01,SYNTH_MERCH35_0000012,0.0,3.01,1,0,card_testing_burst,1
596,PAYMENT,3.02,SYNTH_CARDTEST_0000035,17804.01,17801.0,SYNTH_MERCH35_0000013,0.0,3.02,1,0,card_testing_burst,1
596,PAYMENT,4.69,SYNTH_CARDTEST_0000035,17801.0,17796.31,SYNTH_MERCH35_0000014,0.0,4.69,1,0,card_testing_burst,1
596,PAYMENT,3.03,SYNTH_CARDTEST_0000035,17796.31,17793.28,SYNTH_MERCH35_0000015,0.0,3.03,1,0,card_testing_burst,1
596,PAYMENT,2.75,SYNTH_CARDTEST_0000035,17793.28,17790.53,SYNTH_MERCH35_0000016,0.0,2.75,1,0,card_testing_burst,1
596,PAYMENT,2.09,SYNTH_CARDTEST_0000035,17790.53,17788.44,SYNTH_MERCH35_0000017,0.0,2.09,1,0,card_testing_burst,1
596,PAYMENT,3.64,SYNTH_CARDTEST_0000035,17788.44,17784.8,SYNTH_MERCH35_0000018,0.0,3.64,1,0,card_testing_burst,1
596,PAYMENT,3.28,SYNTH_CARDTEST_0000035,17784.8,17781.52,SYNTH_MERCH35_0000019,0.0,3.28,1,0,card_testing_burst,1
407,PAYMENT,3.58,SYNTH_CARDTEST_0000036,10154.62,10151.04,SYNTH_MERCH36_0000000,0.0,3.58,1,0,card_testing_burst,1
407,PAYMENT,2.59,SYNTH_CARDTEST_0000036,10151.04,10148.46,SYNTH_MERCH36_0000001,0.0,2.59,1,0,card_testing_burst,1
407,PAYMENT,1.02,SYNTH_CARDTEST_0000036,10148.46,10147.44,SYNTH_MERCH36_0000002,0.0,1.02,1,0,card_testing_burst,1
407,PAYMENT,2.79,SYNTH_CARDTEST_0000036,10147.44,10144.65,SYNTH_MERCH36_0000003,0.0,2.79,1,0,card_testing_burst,1
407,PAYMENT,1.02,SYNTH_CARDTEST_0000036,10144.65,10143.63,SYNTH_MERCH36_0000004,0.0,1.02,1,0,card_testing_burst,1
407,PAYMENT,1.3,SYNTH_CARDTEST_0000036,10143.63,10142.33,SYNTH_MERCH36_0000005,0.0,1.3,1,0,card_testing_burst,1
407,PAYMENT,2.72,SYNTH_CARDTEST_0000036,10142.33,10139.6,SYNTH_MERCH36_0000006,0.0,2.72,1,0,card_testing_burst,1
407,PAYMENT,1.33,SYNTH_CARDTEST_0000036,10139.6,10138.28,SYNTH_MERCH36_0000007,0.0,1.33,1,0,card_testing_burst,1
407,PAYMENT,2.1,SYNTH_CARDTEST_0000036,10138.28,10136.17,SYNTH_MERCH36_0000008,0.0,2.1,1,0,card_testing_burst,1
407,PAYMENT,3.62,SYNTH_CARDTEST_0000036,10136.17,10132.55,SYNTH_MERCH36_0000009,0.0,3.62,1,0,card_testing_burst,1
407,PAYMENT,2.23,SYNTH_CARDTEST_0000036,10132.55,10130.32,SYNTH_MERCH36_0000010,0.0,2.23,1,0,card_testing_burst,1
407,PAYMENT,4.99,SYNTH_CARDTEST_0000036,10130.32,10125.33,SYNTH_MERCH36_0000011,0.0,4.99,1,0,card_testing_burst,1
407,PAYMENT,4.67,SYNTH_CARDTEST_0000036,10125.33,10120.66,SYNTH_MERCH36_0000012,0.0,4.67,1,0,card_testing_burst,1
407,PAYMENT,3.34,SYNTH_CARDTEST_0000036,10120.66,10117.32,SYNTH_MERCH36_0000013,0.0,3.34,1,0,card_testing_burst,1
407,PAYMENT,4.87,SYNTH_CARDTEST_0000036,10117.32,10112.45,SYNTH_MERCH36_0000014,0.0,4.87,1,0,card_testing_burst,1
407,PAYMENT,4.47,SYNTH_CARDTEST_0000036,10112.45,10107.98,SYNTH_MERCH36_0000015,0.0,4.47,1,0,card_testing_burst,1
407,PAYMENT,2.28,SYNTH_CARDTEST_0000036,10107.98,10105.71,SYNTH_MERCH36_0000016,0.0,2.28,1,0,card_testing_burst,1
407,PAYMENT,4.0,SYNTH_CARDTEST_0000036,10105.71,10101.71,SYNTH_MERCH36_0000017,0.0,4.0,1,0,card_testing_burst,1
407,PAYMENT,1.55,SYNTH_CARDTEST_0000036,10101.71,10100.16,SYNTH_MERCH36_0000018,0.0,1.55,1,0,card_testing_burst,1
407,PAYMENT,3.74,SYNTH_CARDTEST_0000036,10100.16,10096.42,SYNTH_MERCH36_0000019,0.0,3.74,1,0,card_testing_burst,1
526,PAYMENT,1.07,SYNTH_CARDTEST_0000037,1870.47,1869.4,SYNTH_MERCH37_0000000,0.0,1.07,1,0,card_testing_burst,1
526,PAYMENT,2.1,SYNTH_CARDTEST_0000037,1869.4,1867.3,SYNTH_MERCH37_0000001,0.0,2.1,1,0,card_testing_burst,1
526,PAYMENT,4.82,SYNTH_CARDTEST_0000037,1867.3,1862.48,SYNTH_MERCH37_0000002,0.0,4.82,1,0,card_testing_burst,1
526,PAYMENT,2.26,SYNTH_CARDTEST_0000037,1862.48,1860.22,SYNTH_MERCH37_0000003,0.0,2.26,1,0,card_testing_burst,1
526,PAYMENT,1.73,SYNTH_CARDTEST_0000037,1860.22,1858.49,SYNTH_MERCH37_0000004,0.0,1.73,1,0,card_testing_burst,1
526,PAYMENT,1.75,SYNTH_CARDTEST_0000037,1858.49,1856.74,SYNTH_MERCH37_0000005,0.0,1.75,1,0,card_testing_burst,1
526,PAYMENT,2.92,SYNTH_CARDTEST_0000037,1856.74,1853.83,SYNTH_MERCH37_0000006,0.0,2.92,1,0,card_testing_burst,1
526,PAYMENT,4.37,SYNTH_CARDTEST_0000037,1853.83,1849.45,SYNTH_MERCH37_0000007,0.0,4.37,1,0,card_testing_burst,1
526,PAYMENT,4.03,SYNTH_CARDTEST_0000037,1849.45,1845.42,SYNTH_MERCH37_0000008,0.0,4.03,1,0,card_testing_burst,1
526,PAYMENT,2.75,SYNTH_CARDTEST_0000037,1845.42,1842.68,SYNTH_MERCH37_0000009,0.0,2.75,1,0,card_testing_burst,1
526,PAYMENT,1.83,SYNTH_CARDTEST_0000037,1842.68,1840.84,SYNTH_MERCH37_0000010,0.0,1.83,1,0,card_testing_burst,1
526,PAYMENT,1.18,SYNTH_CARDTEST_0000037,1840.84,1839.66,SYNTH_MERCH37_0000011,0.0,1.18,1,0,card_testing_burst,1
526,PAYMENT,2.85,SYNTH_CARDTEST_0000037,1839.66,1836.81,SYNTH_MERCH37_0000012,0.0,2.85,1,0,card_testing_burst,1
526,PAYMENT,4.26,SYNTH_CARDTEST_0000037,1836.81,1832.55,SYNTH_MERCH37_0000013,0.0,4.26,1,0,card_testing_burst,1
526,PAYMENT,3.92,SYNTH_CARDTEST_0000037,1832.55,1828.63,SYNTH_MERCH37_0000014,0.0,3.92,1,0,card_testing_burst,1
526,PAYMENT,2.63,SYNTH_CARDTEST_0000037,1828.63,1825.99,SYNTH_MERCH37_0000015,0.0,2.63,1,0,card_testing_burst,1
526,PAYMENT,3.38,SYNTH_CARDTEST_0000037,1825.99,1822.61,SYNTH_MERCH37_0000016,0.0,3.38,1,0,card_testing_burst,1
526,PAYMENT,2.74,SYNTH_CARDTEST_0000037,1822.61,1819.87,SYNTH_MERCH37_0000017,0.0,2.74,1,0,card_testing_burst,1
526,PAYMENT,3.32,SYNTH_CARDTEST_0000037,1819.87,1816.55,SYNTH_MERCH37_0000018,0.0,3.32,1,0,card_testing_burst,1
526,PAYMENT,3.07,SYNTH_CARDTEST_0000037,1816.55,1813.48,SYNTH_MERCH37_0000019,0.0,3.07,1,0,card_testing_burst,1
641,PAYMENT,4.76,SYNTH_CARDTEST_0000038,41247.79,41243.03,SYNTH_MERCH38_0000000,0.0,4.76,1,0,card_testing_burst,1
641,PAYMENT,2.71,SYNTH_CARDTEST_0000038,41243.03,41240.31,SYNTH_MERCH38_0000001,0.0,2.71,1,0,card_testing_burst,1
641,PAYMENT,1.06,SYNTH_CARDTEST_0000038,41240.31,41239.25,SYNTH_MERCH38_0000002,0.0,1.06,1,0,card_testing_burst,1
641,PAYMENT,1.95,SYNTH_CARDTEST_0000038,41239.25,41237.3,SYNTH_MERCH38_0000003,0.0,1.95,1,0,card_testing_burst,1
641,PAYMENT,3.0,SYNTH_CARDTEST_0000038,41237.3,41234.3,SYNTH_MERCH38_0000004,0.0,3.0,1,0,card_testing_burst,1
641,PAYMENT,3.16,SYNTH_CARDTEST_0000038,41234.3,41231.14,SYNTH_MERCH38_0000005,0.0,3.16,1,0,card_testing_burst,1
641,PAYMENT,3.21,SYNTH_CARDTEST_0000038,41231.14,41227.93,SYNTH_MERCH38_0000006,0.0,3.21,1,0,card_testing_burst,1
641,PAYMENT,3.86,SYNTH_CARDTEST_0000038,41227.93,41224.07,SYNTH_MERCH38_0000007,0.0,3.86,1,0,card_testing_burst,1
641,PAYMENT,2.1,SYNTH_CARDTEST_0000038,41224.07,41221.97,SYNTH_MERCH38_0000008,0.0,2.1,1,0,card_testing_burst,1
641,PAYMENT,3.66,SYNTH_CARDTEST_0000038,41221.97,41218.31,SYNTH_MERCH38_0000009,0.0,3.66,1,0,card_testing_burst,1
641,PAYMENT,3.82,SYNTH_CARDTEST_0000038,41218.31,41214.5,SYNTH_MERCH38_0000010,0.0,3.82,1,0,card_testing_burst,1
641,PAYMENT,2.65,SYNTH_CARDTEST_0000038,41214.5,41211.85,SYNTH_MERCH38_0000011,0.0,2.65,1,0,card_testing_burst,1
641,PAYMENT,2.61,SYNTH_CARDTEST_0000038,41211.85,41209.24,SYNTH_MERCH38_0000012,0.0,2.61,1,0,card_testing_burst,1
641,PAYMENT,1.72,SYNTH_CARDTEST_0000038,41209.24,41207.53,SYNTH_MERCH38_0000013,0.0,1.72,1,0,card_testing_burst,1
641,PAYMENT,2.66,SYNTH_CARDTEST_0000038,41207.53,41204.87,SYNTH_MERCH38_0000014,0.0,2.66,1,0,card_testing_burst,1
641,PAYMENT,4.15,SYNTH_CARDTEST_0000038,41204.87,41200.73,SYNTH_MERCH38_0000015,0.0,4.15,1,0,card_testing_burst,1
641,PAYMENT,4.64,SYNTH_CARDTEST_0000038,41200.73,41196.09,SYNTH_MERCH38_0000016,0.0,4.64,1,0,card_testing_burst,1
641,PAYMENT,3.37,SYNTH_CARDTEST_0000038,41196.09,41192.71,SYNTH_MERCH38_0000017,0.0,3.37,1,0,card_testing_burst,1
641,PAYMENT,2.2,SYNTH_CARDTEST_0000038,41192.71,41190.52,SYNTH_MERCH38_0000018,0.0,2.2,1,0,card_testing_burst,1
641,PAYMENT,3.73,SYNTH_CARDTEST_0000038,41190.52,41186.79,SYNTH_MERCH38_0000019,0.0,3.73,1,0,card_testing_burst,1
377,PAYMENT,2.33,SYNTH_CARDTEST_0000039,1780.26,1777.93,SYNTH_MERCH39_0000000,0.0,2.33,1,0,card_testing_burst,1
377,PAYMENT,4.31,SYNTH_CARDTEST_0000039,1777.93,1773.63,SYNTH_MERCH39_0000001,0.0,4.31,1,0,card_testing_burst,1
377,PAYMENT,1.29,SYNTH_CARDTEST_0000039,1773.63,1772.33,SYNTH_MERCH39_0000002,0.0,1.29,1,0,card_testing_burst,1
377,PAYMENT,1.04,SYNTH_CARDTEST_0000039,1772.33,1771.29,SYNTH_MERCH39_0000003,0.0,1.04,1,0,card_testing_burst,1
377,PAYMENT,1.49,SYNTH_CARDTEST_0000039,1771.29,1769.8,SYNTH_MERCH39_0000004,0.0,1.49,1,0,card_testing_burst,1
377,PAYMENT,1.62,SYNTH_CARDTEST_0000039,1769.8,1768.17,SYNTH_MERCH39_0000005,0.0,1.62,1,0,card_testing_burst,1
377,PAYMENT,4.52,SYNTH_CARDTEST_0000039,1768.17,1763.66,SYNTH_MERCH39_0000006,0.0,4.52,1,0,card_testing_burst,1
377,PAYMENT,2.7,SYNTH_CARDTEST_0000039,1763.66,1760.96,SYNTH_MERCH39_0000007,0.0,2.7,1,0,card_testing_burst,1
377,PAYMENT,2.1,SYNTH_CARDTEST_0000039,1760.96,1758.86,SYNTH_MERCH39_0000008,0.0,2.1,1,0,card_testing_burst,1
377,PAYMENT,2.72,SYNTH_CARDTEST_0000039,1758.86,1756.14,SYNTH_MERCH39_0000009,0.0,2.72,1,0,card_testing_burst,1
377,PAYMENT,2.58,SYNTH_CARDTEST_0000039,1756.14,1753.56,SYNTH_MERCH39_0000010,0.0,2.58,1,0,card_testing_burst,1
377,PAYMENT,2.21,SYNTH_CARDTEST_0000039,1753.56,1751.35,SYNTH_MERCH39_0000011,0.0,2.21,1,0,card_testing_burst,1
377,PAYMENT,1.55,SYNTH_CARDTEST_0000039,1751.35,1749.8,SYNTH_MERCH39_0000012,0.0,1.55,1,0,card_testing_burst,1
377,PAYMENT,3.62,SYNTH_CARDTEST_0000039,1749.8,1746.18,SYNTH_MERCH39_0000013,0.0,3.62,1,0,card_testing_burst,1
377,PAYMENT,1.55,SYNTH_CARDTEST_0000039,1746.18,1744.63,SYNTH_MERCH39_0000014,0.0,1.55,1,0,card_testing_burst,1
377,PAYMENT,4.1,SYNTH_CARDTEST_0000039,1744.63,1740.53,SYNTH_MERCH39_0000015,0.0,4.1,1,0,card_testing_burst,1
377,PAYMENT,1.81,SYNTH_CARDTEST_0000039,1740.53,1738.72,SYNTH_MERCH39_0000016,0.0,1.81,1,0,card_testing_burst,1
377,PAYMENT,3.93,SYNTH_CARDTEST_0000039,1738.72,1734.8,SYNTH_MERCH39_0000017,0.0,3.93,1,0,card_testing_burst,1
377,PAYMENT,4.22,SYNTH_CARDTEST_0000039,1734.8,1730.58,SYNTH_MERCH39_0000018,0.0,4.22,1,0,card_testing_burst,1
377,PAYMENT,1.5,SYNTH_CARDTEST_0000039,1730.58,1729.08,SYNTH_MERCH39_0000019,0.0,1.5,1,0,card_testing_burst,1
